1.699,1.1,0.915,0.839,1.34,0.505,0.352,0.195,0.157,0.155,1.699,1.1,0.915,0.839,1.34,0.505,0.352,0.195,0.157,0.155,23.022
1.728,1.139,0.906,0.804,1.369,0.549,0.375,0.217,0.159,0.174,1.728,1.139,0.906,0.804,1.369,0.549,0.375,0.217,0.159,0.174,25.179
1.717,1.063,0.895,0.803,1.379,0.504,0.36,0.2,0.161,0.155,1.717,1.063,0.895,0.803,1.379,0.504,0.36,0.2,0.161,0.155,28.0
1.735,1.111,0.905,0.831,1.367,0.542,0.382,0.203,0.18,0.161,1.735,1.111,0.905,0.831,1.367,0.542,0.382,0.203,0.18,0.161,26.0
1.726,1.107,0.898,0.783,1.379,0.506,0.345,0.189,0.157,0.167,1.726,1.107,0.898,0.783,1.379,0.506,0.345,0.189,0.157,0.167,25.0
1.804,1.108,0.931,0.842,1.478,0.505,0.356,0.194,0.165,0.15,1.804,1.108,0.931,0.842,1.478,0.505,0.356,0.194,0.165,0.15,24.021
1.765,1.088,0.888,0.788,1.427,0.498,0.357,0.204,0.153,0.147,1.765,1.088,0.888,0.788,1.427,0.498,0.357,0.204,0.153,0.147,23.0
1.826,1.126,0.935,0.837,1.468,0.498,0.322,0.178,0.148,0.178,1.826,1.126,0.935,0.837,1.468,0.498,0.322,0.178,0.148,0.178,19.0
1.753,1.115,0.895,0.794,1.396,0.516,0.349,0.202,0.147,0.171,1.753,1.115,0.895,0.794,1.396,0.516,0.349,0.202,0.147,0.171,24.083
1.759,1.115,0.94,0.855,1.328,0.515,0.336,0.206,0.131,0.18,1.759,1.115,0.94,0.855,1.328,0.515,0.336,0.206,0.131,0.18,22.0
1.719,1.095,0.908,0.784,1.363,0.497,0.364,0.214,0.153,0.135,1.719,1.095,0.908,0.784,1.363,0.497,0.364,0.214,0.153,0.135,21.024
1.892,1.158,0.948,0.893,1.52,0.522,0.342,0.197,0.148,0.179,1.892,1.158,0.948,0.893,1.52,0.522,0.342,0.197,0.148,0.179,22.0
1.811,1.115,0.914,0.846,1.488,0.505,0.346,0.198,0.148,0.161,1.811,1.115,0.914,0.846,1.488,0.505,0.346,0.198,0.148,0.161,20.0
1.765,1.088,0.909,0.826,1.392,0.49,0.343,0.19,0.153,0.15,1.765,1.088,0.909,0.826,1.392,0.49,0.343,0.19,0.153,0.15,21.024
1.67,1.082,0.893,0.823,1.276,0.546,0.389,0.205,0.185,0.162,1.67,1.082,0.893,0.823,1.276,0.546,0.389,0.205,0.185,0.162,27.074
1.8,1.11,0.906,0.801,1.436,0.491,0.343,0.193,0.152,0.149,1.8,1.11,0.906,0.801,1.436,0.491,0.343,0.193,0.152,0.149,20.1
1.784,1.11,0.903,0.813,1.487,0.516,0.373,0.213,0.161,0.144,1.784,1.11,0.903,0.813,1.487,0.516,0.373,0.213,0.161,0.144,23.087
1.736,1.076,0.921,0.848,1.356,0.475,0.329,0.176,0.153,0.15,1.736,1.076,0.921,0.848,1.356,0.475,0.329,0.176,0.153,0.15,23.0
1.727,1.092,0.915,0.819,1.386,0.503,0.344,0.194,0.152,0.164,1.727,1.092,0.915,0.819,1.386,0.503,0.344,0.194,0.152,0.164,21.095
1.636,1.121,0.916,0.841,1.186,0.603,0.391,0.209,0.182,0.215,1.636,1.121,0.916,0.841,1.186,0.603,0.391,0.209,0.182,0.215,35.0
1.805,1.088,0.925,0.821,1.469,0.51,0.353,0.207,0.149,0.164,1.805,1.088,0.925,0.821,1.469,0.51,0.353,0.207,0.149,0.164,21.095
1.805,1.133,0.925,0.817,1.375,0.523,0.362,0.206,0.159,0.162,1.805,1.133,0.925,0.817,1.375,0.523,0.362,0.206,0.159,0.162,29.069
1.647,1.075,0.912,0.81,1.212,0.538,0.391,0.22,0.173,0.152,1.647,1.075,0.912,0.81,1.212,0.538,0.391,0.22,0.173,0.152,31.016
1.717,1.064,0.915,0.795,1.333,0.493,0.349,0.194,0.158,0.156,1.717,1.064,0.915,0.795,1.333,0.493,0.349,0.194,0.158,0.156,25.0
1.693,1.103,0.912,0.834,1.308,0.53,0.373,0.214,0.16,0.158,1.693,1.103,0.912,0.834,1.308,0.53,0.373,0.214,0.16,0.158,30.017
1.755,1.085,0.936,0.832,1.34,0.497,0.344,0.205,0.142,0.157,1.755,1.085,0.936,0.832,1.34,0.497,0.344,0.205,0.142,0.157,24.0
1.767,1.106,0.93,0.823,1.361,0.489,0.336,0.186,0.155,0.155,1.767,1.106,0.93,0.823,1.361,0.489,0.336,0.186,0.155,0.155,22.0
1.786,1.11,0.931,0.843,1.4,0.497,0.344,0.207,0.138,0.153,1.786,1.11,0.931,0.843,1.4,0.497,0.344,0.207,0.138,0.153,23.022
1.72,1.111,0.937,0.845,1.352,0.53,0.358,0.204,0.158,0.173,1.72,1.111,0.937,0.845,1.352,0.53,0.358,0.204,0.158,0.173,24.083
1.801,1.126,0.934,0.849,1.398,0.489,0.332,0.195,0.139,0.157,1.801,1.126,0.934,0.849,1.398,0.489,0.332,0.195,0.139,0.157,23.022
1.795,1.087,0.918,0.814,1.434,0.506,0.373,0.21,0.167,0.136,1.795,1.087,0.918,0.814,1.434,0.506,0.373,0.21,0.167,0.136,24.0
1.796,1.119,0.903,0.779,1.444,0.506,0.351,0.193,0.161,0.159,1.796,1.119,0.903,0.779,1.444,0.506,0.351,0.193,0.161,0.159,23.0
1.715,1.12,0.936,0.823,1.374,0.54,0.362,0.215,0.151,0.181,1.715,1.12,0.936,0.823,1.374,0.54,0.362,0.215,0.151,0.181,24.0
1.713,1.106,0.909,0.83,1.322,0.534,0.376,0.215,0.161,0.159,1.713,1.106,0.909,0.83,1.322,0.534,0.376,0.215,0.161,0.159,28.018
1.677,1.077,0.908,0.799,1.272,0.494,0.355,0.194,0.163,0.144,1.677,1.077,0.908,0.799,1.272,0.494,0.355,0.194,0.163,0.144,21.095
1.794,1.13,0.929,0.848,1.407,0.511,0.352,0.197,0.157,0.159,1.794,1.13,0.929,0.848,1.407,0.511,0.352,0.197,0.157,0.159,25.02
1.726,1.109,0.914,0.795,1.365,0.505,0.345,0.198,0.15,0.163,1.726,1.109,0.914,0.795,1.365,0.505,0.345,0.198,0.15,0.163,22.0
1.684,1.106,0.93,0.809,1.303,0.546,0.386,0.23,0.161,0.161,1.684,1.106,0.93,0.809,1.303,0.546,0.386,0.23,0.161,0.161,28.018
1.65,1.061,0.916,0.811,1.288,0.546,0.398,0.225,0.176,0.158,1.65,1.061,0.916,0.811,1.288,0.546,0.398,0.225,0.176,0.158,31.016
1.62,1.082,0.912,0.818,1.238,0.549,0.391,0.212,0.182,0.163,1.62,1.082,0.912,0.818,1.238,0.549,0.391,0.212,0.182,0.163,27.019
1.801,1.118,0.931,0.831,1.426,0.509,0.344,0.196,0.152,0.167,1.801,1.118,0.931,0.831,1.426,0.509,0.344,0.196,0.152,0.167,23.022
1.678,1.095,0.902,0.808,1.263,0.519,0.357,0.185,0.173,0.166,1.678,1.095,0.902,0.808,1.263,0.519,0.357,0.185,0.173,0.166,34.059
1.728,1.082,0.914,0.815,1.346,0.49,0.345,0.194,0.153,0.15,1.728,1.082,0.914,0.815,1.346,0.49,0.345,0.194,0.153,0.15,21.0
1.705,1.098,0.906,0.8,1.292,0.531,0.387,0.224,0.164,0.146,1.705,1.098,0.906,0.8,1.292,0.531,0.387,0.224,0.164,0.146,26.019
1.794,1.114,0.95,0.839,1.397,0.508,0.352,0.217,0.14,0.157,1.794,1.114,0.95,0.839,1.397,0.508,0.352,0.217,0.14,0.157,25.02
1.753,1.088,0.909,0.806,1.369,0.501,0.353,0.199,0.156,0.153,1.753,1.088,0.909,0.806,1.369,0.501,0.353,0.199,0.156,0.153,26.0
1.671,1.086,0.918,0.831,1.293,0.534,0.37,0.2,0.172,0.169,1.671,1.086,0.918,0.831,1.293,0.534,0.37,0.2,0.172,0.169,24.021
1.796,1.091,0.903,0.797,1.417,0.481,0.339,0.177,0.164,0.147,1.796,1.091,0.903,0.797,1.417,0.481,0.339,0.177,0.164,0.147,18.0
1.691,1.097,0.896,0.827,1.307,0.527,0.373,0.196,0.177,0.156,1.691,1.097,0.896,0.827,1.307,0.527,0.373,0.196,0.177,0.156,26.019
1.733,1.078,0.909,0.838,1.384,0.524,0.367,0.202,0.166,0.164,1.733,1.078,0.909,0.838,1.384,0.524,0.367,0.202,0.166,0.164,22.023

0.9,0.977,1.016,1.015,0.117,0.899,1.0,0.807,0.237,0.237,0.9,0.977,1.016,1.015,0.117,0.899,1.0,0.807,0.237,0.237,17.117
0.885,0.967,1.005,0.986,0.105,0.744,0.846,0.707,0.164,0.329,0.885,0.967,1.005,0.986,0.105,0.744,0.846,0.707,0.164,0.329,17.464
0.894,0.978,0.989,0.992,0.099,0.62,0.784,0.555,0.248,0.277,0.894,0.978,0.989,0.992,0.099,0.62,0.784,0.555,0.248,0.277,19.647
0.91,0.973,1.0,0.981,0.087,0.5,0.844,0.844,0.0,0.439,0.91,0.973,1.0,0.981,0.087,0.5,0.844,0.844,0.0,0.439,17.117
0.894,0.978,0.999,0.973,0.086,0.762,1.0,0.707,0.316,0.316,0.894,0.978,0.999,0.973,0.086,0.762,1.0,0.707,0.316,0.316,19.235
0.902,0.978,1.0,0.974,0.087,0.439,0.693,0.693,0.0,0.31,0.902,0.978,1.0,0.974,0.087,0.439,0.693,0.693,0.0,0.31,16.031
0.875,0.962,0.994,0.974,0.11,0.307,0.542,0.434,0.108,0.391,0.875,0.962,0.994,0.974,0.11,0.307,0.542,0.434,0.108,0.391,17.029
0.88,0.978,0.994,0.974,0.103,0.635,0.833,0.717,0.118,0.264,0.88,0.978,0.994,0.974,0.103,0.635,0.833,0.717,0.118,0.264,18.111
0.91,0.973,1.011,0.992,0.094,0.543,0.81,0.779,0.128,0.405,0.91,0.973,1.011,0.992,0.094,0.543,0.81,0.779,0.128,0.405,18.439
0.903,0.984,1.011,0.997,0.103,0.589,0.635,0.601,0.118,0.167,0.903,0.984,1.011,0.997,0.103,0.589,0.635,0.601,0.118,0.167,19.026
0.873,0.973,0.989,0.957,0.095,0.384,0.573,0.528,0.128,0.286,0.873,0.973,0.989,0.957,0.095,0.384,0.573,0.528,0.128,0.286,20.224
0.899,0.984,1.0,0.984,0.096,0.286,0.384,0.384,0.0,0.181,0.899,0.984,1.0,0.984,0.096,0.286,0.384,0.384,0.0,0.181,18.682
0.873,0.973,1.0,0.963,0.094,0.256,0.653,0.653,0.0,0.405,0.873,0.973,1.0,0.963,0.094,0.256,0.653,0.653,0.0,0.405,19.416
0.88,0.967,1.0,0.979,0.111,0.542,0.66,0.434,0.243,0.307,0.88,0.967,1.0,0.979,0.111,0.542,0.66,0.434,0.243,0.307,21.095
0.904,0.989,1.0,0.985,0.088,0.447,0.424,0.424,0.0,0.141,0.904,0.989,1.0,0.985,0.088,0.447,0.424,0.424,0.0,0.141,18.248
0.897,0.984,0.995,0.969,0.089,0.416,0.572,0.439,0.139,0.196,0.897,0.984,0.995,0.969,0.089,0.416,0.572,0.439,0.139,0.196,18.439
0.888,0.978,0.989,0.973,0.096,0.128,0.405,0.384,0.128,0.286,0.888,0.978,0.989,0.973,0.096,0.128,0.405,0.384,0.128,0.286,18.248
0.9,0.984,0.994,0.968,0.078,0.796,0.937,0.781,0.156,0.221,0.9,0.984,0.994,0.968,0.078,0.796,0.937,0.781,0.156,0.221,18.439
0.884,0.984,1.0,0.963,0.086,0.316,0.51,0.51,0.0,0.2,0.884,0.984,1.0,0.963,0.086,0.316,0.51,0.51,0.0,0.2,16.492
0.911,0.984,1.0,0.99,0.1,0.175,0.248,0.248,0.0,0.175,0.911,0.984,1.0,0.99,0.1,0.175,0.248,0.248,0.0,0.175,16.279
0.902,0.984,0.995,0.979,0.099,0.392,0.496,0.372,0.124,0.175,0.902,0.984,0.995,0.979,0.099,0.392,0.496,0.372,0.124,0.175,16.279
0.889,0.973,1.0,0.991,0.115,0.243,0.447,0.447,0.0,0.343,0.889,0.973,1.0,0.991,0.115,0.243,0.447,0.447,0.0,0.343,17.464
0.898,0.967,1.0,0.957,0.102,0.243,0.542,0.542,0.0,0.343,0.898,0.967,1.0,0.957,0.102,0.243,0.542,0.542,0.0,0.343,15.133
0.895,0.984,1.0,0.974,0.109,0.224,0.354,0.354,0.0,0.158,0.895,0.984,1.0,0.974,0.109,0.224,0.354,0.354,0.0,0.158,16.031
0.878,0.972,1.0,0.979,0.114,0.153,0.243,0.243,0.0,0.243,0.878,0.972,1.0,0.979,0.114,0.153,0.243,0.243,0.0,0.243,17.263
0.902,0.989,1.011,0.974,0.115,0.316,0.333,0.38,0.105,0.105,0.902,0.989,1.011,0.974,0.115,0.316,0.333,0.38,0.105,0.105,12.166
0.922,0.983,1.005,0.985,0.085,0.333,0.447,0.596,0.149,0.211,0.922,0.983,1.005,0.985,0.085,0.333,0.447,0.596,0.149,0.211,14.318
0.879,0.967,0.984,0.963,0.096,0.405,0.653,0.512,0.181,0.362,0.879,0.967,0.984,0.963,0.096,0.405,0.653,0.512,0.181,0.362,18.439
0.888,0.979,0.995,0.969,0.109,0.224,0.461,0.354,0.112,0.25,0.888,0.979,0.995,0.969,0.109,0.224,0.461,0.354,0.112,0.25,16.125
0.898,0.973,0.99,0.986,0.106,0.329,0.593,0.368,0.232,0.368,0.898,0.973,0.99,0.986,0.106,0.329,0.593,0.368,0.232,0.368,16.031
0.886,0.978,0.983,0.968,0.088,0.283,0.583,0.424,0.2,0.316,0.886,0.978,0.983,0.968,0.088,0.283,0.583,0.424,0.2,0.316,18.682
0.891,0.989,1.0,0.98,0.106,0.479,0.465,0.465,0.0,0.116,0.891,0.989,1.0,0.98,0.106,0.479,0.465,0.465,0.0,0.116,16.492
0.895,0.978,0.989,0.973,0.1,0.124,0.392,0.372,0.124,0.277,0.895,0.978,0.989,0.973,0.1,0.124,0.392,0.372,0.124,0.277,15.524
0.886,0.984,0.995,0.973,0.121,0.203,0.321,0.227,0.102,0.144,0.886,0.984,0.995,0.973,0.121,0.203,0.321,0.227,0.102,0.144,14.142
0.927,0.977,0.994,0.972,0.091,0.447,0.707,0.566,0.141,0.316,0.927,0.977,0.994,0.972,0.091,0.447,0.707,0.566,0.141,0.316,13.601
0.898,0.972,0.994,0.978,0.131,0.135,0.383,0.287,0.096,0.303,0.898,0.972,0.994,0.978,0.131,0.135,0.383,0.287,0.096,0.303,15.033
0.907,0.978,0.994,0.979,0.108,0.262,0.468,0.351,0.117,0.262,0.907,0.978,0.994,0.979,0.108,0.262,0.468,0.351,0.117,0.262,16.125
0.882,0.978,1.0,0.945,0.084,0.422,0.745,0.745,0.0,0.333,0.882,0.978,1.0,0.945,0.084,0.422,0.745,0.745,0.0,0.333,18.439
0.907,0.984,1.011,0.985,0.1,0.277,0.372,0.392,0.124,0.175,0.907,0.984,1.011,0.985,0.1,0.277,0.372,0.392,0.124,0.175,15.133
0.874,0.979,1.0,0.969,0.104,0.236,0.486,0.486,0.0,0.264,0.874,0.979,1.0,0.969,0.104,0.236,0.486,0.486,0.0,0.264,16.492
0.909,0.983,1.0,0.966,0.116,0.156,0.312,0.312,0.0,0.156,0.909,0.983,1.0,0.966,0.116,0.156,0.312,0.312,0.0,0.156,14.318
0.878,0.962,1.006,0.974,0.104,0.333,0.589,0.486,0.167,0.425,0.878,0.962,1.006,0.974,0.104,0.333,0.589,0.486,0.167,0.425,18.682
0.897,0.977,1.006,0.985,0.1,0.462,0.653,0.512,0.181,0.286,0.897,0.977,1.006,0.985,0.1,0.462,0.653,0.512,0.181,0.286,16.031
0.887,0.972,1.005,0.967,0.1,0.392,0.744,0.632,0.175,0.392,0.887,0.972,1.005,0.967,0.1,0.392,0.744,0.632,0.175,0.392,18.439
0.893,0.967,1.006,0.973,0.101,0.175,0.392,0.511,0.124,0.351,0.893,0.967,1.006,0.973,0.101,0.175,0.392,0.511,0.124,0.351,14.142
0.896,0.96,1.006,0.968,0.109,0.422,0.702,0.597,0.166,0.422,0.896,0.96,1.006,0.968,0.109,0.422,0.702,0.597,0.166,0.422,13.0
0.883,0.972,1.006,0.967,0.113,0.112,0.461,0.403,0.158,0.354,0.883,0.972,1.006,0.967,0.113,0.112,0.461,0.403,0.158,0.354,15.133
0.908,0.961,1.011,0.979,0.109,0.262,0.468,0.483,0.117,0.422,0.908,0.961,1.011,0.979,0.109,0.262,0.468,0.483,0.117,0.422,12.0
0.892,0.961,1.011,0.966,0.108,0.117,0.331,0.422,0.117,0.422,0.892,0.961,1.011,0.966,0.108,0.117,0.331,0.422,0.117,0.422,15.297
0.894,0.967,1.015,0.988,0.12,0.237,0.106,0.335,0.318,0.3,0.894,0.967,1.015,0.988,0.12,0.237,0.106,0.335,0.318,0.3,15.033
0.893,0.984,1.011,0.973,0.101,0.124,0.392,0.447,0.124,0.372,0.893,0.984,1.011,0.973,0.101,0.124,0.392,0.447,0.124,0.372,15.033

0.729,0.99,0.977,0.88,0.712,0.262,0.234,0.175,0.063,0.055,0.729,0.99,0.977,0.88,0.712,0.262,0.234,0.175,0.063,0.055,1.414
0.729,0.99,0.977,0.88,0.712,0.262,0.234,0.175,0.063,0.055,0.729,0.99,0.977,0.88,0.712,0.262,0.234,0.175,0.063,0.055,1.414
0.729,0.99,0.977,0.88,0.712,0.262,0.234,0.175,0.063,0.055,0.729,0.99,0.977,0.88,0.712,0.262,0.234,0.175,0.063,0.055,1.414
0.729,0.99,0.977,0.88,0.712,0.262,0.234,0.175,0.063,0.055,0.729,0.99,0.977,0.88,0.712,0.262,0.234,0.175,0.063,0.055,1.414
0.729,0.99,0.977,0.88,0.712,0.262,0.234,0.175,0.063,0.055,0.729,0.99,0.977,0.88,0.712,0.262,0.234,0.175,0.063,0.055,1.414
0.729,0.99,0.977,0.88,0.712,0.262,0.234,0.175,0.063,0.055,0.729,0.99,0.977,0.88,0.712,0.262,0.234,0.175,0.063,0.055,1.414
0.729,0.99,0.977,0.88,0.712,0.262,0.234,0.175,0.063,0.055,0.729,0.99,0.977,0.88,0.712,0.262,0.234,0.175,0.063,0.055,1.414
0.729,0.99,0.977,0.88,0.712,0.262,0.234,0.175,0.063,0.055,0.729,0.99,0.977,0.88,0.712,0.262,0.234,0.175,0.063,0.055,1.414
0.729,0.99,0.977,0.88,0.712,0.262,0.234,0.175,0.063,0.055,0.729,0.99,0.977,0.88,0.712,0.262,0.234,0.175,0.063,0.055,1.414
0.729,0.99,0.977,0.88,0.712,0.262,0.234,0.175,0.063,0.055,0.729,0.99,0.977,0.88,0.712,0.262,0.234,0.175,0.063,0.055,1.414
0.729,0.99,0.977,0.88,0.712,0.262,0.234,0.175,0.063,0.055,0.729,0.99,0.977,0.88,0.712,0.262,0.234,0.175,0.063,0.055,1.414
0.729,0.99,0.977,0.88,0.712,0.262,0.234,0.175,0.063,0.055,0.729,0.99,0.977,0.88,0.712,0.262,0.234,0.175,0.063,0.055,1.414
0.729,0.99,0.977,0.88,0.712,0.262,0.234,0.175,0.063,0.055,0.729,0.99,0.977,0.88,0.712,0.262,0.234,0.175,0.063,0.055,1.414
0.729,0.99,0.977,0.88,0.712,0.262,0.234,0.175,0.063,0.055,0.729,0.99,0.977,0.88,0.712,0.262,0.234,0.175,0.063,0.055,1.414
0.729,0.99,0.977,0.88,0.712,0.262,0.234,0.175,0.063,0.055,0.729,0.99,0.977,0.88,0.712,0.262,0.234,0.175,0.063,0.055,1.414
0.729,0.99,0.977,0.88,0.712,0.262,0.234,0.175,0.063,0.055,0.729,0.99,0.977,0.88,0.712,0.262,0.234,0.175,0.063,0.055,1.414
0.729,0.99,0.977,0.88,0.712,0.262,0.234,0.175,0.063,0.055,0.729,0.99,0.977,0.88,0.712,0.262,0.234,0.175,0.063,0.055,1.414
0.729,0.99,0.977,0.88,0.712,0.262,0.234,0.175,0.063,0.055,0.729,0.99,0.977,0.88,0.712,0.262,0.234,0.175,0.063,0.055,1.414
0.729,0.99,0.977,0.88,0.712,0.262,0.234,0.175,0.063,0.055,0.729,0.99,0.977,0.88,0.712,0.262,0.234,0.175,0.063,0.055,1.414
0.729,0.99,0.977,0.88,0.712,0.262,0.234,0.175,0.063,0.055,0.729,0.99,0.977,0.88,0.712,0.262,0.234,0.175,0.063,0.055,1.414
0.729,0.99,0.977,0.88,0.712,0.262,0.234,0.175,0.063,0.055,0.729,0.99,0.977,0.88,0.712,0.262,0.234,0.175,0.063,0.055,1.414
0.729,0.99,0.977,0.88,0.712,0.262,0.234,0.175,0.063,0.055,0.729,0.99,0.977,0.88,0.712,0.262,0.234,0.175,0.063,0.055,1.414
0.729,0.99,0.977,0.88,0.712,0.262,0.234,0.175,0.063,0.055,0.729,0.99,0.977,0.88,0.712,0.262,0.234,0.175,0.063,0.055,1.414
0.729,0.99,0.977,0.88,0.712,0.262,0.234,0.175,0.063,0.055,0.729,0.99,0.977,0.88,0.712,0.262,0.234,0.175,0.063,0.055,1.414
0.729,0.99,0.977,0.88,0.712,0.262,0.234,0.175,0.063,0.055,0.729,0.99,0.977,0.88,0.712,0.262,0.234,0.175,0.063,0.055,1.414
0.729,0.99,0.977,0.88,0.712,0.262,0.234,0.175,0.063,0.055,0.729,0.99,0.977,0.88,0.712,0.262,0.234,0.175,0.063,0.055,1.414
0.729,0.99,0.977,0.88,0.712,0.262,0.234,0.175,0.063,0.055,0.729,0.99,0.977,0.88,0.712,0.262,0.234,0.175,0.063,0.055,1.414
0.729,0.99,0.977,0.88,0.712,0.262,0.234,0.175,0.063,0.055,0.729,0.99,0.977,0.88,0.712,0.262,0.234,0.175,0.063,0.055,1.414
0.729,0.99,0.977,0.88,0.712,0.262,0.234,0.175,0.063,0.055,0.729,0.99,0.977,0.88,0.712,0.262,0.234,0.175,0.063,0.055,1.414
0.729,0.99,0.977,0.88,0.712,0.262,0.234,0.175,0.063,0.055,0.729,0.99,0.977,0.88,0.712,0.262,0.234,0.175,0.063,0.055,1.414
0.729,0.99,0.977,0.88,0.712,0.262,0.234,0.175,0.063,0.055,0.729,0.99,0.977,0.88,0.712,0.262,0.234,0.175,0.063,0.055,1.414
0.729,0.99,0.977,0.88,0.712,0.262,0.234,0.175,0.063,0.055,0.729,0.99,0.977,0.88,0.712,0.262,0.234,0.175,0.063,0.055,1.414
0.729,0.99,0.977,0.88,0.712,0.262,0.234,0.175,0.063,0.055,0.729,0.99,0.977,0.88,0.712,0.262,0.234,0.175,0.063,0.055,1.414
0.729,0.99,0.977,0.88,0.712,0.262,0.234,0.175,0.063,0.055,0.729,0.99,0.977,0.88,0.712,0.262,0.234,0.175,0.063,0.055,1.414
0.729,0.99,0.977,0.88,0.712,0.262,0.234,0.175,0.063,0.055,0.729,0.99,0.977,0.88,0.712,0.262,0.234,0.175,0.063,0.055,1.414
0.729,0.99,0.977,0.88,0.712,0.262,0.234,0.175,0.063,0.055,0.729,0.99,0.977,0.88,0.712,0.262,0.234,0.175,0.063,0.055,1.414
0.729,0.99,0.977,0.88,0.712,0.262,0.234,0.175,0.063,0.055,0.729,0.99,0.977,0.88,0.712,0.262,0.234,0.175,0.063,0.055,1.414
0.729,0.99,0.977,0.88,0.712,0.262,0.234,0.175,0.063,0.055,0.729,0.99,0.977,0.88,0.712,0.262,0.234,0.175,0.063,0.055,1.414
0.729,0.99,0.977,0.88,0.712,0.262,0.234,0.175,0.063,0.055,0.729,0.99,0.977,0.88,0.712,0.262,0.234,0.175,0.063,0.055,1.414
0.729,0.99,0.977,0.88,0.712,0.262,0.234,0.175,0.063,0.055,0.729,0.99,0.977,0.88,0.712,0.262,0.234,0.175,0.063,0.055,1.414
0.729,0.99,0.977,0.88,0.712,0.262,0.234,0.175,0.063,0.055,0.729,0.99,0.977,0.88,0.712,0.262,0.234,0.175,0.063,0.055,1.414
0.729,0.99,0.977,0.88,0.712,0.262,0.234,0.175,0.063,0.055,0.729,0.99,0.977,0.88,0.712,0.262,0.234,0.175,0.063,0.055,1.414
0.729,0.99,0.977,0.88,0.712,0.262,0.234,0.175,0.063,0.055,0.729,0.99,0.977,0.88,0.712,0.262,0.234,0.175,0.063,0.055,1.414
0.729,0.99,0.977,0.88,0.712,0.262,0.234,0.175,0.063,0.055,0.729,0.99,0.977,0.88,0.712,0.262,0.234,0.175,0.063,0.055,1.414
0.729,0.99,0.977,0.88,0.712,0.262,0.234,0.175,0.063,0.055,0.729,0.99,0.977,0.88,0.712,0.262,0.234,0.175,0.063,0.055,1.414
0.729,0.99,0.977,0.88,0.712,0.262,0.234,0.175,0.063,0.055,0.729,0.99,0.977,0.88,0.712,0.262,0.234,0.175,0.063,0.055,1.414
0.729,0.99,0.977,0.88,0.712,0.262,0.234,0.175,0.063,0.055,0.729,0.99,0.977,0.88,0.712,0.262,0.234,0.175,0.063,0.055,1.414
0.729,0.99,0.977,0.88,0.712,0.262,0.234,0.175,0.063,0.055,0.729,0.99,0.977,0.88,0.712,0.262,0.234,0.175,0.063,0.055,1.414
0.729,0.99,0.977,0.88,0.712,0.262,0.234,0.175,0.063,0.055,0.729,0.99,0.977,0.88,0.712,0.262,0.234,0.175,0.063,0.055,1.414
0.729,0.99,0.977,0.88,0.712,0.262,0.234,0.175,0.063,0.055,0.729,0.99,0.977,0.88,0.712,0.262,0.234,0.175,0.063,0.055,1.414
0.729,0.99,0.977,0.88,0.712,0.262,0.234,0.175,0.063,0.055,0.729,0.99,0.977,0.88,0.712,0.262,0.234,0.175,0.063,0.055,1.414

1.613,2.422,0.778,0.864,0.925,1.771,0.549,0.252,0.349,1.565,1.613,2.422,0.778,0.864,0.925,1.771,0.549,0.252,0.349,1.565,23.601
1.307,2.229,0.792,0.812,0.752,1.965,0.606,0.247,0.391,1.662,1.307,2.229,0.792,0.812,0.752,1.965,0.606,0.247,0.391,1.662,11.402
0.655,1.036,0.405,0.387,0.361,1.887,1.778,0.35,1.647,0.116,0.655,1.036,0.405,0.387,0.361,1.887,1.778,0.35,1.647,0.116,16.279
1.484,2.228,0.74,0.837,0.819,1.797,0.57,0.256,0.409,1.52,1.484,2.228,0.74,0.837,0.819,1.797,0.57,0.256,0.409,1.52,22.825
0.544,0.896,0.35,0.347,0.307,1.951,2.21,0.347,2.119,0.506,0.544,0.896,0.35,0.347,0.307,1.951,2.21,0.347,2.119,0.506,5.831
1.353,2.042,0.764,0.76,0.752,1.781,0.627,0.286,0.381,1.418,1.353,2.042,0.764,0.76,0.752,1.781,0.627,0.286,0.381,1.418,19.849
1.326,2.25,0.802,0.848,0.721,2.03,0.65,0.252,0.435,1.772,1.326,2.25,0.802,0.848,0.721,2.03,0.65,0.252,0.435,1.772,13.038
1.245,2.049,0.753,0.75,0.694,1.95,0.67,0.253,0.451,1.543,1.245,2.049,0.753,0.75,0.694,1.95,0.67,0.253,0.451,1.543,13.892
1.535,2.191,0.775,0.802,0.848,1.706,0.525,0.224,0.343,1.426,1.535,2.191,0.775,0.802,0.848,1.706,0.525,0.224,0.343,1.426,26.077
1.208,2.273,0.795,0.827,0.672,2.248,0.701,0.286,0.452,1.933,1.208,2.273,0.795,0.827,0.672,2.248,0.701,0.286,0.452,1.933,7.616
1.322,2.262,0.771,0.802,0.73,2.088,0.678,0.266,0.45,1.772,1.322,2.262,0.771,0.802,0.73,2.088,0.678,0.266,0.45,1.772,15.232
1.382,2.208,0.79,0.82,0.792,1.842,0.602,0.274,0.366,1.554,1.382,2.208,0.79,0.82,0.792,1.842,0.602,0.274,0.366,1.554,17.029
1.229,2.182,0.787,0.821,0.73,1.985,0.599,0.256,0.391,1.626,1.229,2.182,0.787,0.821,0.73,1.985,0.599,0.256,0.391,1.626,7.81
1.396,2.234,0.79,0.814,0.814,1.809,0.572,0.233,0.369,1.556,1.396,2.234,0.79,0.814,0.814,1.809,0.572,0.233,0.369,1.556,15.0
0.63,0.935,0.363,0.353,0.357,1.769,1.887,0.295,1.785,0.361,0.63,0.935,0.363,0.353,0.357,1.769,1.887,0.295,1.785,0.361,18.601
1.584,2.29,0.802,0.85,0.907,1.662,0.494,0.197,0.332,1.44,1.584,2.29,0.802,0.85,0.907,1.662,0.494,0.197,0.332,1.44,24.207
1.552,2.305,0.818,0.854,0.933,1.641,0.49,0.208,0.306,1.414,1.552,2.305,0.818,0.854,0.933,1.641,0.49,0.208,0.306,1.414,21.932
1.172,1.862,0.688,0.722,0.652,1.858,0.72,0.312,0.522,1.337,1.172,1.862,0.688,0.722,0.652,1.858,0.72,0.312,0.522,1.337,13.601
1.484,2.022,0.776,0.772,0.856,1.549,0.567,0.241,0.349,1.214,1.484,2.022,0.776,0.772,0.856,1.549,0.567,0.241,0.349,1.214,25.612
1.332,2.154,0.715,0.771,0.702,2.049,0.665,0.271,0.486,1.676,1.332,2.154,0.715,0.771,0.702,2.049,0.665,0.271,0.486,1.676,19.235
1.244,1.909,0.702,0.722,0.705,1.799,0.689,0.283,0.481,1.302,1.244,1.909,0.702,0.722,0.705,1.799,0.689,0.283,0.481,1.302,15.62
1.249,2.143,0.82,0.803,0.741,1.908,0.628,0.27,0.37,1.563,1.249,2.143,0.82,0.803,0.741,1.908,0.628,0.27,0.37,1.563,9.899
1.228,2.241,0.808,0.797,0.677,2.204,0.671,0.277,0.412,1.874,1.228,2.241,0.808,0.797,0.677,2.204,0.671,0.277,0.412,1.874,7.211
1.212,2.321,0.762,0.812,0.725,2.169,0.648,0.254,0.451,1.853,1.212,2.321,0.762,0.812,0.725,2.169,0.648,0.254,0.451,1.853,5.657
1.395,2.216,0.784,0.825,0.843,1.741,0.553,0.222,0.369,1.461,1.395,2.216,0.784,0.825,0.843,1.741,0.553,0.222,0.369,1.461,17.029
1.39,2.261,0.813,0.858,0.745,1.975,0.623,0.283,0.379,1.722,1.39,2.261,0.813,0.858,0.745,1.975,0.623,0.283,0.379,1.722,15.811
1.449,2.209,0.797,0.797,0.832,1.779,0.6,0.26,0.358,1.49,1.449,2.209,0.797,0.797,0.832,1.779,0.6,0.26,0.358,1.49,20.616
1.237,2.255,0.784,0.846,0.722,2.075,0.703,0.295,0.456,1.773,1.237,2.255,0.784,0.846,0.722,2.075,0.703,0.295,0.456,1.773,9.434
1.363,2.204,0.801,0.808,0.792,1.853,0.576,0.232,0.366,1.537,1.363,2.204,0.801,0.808,0.792,1.853,0.576,0.232,0.366,1.537,15.556
1.41,2.057,0.79,0.817,0.786,1.707,0.568,0.237,0.368,1.349,1.41,2.057,0.79,0.817,0.786,1.707,0.568,0.237,0.368,1.349,14.866
1.458,2.112,0.753,0.762,0.833,1.681,0.576,0.242,0.372,1.376,1.458,2.112,0.753,0.762,0.833,1.681,0.576,0.242,0.372,1.376,22.672
1.535,2.274,0.786,0.818,0.859,1.751,0.505,0.19,0.351,1.508,1.535,2.274,0.786,0.818,0.859,1.751,0.505,0.19,0.351,1.508,22.804
1.277,2.232,0.777,0.784,0.685,2.167,0.624,0.247,0.417,1.839,1.277,2.232,0.777,0.784,0.685,2.167,0.624,0.247,0.417,1.839,11.662
1.248,2.195,0.768,0.805,0.672,2.128,0.657,0.257,0.457,1.83,1.248,2.195,0.768,0.805,0.672,2.128,0.657,0.257,0.457,1.83,9.22
1.454,2.063,0.768,0.781,0.822,1.639,0.565,0.263,0.346,1.315,1.454,2.063,0.768,0.781,0.822,1.639,0.565,0.263,0.346,1.315,18.385
1.619,2.302,0.785,0.825,0.95,1.629,0.5,0.209,0.324,1.393,1.619,2.302,0.785,0.825,0.95,1.629,0.5,0.209,0.324,1.393,25.612
1.431,2.322,0.794,0.844,0.806,1.897,0.573,0.228,0.385,1.68,1.431,2.322,0.794,0.844,0.806,1.897,0.573,0.228,0.385,1.68,15.62
1.221,2.231,0.786,0.805,0.658,2.231,0.671,0.28,0.435,1.917,1.221,2.231,0.786,0.805,0.658,2.231,0.671,0.28,0.435,1.917,7.211
1.284,2.277,0.798,0.844,0.721,2.085,0.64,0.298,0.391,1.798,1.284,2.277,0.798,0.844,0.721,2.085,0.64,0.298,0.391,1.798,8.602
1.345,2.257,0.825,0.863,0.765,1.927,0.592,0.251,0.37,1.662,1.345,2.257,0.825,0.863,0.765,1.927,0.592,0.251,0.37,1.662,12.042
1.307,2.124,0.794,0.816,0.739,1.903,0.636,0.273,0.395,1.53,1.307,2.124,0.794,0.816,0.739,1.903,0.636,0.273,0.395,1.53,12.806
1.277,2.125,0.772,0.803,0.716,1.948,0.651,0.261,0.434,1.596,1.277,2.125,0.772,0.803,0.716,1.948,0.651,0.261,0.434,1.596,10.63
1.232,2.081,0.802,0.819,0.715,1.9,0.581,0.242,0.377,1.513,1.232,2.081,0.802,0.819,0.715,1.9,0.581,0.242,0.377,1.513,6.403
1.32,2.259,0.777,0.797,0.719,2.088,0.632,0.264,0.41,1.804,1.32,2.259,0.777,0.797,0.719,2.088,0.632,0.264,0.41,1.804,12.042
1.62,2.337,0.777,0.823,0.931,1.711,0.526,0.245,0.322,1.458,1.62,2.337,0.777,0.823,0.931,1.711,0.526,0.245,0.322,1.458,27.785
1.169,1.899,0.718,0.731,0.642,1.885,0.712,0.292,0.497,1.448,1.169,1.899,0.718,0.731,0.642,1.885,0.712,0.292,0.497,1.448,10.817
1.234,2.168,0.802,0.805,0.687,2.083,0.651,0.263,0.413,1.718,1.234,2.168,0.802,0.805,0.687,2.083,0.651,0.263,0.413,1.718,10.0
1.541,2.316,0.809,0.862,0.844,1.802,0.51,0.218,0.334,1.574,1.541,2.316,0.809,0.862,0.844,1.802,0.51,0.218,0.334,1.574,20.616
1.468,2.337,0.818,0.836,0.84,1.851,0.53,0.21,0.34,1.618,1.468,2.337,0.818,0.836,0.84,1.851,0.53,0.21,0.34,1.618,15.62
1.423,2.223,0.784,0.808,0.857,1.723,0.533,0.198,0.363,1.453,1.423,2.223,0.784,0.808,0.857,1.723,0.533,0.198,0.363,1.453,17.029
1.406,2.202,0.779,0.813,0.8,1.803,0.577,0.231,0.385,1.539,1.406,2.202,0.779,0.813,0.8,1.803,0.577,0.231,0.385,1.539,17.804

1.229,1.499,0.745,0.66,0.848,1.063,0.607,0.251,0.363,0.625,1.229,1.499,0.745,0.66,0.848,1.063,0.607,0.251,0.363,0.625,27.731
1.229,1.499,0.745,0.66,0.848,1.063,0.607,0.251,0.363,0.625,1.229,1.499,0.745,0.66,0.848,1.063,0.607,0.251,0.363,0.625,27.731
1.229,1.499,0.745,0.66,0.848,1.063,0.607,0.251,0.363,0.625,1.229,1.499,0.745,0.66,0.848,1.063,0.607,0.251,0.363,0.625,27.731
1.229,1.499,0.745,0.66,0.848,1.063,0.607,0.251,0.363,0.625,1.229,1.499,0.745,0.66,0.848,1.063,0.607,0.251,0.363,0.625,27.731
1.229,1.499,0.745,0.66,0.848,1.063,0.607,0.251,0.363,0.625,1.229,1.499,0.745,0.66,0.848,1.063,0.607,0.251,0.363,0.625,27.731
1.229,1.499,0.745,0.66,0.848,1.063,0.607,0.251,0.363,0.625,1.229,1.499,0.745,0.66,0.848,1.063,0.607,0.251,0.363,0.625,27.731
1.229,1.499,0.745,0.66,0.848,1.063,0.607,0.251,0.363,0.625,1.229,1.499,0.745,0.66,0.848,1.063,0.607,0.251,0.363,0.625,27.731
1.229,1.499,0.745,0.66,0.848,1.063,0.607,0.251,0.363,0.625,1.229,1.499,0.745,0.66,0.848,1.063,0.607,0.251,0.363,0.625,27.731
1.229,1.499,0.745,0.66,0.848,1.063,0.607,0.251,0.363,0.625,1.229,1.499,0.745,0.66,0.848,1.063,0.607,0.251,0.363,0.625,27.731
1.229,1.499,0.745,0.66,0.848,1.063,0.607,0.251,0.363,0.625,1.229,1.499,0.745,0.66,0.848,1.063,0.607,0.251,0.363,0.625,27.731
1.229,1.499,0.745,0.66,0.848,1.063,0.607,0.251,0.363,0.625,1.229,1.499,0.745,0.66,0.848,1.063,0.607,0.251,0.363,0.625,27.731
1.229,1.499,0.745,0.66,0.848,1.063,0.607,0.251,0.363,0.625,1.229,1.499,0.745,0.66,0.848,1.063,0.607,0.251,0.363,0.625,27.731
1.229,1.499,0.745,0.66,0.848,1.063,0.607,0.251,0.363,0.625,1.229,1.499,0.745,0.66,0.848,1.063,0.607,0.251,0.363,0.625,27.731
1.229,1.499,0.745,0.66,0.848,1.063,0.607,0.251,0.363,0.625,1.229,1.499,0.745,0.66,0.848,1.063,0.607,0.251,0.363,0.625,27.731
1.229,1.499,0.745,0.66,0.848,1.063,0.607,0.251,0.363,0.625,1.229,1.499,0.745,0.66,0.848,1.063,0.607,0.251,0.363,0.625,27.731
1.229,1.499,0.745,0.66,0.848,1.063,0.607,0.251,0.363,0.625,1.229,1.499,0.745,0.66,0.848,1.063,0.607,0.251,0.363,0.625,27.731
1.229,1.499,0.745,0.66,0.848,1.063,0.607,0.251,0.363,0.625,1.229,1.499,0.745,0.66,0.848,1.063,0.607,0.251,0.363,0.625,27.731
1.229,1.499,0.745,0.66,0.848,1.063,0.607,0.251,0.363,0.625,1.229,1.499,0.745,0.66,0.848,1.063,0.607,0.251,0.363,0.625,27.731
1.229,1.499,0.745,0.66,0.848,1.063,0.607,0.251,0.363,0.625,1.229,1.499,0.745,0.66,0.848,1.063,0.607,0.251,0.363,0.625,27.731
1.229,1.499,0.745,0.66,0.848,1.063,0.607,0.251,0.363,0.625,1.229,1.499,0.745,0.66,0.848,1.063,0.607,0.251,0.363,0.625,27.731
1.229,1.499,0.745,0.66,0.848,1.063,0.607,0.251,0.363,0.625,1.229,1.499,0.745,0.66,0.848,1.063,0.607,0.251,0.363,0.625,27.731
1.229,1.499,0.745,0.66,0.848,1.063,0.607,0.251,0.363,0.625,1.229,1.499,0.745,0.66,0.848,1.063,0.607,0.251,0.363,0.625,27.731
1.229,1.499,0.745,0.66,0.848,1.063,0.607,0.251,0.363,0.625,1.229,1.499,0.745,0.66,0.848,1.063,0.607,0.251,0.363,0.625,27.731
1.229,1.499,0.745,0.66,0.848,1.063,0.607,0.251,0.363,0.625,1.229,1.499,0.745,0.66,0.848,1.063,0.607,0.251,0.363,0.625,27.731
1.229,1.499,0.745,0.66,0.848,1.063,0.607,0.251,0.363,0.625,1.229,1.499,0.745,0.66,0.848,1.063,0.607,0.251,0.363,0.625,27.731
1.229,1.499,0.745,0.66,0.848,1.063,0.607,0.251,0.363,0.625,1.229,1.499,0.745,0.66,0.848,1.063,0.607,0.251,0.363,0.625,27.731
1.229,1.499,0.745,0.66,0.848,1.063,0.607,0.251,0.363,0.625,1.229,1.499,0.745,0.66,0.848,1.063,0.607,0.251,0.363,0.625,27.731
1.229,1.499,0.745,0.66,0.848,1.063,0.607,0.251,0.363,0.625,1.229,1.499,0.745,0.66,0.848,1.063,0.607,0.251,0.363,0.625,27.731
1.229,1.499,0.745,0.66,0.848,1.063,0.607,0.251,0.363,0.625,1.229,1.499,0.745,0.66,0.848,1.063,0.607,0.251,0.363,0.625,27.731
1.229,1.499,0.745,0.66,0.848,1.063,0.607,0.251,0.363,0.625,1.229,1.499,0.745,0.66,0.848,1.063,0.607,0.251,0.363,0.625,27.731
1.229,1.499,0.745,0.66,0.848,1.063,0.607,0.251,0.363,0.625,1.229,1.499,0.745,0.66,0.848,1.063,0.607,0.251,0.363,0.625,27.731
1.229,1.499,0.745,0.66,0.848,1.063,0.607,0.251,0.363,0.625,1.229,1.499,0.745,0.66,0.848,1.063,0.607,0.251,0.363,0.625,27.731
1.229,1.499,0.745,0.66,0.848,1.063,0.607,0.251,0.363,0.625,1.229,1.499,0.745,0.66,0.848,1.063,0.607,0.251,0.363,0.625,27.731
1.229,1.499,0.745,0.66,0.848,1.063,0.607,0.251,0.363,0.625,1.229,1.499,0.745,0.66,0.848,1.063,0.607,0.251,0.363,0.625,27.731
1.229,1.499,0.745,0.66,0.848,1.063,0.607,0.251,0.363,0.625,1.229,1.499,0.745,0.66,0.848,1.063,0.607,0.251,0.363,0.625,27.731
1.229,1.499,0.745,0.66,0.848,1.063,0.607,0.251,0.363,0.625,1.229,1.499,0.745,0.66,0.848,1.063,0.607,0.251,0.363,0.625,27.731
1.229,1.499,0.745,0.66,0.848,1.063,0.607,0.251,0.363,0.625,1.229,1.499,0.745,0.66,0.848,1.063,0.607,0.251,0.363,0.625,27.731
1.229,1.499,0.745,0.66,0.848,1.063,0.607,0.251,0.363,0.625,1.229,1.499,0.745,0.66,0.848,1.063,0.607,0.251,0.363,0.625,27.731
1.229,1.499,0.745,0.66,0.848,1.063,0.607,0.251,0.363,0.625,1.229,1.499,0.745,0.66,0.848,1.063,0.607,0.251,0.363,0.625,27.731
1.229,1.499,0.745,0.66,0.848,1.063,0.607,0.251,0.363,0.625,1.229,1.499,0.745,0.66,0.848,1.063,0.607,0.251,0.363,0.625,27.731
1.229,1.499,0.745,0.66,0.848,1.063,0.607,0.251,0.363,0.625,1.229,1.499,0.745,0.66,0.848,1.063,0.607,0.251,0.363,0.625,27.731
1.229,1.499,0.745,0.66,0.848,1.063,0.607,0.251,0.363,0.625,1.229,1.499,0.745,0.66,0.848,1.063,0.607,0.251,0.363,0.625,27.731
1.229,1.499,0.745,0.66,0.848,1.063,0.607,0.251,0.363,0.625,1.229,1.499,0.745,0.66,0.848,1.063,0.607,0.251,0.363,0.625,27.731
1.229,1.499,0.745,0.66,0.848,1.063,0.607,0.251,0.363,0.625,1.229,1.499,0.745,0.66,0.848,1.063,0.607,0.251,0.363,0.625,27.731
1.229,1.499,0.745,0.66,0.848,1.063,0.607,0.251,0.363,0.625,1.229,1.499,0.745,0.66,0.848,1.063,0.607,0.251,0.363,0.625,27.731
1.229,1.499,0.745,0.66,0.848,1.063,0.607,0.251,0.363,0.625,1.229,1.499,0.745,0.66,0.848,1.063,0.607,0.251,0.363,0.625,27.731
1.229,1.499,0.745,0.66,0.848,1.063,0.607,0.251,0.363,0.625,1.229,1.499,0.745,0.66,0.848,1.063,0.607,0.251,0.363,0.625,27.731
1.229,1.499,0.745,0.66,0.848,1.063,0.607,0.251,0.363,0.625,1.229,1.499,0.745,0.66,0.848,1.063,0.607,0.251,0.363,0.625,27.731
1.229,1.499,0.745,0.66,0.848,1.063,0.607,0.251,0.363,0.625,1.229,1.499,0.745,0.66,0.848,1.063,0.607,0.251,0.363,0.625,27.731
1.229,1.499,0.745,0.66,0.848,1.063,0.607,0.251,0.363,0.625,1.229,1.499,0.745,0.66,0.848,1.063,0.607,0.251,0.363,0.625,27.731
1.229,1.499,0.745,0.66,0.848,1.063,0.607,0.251,0.363,0.625,1.229,1.499,0.745,0.66,0.848,1.063,0.607,0.251,0.363,0.625,27.731

0.818,1.298,0.733,0.579,0.249,3.045,1.761,0.63,1.144,1.312,0.818,1.298,0.733,0.579,0.249,3.045,1.761,0.63,1.144,1.312,34.409
0.86,1.381,0.766,0.612,0.248,3.406,1.62,0.632,0.997,1.934,0.86,1.381,0.766,0.612,0.248,3.406,1.62,0.632,0.997,1.934,36.401
0.886,1.466,0.761,0.626,0.262,3.547,1.452,0.517,0.947,2.336,0.886,1.466,0.761,0.626,0.262,3.547,1.452,0.517,0.947,2.336,34.986
0.886,1.466,0.761,0.626,0.262,3.547,1.452,0.517,0.947,2.336,0.886,1.466,0.761,0.626,0.262,3.547,1.452,0.517,0.947,2.336,34.986
0.844,1.435,0.697,0.563,0.283,3.356,1.844,0.495,1.422,1.548,0.844,1.435,0.697,0.563,0.283,3.356,1.844,0.495,1.422,1.548,35.805
0.909,1.45,0.758,0.64,0.272,3.371,1.518,0.51,1.009,1.868,0.909,1.45,0.758,0.64,0.272,3.371,1.518,0.51,1.009,1.868,31.064
0.872,1.376,0.67,0.54,0.336,2.727,1.414,0.398,1.018,1.473,0.872,1.376,0.67,0.54,0.336,2.727,1.414,0.398,1.018,1.473,29.732
0.857,1.285,0.78,0.604,0.261,2.98,1.619,0.673,1.045,1.508,0.857,1.285,0.78,0.604,0.261,2.98,1.619,0.673,1.045,1.508,29.732
0.687,1.178,0.68,0.621,0.152,4.509,2.701,0.513,2.207,2.246,0.687,1.178,0.68,0.621,0.152,4.509,2.701,0.513,2.207,2.246,41.4
0.947,1.45,0.631,0.521,0.429,2.315,1.132,0.261,0.871,1.335,0.947,1.45,0.631,0.521,0.429,2.315,1.132,0.261,0.871,1.335,32.202
0.947,1.45,0.631,0.521,0.429,2.315,1.132,0.261,0.871,1.335,0.947,1.45,0.631,0.521,0.429,2.315,1.132,0.261,0.871,1.335,32.202
0.82,1.338,0.713,0.564,0.257,3.211,1.79,0.589,1.229,1.448,0.82,1.338,0.713,0.564,0.257,3.211,1.79,0.589,1.229,1.448,34.059
0.717,1.286,0.593,0.591,0.195,4.074,2.237,0.407,2.101,2.055,0.717,1.286,0.593,0.591,0.195,4.074,2.237,0.407,2.101,2.055,45.343
0.936,1.443,0.715,0.568,0.373,2.597,1.203,0.402,0.805,1.533,0.936,1.443,0.715,0.568,0.373,2.597,1.203,0.402,0.805,1.533,28.018
0.936,1.443,0.715,0.568,0.373,2.597,1.203,0.402,0.805,1.533,0.936,1.443,0.715,0.568,0.373,2.597,1.203,0.402,0.805,1.533,28.018
0.705,1.201,0.583,0.481,0.23,3.478,2.676,0.525,2.168,0.874,0.705,1.201,0.583,0.481,0.23,3.478,2.676,0.525,2.168,0.874,34.205
0.705,1.201,0.583,0.481,0.23,3.478,2.676,0.525,2.168,0.874,0.705,1.201,0.583,0.481,0.23,3.478,2.676,0.525,2.168,0.874,34.205
0.705,1.201,0.583,0.481,0.23,3.478,2.676,0.525,2.168,0.874,0.705,1.201,0.583,0.481,0.23,3.478,2.676,0.525,2.168,0.874,34.205
0.806,1.347,0.668,0.566,0.241,3.496,1.998,0.499,1.498,1.498,0.806,1.347,0.668,0.566,0.241,3.496,1.998,0.499,1.498,1.498,34.409
0.908,1.437,0.784,0.663,0.26,3.471,1.414,0.481,0.956,2.173,0.908,1.437,0.784,0.663,0.26,3.471,1.414,0.481,0.956,2.173,30.61
0.767,1.189,0.753,0.602,0.184,3.736,2.451,0.846,1.697,1.365,0.767,1.189,0.753,0.602,0.184,3.736,2.451,0.846,1.697,1.365,34.713
0.767,1.189,0.753,0.602,0.184,3.736,2.451,0.846,1.697,1.365,0.767,1.189,0.753,0.602,0.184,3.736,2.451,0.846,1.697,1.365,34.713
0.843,1.406,0.687,0.579,0.263,3.371,1.874,0.427,1.492,1.544,0.843,1.406,0.687,0.579,0.263,3.371,1.874,0.427,1.492,1.544,33.422
0.863,1.365,0.753,0.621,0.244,3.434,1.621,0.556,1.072,2.001,0.863,1.365,0.753,0.621,0.244,3.434,1.621,0.556,1.072,2.001,32.202
0.81,1.235,0.788,0.637,0.178,3.945,2.377,0.883,1.592,1.601,0.81,1.235,0.788,0.637,0.178,3.945,2.377,0.883,1.592,1.601,33.422
0.758,1.168,0.816,0.66,0.153,4.443,2.946,1.026,2.321,1.547,0.758,1.168,0.816,0.66,0.153,4.443,2.946,1.026,2.321,1.547,31.623
0.758,1.168,0.816,0.66,0.153,4.443,2.946,1.026,2.321,1.547,0.758,1.168,0.816,0.66,0.153,4.443,2.946,1.026,2.321,1.547,31.623
0.913,1.622,0.66,0.624,0.289,3.721,1.443,0.332,1.201,2.282,0.913,1.622,0.66,0.624,0.289,3.721,1.443,0.332,1.201,2.282,36.359
1.071,1.692,0.725,0.604,0.468,2.486,0.868,0.275,0.595,1.688,1.071,1.692,0.725,0.604,0.468,2.486,0.868,0.275,0.595,1.688,30.61
0.99,1.567,0.772,0.645,0.348,2.918,1.079,0.407,0.675,1.902,0.99,1.567,0.772,0.645,0.348,2.918,1.079,0.407,0.675,1.902,30.61
0.717,1.162,0.537,0.483,0.239,3.135,2.323,0.329,2.015,0.903,0.717,1.162,0.537,0.483,0.239,3.135,2.323,0.329,2.015,0.903,34.205
0.877,1.428,0.681,0.634,0.258,3.512,1.478,0.236,1.259,2.251,0.877,1.428,0.681,0.634,0.258,3.512,1.478,0.236,1.259,2.251,31.401
0.785,1.188,0.695,0.567,0.22,3.167,2.181,0.591,1.661,1.02,0.785,1.188,0.695,0.567,0.22,3.167,2.181,0.591,1.661,1.02,28.425
0.681,1.082,0.688,0.589,0.151,4.054,3.272,0.664,2.788,0.875,0.681,1.082,0.688,0.589,0.151,4.054,3.272,0.664,2.788,0.875,34.828
0.835,1.26,0.815,0.64,0.223,3.344,1.76,0.786,1.148,1.786,0.835,1.26,0.815,0.64,0.223,3.344,1.76,0.786,1.148,1.786,29.069
0.835,1.26,0.815,0.64,0.223,3.344,1.76,0.786,1.148,1.786,0.835,1.26,0.815,0.64,0.223,3.344,1.76,0.786,1.148,1.786,29.069
0.927,1.526,0.75,0.576,0.351,2.851,1.271,0.506,0.777,1.593,0.927,1.526,0.75,0.576,0.351,2.851,1.271,0.506,0.777,1.593,33.601
0.774,1.202,0.818,0.666,0.112,5.761,3.532,1.459,2.184,2.285,0.774,1.202,0.818,0.666,0.112,5.761,3.532,1.459,2.184,2.285,30.0
0.774,1.202,0.818,0.666,0.112,5.761,3.532,1.459,2.184,2.285,0.774,1.202,0.818,0.666,0.112,5.761,3.532,1.459,2.184,2.285,30.0
0.774,1.202,0.818,0.666,0.112,5.761,3.532,1.459,2.184,2.285,0.774,1.202,0.818,0.666,0.112,5.761,3.532,1.459,2.184,2.285,30.0
0.922,1.48,0.693,0.571,0.351,2.77,1.289,0.38,0.909,1.515,0.922,1.48,0.693,0.571,0.351,2.77,1.289,0.38,0.909,1.515,32.202
0.936,1.483,0.769,0.618,0.324,2.975,1.198,0.468,0.738,2.008,0.936,1.483,0.769,0.618,0.324,2.975,1.198,0.468,0.738,2.008,28.32
0.936,1.483,0.769,0.618,0.324,2.975,1.198,0.468,0.738,2.008,0.936,1.483,0.769,0.618,0.324,2.975,1.198,0.468,0.738,2.008,28.32
0.798,1.318,0.62,0.467,0.331,2.68,1.672,0.481,1.194,1.024,0.798,1.318,0.62,0.467,0.331,2.68,1.672,0.481,1.194,1.024,35.609
0.668,1.093,0.69,0.567,0.114,5.462,4.487,1.237,3.283,1.0,0.668,1.093,0.69,0.567,0.114,5.462,4.487,1.237,3.283,1.0,34.205
0.909,1.431,0.758,0.66,0.268,3.321,1.366,0.408,0.959,2.074,0.909,1.431,0.758,0.66,0.268,3.321,1.366,0.408,0.959,2.074,32.65
0.799,1.272,0.664,0.569,0.25,3.221,1.83,0.382,1.476,1.606,0.799,1.272,0.664,0.569,0.25,3.221,1.83,0.382,1.476,1.606,31.241
0.799,1.272,0.664,0.569,0.25,3.221,1.83,0.382,1.476,1.606,0.799,1.272,0.664,0.569,0.25,3.221,1.83,0.382,1.476,1.606,31.241
0.799,1.272,0.664,0.569,0.25,3.221,1.83,0.382,1.476,1.606,0.799,1.272,0.664,0.569,0.25,3.221,1.83,0.382,1.476,1.606,31.241
0.926,1.532,0.763,0.599,0.327,3.049,1.242,0.501,0.751,1.946,0.926,1.532,0.763,0.599,0.327,3.049,1.242,0.501,0.751,1.946,35.0
0.989,1.617,0.808,0.645,0.345,3.027,1.052,0.483,0.569,2.467,0.989,1.617,0.808,0.645,0.345,3.027,1.052,0.483,0.569,2.467,34.205

1.4,1.1,0.836,0.784,0.719,0.944,0.625,0.297,0.334,0.336,1.4,1.1,0.836,0.784,0.719,0.944,0.625,0.297,0.334,0.336,99.156
1.499,1.134,0.872,0.805,0.807,0.902,0.609,0.283,0.326,0.295,1.499,1.134,0.872,0.805,0.807,0.902,0.609,0.283,0.326,0.295,99.825
1.537,1.151,0.884,0.83,0.819,0.908,0.587,0.26,0.327,0.323,1.537,1.151,0.884,0.83,0.819,0.908,0.587,0.26,0.327,0.323,97.673
1.456,1.115,0.857,0.809,0.764,0.931,0.632,0.288,0.346,0.303,1.456,1.115,0.857,0.809,0.764,0.931,0.632,0.288,0.346,0.303,94.763
1.258,1.083,0.817,0.75,0.648,1.012,0.716,0.312,0.407,0.32,1.258,1.083,0.817,0.75,0.648,1.012,0.716,0.312,0.407,0.32,94.763
1.521,1.142,0.877,0.814,0.831,0.902,0.588,0.283,0.305,0.317,1.521,1.142,0.877,0.814,0.831,0.902,0.588,0.283,0.305,0.317,102.069
1.526,1.137,0.893,0.828,0.819,0.903,0.6,0.292,0.308,0.304,1.526,1.137,0.893,0.828,0.819,0.903,0.6,0.292,0.308,0.304,99.905
1.47,1.123,0.852,0.82,0.779,0.938,0.627,0.294,0.336,0.315,1.47,1.123,0.852,0.82,0.779,0.938,0.627,0.294,0.336,0.315,96.26
1.483,1.13,0.87,0.83,0.774,0.977,0.621,0.318,0.306,0.362,1.483,1.13,0.87,0.83,0.774,0.977,0.621,0.318,0.306,0.362,99.905
1.469,1.091,0.841,0.792,0.786,0.88,0.614,0.286,0.331,0.277,1.469,1.091,0.841,0.792,0.786,0.88,0.614,0.286,0.331,0.277,102.069
1.469,1.094,0.877,0.81,0.771,0.934,0.619,0.298,0.321,0.331,1.469,1.094,0.877,0.81,0.771,0.934,0.619,0.298,0.321,0.331,105.646
1.461,1.133,0.871,0.82,0.788,0.951,0.62,0.295,0.325,0.335,1.461,1.133,0.871,0.82,0.788,0.951,0.62,0.295,0.325,0.335,98.494
1.459,1.088,0.862,0.799,0.786,0.885,0.618,0.294,0.324,0.279,1.459,1.088,0.862,0.799,0.786,0.885,0.618,0.294,0.324,0.279,99.725
1.36,1.062,0.806,0.746,0.737,0.899,0.647,0.3,0.355,0.285,1.36,1.062,0.806,0.746,0.737,0.899,0.647,0.3,0.355,0.285,98.412
1.496,1.137,0.867,0.797,0.824,0.931,0.61,0.294,0.316,0.326,1.496,1.137,0.867,0.797,0.824,0.931,0.61,0.294,0.316,0.326,91.351
1.459,1.104,0.862,0.799,0.786,0.891,0.618,0.294,0.324,0.28,1.459,1.104,0.862,0.799,0.786,0.891,0.618,0.294,0.324,0.28,97.622
1.287,1.067,0.817,0.767,0.649,0.995,0.703,0.304,0.407,0.321,1.287,1.067,0.817,0.767,0.649,0.995,0.703,0.304,0.407,0.321,94.048
1.488,1.131,0.875,0.833,0.803,0.962,0.627,0.299,0.329,0.339,1.488,1.131,0.875,0.833,0.803,0.962,0.627,0.299,0.329,0.339,104.35
1.431,1.133,0.848,0.797,0.788,0.932,0.639,0.301,0.339,0.296,1.431,1.133,0.848,0.797,0.788,0.932,0.639,0.301,0.339,0.296,88.391
1.493,1.114,0.855,0.788,0.819,0.903,0.592,0.271,0.322,0.324,1.493,1.114,0.855,0.788,0.819,0.903,0.592,0.271,0.322,0.324,91.22
1.497,1.146,0.876,0.806,0.814,0.914,0.588,0.294,0.294,0.329,1.497,1.146,0.876,0.806,0.814,0.914,0.588,0.294,0.294,0.329,96.938
1.393,1.091,0.841,0.789,0.735,0.917,0.634,0.282,0.354,0.297,1.393,1.091,0.841,0.789,0.735,0.917,0.634,0.282,0.354,0.297,86.279
1.493,1.137,0.857,0.785,0.809,0.881,0.578,0.274,0.304,0.308,1.493,1.137,0.857,0.785,0.809,0.881,0.578,0.274,0.304,0.308,94.069
1.453,1.119,0.856,0.803,0.777,0.906,0.602,0.271,0.332,0.31,1.453,1.119,0.856,0.803,0.777,0.906,0.602,0.271,0.332,0.31,89.107
1.245,1.041,0.793,0.726,0.638,0.95,0.713,0.301,0.421,0.287,1.245,1.041,0.793,0.726,0.638,0.95,0.713,0.301,0.421,0.287,89.14
1.442,1.113,0.854,0.798,0.776,0.9,0.614,0.3,0.315,0.292,1.442,1.113,0.854,0.798,0.776,0.9,0.614,0.3,0.315,0.292,103.078
1.452,1.124,0.849,0.808,0.756,0.938,0.627,0.294,0.336,0.315,1.452,1.124,0.849,0.808,0.756,0.938,0.627,0.294,0.336,0.315,100.005
1.464,1.114,0.864,0.805,0.785,0.913,0.606,0.277,0.33,0.315,1.464,1.114,0.864,0.805,0.785,0.913,0.606,0.277,0.33,0.315,98.082
1.49,1.128,0.86,0.822,0.811,0.942,0.614,0.291,0.325,0.334,1.49,1.128,0.86,0.822,0.811,0.942,0.614,0.291,0.325,0.334,99.489
1.49,1.116,0.86,0.799,0.809,0.903,0.607,0.289,0.318,0.304,1.49,1.116,0.86,0.799,0.809,0.903,0.607,0.289,0.318,0.304,100.005
1.433,1.11,0.867,0.793,0.771,0.942,0.637,0.307,0.33,0.315,1.433,1.11,0.867,0.793,0.771,0.942,0.637,0.307,0.33,0.315,95.525
1.477,1.116,0.879,0.818,0.791,0.919,0.614,0.295,0.319,0.31,1.477,1.116,0.879,0.818,0.791,0.919,0.614,0.295,0.319,0.31,89.805
1.424,1.13,0.861,0.796,0.746,0.96,0.642,0.306,0.336,0.322,1.424,1.13,0.861,0.796,0.746,0.96,0.642,0.306,0.336,0.322,90.521
1.409,1.115,0.867,0.807,0.725,0.929,0.63,0.287,0.343,0.303,1.409,1.115,0.867,0.807,0.725,0.929,0.63,0.287,0.343,0.303,95.483
1.432,1.138,0.874,0.798,0.856,0.894,0.598,0.27,0.33,0.3,1.432,1.138,0.874,0.798,0.856,0.894,0.598,0.27,0.33,0.3,85.796
1.469,1.112,0.864,0.804,0.792,0.906,0.609,0.29,0.319,0.305,1.469,1.112,0.864,0.804,0.792,0.906,0.609,0.29,0.319,0.305,91.241
1.376,1.119,0.839,0.754,0.745,0.984,0.669,0.319,0.351,0.327,1.376,1.119,0.839,0.754,0.745,0.984,0.669,0.319,0.351,0.327,94.048
1.498,1.136,0.879,0.811,0.796,0.91,0.598,0.299,0.299,0.315,1.498,1.136,0.879,0.811,0.796,0.91,0.598,0.299,0.299,0.315,99.086
1.52,1.14,0.889,0.809,0.826,0.916,0.609,0.277,0.335,0.309,1.52,1.14,0.889,0.809,0.826,0.916,0.609,0.277,0.335,0.309,95.483
1.408,1.111,0.835,0.775,0.752,0.892,0.612,0.272,0.342,0.288,1.408,1.111,0.835,0.775,0.752,0.892,0.612,0.272,0.342,0.288,99.156
1.511,1.12,0.873,0.813,0.812,0.912,0.609,0.27,0.339,0.308,1.511,1.12,0.873,0.813,0.812,0.912,0.609,0.27,0.339,0.308,102.533
1.509,1.125,0.883,0.831,0.82,0.939,0.612,0.294,0.318,0.333,1.509,1.125,0.883,0.831,0.82,0.939,0.612,0.294,0.318,0.333,96.876
1.501,1.127,0.87,0.813,0.808,0.897,0.592,0.293,0.3,0.309,1.501,1.127,0.87,0.813,0.808,0.897,0.592,0.293,0.3,0.309,97.622
1.442,1.117,0.871,0.801,0.788,0.951,0.627,0.302,0.325,0.334,1.442,1.117,0.871,0.801,0.788,0.951,0.627,0.302,0.325,0.334,94.048
1.479,1.123,0.873,0.82,0.802,0.911,0.609,0.313,0.297,0.306,1.479,1.123,0.873,0.82,0.802,0.911,0.609,0.313,0.297,0.306,104.005
1.477,1.128,0.887,0.859,0.78,0.969,0.642,0.306,0.336,0.328,1.477,1.128,0.887,0.859,0.78,0.969,0.642,0.306,0.336,0.328,101.823
1.495,1.142,0.886,0.831,0.817,0.946,0.614,0.319,0.295,0.335,1.495,1.142,0.886,0.831,0.817,0.946,0.614,0.319,0.295,0.335,101.833
1.465,1.126,0.867,0.812,0.774,0.938,0.627,0.299,0.329,0.315,1.465,1.126,0.867,0.812,0.774,0.938,0.627,0.299,0.329,0.315,104.652
1.474,1.133,0.892,0.838,0.776,0.961,0.624,0.324,0.3,0.34,1.474,1.133,0.892,0.838,0.776,0.961,0.624,0.324,0.3,0.34,105.361
1.45,1.114,0.89,0.824,0.78,0.936,0.642,0.313,0.33,0.298,1.45,1.114,0.89,0.824,0.78,0.936,0.642,0.313,0.33,0.298,106.066
1.478,1.127,0.867,0.819,0.805,0.948,0.641,0.318,0.324,0.31,1.478,1.127,0.867,0.819,0.805,0.948,0.641,0.318,0.324,0.31,103.238

0.779,0.935,1.015,0.981,0.518,0.861,0.583,0.313,0.287,0.326,0.779,0.935,1.015,0.981,0.518,0.861,0.583,0.313,0.287,0.326,97.144
0.779,0.935,1.015,0.981,0.518,0.861,0.583,0.313,0.287,0.326,0.779,0.935,1.015,0.981,0.518,0.861,0.583,0.313,0.287,0.326,97.144
0.779,0.935,1.015,0.981,0.518,0.861,0.583,0.313,0.287,0.326,0.779,0.935,1.015,0.981,0.518,0.861,0.583,0.313,0.287,0.326,97.144
0.779,0.935,1.015,0.981,0.518,0.861,0.583,0.313,0.287,0.326,0.779,0.935,1.015,0.981,0.518,0.861,0.583,0.313,0.287,0.326,97.144
0.779,0.935,1.015,0.981,0.518,0.861,0.583,0.313,0.287,0.326,0.779,0.935,1.015,0.981,0.518,0.861,0.583,0.313,0.287,0.326,97.144
0.779,0.935,1.015,0.981,0.518,0.861,0.583,0.313,0.287,0.326,0.779,0.935,1.015,0.981,0.518,0.861,0.583,0.313,0.287,0.326,97.144
0.779,0.935,1.015,0.981,0.518,0.861,0.583,0.313,0.287,0.326,0.779,0.935,1.015,0.981,0.518,0.861,0.583,0.313,0.287,0.326,97.144
0.779,0.935,1.015,0.981,0.518,0.861,0.583,0.313,0.287,0.326,0.779,0.935,1.015,0.981,0.518,0.861,0.583,0.313,0.287,0.326,97.144
0.779,0.935,1.015,0.981,0.518,0.861,0.583,0.313,0.287,0.326,0.779,0.935,1.015,0.981,0.518,0.861,0.583,0.313,0.287,0.326,97.144
0.779,0.935,1.015,0.981,0.518,0.861,0.583,0.313,0.287,0.326,0.779,0.935,1.015,0.981,0.518,0.861,0.583,0.313,0.287,0.326,97.144
0.779,0.935,1.015,0.981,0.518,0.861,0.583,0.313,0.287,0.326,0.779,0.935,1.015,0.981,0.518,0.861,0.583,0.313,0.287,0.326,97.144
0.779,0.935,1.015,0.981,0.518,0.861,0.583,0.313,0.287,0.326,0.779,0.935,1.015,0.981,0.518,0.861,0.583,0.313,0.287,0.326,97.144
0.779,0.935,1.015,0.981,0.518,0.861,0.583,0.313,0.287,0.326,0.779,0.935,1.015,0.981,0.518,0.861,0.583,0.313,0.287,0.326,97.144
0.779,0.935,1.015,0.981,0.518,0.861,0.583,0.313,0.287,0.326,0.779,0.935,1.015,0.981,0.518,0.861,0.583,0.313,0.287,0.326,97.144
0.779,0.935,1.015,0.981,0.518,0.861,0.583,0.313,0.287,0.326,0.779,0.935,1.015,0.981,0.518,0.861,0.583,0.313,0.287,0.326,97.144
0.779,0.935,1.015,0.981,0.518,0.861,0.583,0.313,0.287,0.326,0.779,0.935,1.015,0.981,0.518,0.861,0.583,0.313,0.287,0.326,97.144
0.779,0.935,1.015,0.981,0.518,0.861,0.583,0.313,0.287,0.326,0.779,0.935,1.015,0.981,0.518,0.861,0.583,0.313,0.287,0.326,97.144
0.779,0.935,1.015,0.981,0.518,0.861,0.583,0.313,0.287,0.326,0.779,0.935,1.015,0.981,0.518,0.861,0.583,0.313,0.287,0.326,97.144
0.779,0.935,1.015,0.981,0.518,0.861,0.583,0.313,0.287,0.326,0.779,0.935,1.015,0.981,0.518,0.861,0.583,0.313,0.287,0.326,97.144
0.779,0.935,1.015,0.981,0.518,0.861,0.583,0.313,0.287,0.326,0.779,0.935,1.015,0.981,0.518,0.861,0.583,0.313,0.287,0.326,97.144
0.779,0.935,1.015,0.981,0.518,0.861,0.583,0.313,0.287,0.326,0.779,0.935,1.015,0.981,0.518,0.861,0.583,0.313,0.287,0.326,97.144
0.779,0.935,1.015,0.981,0.518,0.861,0.583,0.313,0.287,0.326,0.779,0.935,1.015,0.981,0.518,0.861,0.583,0.313,0.287,0.326,97.144
0.779,0.935,1.015,0.981,0.518,0.861,0.583,0.313,0.287,0.326,0.779,0.935,1.015,0.981,0.518,0.861,0.583,0.313,0.287,0.326,97.144
0.779,0.935,1.015,0.981,0.518,0.861,0.583,0.313,0.287,0.326,0.779,0.935,1.015,0.981,0.518,0.861,0.583,0.313,0.287,0.326,97.144
0.779,0.935,1.015,0.981,0.518,0.861,0.583,0.313,0.287,0.326,0.779,0.935,1.015,0.981,0.518,0.861,0.583,0.313,0.287,0.326,97.144
0.779,0.935,1.015,0.981,0.518,0.861,0.583,0.313,0.287,0.326,0.779,0.935,1.015,0.981,0.518,0.861,0.583,0.313,0.287,0.326,97.144
0.779,0.935,1.015,0.981,0.518,0.861,0.583,0.313,0.287,0.326,0.779,0.935,1.015,0.981,0.518,0.861,0.583,0.313,0.287,0.326,97.144
0.779,0.935,1.015,0.981,0.518,0.861,0.583,0.313,0.287,0.326,0.779,0.935,1.015,0.981,0.518,0.861,0.583,0.313,0.287,0.326,97.144
0.779,0.935,1.015,0.981,0.518,0.861,0.583,0.313,0.287,0.326,0.779,0.935,1.015,0.981,0.518,0.861,0.583,0.313,0.287,0.326,97.144
0.779,0.935,1.015,0.981,0.518,0.861,0.583,0.313,0.287,0.326,0.779,0.935,1.015,0.981,0.518,0.861,0.583,0.313,0.287,0.326,97.144
0.779,0.935,1.015,0.981,0.518,0.861,0.583,0.313,0.287,0.326,0.779,0.935,1.015,0.981,0.518,0.861,0.583,0.313,0.287,0.326,97.144
0.779,0.935,1.015,0.981,0.518,0.861,0.583,0.313,0.287,0.326,0.779,0.935,1.015,0.981,0.518,0.861,0.583,0.313,0.287,0.326,97.144
0.779,0.935,1.015,0.981,0.518,0.861,0.583,0.313,0.287,0.326,0.779,0.935,1.015,0.981,0.518,0.861,0.583,0.313,0.287,0.326,97.144
0.779,0.935,1.015,0.981,0.518,0.861,0.583,0.313,0.287,0.326,0.779,0.935,1.015,0.981,0.518,0.861,0.583,0.313,0.287,0.326,97.144
0.779,0.935,1.015,0.981,0.518,0.861,0.583,0.313,0.287,0.326,0.779,0.935,1.015,0.981,0.518,0.861,0.583,0.313,0.287,0.326,97.144
0.779,0.935,1.015,0.981,0.518,0.861,0.583,0.313,0.287,0.326,0.779,0.935,1.015,0.981,0.518,0.861,0.583,0.313,0.287,0.326,97.144
0.779,0.935,1.015,0.981,0.518,0.861,0.583,0.313,0.287,0.326,0.779,0.935,1.015,0.981,0.518,0.861,0.583,0.313,0.287,0.326,97.144
0.779,0.935,1.015,0.981,0.518,0.861,0.583,0.313,0.287,0.326,0.779,0.935,1.015,0.981,0.518,0.861,0.583,0.313,0.287,0.326,97.144
0.779,0.935,1.015,0.981,0.518,0.861,0.583,0.313,0.287,0.326,0.779,0.935,1.015,0.981,0.518,0.861,0.583,0.313,0.287,0.326,97.144
0.779,0.935,1.015,0.981,0.518,0.861,0.583,0.313,0.287,0.326,0.779,0.935,1.015,0.981,0.518,0.861,0.583,0.313,0.287,0.326,97.144
0.779,0.935,1.015,0.981,0.518,0.861,0.583,0.313,0.287,0.326,0.779,0.935,1.015,0.981,0.518,0.861,0.583,0.313,0.287,0.326,97.144
0.779,0.935,1.015,0.981,0.518,0.861,0.583,0.313,0.287,0.326,0.779,0.935,1.015,0.981,0.518,0.861,0.583,0.313,0.287,0.326,97.144
0.779,0.935,1.015,0.981,0.518,0.861,0.583,0.313,0.287,0.326,0.779,0.935,1.015,0.981,0.518,0.861,0.583,0.313,0.287,0.326,97.144
0.779,0.935,1.015,0.981,0.518,0.861,0.583,0.313,0.287,0.326,0.779,0.935,1.015,0.981,0.518,0.861,0.583,0.313,0.287,0.326,97.144
0.779,0.935,1.015,0.981,0.518,0.861,0.583,0.313,0.287,0.326,0.779,0.935,1.015,0.981,0.518,0.861,0.583,0.313,0.287,0.326,97.144
0.779,0.935,1.015,0.981,0.518,0.861,0.583,0.313,0.287,0.326,0.779,0.935,1.015,0.981,0.518,0.861,0.583,0.313,0.287,0.326,97.144
0.779,0.935,1.015,0.981,0.518,0.861,0.583,0.313,0.287,0.326,0.779,0.935,1.015,0.981,0.518,0.861,0.583,0.313,0.287,0.326,97.144
0.779,0.935,1.015,0.981,0.518,0.861,0.583,0.313,0.287,0.326,0.779,0.935,1.015,0.981,0.518,0.861,0.583,0.313,0.287,0.326,97.144
0.779,0.935,1.015,0.981,0.518,0.861,0.583,0.313,0.287,0.326,0.779,0.935,1.015,0.981,0.518,0.861,0.583,0.313,0.287,0.326,97.144
0.779,0.935,1.015,0.981,0.518,0.861,0.583,0.313,0.287,0.326,0.779,0.935,1.015,0.981,0.518,0.861,0.583,0.313,0.287,0.326,97.144
0.779,0.935,1.015,0.981,0.518,0.861,0.583,0.313,0.287,0.326,0.779,0.935,1.015,0.981,0.518,0.861,0.583,0.313,0.287,0.326,97.144

2.172,1.293,0.792,2.457,1.783,0.945,0.928,0.941,0.214,0.205,2.172,1.293,0.792,2.457,1.783,0.945,0.928,0.941,0.214,0.205,3.606
2.172,1.293,0.792,2.457,1.783,0.945,0.928,0.941,0.214,0.205,2.172,1.293,0.792,2.457,1.783,0.945,0.928,0.941,0.214,0.205,3.606
2.172,1.293,0.792,2.457,1.783,0.945,0.928,0.941,0.214,0.205,2.172,1.293,0.792,2.457,1.783,0.945,0.928,0.941,0.214,0.205,3.606
2.172,1.293,0.792,2.457,1.783,0.945,0.928,0.941,0.214,0.205,2.172,1.293,0.792,2.457,1.783,0.945,0.928,0.941,0.214,0.205,3.606
2.172,1.293,0.792,2.457,1.783,0.945,0.928,0.941,0.214,0.205,2.172,1.293,0.792,2.457,1.783,0.945,0.928,0.941,0.214,0.205,3.606
2.172,1.293,0.792,2.457,1.783,0.945,0.928,0.941,0.214,0.205,2.172,1.293,0.792,2.457,1.783,0.945,0.928,0.941,0.214,0.205,3.606
2.172,1.293,0.792,2.457,1.783,0.945,0.928,0.941,0.214,0.205,2.172,1.293,0.792,2.457,1.783,0.945,0.928,0.941,0.214,0.205,3.606
2.172,1.293,0.792,2.457,1.783,0.945,0.928,0.941,0.214,0.205,2.172,1.293,0.792,2.457,1.783,0.945,0.928,0.941,0.214,0.205,3.606
2.172,1.293,0.792,2.457,1.783,0.945,0.928,0.941,0.214,0.205,2.172,1.293,0.792,2.457,1.783,0.945,0.928,0.941,0.214,0.205,3.606
2.172,1.293,0.792,2.457,1.783,0.945,0.928,0.941,0.214,0.205,2.172,1.293,0.792,2.457,1.783,0.945,0.928,0.941,0.214,0.205,3.606
2.172,1.293,0.792,2.457,1.783,0.945,0.928,0.941,0.214,0.205,2.172,1.293,0.792,2.457,1.783,0.945,0.928,0.941,0.214,0.205,3.606
2.172,1.293,0.792,2.457,1.783,0.945,0.928,0.941,0.214,0.205,2.172,1.293,0.792,2.457,1.783,0.945,0.928,0.941,0.214,0.205,3.606
2.172,1.293,0.792,2.457,1.783,0.945,0.928,0.941,0.214,0.205,2.172,1.293,0.792,2.457,1.783,0.945,0.928,0.941,0.214,0.205,3.606
2.172,1.293,0.792,2.457,1.783,0.945,0.928,0.941,0.214,0.205,2.172,1.293,0.792,2.457,1.783,0.945,0.928,0.941,0.214,0.205,3.606
2.172,1.293,0.792,2.457,1.783,0.945,0.928,0.941,0.214,0.205,2.172,1.293,0.792,2.457,1.783,0.945,0.928,0.941,0.214,0.205,3.606
2.172,1.293,0.792,2.457,1.783,0.945,0.928,0.941,0.214,0.205,2.172,1.293,0.792,2.457,1.783,0.945,0.928,0.941,0.214,0.205,3.606
2.172,1.293,0.792,2.457,1.783,0.945,0.928,0.941,0.214,0.205,2.172,1.293,0.792,2.457,1.783,0.945,0.928,0.941,0.214,0.205,3.606
2.172,1.293,0.792,2.457,1.783,0.945,0.928,0.941,0.214,0.205,2.172,1.293,0.792,2.457,1.783,0.945,0.928,0.941,0.214,0.205,3.606
2.172,1.293,0.792,2.457,1.783,0.945,0.928,0.941,0.214,0.205,2.172,1.293,0.792,2.457,1.783,0.945,0.928,0.941,0.214,0.205,3.606
2.172,1.293,0.792,2.457,1.783,0.945,0.928,0.941,0.214,0.205,2.172,1.293,0.792,2.457,1.783,0.945,0.928,0.941,0.214,0.205,3.606
2.172,1.293,0.792,2.457,1.783,0.945,0.928,0.941,0.214,0.205,2.172,1.293,0.792,2.457,1.783,0.945,0.928,0.941,0.214,0.205,3.606
2.172,1.293,0.792,2.457,1.783,0.945,0.928,0.941,0.214,0.205,2.172,1.293,0.792,2.457,1.783,0.945,0.928,0.941,0.214,0.205,3.606
2.172,1.293,0.792,2.457,1.783,0.945,0.928,0.941,0.214,0.205,2.172,1.293,0.792,2.457,1.783,0.945,0.928,0.941,0.214,0.205,3.606
2.172,1.293,0.792,2.457,1.783,0.945,0.928,0.941,0.214,0.205,2.172,1.293,0.792,2.457,1.783,0.945,0.928,0.941,0.214,0.205,3.606
2.172,1.293,0.792,2.457,1.783,0.945,0.928,0.941,0.214,0.205,2.172,1.293,0.792,2.457,1.783,0.945,0.928,0.941,0.214,0.205,3.606
2.172,1.293,0.792,2.457,1.783,0.945,0.928,0.941,0.214,0.205,2.172,1.293,0.792,2.457,1.783,0.945,0.928,0.941,0.214,0.205,3.606
2.172,1.293,0.792,2.457,1.783,0.945,0.928,0.941,0.214,0.205,2.172,1.293,0.792,2.457,1.783,0.945,0.928,0.941,0.214,0.205,3.606
2.172,1.293,0.792,2.457,1.783,0.945,0.928,0.941,0.214,0.205,2.172,1.293,0.792,2.457,1.783,0.945,0.928,0.941,0.214,0.205,3.606
2.172,1.293,0.792,2.457,1.783,0.945,0.928,0.941,0.214,0.205,2.172,1.293,0.792,2.457,1.783,0.945,0.928,0.941,0.214,0.205,3.606
2.172,1.293,0.792,2.457,1.783,0.945,0.928,0.941,0.214,0.205,2.172,1.293,0.792,2.457,1.783,0.945,0.928,0.941,0.214,0.205,3.606
2.172,1.293,0.792,2.457,1.783,0.945,0.928,0.941,0.214,0.205,2.172,1.293,0.792,2.457,1.783,0.945,0.928,0.941,0.214,0.205,3.606
2.172,1.293,0.792,2.457,1.783,0.945,0.928,0.941,0.214,0.205,2.172,1.293,0.792,2.457,1.783,0.945,0.928,0.941,0.214,0.205,3.606
2.172,1.293,0.792,2.457,1.783,0.945,0.928,0.941,0.214,0.205,2.172,1.293,0.792,2.457,1.783,0.945,0.928,0.941,0.214,0.205,3.606
2.172,1.293,0.792,2.457,1.783,0.945,0.928,0.941,0.214,0.205,2.172,1.293,0.792,2.457,1.783,0.945,0.928,0.941,0.214,0.205,3.606
2.172,1.293,0.792,2.457,1.783,0.945,0.928,0.941,0.214,0.205,2.172,1.293,0.792,2.457,1.783,0.945,0.928,0.941,0.214,0.205,3.606
2.172,1.293,0.792,2.457,1.783,0.945,0.928,0.941,0.214,0.205,2.172,1.293,0.792,2.457,1.783,0.945,0.928,0.941,0.214,0.205,3.606
2.172,1.293,0.792,2.457,1.783,0.945,0.928,0.941,0.214,0.205,2.172,1.293,0.792,2.457,1.783,0.945,0.928,0.941,0.214,0.205,3.606
2.172,1.293,0.792,2.457,1.783,0.945,0.928,0.941,0.214,0.205,2.172,1.293,0.792,2.457,1.783,0.945,0.928,0.941,0.214,0.205,3.606
2.172,1.293,0.792,2.457,1.783,0.945,0.928,0.941,0.214,0.205,2.172,1.293,0.792,2.457,1.783,0.945,0.928,0.941,0.214,0.205,3.606
2.172,1.293,0.792,2.457,1.783,0.945,0.928,0.941,0.214,0.205,2.172,1.293,0.792,2.457,1.783,0.945,0.928,0.941,0.214,0.205,3.606
2.172,1.293,0.792,2.457,1.783,0.945,0.928,0.941,0.214,0.205,2.172,1.293,0.792,2.457,1.783,0.945,0.928,0.941,0.214,0.205,3.606
2.172,1.293,0.792,2.457,1.783,0.945,0.928,0.941,0.214,0.205,2.172,1.293,0.792,2.457,1.783,0.945,0.928,0.941,0.214,0.205,3.606
2.172,1.293,0.792,2.457,1.783,0.945,0.928,0.941,0.214,0.205,2.172,1.293,0.792,2.457,1.783,0.945,0.928,0.941,0.214,0.205,3.606
2.172,1.293,0.792,2.457,1.783,0.945,0.928,0.941,0.214,0.205,2.172,1.293,0.792,2.457,1.783,0.945,0.928,0.941,0.214,0.205,3.606
2.172,1.293,0.792,2.457,1.783,0.945,0.928,0.941,0.214,0.205,2.172,1.293,0.792,2.457,1.783,0.945,0.928,0.941,0.214,0.205,3.606
2.172,1.293,0.792,2.457,1.783,0.945,0.928,0.941,0.214,0.205,2.172,1.293,0.792,2.457,1.783,0.945,0.928,0.941,0.214,0.205,3.606
2.172,1.293,0.792,2.457,1.783,0.945,0.928,0.941,0.214,0.205,2.172,1.293,0.792,2.457,1.783,0.945,0.928,0.941,0.214,0.205,3.606
2.172,1.293,0.792,2.457,1.783,0.945,0.928,0.941,0.214,0.205,2.172,1.293,0.792,2.457,1.783,0.945,0.928,0.941,0.214,0.205,3.606
2.172,1.293,0.792,2.457,1.783,0.945,0.928,0.941,0.214,0.205,2.172,1.293,0.792,2.457,1.783,0.945,0.928,0.941,0.214,0.205,3.606
2.172,1.293,0.792,2.457,1.783,0.945,0.928,0.941,0.214,0.205,2.172,1.293,0.792,2.457,1.783,0.945,0.928,0.941,0.214,0.205,3.606
2.172,1.293,0.792,2.457,1.783,0.945,0.928,0.941,0.214,0.205,2.172,1.293,0.792,2.457,1.783,0.945,0.928,0.941,0.214,0.205,3.606

2.048,2.845,0.692,0.768,2.297,1.102,0.317,0.124,0.205,0.818,2.048,2.845,0.692,0.768,2.297,1.102,0.317,0.124,0.205,0.818,261.297
2.048,2.845,0.692,0.768,2.297,1.102,0.317,0.124,0.205,0.818,2.048,2.845,0.692,0.768,2.297,1.102,0.317,0.124,0.205,0.818,261.297
2.048,2.845,0.692,0.768,2.297,1.102,0.317,0.124,0.205,0.818,2.048,2.845,0.692,0.768,2.297,1.102,0.317,0.124,0.205,0.818,261.297
2.048,2.845,0.692,0.768,2.297,1.102,0.317,0.124,0.205,0.818,2.048,2.845,0.692,0.768,2.297,1.102,0.317,0.124,0.205,0.818,261.297
2.048,2.845,0.692,0.768,2.297,1.102,0.317,0.124,0.205,0.818,2.048,2.845,0.692,0.768,2.297,1.102,0.317,0.124,0.205,0.818,261.297
2.048,2.845,0.692,0.768,2.297,1.102,0.317,0.124,0.205,0.818,2.048,2.845,0.692,0.768,2.297,1.102,0.317,0.124,0.205,0.818,261.297
2.048,2.845,0.692,0.768,2.297,1.102,0.317,0.124,0.205,0.818,2.048,2.845,0.692,0.768,2.297,1.102,0.317,0.124,0.205,0.818,261.297
2.048,2.845,0.692,0.768,2.297,1.102,0.317,0.124,0.205,0.818,2.048,2.845,0.692,0.768,2.297,1.102,0.317,0.124,0.205,0.818,261.297
2.048,2.845,0.692,0.768,2.297,1.102,0.317,0.124,0.205,0.818,2.048,2.845,0.692,0.768,2.297,1.102,0.317,0.124,0.205,0.818,261.297
2.048,2.845,0.692,0.768,2.297,1.102,0.317,0.124,0.205,0.818,2.048,2.845,0.692,0.768,2.297,1.102,0.317,0.124,0.205,0.818,261.297
2.048,2.845,0.692,0.768,2.297,1.102,0.317,0.124,0.205,0.818,2.048,2.845,0.692,0.768,2.297,1.102,0.317,0.124,0.205,0.818,261.297
2.048,2.845,0.692,0.768,2.297,1.102,0.317,0.124,0.205,0.818,2.048,2.845,0.692,0.768,2.297,1.102,0.317,0.124,0.205,0.818,261.297
2.048,2.845,0.692,0.768,2.297,1.102,0.317,0.124,0.205,0.818,2.048,2.845,0.692,0.768,2.297,1.102,0.317,0.124,0.205,0.818,261.297
2.048,2.845,0.692,0.768,2.297,1.102,0.317,0.124,0.205,0.818,2.048,2.845,0.692,0.768,2.297,1.102,0.317,0.124,0.205,0.818,261.297
2.048,2.845,0.692,0.768,2.297,1.102,0.317,0.124,0.205,0.818,2.048,2.845,0.692,0.768,2.297,1.102,0.317,0.124,0.205,0.818,261.297
2.048,2.845,0.692,0.768,2.297,1.102,0.317,0.124,0.205,0.818,2.048,2.845,0.692,0.768,2.297,1.102,0.317,0.124,0.205,0.818,261.297
2.048,2.845,0.692,0.768,2.297,1.102,0.317,0.124,0.205,0.818,2.048,2.845,0.692,0.768,2.297,1.102,0.317,0.124,0.205,0.818,261.297
2.048,2.845,0.692,0.768,2.297,1.102,0.317,0.124,0.205,0.818,2.048,2.845,0.692,0.768,2.297,1.102,0.317,0.124,0.205,0.818,261.297
2.048,2.845,0.692,0.768,2.297,1.102,0.317,0.124,0.205,0.818,2.048,2.845,0.692,0.768,2.297,1.102,0.317,0.124,0.205,0.818,261.297
2.048,2.845,0.692,0.768,2.297,1.102,0.317,0.124,0.205,0.818,2.048,2.845,0.692,0.768,2.297,1.102,0.317,0.124,0.205,0.818,261.297
2.048,2.845,0.692,0.768,2.297,1.102,0.317,0.124,0.205,0.818,2.048,2.845,0.692,0.768,2.297,1.102,0.317,0.124,0.205,0.818,261.297
2.048,2.845,0.692,0.768,2.297,1.102,0.317,0.124,0.205,0.818,2.048,2.845,0.692,0.768,2.297,1.102,0.317,0.124,0.205,0.818,261.297
2.048,2.845,0.692,0.768,2.297,1.102,0.317,0.124,0.205,0.818,2.048,2.845,0.692,0.768,2.297,1.102,0.317,0.124,0.205,0.818,261.297
2.048,2.845,0.692,0.768,2.297,1.102,0.317,0.124,0.205,0.818,2.048,2.845,0.692,0.768,2.297,1.102,0.317,0.124,0.205,0.818,261.297
2.048,2.845,0.692,0.768,2.297,1.102,0.317,0.124,0.205,0.818,2.048,2.845,0.692,0.768,2.297,1.102,0.317,0.124,0.205,0.818,261.297
2.048,2.845,0.692,0.768,2.297,1.102,0.317,0.124,0.205,0.818,2.048,2.845,0.692,0.768,2.297,1.102,0.317,0.124,0.205,0.818,261.297
2.048,2.845,0.692,0.768,2.297,1.102,0.317,0.124,0.205,0.818,2.048,2.845,0.692,0.768,2.297,1.102,0.317,0.124,0.205,0.818,261.297
2.048,2.845,0.692,0.768,2.297,1.102,0.317,0.124,0.205,0.818,2.048,2.845,0.692,0.768,2.297,1.102,0.317,0.124,0.205,0.818,261.297
2.048,2.845,0.692,0.768,2.297,1.102,0.317,0.124,0.205,0.818,2.048,2.845,0.692,0.768,2.297,1.102,0.317,0.124,0.205,0.818,261.297
2.048,2.845,0.692,0.768,2.297,1.102,0.317,0.124,0.205,0.818,2.048,2.845,0.692,0.768,2.297,1.102,0.317,0.124,0.205,0.818,261.297
2.048,2.845,0.692,0.768,2.297,1.102,0.317,0.124,0.205,0.818,2.048,2.845,0.692,0.768,2.297,1.102,0.317,0.124,0.205,0.818,261.297
2.048,2.845,0.692,0.768,2.297,1.102,0.317,0.124,0.205,0.818,2.048,2.845,0.692,0.768,2.297,1.102,0.317,0.124,0.205,0.818,261.297
2.048,2.845,0.692,0.768,2.297,1.102,0.317,0.124,0.205,0.818,2.048,2.845,0.692,0.768,2.297,1.102,0.317,0.124,0.205,0.818,261.297
2.048,2.845,0.692,0.768,2.297,1.102,0.317,0.124,0.205,0.818,2.048,2.845,0.692,0.768,2.297,1.102,0.317,0.124,0.205,0.818,261.297
2.048,2.845,0.692,0.768,2.297,1.102,0.317,0.124,0.205,0.818,2.048,2.845,0.692,0.768,2.297,1.102,0.317,0.124,0.205,0.818,261.297
2.048,2.845,0.692,0.768,2.297,1.102,0.317,0.124,0.205,0.818,2.048,2.845,0.692,0.768,2.297,1.102,0.317,0.124,0.205,0.818,261.297
2.048,2.845,0.692,0.768,2.297,1.102,0.317,0.124,0.205,0.818,2.048,2.845,0.692,0.768,2.297,1.102,0.317,0.124,0.205,0.818,261.297
2.048,2.845,0.692,0.768,2.297,1.102,0.317,0.124,0.205,0.818,2.048,2.845,0.692,0.768,2.297,1.102,0.317,0.124,0.205,0.818,261.297
2.048,2.845,0.692,0.768,2.297,1.102,0.317,0.124,0.205,0.818,2.048,2.845,0.692,0.768,2.297,1.102,0.317,0.124,0.205,0.818,261.297
2.048,2.845,0.692,0.768,2.297,1.102,0.317,0.124,0.205,0.818,2.048,2.845,0.692,0.768,2.297,1.102,0.317,0.124,0.205,0.818,261.297
2.048,2.845,0.692,0.768,2.297,1.102,0.317,0.124,0.205,0.818,2.048,2.845,0.692,0.768,2.297,1.102,0.317,0.124,0.205,0.818,261.297
2.048,2.845,0.692,0.768,2.297,1.102,0.317,0.124,0.205,0.818,2.048,2.845,0.692,0.768,2.297,1.102,0.317,0.124,0.205,0.818,261.297
2.048,2.845,0.692,0.768,2.297,1.102,0.317,0.124,0.205,0.818,2.048,2.845,0.692,0.768,2.297,1.102,0.317,0.124,0.205,0.818,261.297
2.048,2.845,0.692,0.768,2.297,1.102,0.317,0.124,0.205,0.818,2.048,2.845,0.692,0.768,2.297,1.102,0.317,0.124,0.205,0.818,261.297
2.048,2.845,0.692,0.768,2.297,1.102,0.317,0.124,0.205,0.818,2.048,2.845,0.692,0.768,2.297,1.102,0.317,0.124,0.205,0.818,261.297
2.048,2.845,0.692,0.768,2.297,1.102,0.317,0.124,0.205,0.818,2.048,2.845,0.692,0.768,2.297,1.102,0.317,0.124,0.205,0.818,261.297
2.048,2.845,0.692,0.768,2.297,1.102,0.317,0.124,0.205,0.818,2.048,2.845,0.692,0.768,2.297,1.102,0.317,0.124,0.205,0.818,261.297
2.048,2.845,0.692,0.768,2.297,1.102,0.317,0.124,0.205,0.818,2.048,2.845,0.692,0.768,2.297,1.102,0.317,0.124,0.205,0.818,261.297
2.048,2.845,0.692,0.768,2.297,1.102,0.317,0.124,0.205,0.818,2.048,2.845,0.692,0.768,2.297,1.102,0.317,0.124,0.205,0.818,261.297
2.048,2.845,0.692,0.768,2.297,1.102,0.317,0.124,0.205,0.818,2.048,2.845,0.692,0.768,2.297,1.102,0.317,0.124,0.205,0.818,261.297
2.048,2.845,0.692,0.768,2.297,1.102,0.317,0.124,0.205,0.818,2.048,2.845,0.692,0.768,2.297,1.102,0.317,0.124,0.205,0.818,261.297

1.555,1.618,0.73,0.521,1.055,1.064,0.455,0.198,0.258,0.645,1.555,1.618,0.73,0.521,1.055,1.064,0.455,0.198,0.258,0.645,41.869
1.457,1.791,0.78,0.603,0.917,1.432,0.457,0.199,0.261,1.017,1.457,1.791,0.78,0.603,0.917,1.432,0.457,0.199,0.261,1.017,43.863
1.491,1.668,0.731,0.545,1.003,1.22,0.493,0.199,0.297,0.741,1.491,1.668,0.731,0.545,1.003,1.22,0.493,0.199,0.297,0.741,38.419
1.536,1.698,0.726,0.499,1.067,1.163,0.475,0.213,0.264,0.719,1.536,1.698,0.726,0.499,1.067,1.163,0.475,0.213,0.264,0.719,38.897
1.345,1.641,0.717,0.509,0.867,1.366,0.577,0.246,0.332,0.825,1.345,1.641,0.717,0.509,0.867,1.366,0.577,0.246,0.332,0.825,34.409
1.518,1.653,0.74,0.527,1.049,1.136,0.467,0.208,0.263,0.691,1.518,1.653,0.74,0.527,1.049,1.136,0.467,0.208,0.263,0.691,42.45
1.46,1.547,0.762,0.558,0.974,1.08,0.484,0.22,0.266,0.602,1.46,1.547,0.762,0.558,0.974,1.08,0.484,0.22,0.266,0.602,38.419
1.489,1.739,0.692,0.499,1.043,1.281,0.491,0.188,0.303,0.863,1.489,1.739,0.692,0.499,1.043,1.281,0.491,0.188,0.303,0.863,41.037
1.509,1.747,0.743,0.528,1.029,1.251,0.477,0.217,0.262,0.79,1.509,1.747,0.743,0.528,1.029,1.251,0.477,0.217,0.262,0.79,41.012
1.398,1.661,0.713,0.487,0.972,1.287,0.558,0.246,0.313,0.746,1.398,1.661,0.713,0.487,0.972,1.287,0.558,0.246,0.313,0.746,41.231
1.477,1.69,0.721,0.501,1.02,1.238,0.51,0.224,0.288,0.75,1.477,1.69,0.721,0.501,1.02,1.238,0.51,0.224,0.288,0.75,39.699
1.346,1.593,0.715,0.513,0.877,1.301,0.588,0.241,0.352,0.719,1.346,1.593,0.715,0.513,0.877,1.301,0.588,0.241,0.352,0.719,33.422
1.512,1.657,0.701,0.524,1.034,1.154,0.471,0.175,0.297,0.714,1.512,1.657,0.701,0.524,1.034,1.154,0.471,0.175,0.297,0.714,39.598
1.479,1.901,0.691,0.458,1.067,1.424,0.528,0.223,0.311,0.922,1.479,1.901,0.691,0.458,1.067,1.424,0.528,0.223,0.311,0.922,39.825
1.391,1.719,0.718,0.505,0.972,1.341,0.544,0.228,0.323,0.813,1.391,1.719,0.718,0.505,0.972,1.341,0.544,0.228,0.323,0.813,39.661
1.162,1.816,0.682,0.454,0.716,2.02,0.776,0.322,0.456,1.353,1.162,1.816,0.682,0.454,0.716,2.02,0.776,0.322,0.456,1.353,21.587
1.534,1.649,0.767,0.57,1.002,1.135,0.445,0.205,0.24,0.704,1.534,1.649,0.767,0.57,1.002,1.135,0.445,0.205,0.24,0.704,38.21
1.414,1.723,0.694,0.483,0.969,1.339,0.545,0.221,0.325,0.832,1.414,1.723,0.694,0.483,0.969,1.339,0.545,0.221,0.325,0.832,37.643
1.575,1.826,0.742,0.555,1.107,1.258,0.423,0.184,0.239,0.875,1.575,1.826,0.742,0.555,1.107,1.258,0.423,0.184,0.239,0.875,41.773
1.286,1.756,0.743,0.554,0.786,1.628,0.603,0.257,0.345,1.04,1.286,1.756,0.743,0.554,0.786,1.628,0.603,0.257,0.345,1.04,32.65
1.535,1.793,0.742,0.55,1.034,1.276,0.448,0.191,0.258,0.86,1.535,1.793,0.742,0.55,1.034,1.276,0.448,0.191,0.258,0.86,41.725
1.609,1.714,0.741,0.565,1.119,1.101,0.415,0.173,0.242,0.696,1.609,1.714,0.741,0.565,1.119,1.101,0.415,0.173,0.242,0.696,43.139
1.413,1.942,0.756,0.56,0.888,1.671,0.523,0.228,0.299,1.175,1.413,1.942,0.756,0.56,0.888,1.671,0.523,0.228,0.299,1.175,28.601
1.321,1.525,0.664,0.444,0.884,1.254,0.633,0.25,0.385,0.658,1.321,1.525,0.664,0.444,0.884,1.254,0.633,0.25,0.385,0.658,5.385
1.544,1.656,0.699,0.497,1.08,1.129,0.477,0.194,0.283,0.684,1.544,1.656,0.699,0.497,1.08,1.129,0.477,0.194,0.283,0.684,34.713
1.287,1.614,0.706,0.549,0.773,1.487,0.605,0.209,0.397,0.933,1.287,1.614,0.706,0.549,0.773,1.487,0.605,0.209,0.397,0.933,27.803
1.455,1.387,0.687,0.499,1.018,0.913,0.498,0.189,0.31,0.458,1.455,1.387,0.687,0.499,1.018,0.913,0.498,0.189,0.31,0.458,40.311
1.397,1.511,0.73,0.501,0.934,1.131,0.55,0.251,0.3,0.599,1.397,1.511,0.73,0.501,0.934,1.131,0.55,0.251,0.3,0.599,33.287
1.409,1.623,0.711,0.492,0.949,1.232,0.541,0.234,0.307,0.722,1.409,1.623,0.711,0.492,0.949,1.232,0.541,0.234,0.307,0.722,39.051
1.501,1.555,0.717,0.535,1.006,1.077,0.478,0.19,0.288,0.623,1.501,1.555,0.717,0.535,1.006,1.077,0.478,0.19,0.288,0.623,33.971
1.188,1.743,0.713,0.514,0.69,1.888,0.726,0.298,0.427,1.212,1.188,1.743,0.713,0.514,0.69,1.888,0.726,0.298,0.427,1.212,23.087
1.37,1.75,0.729,0.564,0.851,1.522,0.53,0.199,0.333,1.055,1.37,1.75,0.729,0.564,0.851,1.522,0.53,0.199,0.333,1.055,35.805
1.626,1.443,0.741,0.514,1.14,0.827,0.427,0.2,0.228,0.415,1.626,1.443,0.741,0.514,1.14,0.827,0.427,0.2,0.228,0.415,42.45
1.473,1.729,0.715,0.511,1.035,1.279,0.5,0.21,0.29,0.814,1.473,1.729,0.715,0.511,1.035,1.279,0.5,0.21,0.29,0.814,39.205
1.341,1.373,0.704,0.532,0.825,1.039,0.571,0.208,0.364,0.485,1.341,1.373,0.704,0.532,0.825,1.039,0.571,0.208,0.364,0.485,32.45
1.508,1.701,0.697,0.503,1.039,1.209,0.481,0.188,0.293,0.794,1.508,1.701,0.697,0.503,1.039,1.209,0.481,0.188,0.293,0.794,40.311
1.526,1.629,0.699,0.487,1.073,1.098,0.48,0.2,0.281,0.666,1.526,1.629,0.699,0.487,1.073,1.098,0.48,0.2,0.281,0.666,43.139
1.541,1.675,0.702,0.501,1.061,1.132,0.473,0.19,0.285,0.68,1.541,1.675,0.702,0.501,1.061,1.132,0.473,0.19,0.285,0.68,40.311
1.332,1.823,0.74,0.568,0.768,1.763,0.586,0.236,0.35,1.222,1.332,1.823,0.74,0.568,0.768,1.763,0.586,0.236,0.35,1.222,17.029
1.526,1.736,0.693,0.509,1.073,1.197,0.48,0.184,0.296,0.725,1.526,1.736,0.693,0.509,1.073,1.197,0.48,0.184,0.296,0.725,33.422
1.538,1.747,0.725,0.498,1.068,1.198,0.475,0.214,0.261,0.742,1.538,1.747,0.725,0.498,1.068,1.198,0.475,0.214,0.261,0.742,44.598
1.352,1.789,0.7,0.487,0.887,1.54,0.588,0.242,0.349,1.004,1.352,1.789,0.7,0.487,0.887,1.54,0.588,0.242,0.349,1.004,34.132
1.321,1.607,0.714,0.515,0.82,1.371,0.596,0.243,0.355,0.811,1.321,1.607,0.714,0.515,0.82,1.371,0.596,0.243,0.355,0.811,28.653
1.267,1.43,0.704,0.497,0.772,1.229,0.653,0.271,0.384,0.601,1.267,1.43,0.704,0.497,0.772,1.229,0.653,0.271,0.384,0.601,23.324
1.273,1.646,0.7,0.488,0.806,1.495,0.637,0.263,0.377,0.944,1.273,1.646,0.7,0.488,0.806,1.495,0.637,0.263,0.377,0.944,29.967
1.308,1.509,0.7,0.519,0.815,1.287,0.603,0.23,0.373,0.734,1.308,1.509,0.7,0.519,0.815,1.287,0.603,0.23,0.373,0.734,25.554
1.34,1.633,0.725,0.568,0.801,1.425,0.553,0.205,0.349,0.923,1.34,1.633,0.725,0.568,0.801,1.425,0.553,0.205,0.349,0.923,28.601
1.413,1.621,0.703,0.504,0.95,1.239,0.532,0.214,0.319,0.753,1.413,1.621,0.703,0.504,0.95,1.239,0.532,0.214,0.319,0.753,38.949
1.331,1.68,0.674,0.484,0.867,1.449,0.598,0.219,0.381,0.946,1.331,1.68,0.674,0.484,0.867,1.449,0.598,0.219,0.381,0.946,34.059
1.504,1.431,0.73,0.527,0.995,0.936,0.481,0.204,0.278,0.474,1.504,1.431,0.73,0.527,0.995,0.936,0.481,0.204,0.278,0.474,39.623
1.237,1.636,0.688,0.493,0.774,1.554,0.672,0.258,0.415,0.924,1.237,1.636,0.688,0.493,0.774,1.554,0.672,0.258,0.415,0.924,29.547

1.729,1.367,0.725,0.65,1.333,0.618,0.385,0.16,0.235,0.277,1.729,1.367,0.725,0.65,1.333,0.618,0.385,0.16,0.235,0.277,359.562
1.729,1.367,0.725,0.65,1.333,0.618,0.385,0.16,0.235,0.277,1.729,1.367,0.725,0.65,1.333,0.618,0.385,0.16,0.235,0.277,359.562
1.729,1.367,0.725,0.65,1.333,0.618,0.385,0.16,0.235,0.277,1.729,1.367,0.725,0.65,1.333,0.618,0.385,0.16,0.235,0.277,359.562
1.729,1.367,0.725,0.65,1.333,0.618,0.385,0.16,0.235,0.277,1.729,1.367,0.725,0.65,1.333,0.618,0.385,0.16,0.235,0.277,359.562
1.729,1.367,0.725,0.65,1.333,0.618,0.385,0.16,0.235,0.277,1.729,1.367,0.725,0.65,1.333,0.618,0.385,0.16,0.235,0.277,359.562
1.729,1.367,0.725,0.65,1.333,0.618,0.385,0.16,0.235,0.277,1.729,1.367,0.725,0.65,1.333,0.618,0.385,0.16,0.235,0.277,359.562
1.729,1.367,0.725,0.65,1.333,0.618,0.385,0.16,0.235,0.277,1.729,1.367,0.725,0.65,1.333,0.618,0.385,0.16,0.235,0.277,359.562
1.729,1.367,0.725,0.65,1.333,0.618,0.385,0.16,0.235,0.277,1.729,1.367,0.725,0.65,1.333,0.618,0.385,0.16,0.235,0.277,359.562
1.729,1.367,0.725,0.65,1.333,0.618,0.385,0.16,0.235,0.277,1.729,1.367,0.725,0.65,1.333,0.618,0.385,0.16,0.235,0.277,359.562
1.729,1.367,0.725,0.65,1.333,0.618,0.385,0.16,0.235,0.277,1.729,1.367,0.725,0.65,1.333,0.618,0.385,0.16,0.235,0.277,359.562
1.729,1.367,0.725,0.65,1.333,0.618,0.385,0.16,0.235,0.277,1.729,1.367,0.725,0.65,1.333,0.618,0.385,0.16,0.235,0.277,359.562
1.729,1.367,0.725,0.65,1.333,0.618,0.385,0.16,0.235,0.277,1.729,1.367,0.725,0.65,1.333,0.618,0.385,0.16,0.235,0.277,359.562
1.729,1.367,0.725,0.65,1.333,0.618,0.385,0.16,0.235,0.277,1.729,1.367,0.725,0.65,1.333,0.618,0.385,0.16,0.235,0.277,359.562
1.729,1.367,0.725,0.65,1.333,0.618,0.385,0.16,0.235,0.277,1.729,1.367,0.725,0.65,1.333,0.618,0.385,0.16,0.235,0.277,359.562
1.729,1.367,0.725,0.65,1.333,0.618,0.385,0.16,0.235,0.277,1.729,1.367,0.725,0.65,1.333,0.618,0.385,0.16,0.235,0.277,359.562
1.729,1.367,0.725,0.65,1.333,0.618,0.385,0.16,0.235,0.277,1.729,1.367,0.725,0.65,1.333,0.618,0.385,0.16,0.235,0.277,359.562
1.729,1.367,0.725,0.65,1.333,0.618,0.385,0.16,0.235,0.277,1.729,1.367,0.725,0.65,1.333,0.618,0.385,0.16,0.235,0.277,359.562
1.729,1.367,0.725,0.65,1.333,0.618,0.385,0.16,0.235,0.277,1.729,1.367,0.725,0.65,1.333,0.618,0.385,0.16,0.235,0.277,359.562
1.729,1.367,0.725,0.65,1.333,0.618,0.385,0.16,0.235,0.277,1.729,1.367,0.725,0.65,1.333,0.618,0.385,0.16,0.235,0.277,359.562
1.729,1.367,0.725,0.65,1.333,0.618,0.385,0.16,0.235,0.277,1.729,1.367,0.725,0.65,1.333,0.618,0.385,0.16,0.235,0.277,359.562
1.729,1.367,0.725,0.65,1.333,0.618,0.385,0.16,0.235,0.277,1.729,1.367,0.725,0.65,1.333,0.618,0.385,0.16,0.235,0.277,359.562
1.729,1.367,0.725,0.65,1.333,0.618,0.385,0.16,0.235,0.277,1.729,1.367,0.725,0.65,1.333,0.618,0.385,0.16,0.235,0.277,359.562
1.729,1.367,0.725,0.65,1.333,0.618,0.385,0.16,0.235,0.277,1.729,1.367,0.725,0.65,1.333,0.618,0.385,0.16,0.235,0.277,359.562
1.729,1.367,0.725,0.65,1.333,0.618,0.385,0.16,0.235,0.277,1.729,1.367,0.725,0.65,1.333,0.618,0.385,0.16,0.235,0.277,359.562
1.729,1.367,0.725,0.65,1.333,0.618,0.385,0.16,0.235,0.277,1.729,1.367,0.725,0.65,1.333,0.618,0.385,0.16,0.235,0.277,359.562
1.729,1.367,0.725,0.65,1.333,0.618,0.385,0.16,0.235,0.277,1.729,1.367,0.725,0.65,1.333,0.618,0.385,0.16,0.235,0.277,359.562
1.729,1.367,0.725,0.65,1.333,0.618,0.385,0.16,0.235,0.277,1.729,1.367,0.725,0.65,1.333,0.618,0.385,0.16,0.235,0.277,359.562
1.729,1.367,0.725,0.65,1.333,0.618,0.385,0.16,0.235,0.277,1.729,1.367,0.725,0.65,1.333,0.618,0.385,0.16,0.235,0.277,359.562
1.729,1.367,0.725,0.65,1.333,0.618,0.385,0.16,0.235,0.277,1.729,1.367,0.725,0.65,1.333,0.618,0.385,0.16,0.235,0.277,359.562
1.729,1.367,0.725,0.65,1.333,0.618,0.385,0.16,0.235,0.277,1.729,1.367,0.725,0.65,1.333,0.618,0.385,0.16,0.235,0.277,359.562
1.729,1.367,0.725,0.65,1.333,0.618,0.385,0.16,0.235,0.277,1.729,1.367,0.725,0.65,1.333,0.618,0.385,0.16,0.235,0.277,359.562
1.729,1.367,0.725,0.65,1.333,0.618,0.385,0.16,0.235,0.277,1.729,1.367,0.725,0.65,1.333,0.618,0.385,0.16,0.235,0.277,359.562
1.729,1.367,0.725,0.65,1.333,0.618,0.385,0.16,0.235,0.277,1.729,1.367,0.725,0.65,1.333,0.618,0.385,0.16,0.235,0.277,359.562
1.729,1.367,0.725,0.65,1.333,0.618,0.385,0.16,0.235,0.277,1.729,1.367,0.725,0.65,1.333,0.618,0.385,0.16,0.235,0.277,359.562
1.729,1.367,0.725,0.65,1.333,0.618,0.385,0.16,0.235,0.277,1.729,1.367,0.725,0.65,1.333,0.618,0.385,0.16,0.235,0.277,359.562
1.729,1.367,0.725,0.65,1.333,0.618,0.385,0.16,0.235,0.277,1.729,1.367,0.725,0.65,1.333,0.618,0.385,0.16,0.235,0.277,359.562
1.729,1.367,0.725,0.65,1.333,0.618,0.385,0.16,0.235,0.277,1.729,1.367,0.725,0.65,1.333,0.618,0.385,0.16,0.235,0.277,359.562
1.729,1.367,0.725,0.65,1.333,0.618,0.385,0.16,0.235,0.277,1.729,1.367,0.725,0.65,1.333,0.618,0.385,0.16,0.235,0.277,359.562
1.729,1.367,0.725,0.65,1.333,0.618,0.385,0.16,0.235,0.277,1.729,1.367,0.725,0.65,1.333,0.618,0.385,0.16,0.235,0.277,359.562
1.729,1.367,0.725,0.65,1.333,0.618,0.385,0.16,0.235,0.277,1.729,1.367,0.725,0.65,1.333,0.618,0.385,0.16,0.235,0.277,359.562
1.729,1.367,0.725,0.65,1.333,0.618,0.385,0.16,0.235,0.277,1.729,1.367,0.725,0.65,1.333,0.618,0.385,0.16,0.235,0.277,359.562
1.729,1.367,0.725,0.65,1.333,0.618,0.385,0.16,0.235,0.277,1.729,1.367,0.725,0.65,1.333,0.618,0.385,0.16,0.235,0.277,359.562
1.729,1.367,0.725,0.65,1.333,0.618,0.385,0.16,0.235,0.277,1.729,1.367,0.725,0.65,1.333,0.618,0.385,0.16,0.235,0.277,359.562
1.729,1.367,0.725,0.65,1.333,0.618,0.385,0.16,0.235,0.277,1.729,1.367,0.725,0.65,1.333,0.618,0.385,0.16,0.235,0.277,359.562
1.729,1.367,0.725,0.65,1.333,0.618,0.385,0.16,0.235,0.277,1.729,1.367,0.725,0.65,1.333,0.618,0.385,0.16,0.235,0.277,359.562
1.729,1.367,0.725,0.65,1.333,0.618,0.385,0.16,0.235,0.277,1.729,1.367,0.725,0.65,1.333,0.618,0.385,0.16,0.235,0.277,359.562
1.729,1.367,0.725,0.65,1.333,0.618,0.385,0.16,0.235,0.277,1.729,1.367,0.725,0.65,1.333,0.618,0.385,0.16,0.235,0.277,359.562
1.729,1.367,0.725,0.65,1.333,0.618,0.385,0.16,0.235,0.277,1.729,1.367,0.725,0.65,1.333,0.618,0.385,0.16,0.235,0.277,359.562
1.729,1.367,0.725,0.65,1.333,0.618,0.385,0.16,0.235,0.277,1.729,1.367,0.725,0.65,1.333,0.618,0.385,0.16,0.235,0.277,359.562
1.729,1.367,0.725,0.65,1.333,0.618,0.385,0.16,0.235,0.277,1.729,1.367,0.725,0.65,1.333,0.618,0.385,0.16,0.235,0.277,359.562
1.729,1.367,0.725,0.65,1.333,0.618,0.385,0.16,0.235,0.277,1.729,1.367,0.725,0.65,1.333,0.618,0.385,0.16,0.235,0.277,359.562

0.474,0.964,0.945,0.343,0.137,4.867,4.869,4.391,1.481,1.645,0.474,0.964,0.945,0.343,0.137,4.867,4.869,4.391,1.481,1.645,80.808
0.46,0.976,0.969,0.312,0.184,4.011,3.92,3.623,1.006,1.083,0.46,0.976,0.969,0.312,0.184,4.011,3.92,3.623,1.006,1.083,82.329
0.477,0.979,0.95,0.353,0.141,4.924,4.772,4.261,1.548,1.477,0.477,0.979,0.95,0.353,0.141,4.924,4.772,4.261,1.548,1.477,83.096
0.474,0.975,0.971,0.327,0.147,4.703,4.641,4.382,1.296,1.597,0.474,0.975,0.971,0.327,0.147,4.703,4.641,4.382,1.296,1.597,87.115
0.485,0.982,0.944,0.348,0.156,4.494,4.33,3.835,1.495,1.388,0.485,0.982,0.944,0.348,0.156,4.494,4.33,3.835,1.495,1.388,82.329
0.487,0.985,0.936,0.34,0.192,3.812,3.625,3.148,1.063,1.156,0.487,0.985,0.936,0.34,0.192,3.812,3.625,3.148,1.063,1.156,82.219
0.473,0.986,0.956,0.356,0.15,4.732,4.463,4.027,1.197,1.65,0.473,0.986,0.956,0.356,0.15,4.732,4.463,4.027,1.197,1.65,83.241
0.506,0.996,0.958,0.342,0.181,3.977,3.731,3.409,1.132,1.437,0.506,0.996,0.958,0.342,0.181,3.977,3.731,3.409,1.132,1.437,80.92
0.473,0.972,0.969,0.313,0.186,3.915,3.847,3.562,1.043,1.123,0.473,0.972,0.969,0.313,0.186,3.915,3.847,3.562,1.043,1.123,82.329
0.474,0.963,0.956,0.346,0.155,4.665,4.454,3.978,1.504,1.856,0.474,0.963,0.956,0.346,0.155,4.665,4.454,3.978,1.504,1.856,85.147
0.487,0.976,0.934,0.353,0.166,4.099,4.008,3.521,1.075,1.259,0.487,0.976,0.934,0.353,0.166,4.099,4.008,3.521,1.075,1.259,76.694
0.48,0.984,0.943,0.347,0.15,4.661,4.472,3.982,1.421,1.563,0.48,0.984,0.943,0.347,0.15,4.661,4.472,3.982,1.421,1.563,82.462
0.488,0.978,0.955,0.305,0.195,3.767,3.682,3.344,1.08,1.101,0.488,0.978,0.955,0.305,0.195,3.767,3.682,3.344,1.08,1.101,85.041
0.47,0.969,0.95,0.306,0.173,4.143,4.116,3.726,1.241,1.235,0.47,0.969,0.95,0.306,0.173,4.143,4.116,3.726,1.241,1.235,85.913
0.498,1.045,0.805,0.392,0.127,5.799,5.117,3.334,2.122,1.425,0.498,1.045,0.805,0.392,0.127,5.799,5.117,3.334,2.122,1.425,85.276
0.462,0.979,0.958,0.315,0.153,4.677,4.595,4.209,1.32,1.318,0.462,0.979,0.958,0.315,0.153,4.677,4.595,4.209,1.32,1.318,85.276
0.481,0.964,0.951,0.338,0.15,4.489,4.5,4.081,1.363,1.374,0.481,0.964,0.951,0.338,0.15,4.489,4.5,4.081,1.363,1.374,83.738
0.478,0.969,0.949,0.335,0.15,4.604,4.563,4.102,1.294,1.325,0.478,0.969,0.949,0.335,0.15,4.604,4.563,4.102,1.294,1.325,85.913
0.531,0.969,0.949,0.348,0.21,3.177,3.162,2.863,0.959,0.997,0.531,0.969,0.949,0.348,0.21,3.177,3.162,2.863,0.959,0.997,72.346
0.477,0.982,0.939,0.366,0.142,4.864,4.632,4.046,1.399,1.625,0.477,0.982,0.939,0.366,0.142,4.864,4.632,4.046,1.399,1.625,84.024
0.47,0.975,0.958,0.317,0.169,4.317,4.196,3.818,1.173,1.343,0.47,0.975,0.958,0.317,0.169,4.317,4.196,3.818,1.173,1.343,86.052
0.524,1.012,0.659,0.383,0.171,4.146,3.784,1.68,2.128,1.263,0.524,1.012,0.659,0.383,0.171,4.146,3.784,1.68,2.128,1.263,79.649
0.475,0.994,0.937,0.355,0.135,5.195,4.952,4.341,1.493,1.469,0.475,0.994,0.937,0.355,0.135,5.195,4.952,4.341,1.493,1.469,87.006
0.454,0.981,0.934,0.363,0.103,6.801,6.464,5.608,1.603,2.22,0.454,0.981,0.934,0.363,0.103,6.801,6.464,5.608,1.603,2.22,94.81
0.481,0.992,0.943,0.358,0.141,4.95,4.727,4.169,1.422,1.385,0.481,0.992,0.943,0.358,0.141,4.95,4.727,4.169,1.422,1.385,84.024
0.517,1.055,0.818,0.401,0.156,4.788,4.05,2.695,1.731,1.637,0.517,1.055,0.818,0.401,0.156,4.788,4.05,2.695,1.731,1.637,84.812
0.476,0.972,0.985,0.318,0.16,4.384,4.324,4.164,1.186,1.543,0.476,0.972,0.985,0.318,0.16,4.384,4.324,4.164,1.186,1.543,88.238
0.469,0.978,0.936,0.367,0.137,4.993,4.857,4.21,1.383,1.306,0.469,0.978,0.936,0.367,0.137,4.993,4.857,4.21,1.383,1.306,83.006
0.498,0.968,0.958,0.363,0.172,3.958,3.839,3.487,1.037,1.419,0.498,0.968,0.958,0.363,0.172,3.958,3.839,3.487,1.037,1.419,80.43
0.467,1.003,0.852,0.369,0.122,5.897,5.463,4.064,1.68,1.725,0.467,1.003,0.852,0.369,0.122,5.897,5.463,4.064,1.68,1.725,87.801
0.463,1.003,0.921,0.367,0.124,5.791,5.377,4.528,1.623,1.715,0.463,1.003,0.921,0.367,0.124,5.791,5.377,4.528,1.623,1.715,86.4
0.469,0.992,0.929,0.374,0.139,5.236,4.846,4.101,1.381,1.649,0.469,0.992,0.929,0.374,0.139,5.236,4.846,4.101,1.381,1.649,88.238
0.491,0.981,0.938,0.388,0.149,4.632,4.362,3.763,1.26,1.54,0.491,0.981,0.938,0.388,0.149,4.632,4.362,3.763,1.26,1.54,84.812
0.509,1.01,0.692,0.373,0.18,4.058,3.704,1.86,1.887,1.195,0.509,1.01,0.692,0.373,0.18,4.058,3.704,1.86,1.887,1.195,83.241
0.515,1.025,0.942,0.391,0.14,5.071,4.57,3.945,1.62,1.403,0.515,1.025,0.942,0.391,0.14,5.071,4.57,3.945,1.62,1.403,83.869
0.493,0.986,0.946,0.379,0.143,4.855,4.584,4.007,1.414,1.48,0.493,0.986,0.946,0.379,0.143,4.855,4.584,4.007,1.414,1.48,84.646
0.493,1.002,0.887,0.385,0.158,4.547,4.19,3.283,1.265,1.294,0.493,1.002,0.887,0.385,0.158,4.547,4.19,3.283,1.265,1.294,84.024
0.489,1.0,0.603,0.368,0.166,4.353,4.03,1.532,2.501,1.35,0.489,1.0,0.603,0.368,0.166,4.353,4.03,1.532,2.501,1.35,84.202
0.488,0.971,0.958,0.345,0.146,4.544,4.544,4.199,1.385,1.378,0.488,0.971,0.958,0.345,0.146,4.544,4.544,4.199,1.385,1.378,82.462
0.49,1.002,0.855,0.385,0.142,5.096,4.664,3.364,1.898,1.534,0.49,1.002,0.855,0.385,0.142,5.096,4.664,3.364,1.898,1.534,84.812
0.471,0.968,0.954,0.341,0.171,4.29,4.087,3.668,0.982,1.569,0.471,0.968,0.954,0.341,0.171,4.29,4.087,3.668,0.982,1.569,85.428
0.482,1.006,0.875,0.386,0.133,5.301,4.889,3.733,1.621,1.472,0.482,1.006,0.875,0.386,0.133,5.301,4.889,3.733,1.621,1.472,84.202
0.489,0.979,0.927,0.381,0.146,4.648,4.465,3.787,1.275,1.348,0.489,0.979,0.927,0.381,0.146,4.648,4.465,3.787,1.275,1.348,82.006
0.481,1.006,0.854,0.386,0.143,4.999,4.581,3.332,1.7,1.441,0.481,1.006,0.854,0.386,0.143,4.999,4.581,3.332,1.7,1.441,86.4
0.511,0.992,0.937,0.376,0.175,4.019,3.81,3.24,1.347,1.006,0.511,0.992,0.937,0.376,0.175,4.019,3.81,3.24,1.347,1.006,82.462
0.49,0.988,0.913,0.374,0.143,4.976,4.668,3.851,1.348,1.497,0.49,0.988,0.913,0.374,0.143,4.976,4.668,3.851,1.348,1.497,87.459
0.481,0.97,0.939,0.363,0.162,4.206,4.098,3.585,1.114,1.304,0.481,0.97,0.939,0.363,0.162,4.206,4.098,3.585,1.114,1.304,81.4
0.491,0.982,0.962,0.364,0.149,4.598,4.435,4.02,1.44,1.307,0.491,0.982,0.962,0.364,0.149,4.598,4.435,4.02,1.44,1.307,82.62
0.473,0.962,0.96,0.349,0.141,4.824,4.772,4.35,1.388,1.58,0.473,0.962,0.96,0.349,0.141,4.824,4.772,4.35,1.388,1.58,84.812
0.483,0.986,0.924,0.381,0.128,5.362,5.065,4.259,1.777,1.71,0.483,0.986,0.924,0.381,0.128,5.362,5.065,4.259,1.777,1.71,84.024
0.539,1.042,0.523,0.389,0.217,3.462,3.054,0.781,2.28,0.864,0.539,1.042,0.523,0.389,0.217,3.462,3.054,0.781,2.28,0.864,79.812

0.509,0.976,0.529,0.479,0.204,3.704,3.146,0.618,2.571,1.498,0.509,0.976,0.529,0.479,0.204,3.704,3.146,0.618,2.571,1.498,91.679
0.487,0.976,0.507,0.453,0.195,3.869,3.27,0.62,2.708,1.771,0.487,0.976,0.507,0.453,0.195,3.869,3.27,0.62,2.708,1.771,91.679
0.5,0.957,0.508,0.452,0.199,3.831,3.225,0.645,2.643,1.952,0.5,0.957,0.508,0.452,0.199,3.831,3.225,0.645,2.643,1.952,93.606
0.491,0.967,0.504,0.455,0.208,3.505,3.101,0.601,2.562,1.353,0.491,0.967,0.504,0.455,0.208,3.505,3.101,0.601,2.562,1.353,91.049
0.507,0.987,0.528,0.473,0.245,3.15,2.641,0.554,2.127,1.283,0.507,0.987,0.528,0.473,0.245,3.15,2.641,0.554,2.127,1.283,86.833
0.504,0.951,0.502,0.449,0.183,4.097,3.471,0.656,2.886,2.17,0.504,0.951,0.502,0.449,0.183,4.097,3.471,0.656,2.886,2.17,94.921
0.508,0.973,0.508,0.454,0.227,3.529,2.861,0.585,2.332,1.836,0.508,0.973,0.508,0.454,0.227,3.529,2.861,0.585,2.332,1.836,90.785
0.496,0.998,0.508,0.446,0.228,3.47,2.878,0.579,2.338,1.506,0.496,0.998,0.508,0.446,0.228,3.47,2.878,0.579,2.338,1.506,89.644
0.501,0.976,0.516,0.449,0.212,3.477,3.063,0.639,2.462,1.312,0.501,0.976,0.516,0.449,0.212,3.477,3.063,0.639,2.462,1.312,91.548
0.506,0.957,0.519,0.459,0.238,3.164,2.671,0.543,2.17,1.573,0.506,0.957,0.519,0.459,0.238,3.164,2.671,0.543,2.17,1.573,86.052
0.489,0.982,0.516,0.45,0.193,3.833,3.341,0.708,2.684,1.471,0.489,0.982,0.516,0.45,0.193,3.833,3.341,0.708,2.684,1.471,94.493
0.492,0.945,0.522,0.46,0.218,3.476,2.902,0.638,2.329,1.891,0.492,0.945,0.522,0.46,0.218,3.476,2.902,0.638,2.329,1.891,89.811
0.5,0.994,0.519,0.447,0.254,3.038,2.56,0.541,2.047,1.268,0.5,0.994,0.519,0.447,0.254,3.038,2.56,0.541,2.047,1.268,86.215
0.476,0.964,0.491,0.44,0.228,3.253,2.82,0.526,2.358,1.501,0.476,0.964,0.491,0.44,0.228,3.253,2.82,0.526,2.358,1.501,88.408
0.5,0.975,0.524,0.465,0.276,2.795,2.337,0.49,1.882,1.261,0.5,0.975,0.524,0.465,0.276,2.795,2.337,0.49,1.882,1.261,83.235
0.497,0.979,0.509,0.438,0.197,3.782,3.289,0.685,2.651,1.559,0.497,0.979,0.509,0.438,0.197,3.782,3.289,0.685,2.651,1.559,92.957
0.512,1.011,0.541,0.474,0.264,2.931,2.424,0.539,1.912,1.114,0.512,1.011,0.541,0.474,0.264,2.931,2.424,0.539,1.912,1.114,85.604
0.515,1.013,0.537,0.474,0.228,3.4,2.789,0.581,2.237,1.329,0.515,1.013,0.537,0.474,0.228,3.4,2.789,0.581,2.237,1.329,88.408
0.509,0.976,0.502,0.443,0.224,3.384,2.88,0.57,2.361,1.54,0.509,0.976,0.502,0.443,0.224,3.384,2.88,0.57,2.361,1.54,89.376
0.508,0.981,0.51,0.456,0.189,4.085,3.35,0.643,2.768,2.031,0.508,0.981,0.51,0.456,0.189,4.085,3.35,0.643,2.768,2.031,93.606
0.493,0.977,0.509,0.453,0.208,3.562,3.042,0.59,2.511,1.58,0.493,0.977,0.509,0.453,0.208,3.562,3.042,0.59,2.511,1.58,89.499
0.511,0.986,0.519,0.457,0.221,3.375,2.846,0.55,2.335,1.472,0.511,0.986,0.519,0.457,0.221,3.375,2.846,0.55,2.335,1.472,87.321
0.505,0.972,0.528,0.466,0.242,3.023,2.589,0.544,2.091,1.313,0.505,0.972,0.528,0.466,0.242,3.023,2.589,0.544,2.091,1.313,87.006
0.508,0.984,0.534,0.463,0.23,3.299,2.73,0.553,2.2,1.538,0.508,0.984,0.534,0.463,0.23,3.299,2.73,0.553,2.2,1.538,88.238
0.5,0.95,0.515,0.455,0.212,3.648,3.02,0.607,2.46,1.993,0.5,0.95,0.515,0.455,0.212,3.648,3.02,0.607,2.46,1.993,91.679
0.46,0.983,0.482,0.432,0.211,3.596,3.124,0.603,2.597,1.448,0.46,0.983,0.482,0.432,0.211,3.596,3.124,0.603,2.597,1.448,90.604
0.495,0.959,0.519,0.469,0.224,3.443,2.802,0.562,2.303,1.856,0.495,0.959,0.519,0.469,0.224,3.443,2.802,0.562,2.303,1.856,87.618
0.501,0.984,0.494,0.437,0.183,4.076,3.53,0.669,2.927,1.675,0.501,0.984,0.494,0.437,0.183,4.076,3.53,0.669,2.927,1.675,92.195
0.494,0.961,0.505,0.452,0.227,3.168,2.779,0.537,2.306,1.4,0.494,0.961,0.505,0.452,0.227,3.168,2.779,0.537,2.306,1.4,87.618
0.506,0.972,0.527,0.472,0.214,3.525,2.929,0.577,2.398,1.674,0.506,0.972,0.527,0.472,0.214,3.525,2.929,0.577,2.398,1.674,90.427
0.516,0.968,0.51,0.456,0.219,3.41,2.89,0.554,2.388,1.61,0.516,0.968,0.51,0.456,0.219,3.41,2.89,0.554,2.388,1.61,88.617
0.483,0.977,0.515,0.451,0.184,4.013,3.454,0.682,2.818,1.715,0.483,0.977,0.515,0.451,0.184,4.013,3.454,0.682,2.818,1.715,92.617
0.499,0.972,0.513,0.46,0.201,3.606,3.114,0.603,2.575,1.545,0.499,0.972,0.513,0.46,0.201,3.606,3.114,0.603,2.575,1.545,89.644
0.514,0.97,0.524,0.453,0.208,3.574,3.058,0.598,2.481,1.613,0.514,0.97,0.524,0.453,0.208,3.574,3.058,0.598,2.481,1.613,88.865
0.484,0.968,0.499,0.435,0.181,4.085,3.591,0.707,2.938,1.731,0.484,0.968,0.499,0.435,0.181,4.085,3.591,0.707,2.938,1.731,93.862
0.506,0.981,0.52,0.475,0.22,3.379,2.83,0.543,2.35,1.478,0.506,0.981,0.52,0.475,0.22,3.379,2.83,0.543,2.35,1.478,86.833
0.504,0.958,0.507,0.459,0.206,3.519,3.058,0.597,2.537,1.592,0.504,0.958,0.507,0.459,0.206,3.519,3.058,0.597,2.537,1.592,88.865
0.531,0.958,0.525,0.456,0.23,3.189,2.708,0.55,2.195,1.619,0.531,0.958,0.525,0.456,0.23,3.189,2.708,0.55,2.195,1.619,86.683
0.516,0.995,0.519,0.452,0.213,3.531,3.075,0.617,2.482,1.2,0.516,0.995,0.519,0.452,0.213,3.531,3.075,0.617,2.482,1.2,89.499
0.523,0.971,0.497,0.434,0.227,3.185,2.835,0.534,2.343,1.283,0.523,0.971,0.497,0.434,0.227,3.185,2.835,0.534,2.343,1.283,86.556
0.502,0.97,0.515,0.456,0.183,4.025,3.462,0.653,2.853,1.772,0.502,0.97,0.515,0.456,0.183,4.025,3.462,0.653,2.853,1.772,91.049
0.518,0.982,0.53,0.481,0.223,3.265,2.849,0.573,2.325,1.131,0.518,0.982,0.53,0.481,0.223,3.265,2.849,0.573,2.325,1.131,86.215
0.524,0.96,0.535,0.48,0.229,3.42,2.722,0.537,2.223,1.898,0.524,0.96,0.535,0.48,0.229,3.42,2.722,0.537,2.223,1.898,85.428
0.517,0.998,0.519,0.451,0.197,3.83,3.232,0.661,2.614,1.57,0.517,0.998,0.519,0.451,0.197,3.83,3.232,0.661,2.614,1.57,89.499
0.499,0.981,0.505,0.447,0.197,3.732,3.23,0.601,2.678,1.537,0.499,0.981,0.505,0.447,0.197,3.732,3.23,0.601,2.678,1.537,89.022
0.489,0.966,0.508,0.444,0.197,3.651,3.228,0.598,2.668,1.536,0.489,0.966,0.508,0.444,0.197,3.651,3.228,0.598,2.668,1.536,89.811
0.525,0.96,0.515,0.452,0.229,3.297,2.804,0.531,2.3,1.586,0.525,0.96,0.515,0.452,0.229,3.297,2.804,0.531,2.3,1.586,84.504
0.505,0.973,0.513,0.454,0.19,3.844,3.35,0.632,2.761,1.564,0.505,0.973,0.513,0.454,0.19,3.844,3.35,0.632,2.761,1.564,91.049
0.525,0.998,0.529,0.478,0.215,3.532,3.009,0.597,2.45,1.221,0.525,0.998,0.529,0.478,0.215,3.532,3.009,0.597,2.45,1.221,88.091
0.498,0.964,0.501,0.437,0.227,3.23,2.84,0.591,2.309,1.414,0.498,0.964,0.501,0.437,0.227,3.23,2.84,0.591,2.309,1.414,86.052
0.527,0.976,0.532,0.468,0.237,3.192,2.707,0.564,2.171,1.351,0.527,0.976,0.532,0.468,0.237,3.192,2.707,0.564,2.171,1.351,84.024

0.693,0.935,1.023,0.936,0.243,0.362,0.326,0.362,0.202,0.326,0.693,0.935,1.023,0.936,0.243,0.362,0.326,0.362,0.202,0.326,16.763
0.693,0.935,1.023,0.936,0.243,0.362,0.326,0.362,0.202,0.326,0.693,0.935,1.023,0.936,0.243,0.362,0.326,0.362,0.202,0.326,16.763
0.693,0.935,1.023,0.936,0.243,0.362,0.326,0.362,0.202,0.326,0.693,0.935,1.023,0.936,0.243,0.362,0.326,0.362,0.202,0.326,16.763
0.733,0.966,1.0,0.899,0.249,0.277,0.416,0.416,0.0,0.139,0.733,0.966,1.0,0.899,0.249,0.277,0.416,0.416,0.0,0.139,20.0
0.733,0.966,1.0,0.899,0.249,0.277,0.416,0.416,0.0,0.139,0.733,0.966,1.0,0.899,0.249,0.277,0.416,0.416,0.0,0.139,20.0
0.733,0.966,1.0,0.899,0.249,0.277,0.416,0.416,0.0,0.139,0.733,0.966,1.0,0.899,0.249,0.277,0.416,0.416,0.0,0.139,20.0
0.733,0.966,1.0,0.899,0.249,0.277,0.416,0.416,0.0,0.139,0.733,0.966,1.0,0.899,0.249,0.277,0.416,0.416,0.0,0.139,20.0
0.733,0.966,1.0,0.899,0.249,0.277,0.416,0.416,0.0,0.139,0.733,0.966,1.0,0.899,0.249,0.277,0.416,0.416,0.0,0.139,20.0
0.733,0.966,1.0,0.899,0.249,0.277,0.416,0.416,0.0,0.139,0.733,0.966,1.0,0.899,0.249,0.277,0.416,0.416,0.0,0.139,20.0
0.686,0.978,1.023,0.92,0.285,0.233,0.282,0.379,0.113,0.113,0.686,0.978,1.023,0.92,0.285,0.233,0.282,0.379,0.113,0.113,21.932
0.686,0.978,1.023,0.92,0.285,0.233,0.282,0.379,0.113,0.113,0.686,0.978,1.023,0.92,0.285,0.233,0.282,0.379,0.113,0.113,21.932
0.747,0.944,1.032,0.942,0.259,0.175,0.256,0.351,0.186,0.224,0.747,0.944,1.032,0.942,0.259,0.175,0.256,0.351,0.186,0.224,26.926
0.747,0.944,1.032,0.942,0.259,0.175,0.256,0.351,0.186,0.224,0.747,0.944,1.032,0.942,0.259,0.175,0.256,0.351,0.186,0.224,26.926
0.747,0.944,1.032,0.942,0.259,0.175,0.256,0.351,0.186,0.224,0.747,0.944,1.032,0.942,0.259,0.175,0.256,0.351,0.186,0.224,26.926
0.747,0.944,1.032,0.942,0.259,0.175,0.256,0.351,0.186,0.224,0.747,0.944,1.032,0.942,0.259,0.175,0.256,0.351,0.186,0.224,26.926
0.747,0.944,1.032,0.942,0.259,0.175,0.256,0.351,0.186,0.224,0.747,0.944,1.032,0.942,0.259,0.175,0.256,0.351,0.186,0.224,26.926
0.728,0.968,1.012,0.913,0.206,0.269,0.422,0.477,0.075,0.167,0.728,0.968,1.012,0.913,0.206,0.269,0.422,0.477,0.075,0.167,22.847
0.728,0.968,1.012,0.913,0.206,0.269,0.422,0.477,0.075,0.167,0.728,0.968,1.012,0.913,0.206,0.269,0.422,0.477,0.075,0.167,22.847
0.728,0.968,1.012,0.913,0.206,0.269,0.422,0.477,0.075,0.167,0.728,0.968,1.012,0.913,0.206,0.269,0.422,0.477,0.075,0.167,22.847
0.728,0.968,1.012,0.913,0.206,0.269,0.422,0.477,0.075,0.167,0.728,0.968,1.012,0.913,0.206,0.269,0.422,0.477,0.075,0.167,22.847
0.697,0.956,0.979,0.922,0.274,0.128,0.286,0.236,0.115,0.162,0.697,0.956,0.979,0.922,0.274,0.128,0.286,0.236,0.115,0.162,20.809
0.697,0.956,0.979,0.922,0.274,0.128,0.286,0.236,0.115,0.162,0.697,0.956,0.979,0.922,0.274,0.128,0.286,0.236,0.115,0.162,20.809
0.697,0.956,0.979,0.922,0.274,0.128,0.286,0.236,0.115,0.162,0.697,0.956,0.979,0.922,0.274,0.128,0.286,0.236,0.115,0.162,20.809
0.697,0.956,0.979,0.922,0.274,0.128,0.286,0.236,0.115,0.162,0.697,0.956,0.979,0.922,0.274,0.128,0.286,0.236,0.115,0.162,20.809
0.697,0.956,0.979,0.922,0.274,0.128,0.286,0.236,0.115,0.162,0.697,0.956,0.979,0.922,0.274,0.128,0.286,0.236,0.115,0.162,20.809
0.697,0.956,0.979,0.922,0.274,0.128,0.286,0.236,0.115,0.162,0.697,0.956,0.979,0.922,0.274,0.128,0.286,0.236,0.115,0.162,20.809
0.697,0.956,0.979,0.922,0.274,0.128,0.286,0.236,0.115,0.162,0.697,0.956,0.979,0.922,0.274,0.128,0.286,0.236,0.115,0.162,20.809
0.697,0.956,0.979,0.922,0.274,0.128,0.286,0.236,0.115,0.162,0.697,0.956,0.979,0.922,0.274,0.128,0.286,0.236,0.115,0.162,20.809
0.697,0.956,0.979,0.922,0.274,0.128,0.286,0.236,0.115,0.162,0.697,0.956,0.979,0.922,0.274,0.128,0.286,0.236,0.115,0.162,20.809
0.697,0.956,0.979,0.922,0.274,0.128,0.286,0.236,0.115,0.162,0.697,0.956,0.979,0.922,0.274,0.128,0.286,0.236,0.115,0.162,20.809
0.697,0.956,0.979,0.922,0.274,0.128,0.286,0.236,0.115,0.162,0.697,0.956,0.979,0.922,0.274,0.128,0.286,0.236,0.115,0.162,20.809
0.697,0.956,0.979,0.922,0.274,0.128,0.286,0.236,0.115,0.162,0.697,0.956,0.979,0.922,0.274,0.128,0.286,0.236,0.115,0.162,20.809
0.697,0.956,0.979,0.922,0.274,0.128,0.286,0.236,0.115,0.162,0.697,0.956,0.979,0.922,0.274,0.128,0.286,0.236,0.115,0.162,20.809
0.697,0.956,0.979,0.922,0.274,0.128,0.286,0.236,0.115,0.162,0.697,0.956,0.979,0.922,0.274,0.128,0.286,0.236,0.115,0.162,20.809
0.697,0.956,0.979,0.922,0.274,0.128,0.286,0.236,0.115,0.162,0.697,0.956,0.979,0.922,0.274,0.128,0.286,0.236,0.115,0.162,20.809
0.697,0.956,0.979,0.922,0.274,0.128,0.286,0.236,0.115,0.162,0.697,0.956,0.979,0.922,0.274,0.128,0.286,0.236,0.115,0.162,20.809
0.697,0.956,0.979,0.922,0.274,0.128,0.286,0.236,0.115,0.162,0.697,0.956,0.979,0.922,0.274,0.128,0.286,0.236,0.115,0.162,20.809
0.697,0.956,0.979,0.922,0.274,0.128,0.286,0.236,0.115,0.162,0.697,0.956,0.979,0.922,0.274,0.128,0.286,0.236,0.115,0.162,20.809
0.697,0.956,0.979,0.922,0.274,0.128,0.286,0.236,0.115,0.162,0.697,0.956,0.979,0.922,0.274,0.128,0.286,0.236,0.115,0.162,20.809
0.856,0.856,1.202,1.419,0.691,1.0,0.784,0.451,0.347,0.232,0.856,0.856,1.202,1.419,0.691,1.0,0.784,0.451,0.347,0.232,140.911
0.856,0.856,1.202,1.419,0.691,1.0,0.784,0.451,0.347,0.232,0.856,0.856,1.202,1.419,0.691,1.0,0.784,0.451,0.347,0.232,140.911
0.856,0.856,1.202,1.419,0.691,1.0,0.784,0.451,0.347,0.232,0.856,0.856,1.202,1.419,0.691,1.0,0.784,0.451,0.347,0.232,140.911
0.856,0.856,1.202,1.419,0.691,1.0,0.784,0.451,0.347,0.232,0.856,0.856,1.202,1.419,0.691,1.0,0.784,0.451,0.347,0.232,140.911
0.856,0.856,1.202,1.419,0.691,1.0,0.784,0.451,0.347,0.232,0.856,0.856,1.202,1.419,0.691,1.0,0.784,0.451,0.347,0.232,140.911
0.856,0.856,1.202,1.419,0.691,1.0,0.784,0.451,0.347,0.232,0.856,0.856,1.202,1.419,0.691,1.0,0.784,0.451,0.347,0.232,140.911
0.856,0.856,1.202,1.419,0.691,1.0,0.784,0.451,0.347,0.232,0.856,0.856,1.202,1.419,0.691,1.0,0.784,0.451,0.347,0.232,140.911
0.856,0.856,1.202,1.419,0.691,1.0,0.784,0.451,0.347,0.232,0.856,0.856,1.202,1.419,0.691,1.0,0.784,0.451,0.347,0.232,140.911
0.856,0.856,1.202,1.419,0.691,1.0,0.784,0.451,0.347,0.232,0.856,0.856,1.202,1.419,0.691,1.0,0.784,0.451,0.347,0.232,140.911
0.856,0.856,1.202,1.419,0.691,1.0,0.784,0.451,0.347,0.232,0.856,0.856,1.202,1.419,0.691,1.0,0.784,0.451,0.347,0.232,140.911
0.714,0.946,0.999,0.922,0.256,0.271,0.369,0.327,0.086,0.219,0.714,0.946,0.999,0.922,0.256,0.271,0.369,0.327,0.086,0.219,26.907

1.753,2.269,0.801,0.841,1.129,1.319,0.358,0.144,0.245,1.133,1.753,2.269,0.801,0.841,1.129,1.319,0.358,0.144,0.245,1.133,37.643
1.613,2.23,0.79,0.822,0.925,1.566,0.413,0.172,0.287,1.344,1.613,2.23,0.79,0.822,0.925,1.566,0.413,0.172,0.287,1.344,38.013
1.775,2.331,0.845,0.868,1.118,1.354,0.317,0.128,0.208,1.194,1.775,2.331,0.845,0.868,1.118,1.354,0.317,0.128,0.208,1.194,36.235
1.886,2.446,0.83,0.929,1.236,1.283,0.33,0.175,0.202,1.178,1.886,2.446,0.83,0.929,1.236,1.283,0.33,0.175,0.202,1.178,36.797
1.635,2.198,0.811,0.814,1.056,1.36,0.4,0.17,0.248,1.151,1.635,2.198,0.811,0.814,1.056,1.36,0.4,0.17,0.248,1.151,34.828
1.535,2.219,0.835,0.882,0.892,1.542,0.358,0.167,0.243,1.374,1.535,2.219,0.835,0.882,0.892,1.542,0.358,0.167,0.243,1.374,28.844
1.798,2.35,0.817,0.881,1.195,1.304,0.348,0.162,0.222,1.133,1.798,2.35,0.817,0.881,1.195,1.304,0.348,0.162,0.222,1.133,37.537
1.751,2.271,0.793,0.835,1.095,1.345,0.371,0.164,0.246,1.186,1.751,2.271,0.793,0.835,1.095,1.345,0.371,0.164,0.246,1.186,37.643
1.785,2.406,0.829,0.87,1.148,1.391,0.316,0.147,0.202,1.227,1.785,2.406,0.829,0.87,1.148,1.391,0.316,0.147,0.202,1.227,37.014
1.773,2.394,0.85,0.943,1.016,1.47,0.28,0.148,0.204,1.374,1.773,2.394,0.85,0.943,1.016,1.47,0.28,0.148,0.204,1.374,37.202
1.809,2.337,0.85,0.888,1.148,1.315,0.298,0.147,0.18,1.167,1.809,2.337,0.85,0.888,1.148,1.315,0.298,0.147,0.18,1.167,37.643
1.809,2.399,0.844,0.906,1.153,1.339,0.31,0.138,0.207,1.221,1.809,2.399,0.844,0.906,1.153,1.339,0.31,0.138,0.207,1.221,36.878
1.708,2.211,0.818,0.824,1.115,1.28,0.334,0.137,0.218,1.097,1.708,2.211,0.818,0.824,1.115,1.28,0.334,0.137,0.218,1.097,37.537
1.541,2.353,0.797,0.81,0.926,1.693,0.437,0.153,0.307,1.497,1.541,2.353,0.797,0.81,0.926,1.693,0.437,0.153,0.307,1.497,30.887
1.771,2.323,0.841,0.91,1.061,1.367,0.308,0.139,0.217,1.256,1.771,2.323,0.841,0.91,1.061,1.367,0.308,0.139,0.217,1.256,37.537
1.718,2.33,0.806,0.835,1.088,1.443,0.323,0.132,0.227,1.222,1.718,2.33,0.806,0.835,1.088,1.443,0.323,0.132,0.227,1.222,38.275
1.682,2.286,0.815,0.848,1.021,1.446,0.352,0.155,0.235,1.272,1.682,2.286,0.815,0.848,1.021,1.446,0.352,0.155,0.235,1.272,36.401
1.75,2.283,0.822,0.822,1.159,1.309,0.358,0.16,0.214,1.119,1.75,2.283,0.822,0.822,1.159,1.309,0.358,0.16,0.214,1.119,38.21
1.779,2.371,0.789,0.818,1.198,1.353,0.328,0.122,0.235,1.148,1.779,2.371,0.789,0.818,1.198,1.353,0.328,0.122,0.235,1.148,38.288
1.787,2.376,0.815,0.866,1.115,1.396,0.329,0.139,0.229,1.243,1.787,2.376,0.815,0.866,1.115,1.396,0.329,0.139,0.229,1.243,37.643
1.805,2.366,0.784,0.843,1.211,1.309,0.341,0.156,0.229,1.136,1.805,2.366,0.784,0.843,1.211,1.309,0.341,0.156,0.229,1.136,37.537
1.782,2.343,0.835,0.85,1.115,1.375,0.317,0.128,0.208,1.213,1.782,2.343,0.835,0.85,1.115,1.375,0.317,0.128,0.208,1.213,36.235
1.728,2.344,0.815,0.883,1.039,1.454,0.368,0.172,0.246,1.307,1.728,2.344,0.815,0.883,1.039,1.454,0.368,0.172,0.246,1.307,37.443
1.854,2.366,0.826,0.86,1.236,1.264,0.317,0.162,0.185,1.113,1.854,2.366,0.826,0.86,1.236,1.264,0.317,0.162,0.185,1.113,37.483
1.793,2.352,0.825,0.834,1.195,1.326,0.331,0.132,0.215,1.135,1.793,2.352,0.825,0.834,1.195,1.326,0.331,0.132,0.215,1.135,38.288
1.811,2.34,0.825,0.834,1.224,1.289,0.324,0.129,0.21,1.098,1.811,2.34,0.825,0.834,1.224,1.289,0.324,0.129,0.21,1.098,39.623
1.773,2.249,0.83,0.841,1.104,1.312,0.299,0.125,0.198,1.136,1.773,2.249,0.83,0.841,1.104,1.312,0.299,0.125,0.198,1.136,38.288
1.742,2.283,0.79,0.813,1.169,1.309,0.386,0.148,0.259,1.114,1.742,2.283,0.79,0.813,1.169,1.309,0.386,0.148,0.259,1.114,38.21
1.689,2.205,0.785,0.772,1.13,1.309,0.386,0.145,0.254,1.085,1.689,2.205,0.785,0.772,1.13,1.309,0.386,0.145,0.254,1.085,38.288
1.725,2.28,0.827,0.834,1.154,1.316,0.364,0.163,0.217,1.114,1.725,2.28,0.827,0.834,1.154,1.316,0.364,0.163,0.217,1.114,36.878
1.765,2.3,0.807,0.823,1.156,1.327,0.338,0.151,0.214,1.13,1.765,2.3,0.807,0.823,1.156,1.327,0.338,0.151,0.214,1.13,39.699
1.695,2.283,0.777,0.778,1.114,1.389,0.384,0.138,0.266,1.169,1.695,2.283,0.777,0.778,1.114,1.389,0.384,0.138,0.266,1.169,37.202
1.728,2.254,0.802,0.867,1.018,1.386,0.301,0.141,0.232,1.243,1.728,2.254,0.802,0.867,1.018,1.386,0.301,0.141,0.232,1.243,39.825
1.73,2.256,0.807,0.8,1.169,1.321,0.368,0.145,0.234,1.076,1.73,2.256,0.807,0.8,1.169,1.321,0.368,0.145,0.234,1.076,37.802
1.753,2.269,0.804,0.813,1.107,1.353,0.348,0.156,0.22,1.157,1.753,2.269,0.804,0.813,1.107,1.353,0.348,0.156,0.22,1.157,39.051
1.769,2.299,0.794,0.814,1.16,1.335,0.369,0.152,0.241,1.13,1.769,2.299,0.794,0.814,1.16,1.335,0.369,0.152,0.241,1.13,40.46
1.783,2.354,0.813,0.902,1.07,1.392,0.287,0.135,0.229,1.27,1.783,2.354,0.813,0.902,1.07,1.392,0.287,0.135,0.229,1.27,38.419
1.878,2.418,0.816,0.883,1.235,1.304,0.316,0.133,0.22,1.151,1.878,2.418,0.816,0.883,1.235,1.304,0.316,0.133,0.22,1.151,39.699
1.782,2.317,0.784,0.81,1.123,1.377,0.36,0.145,0.247,1.189,1.782,2.317,0.784,0.81,1.123,1.377,0.36,0.145,0.247,1.189,39.825
1.811,2.366,0.815,0.831,1.187,1.337,0.343,0.149,0.215,1.161,1.811,2.366,0.815,0.831,1.187,1.337,0.343,0.149,0.215,1.161,38.949
1.797,2.363,0.788,0.821,1.202,1.339,0.37,0.166,0.234,1.146,1.797,2.363,0.788,0.821,1.202,1.339,0.37,0.166,0.234,1.146,38.288
1.782,2.333,0.794,0.814,1.191,1.326,0.359,0.148,0.234,1.129,1.782,2.333,0.794,0.814,1.191,1.326,0.359,0.148,0.234,1.129,38.288
1.669,2.246,0.811,0.93,0.903,1.483,0.366,0.208,0.269,1.407,1.669,2.246,0.811,0.93,0.903,1.483,0.366,0.208,0.269,1.407,37.802
1.794,2.267,0.807,0.79,1.225,1.265,0.354,0.168,0.202,1.039,1.794,2.267,0.807,0.79,1.225,1.265,0.354,0.168,0.202,1.039,40.361
1.771,2.278,0.767,0.79,1.2,1.297,0.361,0.146,0.246,1.071,1.771,2.278,0.767,0.79,1.2,1.297,0.361,0.146,0.246,1.071,38.949
1.739,2.374,0.805,0.807,1.126,1.442,0.345,0.141,0.225,1.224,1.739,2.374,0.805,0.807,1.126,1.442,0.345,0.141,0.225,1.224,38.601
1.787,2.377,0.823,0.868,1.087,1.413,0.306,0.142,0.208,1.28,1.787,2.377,0.823,0.868,1.087,1.413,0.306,0.142,0.208,1.28,39.205
1.721,2.282,0.822,0.805,1.135,1.348,0.355,0.148,0.218,1.136,1.721,2.282,0.822,0.805,1.135,1.348,0.355,0.148,0.218,1.136,38.897
1.769,2.374,0.831,0.851,1.118,1.403,0.305,0.128,0.202,1.231,1.769,2.374,0.831,0.851,1.118,1.403,0.305,0.128,0.202,1.231,37.802
1.784,2.363,0.839,0.81,1.16,1.363,0.349,0.148,0.207,1.2,1.784,2.363,0.839,0.81,1.16,1.363,0.349,0.148,0.207,1.2,37.537
1.742,2.332,0.819,0.842,1.069,1.439,0.354,0.135,0.242,1.255,1.742,2.332,0.819,0.842,1.069,1.439,0.354,0.135,0.242,1.255,40.497

1.317,2.417,0.781,0.688,0.878,2.034,0.657,0.318,0.342,1.67,1.317,2.417,0.781,0.688,0.878,2.034,0.657,0.318,0.342,1.67,44.944
1.193,2.16,0.65,0.645,0.878,1.838,0.771,0.276,0.515,1.388,1.193,2.16,0.65,0.645,0.878,1.838,0.771,0.276,0.515,1.388,45.177
1.197,2.146,0.641,0.566,0.842,1.931,0.787,0.299,0.501,1.479,1.197,2.146,0.641,0.566,0.842,1.931,0.787,0.299,0.501,1.479,46.648
1.322,2.472,0.732,0.697,0.922,2.006,0.612,0.263,0.365,1.625,1.322,2.472,0.732,0.697,0.922,2.006,0.612,0.263,0.365,1.625,50.0
1.466,2.749,0.744,0.772,1.089,1.939,0.609,0.264,0.36,1.636,1.466,2.749,0.744,0.772,1.089,1.939,0.609,0.264,0.36,1.636,47.434
1.315,2.296,0.782,0.775,0.983,1.705,0.641,0.254,0.391,1.338,1.315,2.296,0.782,0.775,0.983,1.705,0.641,0.254,0.391,1.338,44.418
1.323,2.409,0.741,0.666,0.917,1.985,0.667,0.282,0.388,1.582,1.323,2.409,0.741,0.666,0.917,1.985,0.667,0.282,0.388,1.582,44.944
1.386,2.517,0.664,0.671,1.031,1.904,0.668,0.251,0.434,1.514,1.386,2.517,0.664,0.671,1.031,1.904,0.668,0.251,0.434,1.514,44.944
1.265,2.302,0.683,0.637,0.932,1.892,0.747,0.292,0.461,1.467,1.265,2.302,0.683,0.637,0.932,1.892,0.747,0.292,0.461,1.467,47.434
1.418,2.607,0.725,0.716,1.042,1.935,0.625,0.29,0.351,1.569,1.418,2.607,0.725,0.716,1.042,1.935,0.625,0.29,0.351,1.569,47.802
1.342,2.405,0.711,0.745,1.026,1.74,0.685,0.33,0.38,1.435,1.342,2.405,0.711,0.745,1.026,1.74,0.685,0.33,0.38,1.435,45.618
1.396,2.598,0.727,0.745,1.093,1.831,0.667,0.302,0.376,1.513,1.396,2.598,0.727,0.745,1.093,1.831,0.667,0.302,0.376,1.513,48.26
1.407,2.515,0.74,0.728,0.942,1.971,0.626,0.286,0.361,1.662,1.407,2.515,0.74,0.728,0.942,1.971,0.626,0.286,0.361,1.662,50.22
1.41,2.592,0.754,0.754,1.044,1.89,0.645,0.283,0.369,1.562,1.41,2.592,0.754,0.754,1.044,1.89,0.645,0.283,0.369,1.562,44.418
1.336,2.503,0.686,0.689,1.053,1.866,0.707,0.293,0.425,1.479,1.336,2.503,0.686,0.689,1.053,1.866,0.707,0.293,0.425,1.479,47.202
1.239,2.279,0.671,0.659,0.942,1.861,0.745,0.268,0.488,1.402,1.239,2.279,0.671,0.659,0.942,1.861,0.745,0.268,0.488,1.402,44.777
1.344,2.378,0.703,0.728,1.025,1.749,0.629,0.279,0.378,1.366,1.344,2.378,0.703,0.728,1.025,1.749,0.629,0.279,0.378,1.366,47.17
1.364,2.482,0.708,0.741,1.053,1.819,0.716,0.302,0.426,1.457,1.364,2.482,0.708,0.741,1.053,1.819,0.716,0.302,0.426,1.457,42.942
1.288,2.407,0.744,0.772,0.971,1.861,0.727,0.318,0.421,1.488,1.288,2.407,0.744,0.772,0.971,1.861,0.727,0.318,0.421,1.488,46.872
1.236,2.195,0.748,0.695,0.891,1.821,0.712,0.294,0.421,1.372,1.236,2.195,0.748,0.695,0.891,1.821,0.712,0.294,0.421,1.372,44.944
1.357,2.496,0.752,0.678,0.906,2.067,0.614,0.269,0.352,1.694,1.357,2.496,0.752,0.678,0.906,2.067,0.614,0.269,0.352,1.694,44.102
1.336,2.456,0.759,0.792,0.99,1.84,0.676,0.294,0.395,1.502,1.336,2.456,0.759,0.792,0.99,1.84,0.676,0.294,0.395,1.502,46.043
1.372,2.48,0.716,0.676,1.003,1.901,0.661,0.274,0.394,1.521,1.372,2.48,0.716,0.676,1.003,1.901,0.661,0.274,0.394,1.521,46.615
1.418,2.618,0.764,0.695,1.017,1.973,0.61,0.282,0.331,1.634,1.418,2.618,0.764,0.695,1.017,1.973,0.61,0.282,0.331,1.634,45.486
1.38,2.557,0.716,0.7,0.995,1.976,0.668,0.262,0.414,1.61,1.38,2.557,0.716,0.7,0.995,1.976,0.668,0.262,0.414,1.61,42.485
1.131,2.047,0.656,0.584,0.804,1.914,0.763,0.271,0.504,1.333,1.131,2.047,0.656,0.584,0.804,1.914,0.763,0.271,0.504,1.333,46.615
1.478,2.654,0.743,0.751,1.099,1.841,0.641,0.287,0.362,1.565,1.478,2.654,0.743,0.751,1.099,1.841,0.641,0.287,0.362,1.565,45.651
1.269,2.348,0.641,0.589,0.924,1.966,0.714,0.235,0.487,1.54,1.269,2.348,0.641,0.589,0.924,1.966,0.714,0.235,0.487,1.54,47.17
1.236,2.254,0.719,0.681,0.934,1.836,0.666,0.261,0.413,1.353,1.236,2.254,0.719,0.681,0.934,1.836,0.666,0.261,0.413,1.353,48.021
1.457,2.657,0.737,0.806,1.033,1.9,0.624,0.308,0.351,1.65,1.457,2.657,0.737,0.806,1.033,1.9,0.624,0.308,0.351,1.65,47.434
1.394,2.543,0.722,0.748,1.052,1.828,0.667,0.28,0.401,1.523,1.394,2.543,0.722,0.748,1.052,1.828,0.667,0.28,0.401,1.523,47.17
1.263,2.234,0.745,0.713,0.963,1.716,0.686,0.248,0.439,1.32,1.263,2.234,0.745,0.713,0.963,1.716,0.686,0.248,0.439,1.32,45.177
1.358,2.547,0.744,0.726,0.963,1.996,0.627,0.291,0.352,1.634,1.358,2.547,0.744,0.726,0.963,1.996,0.627,0.291,0.352,1.634,46.648
1.394,2.608,0.765,0.791,1.027,1.931,0.676,0.318,0.369,1.598,1.394,2.608,0.765,0.791,1.027,1.931,0.676,0.318,0.369,1.598,46.325
1.402,2.615,0.769,0.723,0.861,2.237,0.587,0.262,0.339,1.928,1.402,2.615,0.769,0.723,0.861,2.237,0.587,0.262,0.339,1.928,49.679
1.338,2.444,0.75,0.746,0.95,1.916,0.671,0.318,0.368,1.555,1.338,2.444,0.75,0.746,0.95,1.916,0.671,0.318,0.368,1.555,46.872
1.394,2.554,0.749,0.752,1.032,1.877,0.654,0.276,0.385,1.543,1.394,2.554,0.749,0.752,1.032,1.877,0.654,0.276,0.385,1.543,46.615
1.304,2.424,0.746,0.724,0.853,2.061,0.7,0.281,0.429,1.751,1.304,2.424,0.746,0.724,0.853,2.061,0.7,0.281,0.429,1.751,48.6
1.365,2.506,0.665,0.669,0.982,1.95,0.661,0.235,0.447,1.598,1.365,2.506,0.665,0.669,0.982,1.95,0.661,0.235,0.447,1.598,43.909
1.312,2.336,0.677,0.656,0.951,1.85,0.696,0.276,0.436,1.478,1.312,2.336,0.677,0.656,0.951,1.85,0.696,0.276,0.436,1.478,45.277
1.269,2.257,0.721,0.664,0.896,1.866,0.715,0.3,0.421,1.472,1.269,2.257,0.721,0.664,0.896,1.866,0.715,0.3,0.421,1.472,47.434
1.429,2.522,0.669,0.628,1.053,1.861,0.622,0.235,0.398,1.511,1.429,2.522,0.669,0.628,1.053,1.861,0.622,0.235,0.398,1.511,47.17
1.286,2.287,0.583,0.605,1.005,1.788,0.738,0.266,0.504,1.35,1.286,2.287,0.583,0.605,1.005,1.788,0.738,0.266,0.504,1.35,45.277
1.388,2.561,0.763,0.783,1.033,1.833,0.633,0.286,0.359,1.56,1.388,2.561,0.763,0.783,1.033,1.833,0.633,0.286,0.359,1.56,46.648
1.446,2.532,0.742,0.774,1.054,1.785,0.603,0.264,0.359,1.486,1.446,2.532,0.742,0.774,1.054,1.785,0.603,0.264,0.359,1.486,48.415
1.304,2.43,0.742,0.77,0.926,1.922,0.694,0.278,0.433,1.588,1.304,2.43,0.742,0.77,0.926,1.922,0.694,0.278,0.433,1.588,45.486
1.299,2.352,0.692,0.701,0.877,1.947,0.676,0.262,0.445,1.616,1.299,2.352,0.692,0.701,0.877,1.947,0.676,0.262,0.445,1.616,46.141
1.439,2.574,0.71,0.655,1.008,1.963,0.588,0.22,0.374,1.606,1.439,2.574,0.71,0.655,1.008,1.963,0.588,0.22,0.374,1.606,43.909
1.309,2.385,0.701,0.673,0.937,1.929,0.62,0.222,0.412,1.494,1.309,2.385,0.701,0.673,0.937,1.929,0.62,0.222,0.412,1.494,43.382
1.458,2.715,0.737,0.762,1.032,2.006,0.625,0.285,0.36,1.697,1.458,2.715,0.737,0.762,1.032,2.006,0.625,0.285,0.36,1.697,45.486
1.261,2.338,0.668,0.683,0.961,1.846,0.732,0.246,0.5,1.454,1.261,2.338,0.668,0.683,0.961,1.846,0.732,0.246,0.5,1.454,45.651

1.039,1.566,0.495,0.371,0.741,1.615,0.91,0.252,0.685,0.947,1.039,1.566,0.495,0.371,0.741,1.615,0.91,0.252,0.685,0.947,74.733
1.108,1.762,0.68,0.503,0.7,1.798,0.827,0.34,0.489,1.359,1.108,1.762,0.68,0.503,0.7,1.798,0.827,0.34,0.489,1.359,77.078
1.108,1.762,0.68,0.503,0.7,1.798,0.827,0.34,0.489,1.359,1.108,1.762,0.68,0.503,0.7,1.798,0.827,0.34,0.489,1.359,77.078
0.784,1.159,0.598,0.356,0.452,2.052,1.496,0.536,1.046,0.994,0.784,1.159,0.598,0.356,0.452,2.052,1.496,0.536,1.046,0.994,49.396
0.963,1.161,0.53,0.356,0.617,1.325,1.045,0.287,0.765,0.493,0.963,1.161,0.53,0.356,0.617,1.325,1.045,0.287,0.765,0.493,46.065
0.885,1.183,0.565,0.372,0.522,1.711,1.211,0.378,0.882,1.014,0.885,1.183,0.565,0.372,0.522,1.711,1.211,0.378,0.882,1.014,49.649
0.884,1.238,0.597,0.366,0.518,1.788,1.224,0.467,0.818,1.066,0.884,1.238,0.597,0.366,0.518,1.788,1.224,0.467,0.818,1.066,52.802
0.914,1.307,0.529,0.359,0.556,1.789,1.153,0.321,0.858,1.086,0.914,1.307,0.529,0.359,0.556,1.789,1.153,0.321,0.858,1.086,50.537
0.849,1.261,0.589,0.405,0.488,1.82,1.219,0.402,0.863,0.965,0.849,1.261,0.589,0.405,0.488,1.82,1.219,0.402,0.863,0.965,71.169
0.877,1.337,0.523,0.355,0.615,1.61,1.069,0.307,0.776,0.926,0.877,1.337,0.523,0.355,0.615,1.61,1.069,0.307,0.776,0.926,82.565
1.13,1.671,0.565,0.397,0.806,1.59,0.83,0.316,0.541,1.309,1.13,1.671,0.565,0.397,0.806,1.59,0.83,0.316,0.541,1.309,82.462
1.258,1.717,0.637,0.442,0.919,1.394,0.706,0.275,0.43,0.935,1.258,1.717,0.637,0.442,0.919,1.394,0.706,0.275,0.43,0.935,76.158
1.187,1.759,0.659,0.475,0.826,1.559,0.725,0.299,0.431,1.048,1.187,1.759,0.659,0.475,0.826,1.559,0.725,0.299,0.431,1.048,78.746
1.166,1.912,0.693,0.516,0.788,1.771,0.687,0.3,0.398,1.283,1.166,1.912,0.693,0.516,0.788,1.771,0.687,0.3,0.398,1.283,80.654
1.166,1.912,0.693,0.516,0.788,1.771,0.687,0.3,0.398,1.283,1.166,1.912,0.693,0.516,0.788,1.771,0.687,0.3,0.398,1.283,80.654
0.846,1.159,0.505,0.333,0.528,1.757,1.28,0.327,0.99,1.051,0.846,1.159,0.505,0.333,0.528,1.757,1.28,0.327,0.99,1.051,46.519
0.838,1.259,0.413,0.254,0.588,1.737,1.27,0.277,1.014,0.666,0.838,1.259,0.413,0.254,0.588,1.737,1.27,0.277,1.014,0.666,43.324
0.839,1.261,0.51,0.278,0.56,1.805,1.288,0.441,0.928,0.911,0.839,1.261,0.51,0.278,0.56,1.805,1.288,0.441,0.928,0.911,51.894
0.84,1.198,0.555,0.356,0.489,1.861,1.319,0.41,0.927,1.134,0.84,1.198,0.555,0.356,0.489,1.861,1.319,0.41,0.927,1.134,46.141
0.816,1.222,0.5,0.322,0.497,1.842,1.366,0.379,1.017,0.836,0.816,1.222,0.5,0.322,0.497,1.842,1.366,0.379,1.017,0.836,56.462
1.001,1.333,0.538,0.331,0.698,1.542,0.968,0.355,0.684,1.311,1.001,1.333,0.538,0.331,0.698,1.542,0.968,0.355,0.684,1.311,80.056
1.092,1.548,0.511,0.307,0.818,1.525,0.861,0.268,0.598,0.913,1.092,1.548,0.511,0.307,0.818,1.525,0.861,0.268,0.598,0.913,72.014
1.095,1.724,0.505,0.332,0.864,1.612,0.878,0.272,0.607,1.234,1.095,1.724,0.505,0.332,0.864,1.612,0.878,0.272,0.607,1.234,78.39
1.243,1.906,0.578,0.391,0.983,1.543,0.719,0.263,0.457,1.143,1.243,1.906,0.578,0.391,0.983,1.543,0.719,0.263,0.457,1.143,80.623
1.243,1.906,0.578,0.391,0.983,1.543,0.719,0.263,0.457,1.143,1.243,1.906,0.578,0.391,0.983,1.543,0.719,0.263,0.457,1.143,80.623
0.79,1.202,0.467,0.3,0.489,1.941,1.438,0.342,1.122,0.914,0.79,1.202,0.467,0.3,0.489,1.941,1.438,0.342,1.122,0.914,54.083
0.9,1.196,0.579,0.328,0.575,1.691,1.17,0.45,0.738,1.522,0.9,1.196,0.579,0.328,0.575,1.691,1.17,0.45,0.738,1.522,53.0
1.008,1.596,0.408,0.227,0.83,1.659,0.976,0.258,0.721,1.348,1.008,1.596,0.408,0.227,0.83,1.659,0.976,0.258,0.721,1.348,79.057
1.006,1.452,0.574,0.379,0.658,1.641,0.979,0.336,0.65,1.041,1.006,1.452,0.574,0.379,0.658,1.641,0.979,0.336,0.65,1.041,64.405
1.132,1.641,0.683,0.468,0.731,1.616,0.784,0.338,0.447,1.196,1.132,1.641,0.683,0.468,0.731,1.616,0.784,0.338,0.447,1.196,74.324
1.162,1.694,0.685,0.488,0.723,1.676,0.743,0.293,0.45,1.163,1.162,1.694,0.685,0.488,0.723,1.676,0.743,0.293,0.45,1.163,67.779
1.09,1.953,0.654,0.465,0.766,1.944,0.771,0.311,0.466,1.434,1.09,1.953,0.654,0.465,0.766,1.944,0.771,0.311,0.466,1.434,79.076
1.104,1.623,0.712,0.487,0.717,1.603,0.735,0.333,0.404,1.089,1.104,1.623,0.712,0.487,0.717,1.603,0.735,0.333,0.404,1.089,81.025
1.209,1.756,0.703,0.513,0.817,1.522,0.665,0.286,0.381,1.05,1.209,1.756,0.703,0.513,0.817,1.522,0.665,0.286,0.381,1.05,84.758
1.156,2.062,0.616,0.47,0.779,2.095,0.748,0.247,0.508,1.884,1.156,2.062,0.616,0.47,0.779,2.095,0.748,0.247,0.508,1.884,81.939
1.156,2.062,0.616,0.47,0.779,2.095,0.748,0.247,0.508,1.884,1.156,2.062,0.616,0.47,0.779,2.095,0.748,0.247,0.508,1.884,81.939
0.819,1.165,0.577,0.362,0.459,1.967,1.398,0.478,0.982,1.29,0.819,1.165,0.577,0.362,0.459,1.967,1.398,0.478,0.982,1.29,48.466
0.843,1.226,0.492,0.294,0.549,1.739,1.287,0.373,0.932,0.87,0.843,1.226,0.492,0.294,0.549,1.739,1.287,0.373,0.932,0.87,48.765
0.847,1.175,0.568,0.331,0.518,1.746,1.294,0.466,0.87,1.005,0.847,1.175,0.568,0.331,0.518,1.746,1.294,0.466,0.87,1.005,49.193
0.781,1.099,0.522,0.333,0.471,1.701,1.417,0.422,1.025,1.012,0.781,1.099,0.522,0.333,0.471,1.701,1.417,0.422,1.025,1.012,64.622
0.864,1.452,0.587,0.387,0.585,1.821,1.091,0.405,0.707,1.023,0.864,1.452,0.587,0.387,0.585,1.821,1.091,0.405,0.707,1.023,70.605
1.005,1.509,0.707,0.457,0.667,1.585,0.866,0.41,0.456,1.081,1.005,1.509,0.707,0.457,0.667,1.585,0.866,0.41,0.456,1.081,81.271
0.934,1.517,0.559,0.405,0.632,1.765,0.984,0.298,0.701,1.124,0.934,1.517,0.559,0.405,0.632,1.765,0.984,0.298,0.701,1.124,80.281
0.99,1.539,0.709,0.477,0.639,1.664,0.868,0.411,0.461,1.05,0.99,1.539,0.709,0.477,0.639,1.664,0.868,0.411,0.461,1.05,76.538
0.955,1.552,0.612,0.465,0.593,1.84,0.962,0.344,0.656,1.247,0.955,1.552,0.612,0.465,0.593,1.84,0.962,0.344,0.656,1.247,78.109
1.199,1.868,0.696,0.51,0.821,1.656,0.661,0.286,0.381,1.146,1.199,1.868,0.696,0.51,0.821,1.656,0.661,0.286,0.381,1.146,79.712
1.078,1.904,0.613,0.461,0.702,2.061,0.866,0.303,0.572,1.643,1.078,1.904,0.613,0.461,0.702,2.061,0.866,0.303,0.572,1.643,77.201
1.078,1.904,0.613,0.461,0.702,2.061,0.866,0.303,0.572,1.643,1.078,1.904,0.613,0.461,0.702,2.061,0.866,0.303,0.572,1.643,77.201
0.826,1.169,0.471,0.287,0.548,1.66,1.301,0.372,1.006,0.844,0.826,1.169,0.471,0.287,0.548,1.66,1.301,0.372,1.006,0.844,62.394
0.949,1.378,0.374,0.255,0.73,1.565,1.036,0.208,0.857,1.105,0.949,1.378,0.374,0.255,0.73,1.565,1.036,0.208,0.857,1.105,73.41
0.868,1.415,0.496,0.337,0.607,1.79,1.126,0.312,0.831,1.143,0.868,1.415,0.496,0.337,0.607,1.79,1.126,0.312,0.831,1.143,80.777

1.205,1.182,1.179,1.957,1.558,1.024,0.907,0.681,0.227,0.178,1.205,1.182,1.179,1.957,1.558,1.024,0.907,0.681,0.227,0.178,123.762
1.259,1.202,1.299,2.076,1.65,1.029,0.926,0.663,0.274,0.173,1.259,1.202,1.299,2.076,1.65,1.029,0.926,0.663,0.274,0.173,113.225
1.174,1.232,1.167,1.994,1.531,1.021,0.91,0.675,0.236,0.207,1.174,1.232,1.167,1.994,1.531,1.021,0.91,0.675,0.236,0.207,123.357
1.262,1.191,1.269,2.113,1.667,1.042,0.928,0.687,0.248,0.178,1.262,1.191,1.269,2.113,1.667,1.042,0.928,0.687,0.248,0.178,104.809
1.25,1.183,1.226,2.039,1.573,1.043,0.93,0.674,0.256,0.179,1.25,1.183,1.226,2.039,1.573,1.043,0.93,0.674,0.256,0.179,115.248
1.262,1.189,1.228,2.016,1.589,1.023,0.913,0.666,0.25,0.177,1.262,1.189,1.228,2.016,1.589,1.023,0.913,0.666,0.25,0.177,124.664
1.181,1.189,1.173,2.038,1.68,1.019,0.905,0.683,0.222,0.17,1.181,1.189,1.173,2.038,1.68,1.019,0.905,0.683,0.222,0.17,128.55
1.259,1.234,1.246,2.083,1.613,1.025,0.932,0.68,0.255,0.19,1.259,1.234,1.246,2.083,1.613,1.025,0.932,0.68,0.255,0.19,125.634
1.264,1.191,1.279,2.156,1.659,1.044,0.934,0.685,0.254,0.182,1.264,1.191,1.279,2.156,1.659,1.044,0.934,0.685,0.254,0.182,120.83
1.244,1.169,1.276,2.017,1.634,1.021,0.912,0.645,0.275,0.161,1.244,1.169,1.276,2.017,1.634,1.021,0.912,0.645,0.275,0.161,106.042
1.223,1.231,1.203,2.004,1.625,1.019,0.919,0.669,0.252,0.182,1.223,1.231,1.203,2.004,1.625,1.019,0.919,0.669,0.252,0.182,109.636
1.228,1.158,1.265,2.089,1.655,1.043,0.922,0.654,0.27,0.169,1.228,1.158,1.265,2.089,1.655,1.043,0.922,0.654,0.27,0.169,114.018
1.223,1.18,1.228,2.006,1.612,1.017,0.921,0.68,0.246,0.157,1.223,1.18,1.228,2.006,1.612,1.017,0.921,0.68,0.246,0.157,114.56
1.221,1.179,1.207,1.951,1.566,1.017,0.919,0.669,0.253,0.159,1.221,1.179,1.207,1.951,1.566,1.017,0.919,0.669,0.253,0.159,123.693
1.27,1.246,1.254,2.076,1.716,1.023,0.925,0.676,0.256,0.181,1.27,1.246,1.254,2.076,1.716,1.023,0.925,0.676,0.256,0.181,105.622
1.276,1.208,1.209,2.092,1.696,1.04,0.958,0.713,0.248,0.154,1.276,1.208,1.209,2.092,1.696,1.04,0.958,0.713,0.248,0.154,118.36
1.322,1.191,1.357,2.205,1.825,1.037,0.93,0.666,0.282,0.16,1.322,1.191,1.357,2.205,1.825,1.037,0.93,0.666,0.282,0.16,104.695
1.199,1.207,1.15,1.929,1.517,1.02,0.905,0.683,0.221,0.191,1.199,1.207,1.15,1.929,1.517,1.02,0.905,0.683,0.221,0.191,108.78
1.248,1.144,1.31,2.166,1.774,1.044,0.933,0.682,0.264,0.148,1.248,1.144,1.31,2.166,1.774,1.044,0.933,0.682,0.264,0.148,105.759
1.25,1.201,1.269,2.017,1.583,1.049,0.941,0.686,0.266,0.178,1.25,1.201,1.269,2.017,1.583,1.049,0.941,0.686,0.266,0.178,103.092
1.278,1.192,1.141,2.049,1.615,1.036,0.943,0.723,0.22,0.162,1.278,1.192,1.141,2.049,1.615,1.036,0.943,0.723,0.22,0.162,106.626
1.256,1.144,1.269,2.196,1.777,1.028,0.923,0.692,0.236,0.147,1.256,1.144,1.269,2.196,1.777,1.028,0.923,0.692,0.236,0.147,126.301
1.279,1.241,1.226,2.11,1.663,1.037,0.941,0.707,0.237,0.187,1.279,1.241,1.226,2.11,1.663,1.037,0.941,0.707,0.237,0.187,104.695
1.247,1.211,1.206,2.128,1.762,1.035,0.951,0.705,0.247,0.151,1.247,1.211,1.206,2.128,1.762,1.035,0.951,0.705,0.247,0.151,116.927
1.289,1.184,1.248,2.154,1.748,1.045,0.938,0.715,0.23,0.161,1.289,1.184,1.248,2.154,1.748,1.045,0.938,0.715,0.23,0.161,110.44
1.256,1.219,1.236,2.1,1.629,1.038,0.952,0.703,0.251,0.173,1.256,1.219,1.236,2.1,1.629,1.038,0.952,0.703,0.251,0.173,107.703
1.318,1.168,1.323,2.163,1.79,1.03,0.93,0.679,0.268,0.146,1.318,1.168,1.323,2.163,1.79,1.03,0.93,0.679,0.268,0.146,101.4
1.214,1.158,1.194,2.073,1.703,1.028,0.909,0.692,0.218,0.162,1.214,1.158,1.194,2.073,1.703,1.028,0.909,0.692,0.218,0.162,105.906
1.273,1.216,1.245,2.112,1.763,1.027,0.924,0.69,0.24,0.167,1.273,1.216,1.245,2.112,1.763,1.027,0.924,0.69,0.24,0.167,122.809
1.22,1.215,1.227,2.041,1.638,1.031,0.917,0.689,0.233,0.186,1.22,1.215,1.227,2.041,1.638,1.031,0.917,0.689,0.233,0.186,99.202
1.243,1.219,1.197,2.045,1.659,1.024,0.93,0.715,0.22,0.17,1.243,1.219,1.197,2.045,1.659,1.024,0.93,0.715,0.22,0.17,99.985
1.266,1.188,1.246,2.142,1.668,1.025,0.937,0.689,0.25,0.16,1.266,1.188,1.246,2.142,1.668,1.025,0.937,0.689,0.25,0.16,98.412
1.263,1.167,1.184,2.075,1.653,1.016,0.93,0.706,0.224,0.145,1.263,1.167,1.184,2.075,1.653,1.016,0.93,0.706,0.224,0.145,105.948
1.213,1.213,1.154,2.061,1.692,1.0,0.911,0.703,0.208,0.164,1.213,1.213,1.154,2.061,1.692,1.0,0.911,0.703,0.208,0.164,100.717
1.279,1.188,1.226,2.104,1.716,1.031,0.934,0.71,0.23,0.156,1.279,1.188,1.226,2.104,1.716,1.031,0.934,0.71,0.23,0.156,97.165
1.31,1.263,1.227,2.189,1.717,1.018,0.942,0.725,0.22,0.187,1.31,1.263,1.227,2.189,1.717,1.018,0.942,0.725,0.22,0.187,103.16
1.253,1.253,1.226,2.092,1.659,1.0,0.92,0.684,0.237,0.187,1.253,1.253,1.226,2.092,1.659,1.0,0.92,0.684,0.237,0.187,105.688
1.213,1.169,1.218,2.037,1.685,1.016,0.908,0.687,0.226,0.156,1.213,1.169,1.218,2.037,1.685,1.016,0.908,0.687,0.226,0.156,108.467
1.211,1.211,1.228,2.011,1.608,1.0,0.912,0.67,0.247,0.17,1.211,1.211,1.228,2.011,1.608,1.0,0.912,0.67,0.247,0.17,100.896
1.239,1.202,1.174,2.098,1.67,1.036,0.934,0.725,0.209,0.171,1.239,1.202,1.174,2.098,1.67,1.036,0.934,0.725,0.209,0.171,100.717
1.211,1.155,1.203,2.092,1.705,1.029,0.93,0.701,0.231,0.144,1.211,1.155,1.203,2.092,1.705,1.029,0.93,0.701,0.231,0.144,108.167
1.253,1.221,1.193,2.105,1.742,1.004,0.914,0.699,0.217,0.165,1.253,1.221,1.193,2.105,1.742,1.004,0.914,0.699,0.217,0.165,130.541
1.285,1.24,1.265,2.165,1.743,1.017,0.943,0.691,0.257,0.167,1.285,1.24,1.265,2.165,1.743,1.017,0.943,0.691,0.257,0.167,109.444
1.213,1.176,1.193,2.104,1.729,1.035,0.927,0.71,0.218,0.157,1.213,1.176,1.193,2.104,1.729,1.035,0.927,0.71,0.218,0.157,102.357
1.213,1.221,1.205,2.067,1.657,1.019,0.914,0.681,0.234,0.183,1.213,1.221,1.205,2.067,1.657,1.019,0.914,0.681,0.234,0.183,100.045
1.226,1.226,1.181,2.073,1.588,1.0,0.916,0.707,0.209,0.187,1.226,1.226,1.181,2.073,1.588,1.0,0.916,0.707,0.209,0.187,101.966
1.268,1.219,1.216,2.114,1.691,1.047,0.956,0.732,0.229,0.167,1.268,1.219,1.216,2.114,1.691,1.047,0.956,0.732,0.229,0.167,97.252
1.243,1.219,1.151,2.067,1.691,1.023,0.931,0.72,0.211,0.167,1.243,1.219,1.151,2.067,1.691,1.023,0.931,0.72,0.211,0.167,117.444
1.215,1.183,1.195,2.066,1.696,1.004,0.893,0.678,0.216,0.169,1.215,1.183,1.195,2.066,1.696,1.004,0.893,0.678,0.216,0.169,100.424
1.28,1.268,1.223,2.205,1.775,1.012,0.939,0.711,0.229,0.18,1.28,1.268,1.223,2.205,1.775,1.012,0.939,0.711,0.229,0.18,98.717
1.217,1.206,1.233,1.987,1.648,1.012,0.907,0.65,0.261,0.17,1.217,1.206,1.233,1.987,1.648,1.012,0.907,0.65,0.261,0.17,106.231

0.947,1.939,0.824,0.747,0.536,2.757,0.892,0.407,0.487,1.885,0.947,1.939,0.824,0.747,0.536,2.757,0.892,0.407,0.487,1.885,68.264
0.964,1.983,0.854,0.79,0.509,3.012,0.889,0.396,0.493,2.14,0.964,1.983,0.854,0.79,0.509,3.012,0.889,0.396,0.493,2.14,68.6
0.976,2.082,0.88,0.819,0.594,2.776,0.75,0.361,0.39,2.042,0.976,2.082,0.88,0.819,0.594,2.776,0.75,0.361,0.39,2.042,63.812
0.948,1.972,0.839,0.758,0.539,2.83,0.907,0.403,0.504,1.946,0.948,1.972,0.839,0.758,0.539,2.83,0.907,0.403,0.504,1.946,64.14
0.983,1.956,0.849,0.797,0.545,2.768,0.864,0.416,0.451,1.929,0.983,1.956,0.849,0.797,0.545,2.768,0.864,0.416,0.451,1.929,69.836
0.926,1.979,0.866,0.805,0.531,2.898,0.863,0.422,0.442,2.054,0.926,1.979,0.866,0.805,0.531,2.898,0.863,0.422,0.442,2.054,60.828
0.906,1.897,0.837,0.762,0.509,2.902,0.949,0.426,0.523,1.964,0.906,1.897,0.837,0.762,0.509,2.902,0.949,0.426,0.523,1.964,74.793
0.945,2.049,0.859,0.789,0.583,2.772,0.786,0.404,0.384,1.999,0.945,2.049,0.859,0.789,0.583,2.772,0.786,0.404,0.384,1.999,61.4
1.006,2.013,0.884,0.815,0.559,2.852,0.808,0.404,0.404,2.057,1.006,2.013,0.884,0.815,0.559,2.852,0.808,0.404,0.404,2.057,69.318
1.009,2.056,0.884,0.804,0.618,2.611,0.751,0.371,0.381,1.881,1.009,2.056,0.884,0.804,0.618,2.611,0.751,0.371,0.381,1.881,68.797
0.943,2.108,0.902,0.853,0.54,3.051,0.827,0.414,0.414,2.264,0.943,2.108,0.902,0.853,0.54,3.051,0.827,0.414,0.414,2.264,68.447
0.972,2.065,0.872,0.802,0.559,2.944,0.809,0.369,0.44,2.146,0.972,2.065,0.872,0.802,0.559,2.944,0.809,0.369,0.44,2.146,74.095
0.986,2.021,0.875,0.81,0.602,2.685,0.744,0.376,0.368,1.948,0.986,2.021,0.875,0.81,0.602,2.685,0.744,0.376,0.368,1.948,66.731
0.952,2.018,0.871,0.827,0.556,2.86,0.811,0.382,0.43,2.067,0.952,2.018,0.871,0.827,0.556,2.86,0.811,0.382,0.43,2.067,73.573
0.956,1.945,0.888,0.83,0.559,2.698,0.77,0.37,0.4,1.942,0.956,1.945,0.888,0.83,0.559,2.698,0.77,0.37,0.4,1.942,76.158
0.962,2.047,0.888,0.834,0.557,2.9,0.784,0.377,0.407,2.133,0.962,2.047,0.888,0.834,0.557,2.9,0.784,0.377,0.407,2.133,62.266
0.932,2.018,0.85,0.776,0.506,3.13,0.856,0.398,0.459,2.278,0.932,2.018,0.85,0.776,0.506,3.13,0.856,0.398,0.459,2.278,73.355
0.946,1.997,0.883,0.832,0.51,2.996,0.84,0.411,0.43,2.183,0.946,1.997,0.883,0.832,0.51,2.996,0.84,0.411,0.43,2.183,65.863
0.966,2.052,0.858,0.79,0.576,2.85,0.805,0.392,0.414,2.055,0.966,2.052,0.858,0.79,0.576,2.85,0.805,0.392,0.414,2.055,75.664
0.942,2.035,0.863,0.806,0.583,2.754,0.757,0.355,0.404,2.007,0.942,2.035,0.863,0.806,0.583,2.754,0.757,0.355,0.404,2.007,59.481
0.97,2.014,0.87,0.8,0.568,2.776,0.801,0.386,0.415,1.99,0.97,2.014,0.87,0.8,0.568,2.776,0.801,0.386,0.415,1.99,73.062
0.931,1.971,0.874,0.813,0.488,3.084,0.877,0.406,0.472,2.226,0.931,1.971,0.874,0.813,0.488,3.084,0.877,0.406,0.472,2.226,70.831
0.943,1.993,0.875,0.795,0.556,2.815,0.814,0.388,0.426,2.012,0.943,1.993,0.875,0.795,0.556,2.815,0.814,0.388,0.426,2.012,71.344
0.92,2.051,0.866,0.801,0.561,2.899,0.782,0.4,0.385,2.125,0.92,2.051,0.866,0.801,0.561,2.899,0.782,0.4,0.385,2.125,62.434
0.999,2.035,0.871,0.811,0.559,2.823,0.796,0.368,0.428,2.048,0.999,2.035,0.871,0.811,0.559,2.823,0.796,0.368,0.428,2.048,71.868
0.982,2.095,0.894,0.892,0.575,2.843,0.798,0.389,0.414,2.104,0.982,2.095,0.894,0.892,0.575,2.843,0.798,0.389,0.414,2.104,72.945
0.933,2.022,0.849,0.791,0.549,2.887,0.886,0.418,0.469,2.029,0.933,2.022,0.849,0.791,0.549,2.887,0.886,0.418,0.469,2.029,64.07
0.958,1.987,0.89,0.814,0.545,2.782,0.811,0.4,0.411,1.996,0.958,1.987,0.89,0.814,0.545,2.782,0.811,0.4,0.411,1.996,74.947
0.964,2.039,0.888,0.846,0.559,2.849,0.781,0.382,0.4,2.093,0.964,2.039,0.888,0.846,0.559,2.849,0.781,0.382,0.4,2.093,73.246
0.971,2.098,0.904,0.849,0.541,3.021,0.746,0.394,0.352,2.295,0.971,2.098,0.904,0.849,0.541,3.021,0.746,0.394,0.352,2.295,78.032
0.915,2.03,0.875,0.81,0.588,2.742,0.762,0.386,0.377,1.99,0.915,2.03,0.875,0.81,0.588,2.742,0.762,0.386,0.377,1.99,67.424
0.98,2.073,0.884,0.843,0.588,2.772,0.761,0.372,0.39,2.038,0.98,2.073,0.884,0.843,0.588,2.772,0.761,0.372,0.39,2.038,58.592
0.983,2.136,0.903,0.848,0.583,2.887,0.807,0.418,0.389,2.125,0.983,2.136,0.903,0.848,0.583,2.887,0.807,0.418,0.389,2.125,77.175
0.965,2.117,0.889,0.833,0.573,2.919,0.743,0.377,0.367,2.193,0.965,2.117,0.889,0.833,0.573,2.919,0.743,0.377,0.367,2.193,68.264
1.009,2.144,0.889,0.835,0.596,2.839,0.806,0.403,0.403,2.078,1.009,2.144,0.889,0.835,0.596,2.839,0.806,0.403,0.403,2.078,65.863
1.012,2.087,0.922,0.892,0.573,2.777,0.75,0.396,0.354,2.087,1.012,2.087,0.922,0.892,0.573,2.777,0.75,0.396,0.354,2.087,79.322
0.968,2.056,0.876,0.813,0.596,2.734,0.763,0.386,0.378,1.986,0.968,2.056,0.876,0.813,0.596,2.734,0.763,0.386,0.378,1.986,62.426
0.95,2.047,0.884,0.855,0.56,2.833,0.799,0.399,0.403,2.072,0.95,2.047,0.884,0.855,0.56,2.833,0.799,0.399,0.403,2.072,64.9
1.017,2.078,0.914,0.871,0.546,2.921,0.761,0.403,0.359,2.2,1.017,2.078,0.914,0.871,0.546,2.921,0.761,0.403,0.359,2.2,59.942
0.925,2.1,0.88,0.851,0.572,2.875,0.803,0.401,0.405,2.114,0.925,2.1,0.88,0.851,0.572,2.875,0.803,0.401,0.405,2.114,75.293
0.983,2.043,0.867,0.817,0.596,2.694,0.744,0.348,0.397,1.965,0.983,2.043,0.867,0.817,0.596,2.694,0.744,0.348,0.397,1.965,69.642
0.986,2.083,0.888,0.825,0.578,2.839,0.784,0.392,0.392,2.079,0.986,2.083,0.888,0.825,0.578,2.839,0.784,0.392,0.392,2.079,73.783
0.965,2.031,0.863,0.806,0.588,2.691,0.751,0.352,0.401,1.955,0.965,2.031,0.863,0.806,0.588,2.691,0.751,0.352,0.401,1.955,61.587
0.977,2.014,0.883,0.815,0.535,2.9,0.86,0.41,0.451,2.072,0.977,2.014,0.883,0.815,0.535,2.9,0.86,0.41,0.451,2.072,74.095
0.935,2.03,0.884,0.83,0.585,2.708,0.781,0.396,0.386,1.953,0.935,2.03,0.884,0.83,0.585,2.708,0.781,0.396,0.386,1.953,67.801
0.974,2.069,0.884,0.839,0.554,2.887,0.795,0.389,0.407,2.126,0.974,2.069,0.884,0.839,0.554,2.887,0.795,0.389,0.407,2.126,73.43
0.971,2.058,0.875,0.803,0.563,2.854,0.847,0.403,0.444,2.039,0.971,2.058,0.875,0.803,0.563,2.854,0.847,0.403,0.444,2.039,72.945
0.947,2.036,0.892,0.836,0.562,2.873,0.745,0.357,0.388,2.137,0.947,2.036,0.892,0.836,0.562,2.873,0.745,0.357,0.388,2.137,66.573
0.95,2.052,0.846,0.806,0.569,2.838,0.823,0.379,0.449,2.038,0.95,2.052,0.846,0.806,0.569,2.838,0.823,0.379,0.449,2.038,73.783
0.989,2.055,0.9,0.845,0.594,2.694,0.656,0.314,0.343,2.048,0.989,2.055,0.9,0.845,0.594,2.694,0.656,0.314,0.343,2.048,62.682
0.952,2.039,0.892,0.841,0.561,2.84,0.77,0.37,0.4,2.091,0.952,2.039,0.892,0.841,0.561,2.84,0.77,0.37,0.4,2.091,74.33

1.862,1.003,1.061,1.124,2.052,0.452,0.271,0.122,0.151,0.184,1.862,1.003,1.061,1.124,2.052,0.452,0.271,0.122,0.151,0.184,99.02
1.862,1.003,1.061,1.124,2.052,0.452,0.271,0.122,0.151,0.184,1.862,1.003,1.061,1.124,2.052,0.452,0.271,0.122,0.151,0.184,99.02
1.862,1.003,1.061,1.124,2.052,0.452,0.271,0.122,0.151,0.184,1.862,1.003,1.061,1.124,2.052,0.452,0.271,0.122,0.151,0.184,99.02
1.862,1.003,1.061,1.124,2.052,0.452,0.271,0.122,0.151,0.184,1.862,1.003,1.061,1.124,2.052,0.452,0.271,0.122,0.151,0.184,99.02
1.862,1.003,1.061,1.124,2.052,0.452,0.271,0.122,0.151,0.184,1.862,1.003,1.061,1.124,2.052,0.452,0.271,0.122,0.151,0.184,99.02
1.862,1.003,1.061,1.124,2.052,0.452,0.271,0.122,0.151,0.184,1.862,1.003,1.061,1.124,2.052,0.452,0.271,0.122,0.151,0.184,99.02
1.862,1.003,1.061,1.124,2.052,0.452,0.271,0.122,0.151,0.184,1.862,1.003,1.061,1.124,2.052,0.452,0.271,0.122,0.151,0.184,99.02
1.862,1.003,1.061,1.124,2.052,0.452,0.271,0.122,0.151,0.184,1.862,1.003,1.061,1.124,2.052,0.452,0.271,0.122,0.151,0.184,99.02
1.862,1.003,1.061,1.124,2.052,0.452,0.271,0.122,0.151,0.184,1.862,1.003,1.061,1.124,2.052,0.452,0.271,0.122,0.151,0.184,99.02
1.862,1.003,1.061,1.124,2.052,0.452,0.271,0.122,0.151,0.184,1.862,1.003,1.061,1.124,2.052,0.452,0.271,0.122,0.151,0.184,99.02
1.862,1.003,1.061,1.124,2.052,0.452,0.271,0.122,0.151,0.184,1.862,1.003,1.061,1.124,2.052,0.452,0.271,0.122,0.151,0.184,99.02
1.862,1.003,1.061,1.124,2.052,0.452,0.271,0.122,0.151,0.184,1.862,1.003,1.061,1.124,2.052,0.452,0.271,0.122,0.151,0.184,99.02
1.862,1.003,1.061,1.124,2.052,0.452,0.271,0.122,0.151,0.184,1.862,1.003,1.061,1.124,2.052,0.452,0.271,0.122,0.151,0.184,99.02
1.862,1.003,1.061,1.124,2.052,0.452,0.271,0.122,0.151,0.184,1.862,1.003,1.061,1.124,2.052,0.452,0.271,0.122,0.151,0.184,99.02
1.862,1.003,1.061,1.124,2.052,0.452,0.271,0.122,0.151,0.184,1.862,1.003,1.061,1.124,2.052,0.452,0.271,0.122,0.151,0.184,99.02
1.862,1.003,1.061,1.124,2.052,0.452,0.271,0.122,0.151,0.184,1.862,1.003,1.061,1.124,2.052,0.452,0.271,0.122,0.151,0.184,99.02
1.862,1.003,1.061,1.124,2.052,0.452,0.271,0.122,0.151,0.184,1.862,1.003,1.061,1.124,2.052,0.452,0.271,0.122,0.151,0.184,99.02
1.862,1.003,1.061,1.124,2.052,0.452,0.271,0.122,0.151,0.184,1.862,1.003,1.061,1.124,2.052,0.452,0.271,0.122,0.151,0.184,99.02
1.862,1.003,1.061,1.124,2.052,0.452,0.271,0.122,0.151,0.184,1.862,1.003,1.061,1.124,2.052,0.452,0.271,0.122,0.151,0.184,99.02
1.862,1.003,1.061,1.124,2.052,0.452,0.271,0.122,0.151,0.184,1.862,1.003,1.061,1.124,2.052,0.452,0.271,0.122,0.151,0.184,99.02
1.862,1.003,1.061,1.124,2.052,0.452,0.271,0.122,0.151,0.184,1.862,1.003,1.061,1.124,2.052,0.452,0.271,0.122,0.151,0.184,99.02
1.862,1.003,1.061,1.124,2.052,0.452,0.271,0.122,0.151,0.184,1.862,1.003,1.061,1.124,2.052,0.452,0.271,0.122,0.151,0.184,99.02
1.862,1.003,1.061,1.124,2.052,0.452,0.271,0.122,0.151,0.184,1.862,1.003,1.061,1.124,2.052,0.452,0.271,0.122,0.151,0.184,99.02
1.862,1.003,1.061,1.124,2.052,0.452,0.271,0.122,0.151,0.184,1.862,1.003,1.061,1.124,2.052,0.452,0.271,0.122,0.151,0.184,99.02
1.862,1.003,1.061,1.124,2.052,0.452,0.271,0.122,0.151,0.184,1.862,1.003,1.061,1.124,2.052,0.452,0.271,0.122,0.151,0.184,99.02
1.862,1.003,1.061,1.124,2.052,0.452,0.271,0.122,0.151,0.184,1.862,1.003,1.061,1.124,2.052,0.452,0.271,0.122,0.151,0.184,99.02
1.862,1.003,1.061,1.124,2.052,0.452,0.271,0.122,0.151,0.184,1.862,1.003,1.061,1.124,2.052,0.452,0.271,0.122,0.151,0.184,99.02
1.862,1.003,1.061,1.124,2.052,0.452,0.271,0.122,0.151,0.184,1.862,1.003,1.061,1.124,2.052,0.452,0.271,0.122,0.151,0.184,99.02
1.862,1.003,1.061,1.124,2.052,0.452,0.271,0.122,0.151,0.184,1.862,1.003,1.061,1.124,2.052,0.452,0.271,0.122,0.151,0.184,99.02
1.862,1.003,1.061,1.124,2.052,0.452,0.271,0.122,0.151,0.184,1.862,1.003,1.061,1.124,2.052,0.452,0.271,0.122,0.151,0.184,99.02
1.862,1.003,1.061,1.124,2.052,0.452,0.271,0.122,0.151,0.184,1.862,1.003,1.061,1.124,2.052,0.452,0.271,0.122,0.151,0.184,99.02
1.862,1.003,1.061,1.124,2.052,0.452,0.271,0.122,0.151,0.184,1.862,1.003,1.061,1.124,2.052,0.452,0.271,0.122,0.151,0.184,99.02
1.862,1.003,1.061,1.124,2.052,0.452,0.271,0.122,0.151,0.184,1.862,1.003,1.061,1.124,2.052,0.452,0.271,0.122,0.151,0.184,99.02
1.862,1.003,1.061,1.124,2.052,0.452,0.271,0.122,0.151,0.184,1.862,1.003,1.061,1.124,2.052,0.452,0.271,0.122,0.151,0.184,99.02
1.862,1.003,1.061,1.124,2.052,0.452,0.271,0.122,0.151,0.184,1.862,1.003,1.061,1.124,2.052,0.452,0.271,0.122,0.151,0.184,99.02
1.862,1.003,1.061,1.124,2.052,0.452,0.271,0.122,0.151,0.184,1.862,1.003,1.061,1.124,2.052,0.452,0.271,0.122,0.151,0.184,99.02
1.862,1.003,1.061,1.124,2.052,0.452,0.271,0.122,0.151,0.184,1.862,1.003,1.061,1.124,2.052,0.452,0.271,0.122,0.151,0.184,99.02
1.862,1.003,1.061,1.124,2.052,0.452,0.271,0.122,0.151,0.184,1.862,1.003,1.061,1.124,2.052,0.452,0.271,0.122,0.151,0.184,99.02
1.862,1.003,1.061,1.124,2.052,0.452,0.271,0.122,0.151,0.184,1.862,1.003,1.061,1.124,2.052,0.452,0.271,0.122,0.151,0.184,99.02
1.862,1.003,1.061,1.124,2.052,0.452,0.271,0.122,0.151,0.184,1.862,1.003,1.061,1.124,2.052,0.452,0.271,0.122,0.151,0.184,99.02
1.862,1.003,1.061,1.124,2.052,0.452,0.271,0.122,0.151,0.184,1.862,1.003,1.061,1.124,2.052,0.452,0.271,0.122,0.151,0.184,99.02
1.862,1.003,1.061,1.124,2.052,0.452,0.271,0.122,0.151,0.184,1.862,1.003,1.061,1.124,2.052,0.452,0.271,0.122,0.151,0.184,99.02
1.862,1.003,1.061,1.124,2.052,0.452,0.271,0.122,0.151,0.184,1.862,1.003,1.061,1.124,2.052,0.452,0.271,0.122,0.151,0.184,99.02
1.862,1.003,1.061,1.124,2.052,0.452,0.271,0.122,0.151,0.184,1.862,1.003,1.061,1.124,2.052,0.452,0.271,0.122,0.151,0.184,99.02
1.862,1.003,1.061,1.124,2.052,0.452,0.271,0.122,0.151,0.184,1.862,1.003,1.061,1.124,2.052,0.452,0.271,0.122,0.151,0.184,99.02
1.862,1.003,1.061,1.124,2.052,0.452,0.271,0.122,0.151,0.184,1.862,1.003,1.061,1.124,2.052,0.452,0.271,0.122,0.151,0.184,99.02
1.862,1.003,1.061,1.124,2.052,0.452,0.271,0.122,0.151,0.184,1.862,1.003,1.061,1.124,2.052,0.452,0.271,0.122,0.151,0.184,99.02
1.862,1.003,1.061,1.124,2.052,0.452,0.271,0.122,0.151,0.184,1.862,1.003,1.061,1.124,2.052,0.452,0.271,0.122,0.151,0.184,99.02
1.862,1.003,1.061,1.124,2.052,0.452,0.271,0.122,0.151,0.184,1.862,1.003,1.061,1.124,2.052,0.452,0.271,0.122,0.151,0.184,99.02
1.862,1.003,1.061,1.124,2.052,0.452,0.271,0.122,0.151,0.184,1.862,1.003,1.061,1.124,2.052,0.452,0.271,0.122,0.151,0.184,99.02
1.862,1.003,1.061,1.124,2.052,0.452,0.271,0.122,0.151,0.184,1.862,1.003,1.061,1.124,2.052,0.452,0.271,0.122,0.151,0.184,99.02

0.396,0.97,0.373,0.323,0.141,4.965,4.793,1.015,4.731,3.318,0.396,0.97,0.373,0.323,0.141,4.965,4.793,1.015,4.731,3.318,1.414
0.396,0.97,0.373,0.323,0.141,4.965,4.793,1.015,4.731,3.318,0.396,0.97,0.373,0.323,0.141,4.965,4.793,1.015,4.731,3.318,1.414
0.396,0.97,0.373,0.323,0.141,4.965,4.793,1.015,4.731,3.318,0.396,0.97,0.373,0.323,0.141,4.965,4.793,1.015,4.731,3.318,1.414
0.396,0.97,0.373,0.323,0.141,4.965,4.793,1.015,4.731,3.318,0.396,0.97,0.373,0.323,0.141,4.965,4.793,1.015,4.731,3.318,1.414
0.396,0.97,0.373,0.323,0.141,4.965,4.793,1.015,4.731,3.318,0.396,0.97,0.373,0.323,0.141,4.965,4.793,1.015,4.731,3.318,1.414
0.396,0.97,0.373,0.323,0.141,4.965,4.793,1.015,4.731,3.318,0.396,0.97,0.373,0.323,0.141,4.965,4.793,1.015,4.731,3.318,1.414
0.396,0.97,0.373,0.323,0.141,4.965,4.793,1.015,4.731,3.318,0.396,0.97,0.373,0.323,0.141,4.965,4.793,1.015,4.731,3.318,1.414
0.396,0.97,0.373,0.323,0.141,4.965,4.793,1.015,4.731,3.318,0.396,0.97,0.373,0.323,0.141,4.965,4.793,1.015,4.731,3.318,1.414
0.396,0.97,0.373,0.323,0.141,4.965,4.793,1.015,4.731,3.318,0.396,0.97,0.373,0.323,0.141,4.965,4.793,1.015,4.731,3.318,1.414
0.396,0.97,0.373,0.323,0.141,4.965,4.793,1.015,4.731,3.318,0.396,0.97,0.373,0.323,0.141,4.965,4.793,1.015,4.731,3.318,1.414
0.396,0.97,0.373,0.323,0.141,4.965,4.793,1.015,4.731,3.318,0.396,0.97,0.373,0.323,0.141,4.965,4.793,1.015,4.731,3.318,1.414
0.396,0.97,0.373,0.323,0.141,4.965,4.793,1.015,4.731,3.318,0.396,0.97,0.373,0.323,0.141,4.965,4.793,1.015,4.731,3.318,1.414
0.396,0.97,0.373,0.323,0.141,4.965,4.793,1.015,4.731,3.318,0.396,0.97,0.373,0.323,0.141,4.965,4.793,1.015,4.731,3.318,1.414
0.396,0.97,0.373,0.323,0.141,4.965,4.793,1.015,4.731,3.318,0.396,0.97,0.373,0.323,0.141,4.965,4.793,1.015,4.731,3.318,1.414
0.396,0.97,0.373,0.323,0.141,4.965,4.793,1.015,4.731,3.318,0.396,0.97,0.373,0.323,0.141,4.965,4.793,1.015,4.731,3.318,1.414
0.396,0.97,0.373,0.323,0.141,4.965,4.793,1.015,4.731,3.318,0.396,0.97,0.373,0.323,0.141,4.965,4.793,1.015,4.731,3.318,1.414
0.396,0.97,0.373,0.323,0.141,4.965,4.793,1.015,4.731,3.318,0.396,0.97,0.373,0.323,0.141,4.965,4.793,1.015,4.731,3.318,1.414
0.396,0.97,0.373,0.323,0.141,4.965,4.793,1.015,4.731,3.318,0.396,0.97,0.373,0.323,0.141,4.965,4.793,1.015,4.731,3.318,1.414
0.396,0.97,0.373,0.323,0.141,4.965,4.793,1.015,4.731,3.318,0.396,0.97,0.373,0.323,0.141,4.965,4.793,1.015,4.731,3.318,1.414
0.396,0.97,0.373,0.323,0.141,4.965,4.793,1.015,4.731,3.318,0.396,0.97,0.373,0.323,0.141,4.965,4.793,1.015,4.731,3.318,1.414
0.396,0.97,0.373,0.323,0.141,4.965,4.793,1.015,4.731,3.318,0.396,0.97,0.373,0.323,0.141,4.965,4.793,1.015,4.731,3.318,1.414
0.396,0.97,0.373,0.323,0.141,4.965,4.793,1.015,4.731,3.318,0.396,0.97,0.373,0.323,0.141,4.965,4.793,1.015,4.731,3.318,1.414
0.396,0.97,0.373,0.323,0.141,4.965,4.793,1.015,4.731,3.318,0.396,0.97,0.373,0.323,0.141,4.965,4.793,1.015,4.731,3.318,1.414
0.396,0.97,0.373,0.323,0.141,4.965,4.793,1.015,4.731,3.318,0.396,0.97,0.373,0.323,0.141,4.965,4.793,1.015,4.731,3.318,1.414
0.396,0.97,0.373,0.323,0.141,4.965,4.793,1.015,4.731,3.318,0.396,0.97,0.373,0.323,0.141,4.965,4.793,1.015,4.731,3.318,1.414
0.396,0.97,0.373,0.323,0.141,4.965,4.793,1.015,4.731,3.318,0.396,0.97,0.373,0.323,0.141,4.965,4.793,1.015,4.731,3.318,1.414
0.396,0.97,0.373,0.323,0.141,4.965,4.793,1.015,4.731,3.318,0.396,0.97,0.373,0.323,0.141,4.965,4.793,1.015,4.731,3.318,1.414
0.396,0.97,0.373,0.323,0.141,4.965,4.793,1.015,4.731,3.318,0.396,0.97,0.373,0.323,0.141,4.965,4.793,1.015,4.731,3.318,1.414
0.396,0.97,0.373,0.323,0.141,4.965,4.793,1.015,4.731,3.318,0.396,0.97,0.373,0.323,0.141,4.965,4.793,1.015,4.731,3.318,1.414
0.396,0.97,0.373,0.323,0.141,4.965,4.793,1.015,4.731,3.318,0.396,0.97,0.373,0.323,0.141,4.965,4.793,1.015,4.731,3.318,1.414
0.396,0.97,0.373,0.323,0.141,4.965,4.793,1.015,4.731,3.318,0.396,0.97,0.373,0.323,0.141,4.965,4.793,1.015,4.731,3.318,1.414
0.396,0.97,0.373,0.323,0.141,4.965,4.793,1.015,4.731,3.318,0.396,0.97,0.373,0.323,0.141,4.965,4.793,1.015,4.731,3.318,1.414
0.396,0.97,0.373,0.323,0.141,4.965,4.793,1.015,4.731,3.318,0.396,0.97,0.373,0.323,0.141,4.965,4.793,1.015,4.731,3.318,1.414
0.396,0.97,0.373,0.323,0.141,4.965,4.793,1.015,4.731,3.318,0.396,0.97,0.373,0.323,0.141,4.965,4.793,1.015,4.731,3.318,1.414
0.396,0.97,0.373,0.323,0.141,4.965,4.793,1.015,4.731,3.318,0.396,0.97,0.373,0.323,0.141,4.965,4.793,1.015,4.731,3.318,1.414
0.396,0.97,0.373,0.323,0.141,4.965,4.793,1.015,4.731,3.318,0.396,0.97,0.373,0.323,0.141,4.965,4.793,1.015,4.731,3.318,1.414
0.396,0.97,0.373,0.323,0.141,4.965,4.793,1.015,4.731,3.318,0.396,0.97,0.373,0.323,0.141,4.965,4.793,1.015,4.731,3.318,1.414
0.396,0.97,0.373,0.323,0.141,4.965,4.793,1.015,4.731,3.318,0.396,0.97,0.373,0.323,0.141,4.965,4.793,1.015,4.731,3.318,1.414
0.396,0.97,0.373,0.323,0.141,4.965,4.793,1.015,4.731,3.318,0.396,0.97,0.373,0.323,0.141,4.965,4.793,1.015,4.731,3.318,1.414
0.396,0.97,0.373,0.323,0.141,4.965,4.793,1.015,4.731,3.318,0.396,0.97,0.373,0.323,0.141,4.965,4.793,1.015,4.731,3.318,1.414
0.396,0.97,0.373,0.323,0.141,4.965,4.793,1.015,4.731,3.318,0.396,0.97,0.373,0.323,0.141,4.965,4.793,1.015,4.731,3.318,1.414
0.396,0.97,0.373,0.323,0.141,4.965,4.793,1.015,4.731,3.318,0.396,0.97,0.373,0.323,0.141,4.965,4.793,1.015,4.731,3.318,1.414
0.396,0.97,0.373,0.323,0.141,4.965,4.793,1.015,4.731,3.318,0.396,0.97,0.373,0.323,0.141,4.965,4.793,1.015,4.731,3.318,1.414
0.396,0.97,0.373,0.323,0.141,4.965,4.793,1.015,4.731,3.318,0.396,0.97,0.373,0.323,0.141,4.965,4.793,1.015,4.731,3.318,1.414
0.396,0.97,0.373,0.323,0.141,4.965,4.793,1.015,4.731,3.318,0.396,0.97,0.373,0.323,0.141,4.965,4.793,1.015,4.731,3.318,1.414
0.396,0.97,0.373,0.323,0.141,4.965,4.793,1.015,4.731,3.318,0.396,0.97,0.373,0.323,0.141,4.965,4.793,1.015,4.731,3.318,1.414
0.396,0.97,0.373,0.323,0.141,4.965,4.793,1.015,4.731,3.318,0.396,0.97,0.373,0.323,0.141,4.965,4.793,1.015,4.731,3.318,1.414
0.396,0.97,0.373,0.323,0.141,4.965,4.793,1.015,4.731,3.318,0.396,0.97,0.373,0.323,0.141,4.965,4.793,1.015,4.731,3.318,1.414
0.396,0.97,0.373,0.323,0.141,4.965,4.793,1.015,4.731,3.318,0.396,0.97,0.373,0.323,0.141,4.965,4.793,1.015,4.731,3.318,1.414
0.396,0.97,0.373,0.323,0.141,4.965,4.793,1.015,4.731,3.318,0.396,0.97,0.373,0.323,0.141,4.965,4.793,1.015,4.731,3.318,1.414
0.396,0.97,0.373,0.323,0.141,4.965,4.793,1.015,4.731,3.318,0.396,0.97,0.373,0.323,0.141,4.965,4.793,1.015,4.731,3.318,1.414

1.276,1.81,0.504,0.489,1.035,1.279,0.562,0.166,0.481,0.883,1.276,1.81,0.504,0.489,1.035,1.279,0.562,0.166,0.481,0.883,17.72
1.371,1.95,0.5,0.46,1.127,1.323,0.54,0.18,0.444,0.95,1.371,1.95,0.5,0.46,1.127,1.323,0.54,0.18,0.444,0.95,17.72
1.299,1.826,0.455,0.49,1.076,1.244,0.545,0.213,0.508,0.869,1.299,1.826,0.455,0.49,1.076,1.244,0.545,0.213,0.508,0.869,16.763
1.321,1.851,0.536,0.517,1.063,1.255,0.525,0.202,0.437,0.914,1.321,1.851,0.536,0.517,1.063,1.255,0.525,0.202,0.437,0.914,17.088
1.287,1.81,0.521,0.507,1.039,1.256,0.539,0.188,0.461,0.876,1.287,1.81,0.521,0.507,1.039,1.256,0.539,0.188,0.461,0.876,16.763
1.285,1.854,0.501,0.497,1.027,1.323,0.558,0.175,0.486,0.941,1.285,1.854,0.501,0.497,1.027,1.323,0.558,0.175,0.486,0.941,19.313
1.36,1.878,0.501,0.492,1.11,1.249,0.519,0.167,0.45,0.897,1.36,1.878,0.501,0.492,1.11,1.249,0.519,0.167,0.45,0.897,16.492
1.417,1.966,0.554,0.536,1.151,1.244,0.481,0.198,0.388,0.944,1.417,1.966,0.554,0.536,1.151,1.244,0.481,0.198,0.388,0.944,17.464
1.339,1.896,0.494,0.492,1.104,1.273,0.529,0.17,0.459,0.914,1.339,1.896,0.494,0.492,1.104,1.273,0.529,0.17,0.459,0.914,17.088
1.339,1.882,0.5,0.485,1.078,1.296,0.528,0.159,0.464,0.923,1.339,1.882,0.5,0.485,1.078,1.296,0.528,0.159,0.464,0.923,15.811
1.321,1.87,0.478,0.473,1.054,1.326,0.546,0.156,0.495,0.941,1.321,1.87,0.478,0.473,1.054,1.326,0.546,0.156,0.495,0.941,17.72
1.343,1.898,0.522,0.524,1.085,1.268,0.523,0.207,0.441,0.943,1.343,1.898,0.522,0.524,1.085,1.268,0.523,0.207,0.441,0.943,17.464
1.297,1.812,0.436,0.453,1.084,1.256,0.575,0.198,0.521,0.861,1.297,1.812,0.436,0.453,1.084,1.256,0.575,0.198,0.521,0.861,17.72
1.367,1.887,0.499,0.473,1.122,1.261,0.527,0.182,0.447,0.898,1.367,1.887,0.499,0.473,1.122,1.261,0.527,0.182,0.447,0.898,16.492
1.299,1.797,0.486,0.492,1.011,1.29,0.553,0.194,0.511,0.922,1.299,1.797,0.486,0.492,1.011,1.29,0.553,0.194,0.511,0.922,15.811
1.2,1.688,0.46,0.441,0.948,1.315,0.633,0.175,0.571,0.863,1.2,1.688,0.46,0.441,0.948,1.315,0.633,0.175,0.571,0.863,17.72
1.199,1.685,0.458,0.451,0.998,1.24,0.611,0.22,0.547,0.787,1.199,1.685,0.458,0.451,0.998,1.24,0.611,0.22,0.547,0.787,16.763
1.354,1.921,0.507,0.501,1.075,1.322,0.514,0.158,0.458,0.971,1.354,1.921,0.507,0.501,1.075,1.322,0.514,0.158,0.458,0.971,17.088
1.334,1.877,0.521,0.511,1.063,1.285,0.521,0.185,0.451,0.933,1.334,1.877,0.521,0.511,1.063,1.285,0.521,0.185,0.451,0.933,16.763
1.301,1.823,0.492,0.496,1.042,1.273,0.539,0.18,0.488,0.895,1.301,1.823,0.492,0.496,1.042,1.273,0.539,0.18,0.488,0.895,16.492
1.361,1.906,0.534,0.525,1.1,1.256,0.506,0.156,0.427,0.934,1.361,1.906,0.534,0.525,1.1,1.256,0.506,0.156,0.427,0.934,16.492
1.342,1.875,0.537,0.532,1.044,1.285,0.509,0.158,0.444,0.961,1.342,1.875,0.537,0.532,1.044,1.285,0.509,0.158,0.444,0.961,17.72
1.352,1.885,0.514,0.492,1.11,1.257,0.519,0.184,0.438,0.898,1.352,1.885,0.514,0.492,1.11,1.257,0.519,0.184,0.438,0.898,16.492
1.388,1.925,0.529,0.533,1.112,1.252,0.493,0.189,0.423,0.945,1.388,1.925,0.529,0.533,1.112,1.252,0.493,0.189,0.423,0.945,14.866
1.29,1.793,0.48,0.459,1.063,1.256,0.57,0.172,0.49,0.859,1.29,1.793,0.48,0.459,1.063,1.256,0.57,0.172,0.49,0.859,16.492
1.381,1.921,0.507,0.501,1.159,1.229,0.516,0.203,0.425,0.9,1.381,1.921,0.507,0.501,1.159,1.229,0.516,0.203,0.425,0.9,14.56
1.353,1.868,0.507,0.473,1.095,1.273,0.529,0.172,0.451,0.898,1.353,1.868,0.507,0.473,1.095,1.273,0.529,0.172,0.451,0.898,16.492
1.321,1.851,0.479,0.479,1.094,1.256,0.548,0.18,0.476,0.888,1.321,1.851,0.479,0.479,1.094,1.256,0.548,0.18,0.476,0.888,16.492
1.333,1.891,0.486,0.512,1.089,1.268,0.52,0.177,0.472,0.924,1.333,1.891,0.486,0.512,1.089,1.268,0.52,0.177,0.472,0.924,17.72
1.393,1.943,0.525,0.486,1.159,1.258,0.509,0.161,0.411,0.911,1.393,1.943,0.525,0.486,1.159,1.258,0.509,0.161,0.411,0.911,15.524
1.39,1.94,0.523,0.514,1.129,1.264,0.511,0.18,0.423,0.954,1.39,1.94,0.523,0.514,1.129,1.264,0.511,0.18,0.423,0.954,16.763
1.259,1.734,0.505,0.481,1.003,1.249,0.563,0.172,0.493,0.832,1.259,1.734,0.505,0.481,1.003,1.249,0.563,0.172,0.493,0.832,15.524
1.353,1.864,0.521,0.473,1.085,1.282,0.53,0.167,0.441,0.904,1.353,1.864,0.521,0.473,1.085,1.282,0.53,0.167,0.441,0.904,16.279
1.333,1.912,0.574,0.532,1.058,1.305,0.505,0.186,0.403,0.962,1.333,1.912,0.574,0.532,1.058,1.305,0.505,0.186,0.403,0.962,19.313
1.327,1.845,0.501,0.504,1.098,1.224,0.529,0.189,0.455,0.872,1.327,1.845,0.501,0.504,1.098,1.224,0.529,0.189,0.455,0.872,15.524
1.346,1.885,0.515,0.492,1.099,1.268,0.524,0.173,0.441,0.906,1.346,1.885,0.515,0.492,1.099,1.268,0.524,0.173,0.441,0.906,18.248
1.308,1.845,0.515,0.465,1.079,1.281,0.558,0.184,0.45,0.888,1.308,1.845,0.515,0.465,1.079,1.281,0.558,0.184,0.45,0.888,17.464
1.374,1.923,0.512,0.525,1.191,1.187,0.516,0.198,0.413,0.869,1.374,1.923,0.512,0.525,1.191,1.187,0.516,0.198,0.413,0.869,16.763
1.346,1.881,0.5,0.486,1.1,1.269,0.524,0.169,0.454,0.906,1.346,1.881,0.5,0.486,1.1,1.269,0.524,0.169,0.454,0.906,17.263
1.309,1.86,0.487,0.44,1.071,1.326,0.572,0.155,0.48,0.914,1.309,1.86,0.487,0.44,1.071,1.326,0.572,0.155,0.48,0.914,17.72
1.329,1.842,0.507,0.497,1.075,1.252,0.534,0.191,0.459,0.899,1.329,1.842,0.507,0.497,1.075,1.252,0.534,0.191,0.459,0.899,15.811
1.284,1.802,0.451,0.447,1.074,1.264,0.581,0.178,0.511,0.861,1.284,1.802,0.451,0.447,1.074,1.264,0.581,0.178,0.511,0.861,17.464
1.322,1.855,0.516,0.498,1.09,1.247,0.538,0.182,0.445,0.898,1.322,1.855,0.516,0.498,1.09,1.247,0.538,0.182,0.445,0.898,16.763
1.213,1.707,0.469,0.487,0.995,1.229,0.592,0.178,0.534,0.821,1.213,1.707,0.469,0.487,0.995,1.229,0.592,0.178,0.534,0.821,17.263
1.316,1.869,0.501,0.506,1.029,1.324,0.531,0.141,0.485,0.962,1.316,1.869,0.501,0.506,1.029,1.324,0.531,0.141,0.485,0.962,18.682
1.328,1.841,0.494,0.51,1.094,1.22,0.528,0.184,0.463,0.873,1.328,1.841,0.494,0.51,1.094,1.22,0.528,0.184,0.463,0.873,15.297
1.328,1.854,0.543,0.506,1.039,1.298,0.523,0.166,0.44,0.933,1.328,1.854,0.543,0.506,1.039,1.298,0.523,0.166,0.44,0.933,17.464
1.352,1.885,0.509,0.492,1.094,1.274,0.516,0.142,0.45,0.908,1.352,1.885,0.509,0.492,1.094,1.274,0.516,0.142,0.45,0.908,15.524
1.296,1.815,0.478,0.466,1.064,1.269,0.558,0.18,0.491,0.879,1.296,1.815,0.478,0.466,1.064,1.269,0.558,0.18,0.491,0.879,15.811
1.266,1.789,0.507,0.489,1.034,1.259,0.561,0.184,0.476,0.869,1.266,1.789,0.507,0.489,1.034,1.259,0.561,0.184,0.476,0.869,16.763
1.301,1.845,0.538,0.509,1.074,1.247,0.534,0.176,0.432,0.889,1.301,1.845,0.538,0.509,1.074,1.247,0.534,0.176,0.432,0.889,14.56

1.343,2.257,0.838,0.682,0.666,2.478,0.482,0.236,0.247,2.042,1.343,2.257,0.838,0.682,0.666,2.478,0.482,0.236,0.247,2.042,20.518
1.316,2.202,0.861,0.707,0.631,2.509,0.479,0.252,0.227,2.059,1.316,2.202,0.861,0.707,0.631,2.509,0.479,0.252,0.227,2.059,30.48
1.46,2.361,0.85,0.688,0.78,2.24,0.407,0.21,0.198,1.862,1.46,2.361,0.85,0.688,0.78,2.24,0.407,0.21,0.198,1.862,26.249
1.345,2.305,0.853,0.668,0.696,2.47,0.493,0.277,0.217,1.999,1.345,2.305,0.853,0.668,0.696,2.47,0.493,0.277,0.217,1.999,29.698
1.409,2.21,0.837,0.684,0.732,2.188,0.439,0.21,0.232,1.78,1.409,2.21,0.837,0.684,0.732,2.188,0.439,0.21,0.232,1.78,21.26
1.422,2.287,0.851,0.71,0.72,2.298,0.422,0.205,0.218,1.885,1.422,2.287,0.851,0.71,0.72,2.298,0.422,0.205,0.218,1.885,23.409
1.318,2.193,0.846,0.687,0.655,2.433,0.484,0.248,0.237,1.997,1.318,2.193,0.846,0.687,0.655,2.433,0.484,0.248,0.237,1.997,29.732
1.533,2.336,0.853,0.672,0.87,1.992,0.385,0.212,0.173,1.628,1.533,2.336,0.853,0.672,0.87,1.992,0.385,0.212,0.173,1.628,17.205
1.302,2.214,0.842,0.663,0.651,2.498,0.531,0.284,0.247,1.997,1.302,2.214,0.842,0.663,0.651,2.498,0.531,0.284,0.247,1.997,26.907
1.314,2.254,0.837,0.663,0.669,2.489,0.517,0.265,0.253,1.999,1.314,2.254,0.837,0.663,0.669,2.489,0.517,0.265,0.253,1.999,26.833
1.345,2.265,0.856,0.678,0.684,2.432,0.481,0.265,0.217,1.982,1.345,2.265,0.856,0.678,0.684,2.432,0.481,0.265,0.217,1.982,26.173
1.547,2.295,0.851,0.696,0.863,1.943,0.362,0.182,0.183,1.599,1.547,2.295,0.851,0.696,0.863,1.943,0.362,0.182,0.183,1.599,12.207
1.359,2.293,0.851,0.674,0.695,2.437,0.483,0.259,0.226,1.975,1.359,2.293,0.851,0.674,0.695,2.437,0.483,0.259,0.226,1.975,25.0
1.33,2.212,0.837,0.663,0.68,2.377,0.505,0.259,0.248,1.9,1.33,2.212,0.837,0.663,0.68,2.377,0.505,0.259,0.248,1.9,24.207
1.439,2.214,0.845,0.678,0.764,2.083,0.423,0.218,0.206,1.697,1.439,2.214,0.845,0.678,0.764,2.083,0.423,0.218,0.206,1.697,20.809
1.29,2.236,0.844,0.673,0.637,2.569,0.521,0.273,0.248,2.088,1.29,2.236,0.844,0.673,0.637,2.569,0.521,0.273,0.248,2.088,31.828
1.431,2.284,0.856,0.696,0.748,2.224,0.418,0.22,0.198,1.826,1.431,2.284,0.856,0.696,0.748,2.224,0.418,0.22,0.198,1.826,26.249
1.316,2.227,0.844,0.676,0.652,2.485,0.501,0.258,0.244,2.03,1.316,2.227,0.844,0.676,0.652,2.485,0.501,0.258,0.244,2.03,25.612
1.365,2.244,0.84,0.686,0.697,2.348,0.465,0.227,0.239,1.903,1.365,2.244,0.84,0.686,0.697,2.348,0.465,0.227,0.239,1.903,28.284
1.347,2.194,0.854,0.685,0.672,2.352,0.476,0.252,0.229,1.911,1.347,2.194,0.854,0.685,0.672,2.352,0.476,0.252,0.229,1.911,26.907
1.322,2.217,0.844,0.689,0.655,2.453,0.485,0.242,0.242,1.999,1.322,2.217,0.844,0.689,0.655,2.453,0.485,0.242,0.242,1.999,28.844
1.448,2.276,0.838,0.682,0.773,2.153,0.415,0.203,0.213,1.772,1.448,2.276,0.838,0.682,0.773,2.153,0.415,0.203,0.213,1.772,23.431
1.326,2.256,0.83,0.661,0.677,2.452,0.506,0.253,0.253,1.983,1.326,2.256,0.83,0.661,0.677,2.452,0.506,0.253,0.253,1.983,28.16
1.389,2.27,0.859,0.684,0.719,2.308,0.449,0.247,0.202,1.885,1.389,2.27,0.859,0.684,0.719,2.308,0.449,0.247,0.202,1.885,19.235
1.29,2.201,0.84,0.686,0.632,2.528,0.513,0.25,0.263,2.042,1.29,2.201,0.84,0.686,0.632,2.528,0.513,0.25,0.263,2.042,33.242
1.359,2.176,0.83,0.678,0.695,2.273,0.472,0.225,0.247,1.839,1.359,2.176,0.83,0.678,0.695,2.273,0.472,0.225,0.247,1.839,26.249
1.415,2.325,0.835,0.69,0.736,2.318,0.432,0.205,0.227,1.906,1.415,2.325,0.835,0.69,0.736,2.318,0.432,0.205,0.227,1.906,24.042
1.348,2.277,0.854,0.663,0.7,2.399,0.494,0.277,0.221,1.925,1.348,2.277,0.854,0.663,0.7,2.399,0.494,0.277,0.221,1.925,28.425
1.309,2.22,0.857,0.686,0.642,2.509,0.505,0.271,0.237,2.026,1.309,2.22,0.857,0.686,0.642,2.509,0.505,0.271,0.237,2.026,27.019
1.352,2.353,0.849,0.671,0.7,2.509,0.481,0.255,0.231,2.053,1.352,2.353,0.849,0.671,0.7,2.509,0.481,0.255,0.231,2.053,27.857
1.331,2.204,0.84,0.673,0.669,2.377,0.493,0.249,0.248,1.917,1.331,2.204,0.84,0.673,0.669,2.377,0.493,0.249,0.248,1.917,28.178
1.393,2.231,0.84,0.669,0.739,2.227,0.462,0.237,0.227,1.789,1.393,2.231,0.84,0.669,0.739,2.227,0.462,0.237,0.227,1.789,24.207
1.375,2.24,0.844,0.673,0.711,2.302,0.467,0.245,0.222,1.868,1.375,2.24,0.844,0.673,0.711,2.302,0.467,0.245,0.222,1.868,12.369
1.443,2.21,0.827,0.655,0.798,2.021,0.436,0.218,0.218,1.614,1.443,2.21,0.827,0.655,0.798,2.021,0.436,0.218,0.218,1.614,29.53
1.459,2.319,0.854,0.655,0.81,2.115,0.429,0.246,0.184,1.711,1.459,2.319,0.854,0.655,0.81,2.115,0.429,0.246,0.184,1.711,26.627
1.363,2.259,0.84,0.669,0.703,2.363,0.483,0.247,0.237,1.903,1.363,2.259,0.84,0.669,0.703,2.363,0.483,0.247,0.237,1.903,16.492
1.528,2.276,0.839,0.665,0.867,1.912,0.388,0.2,0.189,1.551,1.528,2.276,0.839,0.665,0.867,1.912,0.388,0.2,0.189,1.551,14.142
1.434,2.251,0.829,0.653,0.785,2.115,0.444,0.227,0.218,1.715,1.434,2.251,0.829,0.653,0.785,2.115,0.444,0.227,0.218,1.715,17.692
1.436,2.239,0.849,0.673,0.768,2.117,0.432,0.237,0.197,1.709,1.436,2.239,0.849,0.673,0.768,2.117,0.432,0.237,0.197,1.709,22.023
1.355,2.3,0.841,0.666,0.704,2.416,0.482,0.253,0.23,1.962,1.355,2.3,0.841,0.666,0.704,2.416,0.482,0.253,0.23,1.962,26.0
1.49,2.342,0.852,0.674,0.827,2.117,0.41,0.22,0.192,1.722,1.49,2.342,0.852,0.674,0.827,2.117,0.41,0.22,0.192,1.722,19.416
1.392,2.281,0.844,0.672,0.744,2.263,0.449,0.235,0.214,1.844,1.392,2.281,0.844,0.672,0.744,2.263,0.449,0.235,0.214,1.844,26.249
1.516,2.27,0.841,0.688,0.84,1.961,0.375,0.184,0.192,1.613,1.516,2.27,0.841,0.688,0.84,1.961,0.375,0.184,0.192,1.613,8.602
1.531,2.302,0.845,0.669,0.882,1.932,0.38,0.204,0.177,1.58,1.531,2.302,0.845,0.669,0.882,1.932,0.38,0.204,0.177,1.58,28.636
1.459,2.325,0.843,0.66,0.806,2.146,0.428,0.235,0.195,1.742,1.459,2.325,0.843,0.66,0.806,2.146,0.428,0.235,0.195,1.742,23.022
1.5,2.345,0.856,0.678,0.831,2.084,0.396,0.218,0.178,1.706,1.5,2.345,0.856,0.678,0.831,2.084,0.396,0.218,0.178,1.706,19.849
1.401,2.231,0.828,0.67,0.739,2.206,0.452,0.22,0.233,1.793,1.401,2.231,0.828,0.67,0.739,2.206,0.452,0.22,0.233,1.793,24.042
1.491,2.262,0.844,0.693,0.815,2.015,0.383,0.187,0.196,1.659,1.491,2.262,0.844,0.693,0.815,2.015,0.383,0.187,0.196,1.659,18.439
1.499,2.295,0.863,0.67,0.84,2.007,0.395,0.231,0.164,1.644,1.499,2.295,0.863,0.67,0.84,2.007,0.395,0.231,0.164,1.644,10.296
1.439,2.272,0.827,0.654,0.798,2.108,0.44,0.22,0.22,1.692,1.439,2.272,0.827,0.654,0.798,2.108,0.44,0.22,0.22,1.692,27.803
1.352,2.285,0.841,0.649,0.722,2.355,0.493,0.27,0.224,1.895,1.352,2.285,0.841,0.649,0.722,2.355,0.493,0.27,0.224,1.895,28.284

1.274,2.245,0.784,0.621,0.724,2.451,0.566,0.268,0.304,1.921,1.274,2.245,0.784,0.621,0.724,2.451,0.566,0.268,0.304,1.921,122.102
1.267,2.202,0.791,0.63,0.715,2.439,0.566,0.285,0.295,1.915,1.267,2.202,0.791,0.63,0.715,2.439,0.566,0.285,0.295,1.915,122.147
1.283,2.301,0.805,0.619,0.755,2.456,0.545,0.299,0.259,1.962,1.283,2.301,0.805,0.619,0.755,2.456,0.545,0.299,0.259,1.962,119.269
1.303,2.198,0.808,0.631,0.761,2.296,0.512,0.264,0.254,1.856,1.303,2.198,0.808,0.631,0.761,2.296,0.512,0.264,0.254,1.856,119.038
1.278,2.25,0.805,0.627,0.719,2.476,0.55,0.277,0.276,1.982,1.278,2.25,0.805,0.627,0.719,2.476,0.55,0.277,0.276,1.982,122.147
1.266,2.231,0.787,0.647,0.719,2.478,0.542,0.255,0.301,1.984,1.266,2.231,0.787,0.647,0.719,2.478,0.542,0.255,0.301,1.984,121.103
1.232,2.208,0.791,0.615,0.692,2.55,0.596,0.298,0.306,2.016,1.232,2.208,0.791,0.615,0.692,2.55,0.596,0.298,0.306,2.016,124.258
1.292,2.268,0.801,0.637,0.697,2.577,0.567,0.286,0.289,2.05,1.292,2.268,0.801,0.637,0.697,2.577,0.567,0.286,0.289,2.05,126.194
1.27,2.204,0.787,0.606,0.712,2.45,0.588,0.294,0.301,1.914,1.27,2.204,0.787,0.606,0.712,2.45,0.588,0.294,0.301,1.914,122.147
1.297,2.26,0.786,0.622,0.747,2.4,0.53,0.252,0.287,1.936,1.297,2.26,0.786,0.622,0.747,2.4,0.53,0.252,0.287,1.936,119.206
1.296,2.281,0.801,0.598,0.758,2.412,0.562,0.301,0.265,1.899,1.296,2.281,0.801,0.598,0.758,2.412,0.562,0.301,0.265,1.899,120.204
1.263,2.199,0.791,0.615,0.73,2.395,0.566,0.282,0.29,1.883,1.263,2.199,0.791,0.615,0.73,2.395,0.566,0.282,0.29,1.883,119.269
1.29,2.204,0.783,0.606,0.744,2.343,0.562,0.266,0.298,1.83,1.29,2.204,0.783,0.606,0.744,2.343,0.562,0.266,0.298,1.83,120.104
1.286,2.324,0.798,0.61,0.726,2.53,0.559,0.282,0.28,2.022,1.286,2.324,0.798,0.61,0.726,2.53,0.559,0.282,0.28,2.022,121.264
1.273,2.233,0.798,0.615,0.713,2.456,0.571,0.282,0.291,1.928,1.273,2.233,0.798,0.615,0.713,2.456,0.571,0.282,0.291,1.928,119.269
1.274,2.236,0.798,0.612,0.722,2.433,0.575,0.292,0.286,1.89,1.274,2.236,0.798,0.612,0.722,2.433,0.575,0.292,0.286,1.89,120.204
1.28,2.204,0.805,0.625,0.716,2.4,0.55,0.277,0.276,1.903,1.28,2.204,0.805,0.625,0.716,2.4,0.55,0.277,0.276,1.903,121.202
1.28,2.233,0.816,0.651,0.71,2.456,0.545,0.278,0.269,1.938,1.28,2.233,0.816,0.651,0.71,2.456,0.545,0.278,0.269,1.938,120.15
1.279,2.19,0.779,0.614,0.749,2.313,0.557,0.264,0.3,1.796,1.279,2.19,0.779,0.614,0.749,2.313,0.557,0.264,0.3,1.796,117.273
1.258,2.193,0.794,0.609,0.716,2.41,0.591,0.293,0.299,1.851,1.258,2.193,0.794,0.609,0.716,2.41,0.591,0.293,0.299,1.851,121.149
1.267,2.144,0.798,0.6,0.745,2.268,0.581,0.297,0.284,1.723,1.267,2.144,0.798,0.6,0.745,2.268,0.581,0.297,0.284,1.723,119.151
1.294,2.211,0.797,0.613,0.751,2.311,0.565,0.288,0.279,1.767,1.294,2.211,0.797,0.613,0.751,2.311,0.565,0.288,0.279,1.767,119.105
1.283,2.257,0.811,0.644,0.728,2.45,0.556,0.286,0.273,1.912,1.283,2.257,0.811,0.644,0.728,2.45,0.556,0.286,0.273,1.912,120.337
1.268,2.243,0.811,0.604,0.721,2.455,0.594,0.323,0.272,1.886,1.268,2.243,0.811,0.604,0.721,2.455,0.594,0.323,0.272,1.886,122.102
1.304,2.305,0.799,0.588,0.774,2.394,0.574,0.297,0.277,1.849,1.304,2.305,0.799,0.588,0.774,2.394,0.574,0.297,0.277,1.849,122.037
1.263,2.213,0.815,0.628,0.703,2.46,0.576,0.304,0.273,1.914,1.263,2.213,0.815,0.628,0.703,2.46,0.576,0.304,0.273,1.914,122.037
1.269,2.199,0.806,0.618,0.705,2.459,0.6,0.308,0.292,1.884,1.269,2.199,0.806,0.618,0.705,2.459,0.6,0.308,0.292,1.884,127.004
1.292,2.239,0.811,0.606,0.763,2.349,0.566,0.307,0.259,1.817,1.292,2.239,0.811,0.606,0.763,2.349,0.566,0.307,0.259,1.817,123.016
1.271,2.239,0.81,0.606,0.741,2.416,0.595,0.322,0.273,1.842,1.271,2.239,0.81,0.606,0.741,2.416,0.595,0.322,0.273,1.842,124.036
1.257,2.238,0.81,0.61,0.686,2.575,0.611,0.316,0.295,1.999,1.257,2.238,0.81,0.61,0.686,2.575,0.611,0.316,0.295,1.999,129.016
1.277,2.289,0.806,0.6,0.731,2.506,0.598,0.317,0.282,1.934,1.277,2.289,0.806,0.6,0.731,2.506,0.598,0.317,0.282,1.934,126.016
1.255,2.264,0.815,0.614,0.686,2.603,0.599,0.318,0.282,2.045,1.255,2.264,0.815,0.614,0.686,2.603,0.599,0.318,0.282,2.045,126.016
1.26,2.29,0.794,0.589,0.712,2.566,0.608,0.311,0.297,2.004,1.26,2.29,0.794,0.589,0.712,2.566,0.608,0.311,0.297,2.004,127.016
1.276,2.264,0.824,0.603,0.729,2.458,0.585,0.323,0.263,1.904,1.276,2.264,0.824,0.603,0.729,2.458,0.585,0.323,0.263,1.904,124.064
1.255,2.25,0.815,0.613,0.678,2.577,0.599,0.318,0.282,2.014,1.255,2.25,0.815,0.613,0.678,2.577,0.599,0.318,0.282,2.014,125.144
1.297,2.227,0.815,0.612,0.729,2.416,0.578,0.314,0.265,1.87,1.297,2.227,0.815,0.612,0.729,2.416,0.578,0.314,0.265,1.87,128.004
1.247,2.252,0.793,0.59,0.717,2.508,0.619,0.317,0.302,1.917,1.247,2.252,0.793,0.59,0.717,2.508,0.619,0.317,0.302,1.917,123.102
1.264,2.227,0.81,0.624,0.689,2.52,0.6,0.308,0.292,1.939,1.264,2.227,0.81,0.624,0.689,2.52,0.6,0.308,0.292,1.939,126.063
1.255,2.266,0.81,0.608,0.705,2.55,0.61,0.323,0.287,1.963,1.255,2.266,0.81,0.608,0.705,2.55,0.61,0.323,0.287,1.963,125.016
1.272,2.255,0.815,0.633,0.69,2.561,0.578,0.297,0.282,2.014,1.272,2.255,0.815,0.633,0.69,2.561,0.578,0.297,0.282,2.014,126.063
1.25,2.217,0.814,0.615,0.704,2.476,0.601,0.318,0.283,1.899,1.25,2.217,0.814,0.615,0.704,2.476,0.601,0.318,0.283,1.899,122.262
1.274,2.243,0.818,0.619,0.711,2.482,0.583,0.317,0.267,1.926,1.274,2.243,0.818,0.619,0.711,2.482,0.583,0.317,0.267,1.926,124.016
1.297,2.241,0.818,0.619,0.736,2.403,0.564,0.306,0.258,1.868,1.297,2.241,0.818,0.619,0.736,2.403,0.564,0.306,0.258,1.868,124.036
1.262,2.283,0.811,0.604,0.701,2.577,0.611,0.332,0.28,1.991,1.262,2.283,0.811,0.604,0.701,2.577,0.611,0.332,0.28,1.991,125.1
1.208,2.194,0.81,0.626,0.616,2.77,0.676,0.347,0.329,2.112,1.208,2.194,0.81,0.626,0.616,2.77,0.676,0.347,0.329,2.112,129.062
1.263,2.241,0.793,0.606,0.741,2.411,0.595,0.305,0.293,1.835,1.263,2.241,0.793,0.606,0.741,2.411,0.595,0.305,0.293,1.835,121.103
1.273,2.308,0.811,0.642,0.68,2.683,0.592,0.304,0.291,2.11,1.273,2.308,0.811,0.642,0.68,2.683,0.592,0.304,0.291,2.11,128.098
1.291,2.217,0.815,0.629,0.704,2.462,0.579,0.306,0.274,1.907,1.291,2.217,0.815,0.629,0.704,2.462,0.579,0.306,0.274,1.907,128.062
1.304,2.232,0.818,0.619,0.763,2.325,0.561,0.312,0.25,1.785,1.304,2.232,0.818,0.619,0.763,2.325,0.561,0.312,0.25,1.785,121.066
1.302,2.322,0.803,0.615,0.744,2.511,0.586,0.301,0.285,1.942,1.302,2.322,0.803,0.615,0.744,2.511,0.586,0.301,0.285,1.942,125.036
1.275,2.23,0.806,0.636,0.676,2.57,0.605,0.302,0.305,1.978,1.275,2.23,0.806,0.636,0.676,2.57,0.605,0.302,0.305,1.978,129.004

0.619,0.923,0.947,0.789,0.186,0.746,1.134,0.851,0.283,0.465,0.619,0.923,0.947,0.789,0.186,0.746,1.134,0.851,0.283,0.465,52.393
0.63,0.858,0.964,0.807,0.208,0.588,0.943,0.764,0.189,0.811,0.63,0.858,0.964,0.807,0.208,0.588,0.943,0.764,0.189,0.811,52.173
0.618,0.884,0.945,0.783,0.197,0.898,1.139,0.84,0.306,0.784,0.618,0.884,0.945,0.783,0.197,0.898,1.139,0.84,0.306,0.784,52.393
0.643,0.896,0.955,0.803,0.196,0.583,1.006,0.78,0.228,0.611,0.643,0.896,0.955,0.803,0.196,0.583,1.006,0.78,0.228,0.611,47.127
0.679,0.94,0.937,0.768,0.152,1.211,1.537,1.122,0.415,0.505,0.679,0.94,0.937,0.768,0.152,1.211,1.537,1.122,0.415,0.505,46.615
0.637,0.931,0.947,0.761,0.165,1.071,1.456,1.13,0.327,0.481,0.637,0.931,0.947,0.761,0.165,1.071,1.456,1.13,0.327,0.481,50.596
0.589,0.922,0.956,0.805,0.235,0.556,0.836,0.644,0.192,0.371,0.589,0.922,0.956,0.805,0.235,0.556,0.836,0.644,0.192,0.371,55.785
0.597,0.905,0.964,0.821,0.252,0.451,0.722,0.577,0.146,0.428,0.597,0.905,0.964,0.821,0.252,0.451,0.722,0.577,0.146,0.428,54.818
0.582,0.929,0.954,0.817,0.272,0.501,0.697,0.518,0.18,0.285,0.582,0.929,0.954,0.817,0.272,0.501,0.697,0.518,0.18,0.285,56.921
0.688,0.925,0.929,0.728,0.15,1.439,1.838,1.357,0.483,0.633,0.688,0.925,0.929,0.728,0.15,1.439,1.838,1.357,0.483,0.633,46.615
0.635,0.89,0.954,0.818,0.207,0.608,0.885,0.658,0.236,0.692,0.635,0.89,0.954,0.818,0.207,0.608,0.885,0.658,0.236,0.692,50.961
0.613,0.906,0.946,0.794,0.208,0.672,1.004,0.736,0.272,0.539,0.613,0.906,0.946,0.794,0.208,0.672,1.004,0.736,0.272,0.539,52.393
0.628,0.948,0.947,0.794,0.204,0.765,1.011,0.75,0.263,0.277,0.628,0.948,0.947,0.794,0.204,0.765,1.011,0.75,0.263,0.277,50.695
0.611,0.938,0.946,0.783,0.197,0.808,1.098,0.826,0.274,0.347,0.611,0.938,0.946,0.783,0.197,0.808,1.098,0.826,0.274,0.347,53.16
0.583,0.938,0.954,0.818,0.265,0.491,0.694,0.519,0.175,0.261,0.583,0.938,0.954,0.818,0.265,0.491,0.694,0.519,0.175,0.261,55.082
0.628,0.93,0.947,0.778,0.191,0.833,1.164,0.889,0.277,0.395,0.628,0.93,0.947,0.778,0.191,0.833,1.164,0.889,0.277,0.395,52.924
0.631,0.889,0.955,0.822,0.234,0.462,0.772,0.573,0.204,0.542,0.631,0.889,0.955,0.822,0.234,0.462,0.772,0.573,0.204,0.542,55.362
0.657,0.915,0.946,0.804,0.191,0.667,1.034,0.745,0.292,0.498,0.657,0.915,0.946,0.804,0.191,0.667,1.034,0.745,0.292,0.498,52.924
0.639,0.872,0.964,0.801,0.189,0.581,1.051,0.857,0.196,0.809,0.639,0.872,0.964,0.801,0.189,0.581,1.051,0.857,0.196,0.809,51.078
0.617,0.93,0.954,0.8,0.211,0.673,0.955,0.736,0.219,0.385,0.617,0.93,0.954,0.8,0.211,0.673,0.955,0.736,0.219,0.385,50.289
0.617,0.946,0.936,0.761,0.186,1.018,1.288,0.944,0.346,0.331,0.617,0.946,0.936,0.761,0.186,1.018,1.288,0.944,0.346,0.331,54.424
0.632,0.946,0.954,0.807,0.205,0.707,0.943,0.717,0.228,0.3,0.632,0.946,0.954,0.807,0.205,0.707,0.943,0.717,0.228,0.3,57.009
0.675,0.938,0.946,0.809,0.182,0.743,1.055,0.757,0.3,0.381,0.675,0.938,0.946,0.809,0.182,0.743,1.055,0.757,0.3,0.381,48.847
0.626,0.946,0.954,0.817,0.222,0.592,0.828,0.622,0.211,0.278,0.626,0.946,0.954,0.817,0.222,0.592,0.828,0.622,0.211,0.278,54.129
0.631,0.939,0.955,0.81,0.209,0.655,0.907,0.689,0.219,0.347,0.631,0.939,0.955,0.81,0.209,0.655,0.907,0.689,0.219,0.347,53.141
0.629,0.92,0.954,0.818,0.223,0.509,0.822,0.615,0.207,0.386,0.629,0.92,0.954,0.818,0.223,0.509,0.822,0.615,0.207,0.386,51.923
0.606,0.929,0.945,0.79,0.207,0.725,1.022,0.749,0.277,0.374,0.606,0.929,0.945,0.79,0.207,0.725,1.022,0.749,0.277,0.374,53.852
0.57,0.888,0.954,0.808,0.256,0.483,0.759,0.573,0.191,0.524,0.57,0.888,0.954,0.808,0.256,0.483,0.759,0.573,0.191,0.524,57.974
0.675,0.938,0.945,0.754,0.156,1.214,1.579,1.233,0.349,0.443,0.675,0.938,0.945,0.754,0.156,1.214,1.579,1.233,0.349,0.443,50.99
0.588,0.903,0.981,0.854,0.282,0.277,0.524,0.455,0.072,0.377,0.588,0.903,0.981,0.854,0.282,0.277,0.524,0.455,0.072,0.377,56.515
0.579,0.904,0.963,0.814,0.249,0.5,0.757,0.605,0.153,0.465,0.579,0.904,0.963,0.814,0.249,0.5,0.757,0.605,0.153,0.465,57.723
0.61,0.928,0.936,0.789,0.194,0.746,1.095,0.761,0.334,0.389,0.61,0.928,0.936,0.789,0.194,0.746,1.095,0.761,0.334,0.389,52.953
0.604,0.911,0.954,0.798,0.226,0.61,0.909,0.696,0.219,0.455,0.604,0.911,0.954,0.798,0.226,0.61,0.909,0.696,0.219,0.455,54.818
0.637,0.912,0.944,0.805,0.203,0.709,0.983,0.697,0.288,0.531,0.637,0.912,0.944,0.805,0.203,0.709,0.983,0.697,0.288,0.531,53.141
0.616,0.903,0.954,0.809,0.22,0.53,0.873,0.663,0.211,0.518,0.616,0.903,0.954,0.809,0.22,0.53,0.873,0.663,0.211,0.518,53.141
0.617,0.946,0.954,0.816,0.234,0.571,0.788,0.59,0.2,0.248,0.617,0.946,0.954,0.816,0.234,0.571,0.788,0.59,0.2,0.248,54.571
0.558,0.891,0.955,0.821,0.275,0.451,0.662,0.491,0.175,0.496,0.558,0.891,0.955,0.821,0.275,0.451,0.662,0.491,0.175,0.496,62.801
0.619,0.92,0.937,0.775,0.195,0.807,1.17,0.844,0.327,0.439,0.619,0.92,0.937,0.775,0.195,0.807,1.17,0.844,0.327,0.439,55.027
0.587,0.905,0.954,0.809,0.238,0.539,0.808,0.614,0.194,0.497,0.587,0.905,0.954,0.809,0.238,0.539,0.808,0.614,0.194,0.497,58.464
0.558,0.937,0.963,0.815,0.265,0.516,0.706,0.563,0.144,0.282,0.558,0.937,0.963,0.815,0.265,0.516,0.706,0.563,0.144,0.282,58.052
0.617,0.936,0.963,0.824,0.225,0.519,0.781,0.616,0.169,0.313,0.617,0.936,0.963,0.824,0.225,0.519,0.781,0.616,0.169,0.313,51.923
0.566,0.921,0.963,0.827,0.267,0.435,0.649,0.511,0.14,0.368,0.566,0.921,0.963,0.827,0.267,0.435,0.649,0.511,0.14,0.368,59.034
0.61,0.947,0.955,0.802,0.218,0.694,0.919,0.714,0.207,0.262,0.61,0.947,0.955,0.802,0.218,0.694,0.919,0.714,0.207,0.262,57.585
0.591,0.928,0.946,0.82,0.248,0.46,0.731,0.514,0.218,0.3,0.591,0.928,0.946,0.82,0.248,0.46,0.731,0.514,0.218,0.3,57.009
0.675,0.938,0.954,0.809,0.193,0.716,0.998,0.758,0.24,0.358,0.675,0.938,0.954,0.809,0.193,0.716,0.998,0.758,0.24,0.358,48.754
0.646,0.92,0.945,0.761,0.14,1.231,1.715,1.312,0.414,0.674,0.646,0.92,0.945,0.761,0.14,1.231,1.715,1.312,0.414,0.674,47.074
0.604,0.947,0.955,0.802,0.23,0.639,0.863,0.668,0.2,0.263,0.604,0.947,0.955,0.802,0.23,0.639,0.863,0.668,0.2,0.263,54.781
0.68,0.912,0.954,0.807,0.182,0.716,1.069,0.812,0.257,0.588,0.68,0.912,0.954,0.807,0.182,0.716,1.069,0.812,0.257,0.588,48.847
0.589,0.903,0.963,0.836,0.27,0.383,0.614,0.472,0.15,0.421,0.589,0.903,0.963,0.836,0.27,0.383,0.614,0.472,0.15,0.421,57.009
0.581,0.938,0.946,0.821,0.272,0.446,0.67,0.47,0.2,0.23,0.581,0.938,0.946,0.821,0.272,0.446,0.67,0.47,0.2,0.23,56.303
0.609,0.929,0.963,0.827,0.248,0.459,0.704,0.554,0.151,0.313,0.609,0.929,0.963,0.827,0.248,0.459,0.704,0.554,0.151,0.313,54.406

