F1,F2,F3,F4,F5,F6,F7,F8,F9,F10,F11,F12,F13,F14,F15,F16,F17,F18,F19,F20,F21,Alphabet
2.122,1.155,0.945,0.975,2.166,0.433,0.3,0.146,0.154,0.134,2.122,1.155,0.945,0.975,2.166,0.433,0.3,0.146,0.154,0.134,15.524,A
2.127,1.149,0.95,0.982,2.168,0.431,0.292,0.139,0.153,0.139,2.127,1.149,0.95,0.982,2.168,0.431,0.292,0.139,0.153,0.139,15.811,A
2.132,1.149,0.95,0.985,2.179,0.435,0.296,0.144,0.152,0.139,2.132,1.149,0.95,0.985,2.179,0.435,0.296,0.144,0.152,0.139,16.492,A
1.996,1.13,0.936,0.95,2.011,0.444,0.302,0.141,0.161,0.142,1.996,1.13,0.936,0.95,2.011,0.444,0.302,0.141,0.161,0.142,18.439,A
2.115,1.156,0.954,1.016,2.17,0.441,0.295,0.141,0.153,0.146,2.115,1.156,0.954,1.016,2.17,0.441,0.295,0.141,0.153,0.146,19.313,A
2.11,1.156,0.931,0.952,2.118,0.428,0.292,0.143,0.149,0.136,2.11,1.156,0.931,0.952,2.118,0.428,0.292,0.143,0.149,0.136,14.56,A
2.107,1.147,0.949,0.976,2.13,0.431,0.292,0.139,0.153,0.139,2.107,1.147,0.949,0.976,2.13,0.431,0.292,0.139,0.153,0.139,17.72,A
2.135,1.149,0.945,0.97,2.154,0.43,0.293,0.143,0.15,0.137,2.135,1.149,0.945,0.97,2.154,0.43,0.293,0.143,0.15,0.137,15.524,A
2.138,1.152,0.945,0.952,2.14,0.425,0.285,0.139,0.147,0.139,2.138,1.152,0.945,0.952,2.14,0.425,0.285,0.139,0.147,0.139,14.866,A
2.119,1.159,0.962,0.987,2.142,0.44,0.294,0.146,0.149,0.146,2.119,1.159,0.962,0.987,2.142,0.44,0.294,0.146,0.149,0.146,19.416,A
2.107,1.151,0.945,0.992,2.155,0.444,0.305,0.146,0.159,0.139,2.107,1.151,0.945,0.992,2.155,0.444,0.305,0.146,0.159,0.139,17.464,A
2.081,1.142,0.954,0.973,2.103,0.433,0.293,0.14,0.154,0.14,2.081,1.142,0.954,0.973,2.103,0.433,0.293,0.14,0.154,0.14,18.439,A
2.124,1.139,0.951,0.961,2.128,0.419,0.285,0.139,0.147,0.133,2.124,1.139,0.951,0.961,2.128,0.419,0.285,0.139,0.147,0.133,18.682,A
2.105,1.164,0.952,0.971,2.126,0.439,0.293,0.14,0.154,0.146,2.105,1.164,0.952,0.971,2.126,0.439,0.293,0.14,0.154,0.146,18.682,A
2.116,1.147,0.949,0.976,2.128,0.431,0.292,0.139,0.153,0.139,2.116,1.147,0.949,0.976,2.128,0.431,0.292,0.139,0.153,0.139,19.647,A
2.062,1.14,0.952,0.981,2.081,0.437,0.298,0.145,0.153,0.139,2.062,1.14,0.952,0.981,2.081,0.437,0.298,0.145,0.153,0.139,20.248,A
2.055,1.139,0.95,0.963,2.058,0.434,0.296,0.144,0.152,0.139,2.055,1.139,0.95,0.963,2.058,0.434,0.296,0.144,0.152,0.139,18.439,A
2.09,1.158,0.952,0.971,2.117,0.441,0.298,0.148,0.15,0.143,2.09,1.158,0.952,0.971,2.117,0.441,0.298,0.148,0.15,0.143,15.811,A
2.049,1.148,0.95,0.977,2.058,0.44,0.302,0.151,0.152,0.138,2.049,1.148,0.95,0.977,2.058,0.44,0.302,0.151,0.152,0.138,19.416,A
2.093,1.152,0.95,0.98,2.117,0.441,0.296,0.144,0.152,0.144,2.093,1.152,0.95,0.98,2.117,0.441,0.296,0.144,0.152,0.144,18.682,A
0.98,1.036,0.963,0.888,0.211,0.718,0.533,0.362,0.176,0.236,0.98,1.036,0.963,0.888,0.211,0.718,0.533,0.362,0.176,0.236,14.765,B
0.966,1.036,0.963,0.902,0.193,0.71,0.51,0.325,0.194,0.26,0.966,1.036,0.963,0.902,0.193,0.71,0.51,0.325,0.194,0.26,15.524,B
0.975,1.036,0.968,0.903,0.191,0.723,0.51,0.338,0.183,0.235,0.975,1.036,0.968,0.903,0.191,0.723,0.51,0.338,0.183,0.235,13.342,B
0.977,1.036,0.961,0.882,0.21,0.753,0.565,0.377,0.196,0.216,0.977,1.036,0.961,0.882,0.21,0.753,0.565,0.377,0.196,0.216,15.264,B
0.976,1.029,0.961,0.875,0.22,0.72,0.57,0.392,0.188,0.188,0.976,1.029,0.961,0.875,0.22,0.72,0.57,0.392,0.188,0.188,14.765,B
0.962,1.02,0.961,0.863,0.22,0.723,0.625,0.452,0.188,0.144,0.962,1.02,0.961,0.863,0.22,0.723,0.625,0.452,0.188,0.144,12.649,B
0.955,1.027,0.961,0.876,0.201,0.765,0.618,0.425,0.204,0.175,0.955,1.027,0.961,0.876,0.201,0.765,0.618,0.425,0.204,0.175,14.318,B
0.969,1.029,0.96,0.868,0.214,0.769,0.618,0.431,0.212,0.193,0.969,1.029,0.96,0.868,0.214,0.769,0.618,0.431,0.212,0.193,14.318,B
0.969,1.027,0.953,0.86,0.218,0.784,0.647,0.427,0.234,0.162,0.969,1.027,0.953,0.86,0.218,0.784,0.647,0.427,0.234,0.162,14.56,B
0.956,1.02,0.961,0.86,0.204,0.806,0.691,0.496,0.202,0.155,0.956,1.02,0.961,0.86,0.204,0.806,0.691,0.496,0.202,0.155,14.318,B
0.968,1.02,0.969,0.876,0.223,0.657,0.556,0.419,0.142,0.142,0.968,1.02,0.969,0.876,0.223,0.657,0.556,0.419,0.142,0.142,13,B
0.945,1.019,0.959,0.873,0.2,0.746,0.64,0.432,0.227,0.128,0.945,1.019,0.959,0.873,0.2,0.746,0.64,0.432,0.227,0.128,13.928,B
0.966,1.026,0.966,0.872,0.219,0.718,0.591,0.431,0.185,0.139,0.966,1.026,0.966,0.872,0.219,0.718,0.591,0.431,0.185,0.139,13,B
0.968,1.019,0.968,0.888,0.217,0.618,0.52,0.368,0.164,0.119,0.968,1.019,0.968,0.888,0.217,0.618,0.52,0.368,0.164,0.119,14.318,B
0.97,1.02,0.968,0.881,0.214,0.67,0.558,0.405,0.167,0.149,0.97,1.02,0.968,0.881,0.214,0.67,0.558,0.405,0.167,0.149,13.892,B
0.969,1.028,0.967,0.879,0.217,0.7,0.558,0.405,0.167,0.167,0.969,1.028,0.967,0.879,0.217,0.7,0.558,0.405,0.167,0.167,12.083,B
0.98,1.028,0.967,0.892,0.219,0.641,0.495,0.34,0.167,0.167,0.98,1.028,0.967,0.892,0.219,0.641,0.495,0.34,0.167,0.167,11.705,B
0.999,1.038,0.976,0.896,0.233,0.631,0.449,0.346,0.113,0.226,0.999,1.038,0.976,0.896,0.233,0.631,0.449,0.346,0.113,0.226,11.18,B
0.984,1.038,0.969,0.889,0.215,0.708,0.515,0.372,0.151,0.243,0.984,1.038,0.969,0.889,0.215,0.708,0.515,0.372,0.151,0.243,12.083,B
0.981,1.027,0.961,0.881,0.221,0.677,0.54,0.36,0.188,0.161,0.981,1.027,0.961,0.881,0.221,0.677,0.54,0.36,0.188,0.161,10.817,B
0.976,1.029,0.961,0.883,0.216,0.689,0.54,0.362,0.191,0.191,0.976,1.029,0.961,0.883,0.216,0.689,0.54,0.362,0.191,0.191,12.083,B
0.866,0.972,1,0.948,0.336,0.086,0.189,0.189,0,0.103,0.866,0.972,1,0.948,0.336,0.086,0.189,0.189,0,0.103,1.414,C
0.866,0.972,1,0.948,0.336,0.086,0.189,0.189,0,0.103,0.866,0.972,1,0.948,0.336,0.086,0.189,0.189,0,0.103,1.414,C
0.782,1.001,1.002,0.931,0.411,0.176,0.197,0.187,0.037,0.059,0.782,1.001,1.002,0.931,0.411,0.176,0.197,0.187,0.037,0.059,12.042,C
0.782,1.001,1.002,0.931,0.411,0.176,0.197,0.187,0.037,0.059,0.782,1.001,1.002,0.931,0.411,0.176,0.197,0.187,0.037,0.059,12.042,C
0.759,0.993,0.992,0.893,0.24,0.416,0.508,0.501,0.059,0.291,0.759,0.993,0.992,0.893,0.24,0.416,0.508,0.501,0.059,0.291,43.139,C
0.859,0.971,0.997,0.923,0.337,0.151,0.233,0.22,0.019,0.086,0.859,0.971,0.997,0.923,0.337,0.151,0.233,0.22,0.019,0.086,0,C
0.859,0.971,0.997,0.923,0.337,0.151,0.233,0.22,0.019,0.086,0.859,0.971,0.997,0.923,0.337,0.151,0.233,0.22,0.019,0.086,0,C
0.796,0.995,1.003,0.894,0.436,0.297,0.366,0.346,0.037,0.093,0.796,0.995,1.003,0.894,0.436,0.297,0.366,0.346,0.037,0.093,14.318,C
0.861,0.979,0.984,0.928,0.325,0.17,0.242,0.183,0.063,0.071,0.861,0.979,0.984,0.928,0.325,0.17,0.242,0.183,0.063,0.071,2,C
0.861,0.979,0.984,0.928,0.325,0.17,0.242,0.183,0.063,0.071,0.861,0.979,0.984,0.928,0.325,0.17,0.242,0.183,0.063,0.071,2,C
0.719,0.992,0.995,0.87,0.222,0.579,0.652,0.644,0.033,0.12,0.719,0.992,0.995,0.87,0.222,0.579,0.652,0.644,0.033,0.12,53.413,C
0.863,0.979,1,0.946,0.339,0.126,0.171,0.171,0,0.063,0.863,0.979,1,0.946,0.339,0.126,0.171,0.171,0,0.063,1,C
0.863,0.979,1,0.946,0.339,0.126,0.171,0.171,0,0.063,0.863,0.979,1,0.946,0.339,0.126,0.171,0.171,0,0.063,1,C
0.694,0.98,0.985,0.875,0.181,0.621,0.854,0.815,0.095,0.308,0.694,0.98,0.985,0.875,0.181,0.621,0.854,0.815,0.095,0.308,75.166,C
0.855,0.983,0.989,0.899,0.397,0.228,0.278,0.245,0.034,0.051,0.855,0.983,0.989,0.899,0.397,0.228,0.278,0.245,0.034,0.051,2.236,C
0.855,0.983,0.989,0.899,0.397,0.228,0.278,0.245,0.034,0.051,0.855,0.983,0.989,0.899,0.397,0.228,0.278,0.245,0.034,0.051,2.236,C
0.675,0.975,0.993,0.869,0.195,0.626,0.672,0.639,0.177,0.302,0.675,0.975,0.993,0.869,0.195,0.626,0.672,0.639,0.177,0.302,78.102,C
0.878,0.992,0.983,0.894,0.366,0.282,0.314,0.26,0.055,0.041,0.878,0.992,0.983,0.894,0.366,0.282,0.314,0.26,0.055,0.041,2.236,C
0.878,0.992,0.983,0.894,0.366,0.282,0.314,0.26,0.055,0.041,0.878,0.992,0.983,0.894,0.366,0.282,0.314,0.26,0.055,0.041,2.236,C
0.677,0.975,0.99,0.895,0.218,0.566,0.571,0.452,0.19,0.18,0.677,0.975,0.99,0.895,0.218,0.566,0.571,0.452,0.19,0.18,74.404,C
0.83,0.993,0.985,0.924,0.388,0.187,0.218,0.18,0.04,0.04,0.83,0.993,0.985,0.924,0.388,0.187,0.218,0.18,0.04,0.04,7.071,C
1.3,2.183,0.51,0.305,1.009,1.964,0.699,0.209,0.49,1.835,1.3,2.183,0.51,0.305,1.009,1.964,0.699,0.209,0.49,1.835,66.272,D
1.29,2.148,0.518,0.31,1.002,1.96,0.694,0.209,0.484,1.831,1.29,2.148,0.518,0.31,1.002,1.96,0.694,0.209,0.484,1.831,66.37,D
1.301,2.152,0.507,0.291,1.027,1.919,0.696,0.213,0.483,1.781,1.301,2.152,0.507,0.291,1.027,1.919,0.696,0.213,0.483,1.781,65.49,D
1.273,2.136,0.527,0.309,0.984,1.981,0.706,0.223,0.484,1.837,1.273,2.136,0.527,0.309,0.984,1.981,0.706,0.223,0.484,1.837,67.602,D
1.304,2.148,0.509,0.292,1.031,1.908,0.694,0.213,0.481,1.78,1.304,2.148,0.509,0.292,1.031,1.908,0.694,0.213,0.481,1.78,64.777,D
1.329,2.195,0.5,0.269,1.074,1.88,0.689,0.218,0.471,1.753,1.329,2.195,0.5,0.269,1.074,1.88,0.689,0.218,0.471,1.753,61.66,D
1.316,2.176,0.504,0.285,1.048,1.904,0.689,0.212,0.477,1.777,1.316,2.176,0.504,0.285,1.048,1.904,0.689,0.212,0.477,1.777,63.285,D
1.311,2.221,0.543,0.319,1.015,2.005,0.675,0.223,0.453,1.866,1.311,2.221,0.543,0.319,1.015,2.005,0.675,0.223,0.453,1.866,66.272,D
1.298,2.138,0.505,0.291,1.023,1.906,0.7,0.212,0.489,1.767,1.298,2.138,0.505,0.291,1.023,1.906,0.7,0.212,0.489,1.767,63.285,D
1.287,2.13,0.537,0.316,0.991,1.953,0.695,0.226,0.47,1.815,1.287,2.13,0.537,0.316,0.991,1.953,0.695,0.226,0.47,1.815,66.483,D
1.321,2.104,0.509,0.317,1.028,1.865,0.667,0.188,0.479,1.708,1.321,2.104,0.509,0.317,1.028,1.865,0.667,0.188,0.479,1.708,65.765,D
1.315,2.13,0.524,0.315,1.026,1.901,0.67,0.206,0.464,1.745,1.315,2.13,0.524,0.315,1.026,1.901,0.67,0.206,0.464,1.745,66.753,D
1.292,2.117,0.517,0.315,0.995,1.93,0.693,0.205,0.488,1.768,1.292,2.117,0.517,0.315,0.995,1.93,0.693,0.205,0.488,1.768,67.742,D
1.329,2.134,0.52,0.315,1.036,1.876,0.665,0.2,0.465,1.718,1.329,2.134,0.52,0.315,1.036,1.876,0.665,0.2,0.465,1.718,65.924,D
1.3,2.119,0.526,0.313,1.007,1.916,0.687,0.213,0.473,1.766,1.3,2.119,0.526,0.313,1.007,1.916,0.687,0.213,0.473,1.766,67.742,D
1.304,2.112,0.531,0.325,1.01,1.915,0.669,0.204,0.465,1.752,1.304,2.112,0.531,0.325,1.01,1.915,0.669,0.204,0.465,1.752,66.753,D
1.285,2.112,0.508,0.313,0.988,1.941,0.699,0.198,0.501,1.79,1.285,2.112,0.508,0.313,0.988,1.941,0.699,0.198,0.501,1.79,69.584,D
1.281,2.161,0.527,0.315,0.992,1.994,0.693,0.214,0.48,1.825,1.281,2.161,0.527,0.315,0.992,1.994,0.693,0.214,0.48,1.825,67.268,D
1.28,2.145,0.511,0.304,0.991,1.965,0.709,0.211,0.498,1.819,1.28,2.145,0.511,0.304,0.991,1.965,0.709,0.211,0.498,1.819,67.268,D
1.275,2.098,0.515,0.303,0.99,1.932,0.708,0.217,0.492,1.774,1.275,2.098,0.515,0.303,0.99,1.932,0.708,0.217,0.492,1.774,66.91,D
1.292,2.157,0.526,0.317,0.995,1.97,0.693,0.213,0.481,1.834,1.292,2.157,0.526,0.317,0.995,1.97,0.693,0.213,0.481,1.834,65.49,D
0.339,0.921,0.929,0.709,0.376,0.898,0.911,0.63,0.334,0.353,0.339,0.921,0.929,0.709,0.376,0.898,0.911,0.63,0.334,0.353,19.698,E
0.339,0.921,0.929,0.709,0.376,0.898,0.911,0.63,0.334,0.353,0.339,0.921,0.929,0.709,0.376,0.898,0.911,0.63,0.334,0.353,19.698,E
0.339,0.921,0.929,0.709,0.376,0.898,0.911,0.63,0.334,0.353,0.339,0.921,0.929,0.709,0.376,0.898,0.911,0.63,0.334,0.353,19.698,E
0.331,0.93,0.916,0.57,0.253,1.894,1.964,1.471,0.624,0.486,0.331,0.93,0.916,0.57,0.253,1.894,1.964,1.471,0.624,0.486,24.698,E
0.331,0.93,0.916,0.57,0.253,1.894,1.964,1.471,0.624,0.486,0.331,0.93,0.916,0.57,0.253,1.894,1.964,1.471,0.624,0.486,24.698,E
0.331,0.93,0.916,0.57,0.253,1.894,1.964,1.471,0.624,0.486,0.331,0.93,0.916,0.57,0.253,1.894,1.964,1.471,0.624,0.486,24.698,E
0.331,0.93,0.916,0.57,0.253,1.894,1.964,1.471,0.624,0.486,0.331,0.93,0.916,0.57,0.253,1.894,1.964,1.471,0.624,0.486,24.698,E
0.331,0.93,0.916,0.57,0.253,1.894,1.964,1.471,0.624,0.486,0.331,0.93,0.916,0.57,0.253,1.894,1.964,1.471,0.624,0.486,24.698,E
0.332,0.929,0.89,0.475,0.149,3.526,3.734,2.85,1.097,0.987,0.332,0.929,0.89,0.475,0.149,3.526,3.734,2.85,1.097,0.987,21.633,E
0.332,0.929,0.89,0.475,0.149,3.526,3.734,2.85,1.097,0.987,0.332,0.929,0.89,0.475,0.149,3.526,3.734,2.85,1.097,0.987,21.633,E
0.332,0.929,0.89,0.475,0.149,3.526,3.734,2.85,1.097,0.987,0.332,0.929,0.89,0.475,0.149,3.526,3.734,2.85,1.097,0.987,21.633,E
0.328,0.932,0.921,0.673,0.347,0.993,1.009,0.721,0.387,0.423,0.328,0.932,0.921,0.673,0.347,0.993,1.009,0.721,0.387,0.423,26.249,E
0.328,0.932,0.921,0.673,0.347,0.993,1.009,0.721,0.387,0.423,0.328,0.932,0.921,0.673,0.347,0.993,1.009,0.721,0.387,0.423,26.249,E
0.337,0.926,0.904,0.598,0.263,1.522,1.617,1.183,0.523,0.547,0.337,0.926,0.904,0.598,0.263,1.522,1.617,1.183,0.523,0.547,21.587,E
0.337,0.926,0.904,0.598,0.263,1.522,1.617,1.183,0.523,0.547,0.337,0.926,0.904,0.598,0.263,1.522,1.617,1.183,0.523,0.547,21.587,E
0.312,0.942,0.893,0.627,0.32,1.336,1.301,0.879,0.473,0.469,0.312,0.942,0.893,0.627,0.32,1.336,1.301,0.879,0.473,0.469,27.731,E
0.312,0.942,0.893,0.627,0.32,1.336,1.301,0.879,0.473,0.469,0.312,0.942,0.893,0.627,0.32,1.336,1.301,0.879,0.473,0.469,27.731,E
0.337,0.948,0.893,0.513,0.185,2.674,2.737,2.08,0.775,0.805,0.337,0.948,0.893,0.513,0.185,2.674,2.737,2.08,0.775,0.805,23.409,E
0.337,0.948,0.893,0.513,0.185,2.674,2.737,2.08,0.775,0.805,0.337,0.948,0.893,0.513,0.185,2.674,2.737,2.08,0.775,0.805,23.409,E
0.348,0.929,0.924,0.674,0.336,1.097,1.131,0.796,0.405,0.355,0.348,0.929,0.924,0.674,0.336,1.097,1.131,0.796,0.405,0.355,19.925,E
0.348,0.929,0.924,0.674,0.336,1.097,1.131,0.796,0.405,0.355,0.348,0.929,0.924,0.674,0.336,1.097,1.131,0.796,0.405,0.355,19.925,E
0.508,1.137,0.49,0.372,0.195,4.261,3.394,0.914,2.613,1.118,0.508,1.137,0.49,0.372,0.195,4.261,3.394,0.914,2.613,1.118,32.558,F
0.365,1.033,0.303,0.151,0.217,4.113,3.932,0.753,3.215,0.623,0.365,1.033,0.303,0.151,0.217,4.113,3.932,0.753,3.215,0.623,31.145,F
0.325,0.975,0.278,0.139,0.186,4.51,4.629,0.768,3.883,0.598,0.325,0.975,0.278,0.139,0.186,4.51,4.629,0.768,3.883,0.598,42.45,F
0.325,0.975,0.278,0.139,0.186,4.51,4.629,0.768,3.883,0.598,0.325,0.975,0.278,0.139,0.186,4.51,4.629,0.768,3.883,0.598,42.45,F
0.325,0.975,0.278,0.139,0.186,4.51,4.629,0.768,3.883,0.598,0.325,0.975,0.278,0.139,0.186,4.51,4.629,0.768,3.883,0.598,42.45,F
0.325,0.975,0.278,0.139,0.186,4.51,4.629,0.768,3.883,0.598,0.325,0.975,0.278,0.139,0.186,4.51,4.629,0.768,3.883,0.598,42.45,F
0.717,0.991,0.763,0.534,0.218,2.738,2.436,1.222,1.216,0.832,0.717,0.991,0.763,0.534,0.218,2.738,2.436,1.222,1.216,0.832,36.235,F
0.371,1.064,0.348,0.175,0.199,4.536,4.178,0.908,3.28,0.737,0.371,1.064,0.348,0.175,0.199,4.536,4.178,0.908,3.28,0.737,29.069,F
0.371,1.064,0.348,0.175,0.199,4.536,4.178,0.908,3.28,0.737,0.371,1.064,0.348,0.175,0.199,4.536,4.178,0.908,3.28,0.737,29.069,F
0.371,1.064,0.348,0.175,0.199,4.536,4.178,0.908,3.28,0.737,0.371,1.064,0.348,0.175,0.199,4.536,4.178,0.908,3.28,0.737,29.069,F
0.371,1.064,0.348,0.175,0.199,4.536,4.178,0.908,3.28,0.737,0.371,1.064,0.348,0.175,0.199,4.536,4.178,0.908,3.28,0.737,29.069,F
0.371,1.064,0.348,0.175,0.199,4.536,4.178,0.908,3.28,0.737,0.371,1.064,0.348,0.175,0.199,4.536,4.178,0.908,3.28,0.737,29.069,F
0.371,1.064,0.348,0.175,0.199,4.536,4.178,0.908,3.28,0.737,0.371,1.064,0.348,0.175,0.199,4.536,4.178,0.908,3.28,0.737,29.069,F
0.371,1.064,0.348,0.175,0.199,4.536,4.178,0.908,3.28,0.737,0.371,1.064,0.348,0.175,0.199,4.536,4.178,0.908,3.28,0.737,29.069,F
0.371,1.064,0.348,0.175,0.199,4.536,4.178,0.908,3.28,0.737,0.371,1.064,0.348,0.175,0.199,4.536,4.178,0.908,3.28,0.737,29.069,F
0.371,1.064,0.348,0.175,0.199,4.536,4.178,0.908,3.28,0.737,0.371,1.064,0.348,0.175,0.199,4.536,4.178,0.908,3.28,0.737,29.069,F
0.371,1.064,0.348,0.175,0.199,4.536,4.178,0.908,3.28,0.737,0.371,1.064,0.348,0.175,0.199,4.536,4.178,0.908,3.28,0.737,29.069,F
0.371,1.064,0.348,0.175,0.199,4.536,4.178,0.908,3.28,0.737,0.371,1.064,0.348,0.175,0.199,4.536,4.178,0.908,3.28,0.737,29.069,F
0.371,1.064,0.348,0.175,0.199,4.536,4.178,0.908,3.28,0.737,0.371,1.064,0.348,0.175,0.199,4.536,4.178,0.908,3.28,0.737,29.069,F
0.371,1.064,0.348,0.175,0.199,4.536,4.178,0.908,3.28,0.737,0.371,1.064,0.348,0.175,0.199,4.536,4.178,0.908,3.28,0.737,29.069,F
0.371,1.064,0.348,0.175,0.199,4.536,4.178,0.908,3.28,0.737,0.371,1.064,0.348,0.175,0.199,4.536,4.178,0.908,3.28,0.737,29.069,F
1.367,1.053,0.894,0.85,0.582,1.045,0.712,0.341,0.371,0.353,1.367,1.053,0.894,0.85,0.582,1.045,0.712,0.341,0.371,0.353,156.541,G
1.355,1.051,0.897,0.853,0.568,1.045,0.707,0.33,0.377,0.359,1.355,1.051,0.897,0.853,0.568,1.045,0.707,0.33,0.377,0.359,153.418,G
1.374,1.062,0.902,0.85,0.598,1.043,0.723,0.362,0.362,0.334,1.374,1.062,0.902,0.85,0.598,1.043,0.723,0.362,0.362,0.334,153.951,G
1.379,1.042,0.906,0.851,0.593,1.007,0.684,0.342,0.342,0.348,1.379,1.042,0.906,0.851,0.593,1.007,0.684,0.342,0.342,0.348,153.473,G
1.368,1.056,0.902,0.857,0.581,1.068,0.728,0.361,0.368,0.357,1.368,1.056,0.902,0.857,0.581,1.068,0.728,0.361,0.368,0.357,151.238,G
1.381,1.051,0.904,0.861,0.588,1.04,0.721,0.357,0.364,0.335,1.381,1.051,0.904,0.861,0.588,1.04,0.721,0.357,0.364,0.335,152.532,G
1.384,1.066,0.902,0.859,0.598,1.063,0.717,0.347,0.37,0.359,1.384,1.066,0.902,0.859,0.598,1.063,0.717,0.347,0.37,0.359,153.951,G
1.371,1.04,0.887,0.844,0.59,1.023,0.695,0.328,0.368,0.358,1.371,1.04,0.887,0.844,0.59,1.023,0.695,0.328,0.368,0.358,153.951,G
1.39,1.059,0.892,0.859,0.605,1.058,0.7,0.341,0.361,0.377,1.39,1.059,0.892,0.859,0.605,1.058,0.7,0.341,0.361,0.377,154.052,G
1.381,1.047,0.896,0.853,0.59,1.06,0.687,0.336,0.352,0.403,1.381,1.047,0.896,0.853,0.59,1.06,0.687,0.336,0.352,0.403,150.233,G
1.394,1.075,0.904,0.849,0.606,1.093,0.691,0.345,0.345,0.423,1.394,1.075,0.904,0.849,0.606,1.093,0.691,0.345,0.345,0.423,149.893,G
1.396,1.064,0.898,0.852,0.61,1.071,0.709,0.351,0.358,0.382,1.396,1.064,0.898,0.852,0.61,1.071,0.709,0.351,0.358,0.382,151.605,G
1.37,1.045,0.892,0.847,0.588,1.047,0.712,0.349,0.364,0.362,1.37,1.045,0.892,0.847,0.588,1.047,0.712,0.349,0.364,0.362,151.793,G
1.362,1.061,0.887,0.837,0.588,1.063,0.724,0.347,0.377,0.359,1.362,1.061,0.887,0.837,0.588,1.063,0.724,0.347,0.377,0.359,152.856,G
1.367,1.057,0.88,0.846,0.587,1.069,0.728,0.343,0.388,0.361,1.367,1.057,0.88,0.846,0.587,1.069,0.728,0.343,0.388,0.361,152.013,G
1.379,1.056,0.887,0.85,0.592,1.047,0.721,0.36,0.364,0.343,1.379,1.056,0.887,0.85,0.592,1.047,0.721,0.36,0.364,0.343,154.019,G
1.385,1.06,0.89,0.848,0.597,1.088,0.724,0.355,0.37,0.386,1.385,1.06,0.89,0.848,0.597,1.088,0.724,0.355,0.37,0.386,151.476,G
1.389,1.065,0.898,0.839,0.616,1.052,0.7,0.334,0.366,0.373,1.389,1.065,0.898,0.839,0.616,1.052,0.7,0.334,0.366,0.373,153.17,G
1.389,1.057,0.89,0.827,0.627,1.033,0.711,0.348,0.363,0.346,1.389,1.057,0.89,0.827,0.627,1.033,0.711,0.348,0.363,0.346,152.463,G
1.374,1.059,0.892,0.847,0.587,1.075,0.72,0.362,0.36,0.375,1.374,1.059,0.892,0.847,0.587,1.075,0.72,0.362,0.36,0.375,153.496,G
1.374,1.055,0.903,0.848,0.591,1.045,0.716,0.358,0.358,0.347,1.374,1.055,0.903,0.848,0.591,1.045,0.716,0.358,0.358,0.347,154.35,G
0.771,1.001,0.904,0.661,0.452,1.006,0.97,0.669,0.316,0.066,0.771,1.001,0.904,0.661,0.452,1.006,0.97,0.669,0.316,0.066,30.887,H
0.771,1.001,0.904,0.661,0.452,1.006,0.97,0.669,0.316,0.066,0.771,1.001,0.904,0.661,0.452,1.006,0.97,0.669,0.316,0.066,30.887,H
0.771,1.001,0.904,0.661,0.452,1.006,0.97,0.669,0.316,0.066,0.771,1.001,0.904,0.661,0.452,1.006,0.97,0.669,0.316,0.066,30.887,H
0.771,1.001,0.904,0.661,0.452,1.006,0.97,0.669,0.316,0.066,0.771,1.001,0.904,0.661,0.452,1.006,0.97,0.669,0.316,0.066,30.887,H
0.771,1.001,0.904,0.661,0.452,1.006,0.97,0.669,0.316,0.066,0.771,1.001,0.904,0.661,0.452,1.006,0.97,0.669,0.316,0.066,30.887,H
0.771,1.001,0.904,0.661,0.452,1.006,0.97,0.669,0.316,0.066,0.771,1.001,0.904,0.661,0.452,1.006,0.97,0.669,0.316,0.066,30.887,H
0.771,1.001,0.904,0.661,0.452,1.006,0.97,0.669,0.316,0.066,0.771,1.001,0.904,0.661,0.452,1.006,0.97,0.669,0.316,0.066,30.887,H
0.771,1.001,0.904,0.661,0.452,1.006,0.97,0.669,0.316,0.066,0.771,1.001,0.904,0.661,0.452,1.006,0.97,0.669,0.316,0.066,30.887,H
0.771,1.001,0.904,0.661,0.452,1.006,0.97,0.669,0.316,0.066,0.771,1.001,0.904,0.661,0.452,1.006,0.97,0.669,0.316,0.066,30.887,H
0.771,1.001,0.904,0.661,0.452,1.006,0.97,0.669,0.316,0.066,0.771,1.001,0.904,0.661,0.452,1.006,0.97,0.669,0.316,0.066,30.887,H
0.771,1.001,0.904,0.661,0.452,1.006,0.97,0.669,0.316,0.066,0.771,1.001,0.904,0.661,0.452,1.006,0.97,0.669,0.316,0.066,30.887,H
0.771,1.001,0.904,0.661,0.452,1.006,0.97,0.669,0.316,0.066,0.771,1.001,0.904,0.661,0.452,1.006,0.97,0.669,0.316,0.066,30.887,H
0.771,1.001,0.904,0.661,0.452,1.006,0.97,0.669,0.316,0.066,0.771,1.001,0.904,0.661,0.452,1.006,0.97,0.669,0.316,0.066,30.887,H
0.771,1.001,0.904,0.661,0.452,1.006,0.97,0.669,0.316,0.066,0.771,1.001,0.904,0.661,0.452,1.006,0.97,0.669,0.316,0.066,30.887,H
0.771,1.001,0.904,0.661,0.452,1.006,0.97,0.669,0.316,0.066,0.771,1.001,0.904,0.661,0.452,1.006,0.97,0.669,0.316,0.066,30.887,H
0.771,1.001,0.904,0.661,0.452,1.006,0.97,0.669,0.316,0.066,0.771,1.001,0.904,0.661,0.452,1.006,0.97,0.669,0.316,0.066,30.887,H
0.771,1.001,0.904,0.661,0.452,1.006,0.97,0.669,0.316,0.066,0.771,1.001,0.904,0.661,0.452,1.006,0.97,0.669,0.316,0.066,30.887,H
0.771,1.001,0.904,0.661,0.452,1.006,0.97,0.669,0.316,0.066,0.771,1.001,0.904,0.661,0.452,1.006,0.97,0.669,0.316,0.066,30.887,H
0.771,1.001,0.904,0.661,0.452,1.006,0.97,0.669,0.316,0.066,0.771,1.001,0.904,0.661,0.452,1.006,0.97,0.669,0.316,0.066,30.887,H
0.771,1.001,0.904,0.661,0.452,1.006,0.97,0.669,0.316,0.066,0.771,1.001,0.904,0.661,0.452,1.006,0.97,0.669,0.316,0.066,30.887,H
0.771,1.001,0.904,0.661,0.452,1.006,0.97,0.669,0.316,0.066,0.771,1.001,0.904,0.661,0.452,1.006,0.97,0.669,0.316,0.066,30.887,H
1.706,1.199,1.016,2.602,1.75,1.198,1.24,1.152,0.09,0.115,1.706,1.199,1.016,2.602,1.75,1.198,1.24,1.152,0.09,0.115,308.359,I
1.706,1.199,1.016,2.602,1.75,1.198,1.24,1.152,0.09,0.115,1.706,1.199,1.016,2.602,1.75,1.198,1.24,1.152,0.09,0.115,308.359,I
1.706,1.199,1.016,2.602,1.75,1.198,1.24,1.152,0.09,0.115,1.706,1.199,1.016,2.602,1.75,1.198,1.24,1.152,0.09,0.115,308.359,I
1.706,1.199,1.016,2.602,1.75,1.198,1.24,1.152,0.09,0.115,1.706,1.199,1.016,2.602,1.75,1.198,1.24,1.152,0.09,0.115,308.359,I
1.706,1.199,1.016,2.602,1.75,1.198,1.24,1.152,0.09,0.115,1.706,1.199,1.016,2.602,1.75,1.198,1.24,1.152,0.09,0.115,308.359,I
1.706,1.199,1.016,2.602,1.75,1.198,1.24,1.152,0.09,0.115,1.706,1.199,1.016,2.602,1.75,1.198,1.24,1.152,0.09,0.115,308.359,I
1.706,1.199,1.016,2.602,1.75,1.198,1.24,1.152,0.09,0.115,1.706,1.199,1.016,2.602,1.75,1.198,1.24,1.152,0.09,0.115,308.359,I
1.706,1.199,1.016,2.602,1.75,1.198,1.24,1.152,0.09,0.115,1.706,1.199,1.016,2.602,1.75,1.198,1.24,1.152,0.09,0.115,308.359,I
1.706,1.199,1.016,2.602,1.75,1.198,1.24,1.152,0.09,0.115,1.706,1.199,1.016,2.602,1.75,1.198,1.24,1.152,0.09,0.115,308.359,I
1.706,1.199,1.016,2.602,1.75,1.198,1.24,1.152,0.09,0.115,1.706,1.199,1.016,2.602,1.75,1.198,1.24,1.152,0.09,0.115,308.359,I
1.706,1.199,1.016,2.602,1.75,1.198,1.24,1.152,0.09,0.115,1.706,1.199,1.016,2.602,1.75,1.198,1.24,1.152,0.09,0.115,308.359,I
1.706,1.199,1.016,2.602,1.75,1.198,1.24,1.152,0.09,0.115,1.706,1.199,1.016,2.602,1.75,1.198,1.24,1.152,0.09,0.115,308.359,I
1.706,1.199,1.016,2.602,1.75,1.198,1.24,1.152,0.09,0.115,1.706,1.199,1.016,2.602,1.75,1.198,1.24,1.152,0.09,0.115,308.359,I
1.706,1.199,1.016,2.602,1.75,1.198,1.24,1.152,0.09,0.115,1.706,1.199,1.016,2.602,1.75,1.198,1.24,1.152,0.09,0.115,308.359,I
1.706,1.199,1.016,2.602,1.75,1.198,1.24,1.152,0.09,0.115,1.706,1.199,1.016,2.602,1.75,1.198,1.24,1.152,0.09,0.115,308.359,I
1.706,1.199,1.016,2.602,1.75,1.198,1.24,1.152,0.09,0.115,1.706,1.199,1.016,2.602,1.75,1.198,1.24,1.152,0.09,0.115,308.359,I
1.706,1.199,1.016,2.602,1.75,1.198,1.24,1.152,0.09,0.115,1.706,1.199,1.016,2.602,1.75,1.198,1.24,1.152,0.09,0.115,308.359,I
1.706,1.199,1.016,2.602,1.75,1.198,1.24,1.152,0.09,0.115,1.706,1.199,1.016,2.602,1.75,1.198,1.24,1.152,0.09,0.115,308.359,I
1.706,1.199,1.016,2.602,1.75,1.198,1.24,1.152,0.09,0.115,1.706,1.199,1.016,2.602,1.75,1.198,1.24,1.152,0.09,0.115,308.359,I
1.706,1.199,1.016,2.602,1.75,1.198,1.24,1.152,0.09,0.115,1.706,1.199,1.016,2.602,1.75,1.198,1.24,1.152,0.09,0.115,308.359,I
1.706,1.199,1.016,2.602,1.75,1.198,1.24,1.152,0.09,0.115,1.706,1.199,1.016,2.602,1.75,1.198,1.24,1.152,0.09,0.115,308.359,I
0.777,1.114,0.777,0.751,0.398,1.462,0.943,0.332,0.658,0.549,0.777,1.114,0.777,0.751,0.398,1.462,0.943,0.332,0.658,0.549,30.364,J
0.777,1.114,0.777,0.751,0.398,1.462,0.943,0.332,0.658,0.549,0.777,1.114,0.777,0.751,0.398,1.462,0.943,0.332,0.658,0.549,30.364,J
0.777,1.114,0.777,0.751,0.398,1.462,0.943,0.332,0.658,0.549,0.777,1.114,0.777,0.751,0.398,1.462,0.943,0.332,0.658,0.549,30.364,J
0.777,1.114,0.777,0.751,0.398,1.462,0.943,0.332,0.658,0.549,0.777,1.114,0.777,0.751,0.398,1.462,0.943,0.332,0.658,0.549,30.364,J
0.777,1.114,0.777,0.751,0.398,1.462,0.943,0.332,0.658,0.549,0.777,1.114,0.777,0.751,0.398,1.462,0.943,0.332,0.658,0.549,30.364,J
0.777,1.114,0.777,0.751,0.398,1.462,0.943,0.332,0.658,0.549,0.777,1.114,0.777,0.751,0.398,1.462,0.943,0.332,0.658,0.549,30.364,J
0.777,1.114,0.777,0.751,0.398,1.462,0.943,0.332,0.658,0.549,0.777,1.114,0.777,0.751,0.398,1.462,0.943,0.332,0.658,0.549,30.364,J
0.777,1.114,0.777,0.751,0.398,1.462,0.943,0.332,0.658,0.549,0.777,1.114,0.777,0.751,0.398,1.462,0.943,0.332,0.658,0.549,30.364,J
0.777,1.114,0.777,0.751,0.398,1.462,0.943,0.332,0.658,0.549,0.777,1.114,0.777,0.751,0.398,1.462,0.943,0.332,0.658,0.549,30.364,J
0.777,1.114,0.777,0.751,0.398,1.462,0.943,0.332,0.658,0.549,0.777,1.114,0.777,0.751,0.398,1.462,0.943,0.332,0.658,0.549,30.364,J
0.777,1.114,0.777,0.751,0.398,1.462,0.943,0.332,0.658,0.549,0.777,1.114,0.777,0.751,0.398,1.462,0.943,0.332,0.658,0.549,30.364,J
0.777,1.114,0.777,0.751,0.398,1.462,0.943,0.332,0.658,0.549,0.777,1.114,0.777,0.751,0.398,1.462,0.943,0.332,0.658,0.549,30.364,J
0.777,1.114,0.777,0.751,0.398,1.462,0.943,0.332,0.658,0.549,0.777,1.114,0.777,0.751,0.398,1.462,0.943,0.332,0.658,0.549,30.364,J
0.777,1.114,0.777,0.751,0.398,1.462,0.943,0.332,0.658,0.549,0.777,1.114,0.777,0.751,0.398,1.462,0.943,0.332,0.658,0.549,30.364,J
0.777,1.114,0.777,0.751,0.398,1.462,0.943,0.332,0.658,0.549,0.777,1.114,0.777,0.751,0.398,1.462,0.943,0.332,0.658,0.549,30.364,J
0.777,1.114,0.777,0.751,0.398,1.462,0.943,0.332,0.658,0.549,0.777,1.114,0.777,0.751,0.398,1.462,0.943,0.332,0.658,0.549,30.364,J
0.777,1.114,0.777,0.751,0.398,1.462,0.943,0.332,0.658,0.549,0.777,1.114,0.777,0.751,0.398,1.462,0.943,0.332,0.658,0.549,30.364,J
0.777,1.114,0.777,0.751,0.398,1.462,0.943,0.332,0.658,0.549,0.777,1.114,0.777,0.751,0.398,1.462,0.943,0.332,0.658,0.549,30.364,J
0.777,1.114,0.777,0.751,0.398,1.462,0.943,0.332,0.658,0.549,0.777,1.114,0.777,0.751,0.398,1.462,0.943,0.332,0.658,0.549,30.364,J
0.777,1.114,0.777,0.751,0.398,1.462,0.943,0.332,0.658,0.549,0.777,1.114,0.777,0.751,0.398,1.462,0.943,0.332,0.658,0.549,30.364,J
0.777,1.114,0.777,0.751,0.398,1.462,0.943,0.332,0.658,0.549,0.777,1.114,0.777,0.751,0.398,1.462,0.943,0.332,0.658,0.549,30.364,J
1.426,1.648,0.777,0.555,0.873,1.274,0.516,0.258,0.258,0.763,1.426,1.648,0.777,0.555,0.873,1.274,0.516,0.258,0.258,0.763,90.973,K
1.409,1.696,0.78,0.568,0.842,1.371,0.519,0.256,0.264,0.864,1.409,1.696,0.78,0.568,0.842,1.371,0.519,0.256,0.264,0.864,95.131,K
1.413,1.599,0.772,0.56,0.859,1.225,0.514,0.249,0.266,0.721,1.413,1.599,0.772,0.56,0.859,1.225,0.514,0.249,0.266,0.721,95.425,K
1.414,1.609,0.775,0.552,0.872,1.217,0.513,0.255,0.26,0.717,1.414,1.609,0.775,0.552,0.872,1.217,0.513,0.255,0.26,0.717,91.608,K
1.419,1.685,0.76,0.558,0.865,1.326,0.513,0.237,0.277,0.829,1.419,1.685,0.76,0.558,0.865,1.326,0.513,0.237,0.277,0.829,90.427,K
1.436,1.862,0.775,0.552,0.89,1.491,0.506,0.253,0.253,0.995,1.436,1.862,0.775,0.552,0.89,1.491,0.506,0.253,0.253,0.995,92.801,K
1.425,1.705,0.765,0.56,0.87,1.333,0.506,0.238,0.271,0.845,1.425,1.705,0.765,0.56,0.87,1.333,0.506,0.238,0.271,0.845,91.831,K
1.467,1.833,0.762,0.549,0.923,1.409,0.49,0.234,0.258,0.935,1.467,1.833,0.762,0.549,0.923,1.409,0.49,0.234,0.258,0.935,91.4,K
1.413,1.635,0.765,0.525,0.904,1.234,0.525,0.266,0.262,0.725,1.413,1.635,0.765,0.525,0.904,1.234,0.525,0.266,0.262,0.725,91.526,K
1.436,1.603,0.731,0.506,0.94,1.174,0.525,0.24,0.288,0.676,1.436,1.603,0.731,0.506,0.94,1.174,0.525,0.24,0.288,0.676,79.057,K
1.504,1.764,0.733,0.488,1.022,1.258,0.502,0.24,0.262,0.763,1.504,1.764,0.733,0.488,1.022,1.258,0.502,0.24,0.262,0.763,74.947,K
1.489,1.779,0.734,0.501,1.008,1.273,0.496,0.234,0.264,0.801,1.489,1.779,0.734,0.501,1.008,1.273,0.496,0.234,0.264,0.801,74.706,K
1.478,1.578,0.714,0.493,0.997,1.096,0.509,0.222,0.287,0.605,1.478,1.578,0.714,0.493,0.997,1.096,0.509,0.222,0.287,0.605,75.664,K
1.489,1.592,0.737,0.489,1.017,1.088,0.502,0.244,0.259,0.592,1.489,1.592,0.737,0.489,1.017,1.088,0.502,0.244,0.259,0.592,76.942,K
1.455,1.624,0.725,0.466,0.998,1.172,0.535,0.26,0.275,0.661,1.455,1.624,0.725,0.466,0.998,1.172,0.535,0.26,0.275,0.661,82.735,K
1.464,1.576,0.717,0.474,0.999,1.116,0.528,0.244,0.284,0.6,1.464,1.576,0.717,0.474,0.999,1.116,0.528,0.244,0.284,0.6,81.884,K
1.483,1.552,0.72,0.487,1.005,1.072,0.513,0.233,0.279,0.572,1.483,1.552,0.72,0.487,1.005,1.072,0.513,0.233,0.279,0.572,82.492,K
1.471,1.56,0.724,0.468,1.016,1.083,0.524,0.253,0.272,0.572,1.471,1.56,0.724,0.468,1.016,1.083,0.524,0.253,0.272,0.572,83.528,K
1.432,1.58,0.711,0.467,0.972,1.154,0.55,0.253,0.298,0.611,1.432,1.58,0.711,0.467,0.972,1.154,0.55,0.253,0.298,0.611,85.088,K
1.449,1.581,0.725,0.479,0.98,1.134,0.534,0.254,0.28,0.604,1.449,1.581,0.725,0.479,0.98,1.134,0.534,0.254,0.28,0.604,84.38,K
1.488,1.609,0.719,0.469,1.028,1.118,0.518,0.246,0.273,0.609,1.488,1.609,0.719,0.469,1.028,1.118,0.518,0.246,0.273,0.609,83.528,K
2.385,3.683,0.846,1.085,2.379,1.199,0.32,0.168,0.168,1.134,2.385,3.683,0.846,1.085,2.379,1.199,0.32,0.168,0.168,1.134,339.706,L
2.385,3.683,0.846,1.085,2.379,1.199,0.32,0.168,0.168,1.134,2.385,3.683,0.846,1.085,2.379,1.199,0.32,0.168,0.168,1.134,339.706,L
2.385,3.683,0.846,1.085,2.379,1.199,0.32,0.168,0.168,1.134,2.385,3.683,0.846,1.085,2.379,1.199,0.32,0.168,0.168,1.134,339.706,L
2.385,3.683,0.846,1.085,2.379,1.199,0.32,0.168,0.168,1.134,2.385,3.683,0.846,1.085,2.379,1.199,0.32,0.168,0.168,1.134,339.706,L
2.385,3.683,0.846,1.085,2.379,1.199,0.32,0.168,0.168,1.134,2.385,3.683,0.846,1.085,2.379,1.199,0.32,0.168,0.168,1.134,339.706,L
2.385,3.683,0.846,1.085,2.379,1.199,0.32,0.168,0.168,1.134,2.385,3.683,0.846,1.085,2.379,1.199,0.32,0.168,0.168,1.134,339.706,L
2.385,3.683,0.846,1.085,2.379,1.199,0.32,0.168,0.168,1.134,2.385,3.683,0.846,1.085,2.379,1.199,0.32,0.168,0.168,1.134,339.706,L
2.385,3.683,0.846,1.085,2.379,1.199,0.32,0.168,0.168,1.134,2.385,3.683,0.846,1.085,2.379,1.199,0.32,0.168,0.168,1.134,339.706,L
2.385,3.683,0.846,1.085,2.379,1.199,0.32,0.168,0.168,1.134,2.385,3.683,0.846,1.085,2.379,1.199,0.32,0.168,0.168,1.134,339.706,L
2.385,3.683,0.846,1.085,2.379,1.199,0.32,0.168,0.168,1.134,2.385,3.683,0.846,1.085,2.379,1.199,0.32,0.168,0.168,1.134,339.706,L
2.385,3.683,0.846,1.085,2.379,1.199,0.32,0.168,0.168,1.134,2.385,3.683,0.846,1.085,2.379,1.199,0.32,0.168,0.168,1.134,339.706,L
2.385,3.683,0.846,1.085,2.379,1.199,0.32,0.168,0.168,1.134,2.385,3.683,0.846,1.085,2.379,1.199,0.32,0.168,0.168,1.134,339.706,L
2.385,3.683,0.846,1.085,2.379,1.199,0.32,0.168,0.168,1.134,2.385,3.683,0.846,1.085,2.379,1.199,0.32,0.168,0.168,1.134,339.706,L
2.385,3.683,0.846,1.085,2.379,1.199,0.32,0.168,0.168,1.134,2.385,3.683,0.846,1.085,2.379,1.199,0.32,0.168,0.168,1.134,339.706,L
2.385,3.683,0.846,1.085,2.379,1.199,0.32,0.168,0.168,1.134,2.385,3.683,0.846,1.085,2.379,1.199,0.32,0.168,0.168,1.134,339.706,L
2.385,3.683,0.846,1.085,2.379,1.199,0.32,0.168,0.168,1.134,2.385,3.683,0.846,1.085,2.379,1.199,0.32,0.168,0.168,1.134,339.706,L
2.385,3.683,0.846,1.085,2.379,1.199,0.32,0.168,0.168,1.134,2.385,3.683,0.846,1.085,2.379,1.199,0.32,0.168,0.168,1.134,339.706,L
2.385,3.683,0.846,1.085,2.379,1.199,0.32,0.168,0.168,1.134,2.385,3.683,0.846,1.085,2.379,1.199,0.32,0.168,0.168,1.134,339.706,L
2.385,3.683,0.846,1.085,2.379,1.199,0.32,0.168,0.168,1.134,2.385,3.683,0.846,1.085,2.379,1.199,0.32,0.168,0.168,1.134,339.706,L
2.385,3.683,0.846,1.085,2.379,1.199,0.32,0.168,0.168,1.134,2.385,3.683,0.846,1.085,2.379,1.199,0.32,0.168,0.168,1.134,339.706,L
2.385,3.683,0.846,1.085,2.379,1.199,0.32,0.168,0.168,1.134,2.385,3.683,0.846,1.085,2.379,1.199,0.32,0.168,0.168,1.134,339.706,L
0.6,0.953,0.942,0.82,0.696,0.578,0.492,0.321,0.174,0.168,0.6,0.953,0.942,0.82,0.696,0.578,0.492,0.321,0.174,0.168,97.124,M
0.605,0.96,0.947,0.822,0.686,0.58,0.486,0.312,0.18,0.169,0.605,0.96,0.947,0.822,0.686,0.58,0.486,0.312,0.18,0.169,82.219,M
0.6,0.951,0.958,0.827,0.7,0.585,0.499,0.337,0.172,0.167,0.6,0.951,0.958,0.827,0.7,0.585,0.499,0.337,0.172,0.167,90.758,M
0.601,0.958,0.96,0.823,0.69,0.588,0.496,0.333,0.174,0.167,0.601,0.958,0.96,0.823,0.69,0.588,0.496,0.333,0.174,0.167,97.124,M
0.601,0.95,0.955,0.821,0.697,0.586,0.492,0.33,0.172,0.179,0.601,0.95,0.955,0.821,0.697,0.586,0.492,0.33,0.172,0.179,102.616,M
0.589,0.946,0.953,0.824,0.691,0.591,0.495,0.33,0.172,0.186,0.589,0.946,0.953,0.824,0.691,0.591,0.495,0.33,0.172,0.186,89.269,M
0.593,0.945,0.954,0.821,0.688,0.59,0.486,0.318,0.178,0.2,0.593,0.945,0.954,0.821,0.688,0.59,0.486,0.318,0.178,0.2,90.956,M
0.596,0.949,0.95,0.816,0.689,0.594,0.482,0.321,0.169,0.206,0.596,0.949,0.95,0.816,0.689,0.594,0.482,0.321,0.169,0.206,104.048,M
0.591,0.947,0.958,0.83,0.691,0.586,0.481,0.321,0.169,0.193,0.591,0.947,0.958,0.83,0.691,0.586,0.481,0.321,0.169,0.193,100.424,M
0.603,0.939,0.939,0.807,0.687,0.574,0.486,0.321,0.168,0.198,0.603,0.939,0.939,0.807,0.687,0.574,0.486,0.321,0.168,0.198,100.424,M
0.599,0.954,0.943,0.816,0.687,0.578,0.489,0.319,0.175,0.174,0.599,0.954,0.943,0.816,0.687,0.578,0.489,0.319,0.175,0.174,101.242,M
0.601,0.944,0.951,0.82,0.686,0.585,0.487,0.333,0.159,0.194,0.601,0.944,0.951,0.82,0.686,0.585,0.487,0.333,0.159,0.194,79.12,M
0.596,0.944,0.963,0.831,0.673,0.562,0.475,0.324,0.161,0.181,0.596,0.944,0.963,0.831,0.673,0.562,0.475,0.324,0.161,0.181,86.649,M
0.604,0.94,0.953,0.824,0.68,0.562,0.479,0.31,0.178,0.184,0.604,0.94,0.953,0.824,0.68,0.562,0.479,0.31,0.178,0.184,75.027,M
0.607,0.945,0.949,0.82,0.67,0.578,0.487,0.315,0.179,0.19,0.607,0.945,0.949,0.82,0.67,0.578,0.487,0.315,0.179,0.19,72.732,M
0.625,0.948,0.955,0.823,0.683,0.574,0.487,0.325,0.17,0.176,0.625,0.948,0.955,0.823,0.683,0.574,0.487,0.325,0.17,0.176,66.098,M
0.609,0.945,0.956,0.826,0.685,0.583,0.495,0.33,0.173,0.179,0.609,0.945,0.956,0.826,0.685,0.583,0.495,0.33,0.173,0.179,87.281,M
0.602,0.948,0.952,0.827,0.674,0.59,0.491,0.317,0.182,0.189,0.602,0.948,0.952,0.827,0.674,0.59,0.491,0.317,0.182,0.189,67.357,M
0.588,0.95,0.955,0.84,0.679,0.585,0.5,0.321,0.187,0.164,0.588,0.95,0.955,0.84,0.679,0.585,0.5,0.321,0.187,0.164,64.56,M
0.596,0.948,0.945,0.812,0.674,0.588,0.495,0.32,0.182,0.189,0.596,0.948,0.945,0.812,0.674,0.588,0.495,0.32,0.182,0.189,57.974,M
0.604,0.948,0.954,0.828,0.675,0.572,0.474,0.316,0.165,0.189,0.604,0.948,0.954,0.828,0.675,0.572,0.474,0.316,0.165,0.189,68.007,M
0.585,0.945,0.949,0.826,0.664,0.622,0.516,0.328,0.195,0.201,0.585,0.945,0.949,0.826,0.664,0.622,0.516,0.328,0.195,0.201,132.197,N
0.575,0.943,0.949,0.823,0.658,0.637,0.533,0.348,0.192,0.203,0.575,0.943,0.949,0.823,0.658,0.637,0.533,0.348,0.192,0.203,132.563,N
0.577,0.947,0.943,0.831,0.664,0.615,0.501,0.315,0.19,0.206,0.577,0.947,0.943,0.831,0.664,0.615,0.501,0.315,0.19,0.206,129.692,N
0.583,0.953,0.951,0.832,0.664,0.614,0.499,0.324,0.181,0.199,0.583,0.953,0.951,0.832,0.664,0.614,0.499,0.324,0.181,0.199,129.035,N
0.59,0.952,0.953,0.828,0.659,0.626,0.506,0.328,0.187,0.207,0.59,0.952,0.953,0.828,0.659,0.626,0.506,0.328,0.187,0.207,133.15,N
0.586,0.958,0.948,0.821,0.659,0.641,0.523,0.338,0.192,0.199,0.586,0.958,0.948,0.821,0.659,0.641,0.523,0.338,0.192,0.199,132.004,N
0.589,0.954,0.951,0.829,0.656,0.624,0.506,0.312,0.205,0.203,0.589,0.954,0.951,0.829,0.656,0.624,0.506,0.312,0.205,0.203,135.059,N
0.579,0.953,0.943,0.814,0.653,0.643,0.521,0.329,0.199,0.217,0.579,0.953,0.943,0.814,0.653,0.643,0.521,0.329,0.199,0.217,131.898,N
0.592,0.949,0.947,0.829,0.66,0.614,0.491,0.306,0.192,0.216,0.592,0.949,0.947,0.829,0.66,0.614,0.491,0.306,0.192,0.216,129.973,N
0.585,0.945,0.948,0.826,0.652,0.623,0.509,0.317,0.201,0.213,0.585,0.945,0.948,0.826,0.652,0.623,0.509,0.317,0.201,0.213,133.454,N
0.587,0.948,0.948,0.834,0.651,0.618,0.491,0.317,0.179,0.219,0.587,0.948,0.948,0.834,0.651,0.618,0.491,0.317,0.179,0.219,130.602,N
0.589,0.955,0.959,0.84,0.654,0.616,0.486,0.314,0.181,0.211,0.589,0.955,0.959,0.84,0.654,0.616,0.486,0.314,0.181,0.211,126.811,N
0.587,0.955,0.954,0.84,0.649,0.614,0.489,0.31,0.187,0.205,0.587,0.955,0.954,0.84,0.649,0.614,0.489,0.31,0.187,0.205,135.68,N
0.585,0.95,0.948,0.826,0.647,0.626,0.5,0.321,0.185,0.22,0.585,0.95,0.948,0.826,0.647,0.626,0.5,0.321,0.185,0.22,130.3,N
0.579,0.949,0.953,0.834,0.643,0.63,0.506,0.33,0.183,0.216,0.579,0.949,0.953,0.834,0.643,0.63,0.506,0.33,0.183,0.216,129.988,N
0.595,0.95,0.957,0.841,0.65,0.619,0.486,0.318,0.175,0.22,0.595,0.95,0.957,0.841,0.65,0.619,0.486,0.318,0.175,0.22,130.292,N
0.588,0.954,0.954,0.835,0.636,0.624,0.491,0.316,0.183,0.222,0.588,0.954,0.954,0.835,0.636,0.624,0.491,0.316,0.183,0.222,130.602,N
0.584,0.956,0.956,0.833,0.634,0.639,0.506,0.334,0.18,0.218,0.584,0.956,0.956,0.833,0.634,0.639,0.506,0.334,0.18,0.218,125.96,N
0.592,0.959,0.957,0.831,0.637,0.635,0.495,0.326,0.18,0.223,0.592,0.959,0.957,0.831,0.637,0.635,0.495,0.326,0.18,0.223,123.016,N
0.575,0.948,0.952,0.838,0.63,0.627,0.494,0.319,0.181,0.228,0.575,0.948,0.952,0.838,0.63,0.627,0.494,0.319,0.181,0.228,124.326,N
0.585,0.949,0.957,0.836,0.627,0.624,0.499,0.332,0.175,0.22,0.585,0.949,0.957,0.836,0.627,0.624,0.499,0.332,0.175,0.22,127.487,N
0.87,0.967,0.989,0.976,0.196,0.046,0.229,0.369,0.183,0.267,0.87,0.967,0.989,0.976,0.196,0.046,0.229,0.369,0.183,0.267,1,O
0.87,0.967,0.989,0.976,0.196,0.046,0.229,0.369,0.183,0.267,0.87,0.967,0.989,0.976,0.196,0.046,0.229,0.369,0.183,0.267,1,O
0.848,0.968,0.993,0.956,0.157,0.34,0.375,0.28,0.112,0.224,0.848,0.968,0.993,0.956,0.157,0.34,0.375,0.28,0.112,0.224,3,O
0.848,0.968,0.993,0.956,0.157,0.34,0.375,0.28,0.112,0.224,0.848,0.968,0.993,0.956,0.157,0.34,0.375,0.28,0.112,0.224,3,O
0.848,0.968,0.993,0.956,0.157,0.34,0.375,0.28,0.112,0.224,0.848,0.968,0.993,0.956,0.157,0.34,0.375,0.28,0.112,0.224,3,O
0.848,0.968,0.993,0.956,0.157,0.34,0.375,0.28,0.112,0.224,0.848,0.968,0.993,0.956,0.157,0.34,0.375,0.28,0.112,0.224,3,O
0.848,0.968,0.993,0.956,0.157,0.34,0.375,0.28,0.112,0.224,0.848,0.968,0.993,0.956,0.157,0.34,0.375,0.28,0.112,0.224,3,O
0.848,0.968,0.993,0.956,0.157,0.34,0.375,0.28,0.112,0.224,0.848,0.968,0.993,0.956,0.157,0.34,0.375,0.28,0.112,0.224,3,O
0.848,0.968,0.993,0.956,0.157,0.34,0.375,0.28,0.112,0.224,0.848,0.968,0.993,0.956,0.157,0.34,0.375,0.28,0.112,0.224,3,O
0.848,0.968,0.993,0.956,0.157,0.34,0.375,0.28,0.112,0.224,0.848,0.968,0.993,0.956,0.157,0.34,0.375,0.28,0.112,0.224,3,O
0.848,0.968,0.993,0.956,0.157,0.34,0.375,0.28,0.112,0.224,0.848,0.968,0.993,0.956,0.157,0.34,0.375,0.28,0.112,0.224,3,O
0.848,0.968,0.993,0.956,0.157,0.34,0.375,0.28,0.112,0.224,0.848,0.968,0.993,0.956,0.157,0.34,0.375,0.28,0.112,0.224,3,O
0.848,0.968,0.993,0.956,0.157,0.34,0.375,0.28,0.112,0.224,0.848,0.968,0.993,0.956,0.157,0.34,0.375,0.28,0.112,0.224,3,O
0.848,0.968,0.993,0.956,0.157,0.34,0.375,0.28,0.112,0.224,0.848,0.968,0.993,0.956,0.157,0.34,0.375,0.28,0.112,0.224,3,O
0.848,0.968,0.993,0.956,0.157,0.34,0.375,0.28,0.112,0.224,0.848,0.968,0.993,0.956,0.157,0.34,0.375,0.28,0.112,0.224,3,O
0.848,0.968,0.993,0.956,0.157,0.34,0.375,0.28,0.112,0.224,0.848,0.968,0.993,0.956,0.157,0.34,0.375,0.28,0.112,0.224,3,O
0.848,0.968,0.993,0.956,0.157,0.34,0.375,0.28,0.112,0.224,0.848,0.968,0.993,0.956,0.157,0.34,0.375,0.28,0.112,0.224,3,O
0.848,0.968,0.993,0.956,0.157,0.34,0.375,0.28,0.112,0.224,0.848,0.968,0.993,0.956,0.157,0.34,0.375,0.28,0.112,0.224,3,O
0.848,0.968,0.993,0.956,0.157,0.34,0.375,0.28,0.112,0.224,0.848,0.968,0.993,0.956,0.157,0.34,0.375,0.28,0.112,0.224,3,O
0.848,0.968,0.993,0.956,0.157,0.34,0.375,0.28,0.112,0.224,0.848,0.968,0.993,0.956,0.157,0.34,0.375,0.28,0.112,0.224,3,O
0.848,0.968,0.993,0.956,0.157,0.34,0.375,0.28,0.112,0.224,0.848,0.968,0.993,0.956,0.157,0.34,0.375,0.28,0.112,0.224,3,O
1.232,1.99,0.561,0.404,0.857,2.148,0.7,0.191,0.513,1.939,1.232,1.99,0.561,0.404,0.857,2.148,0.7,0.191,0.513,1.939,126.921,P
1.224,1.98,0.579,0.414,0.836,2.182,0.705,0.202,0.504,1.978,1.224,1.98,0.579,0.414,0.836,2.182,0.705,0.202,0.504,1.978,128.725,P
1.248,2.001,0.592,0.423,0.854,2.163,0.681,0.206,0.478,1.963,1.248,2.001,0.592,0.423,0.854,2.163,0.681,0.206,0.478,1.963,128.725,P
1.239,1.972,0.607,0.434,0.841,2.17,0.681,0.213,0.469,1.96,1.239,1.972,0.607,0.434,0.841,2.17,0.681,0.213,0.469,1.96,128.269,P
1.256,1.975,0.581,0.407,0.875,2.08,0.68,0.205,0.478,1.909,1.256,1.975,0.581,0.407,0.875,2.08,0.68,0.205,0.478,1.909,126.436,P
1.22,1.9,0.604,0.447,0.812,2.165,0.689,0.202,0.489,1.974,1.22,1.9,0.604,0.447,0.812,2.165,0.689,0.202,0.489,1.974,127.142,P
1.288,2.001,0.611,0.423,0.901,2.054,0.645,0.216,0.432,1.864,1.288,2.001,0.611,0.423,0.901,2.054,0.645,0.216,0.432,1.864,123.471,P
1.226,1.958,0.599,0.425,0.834,2.173,0.694,0.215,0.481,1.995,1.226,1.958,0.599,0.425,0.834,2.173,0.694,0.215,0.481,1.995,127.424,P
1.273,2.046,0.621,0.442,0.873,2.179,0.645,0.21,0.435,1.999,1.273,2.046,0.621,0.442,0.873,2.179,0.645,0.21,0.435,1.999,125.3,P
1.225,1.95,0.592,0.421,0.842,2.152,0.695,0.211,0.486,1.954,1.225,1.95,0.592,0.421,0.842,2.152,0.695,0.211,0.486,1.954,127.279,P
1.259,2.028,0.598,0.419,0.871,2.153,0.67,0.212,0.461,1.985,1.259,2.028,0.598,0.419,0.871,2.153,0.67,0.212,0.461,1.985,127.577,P
1.216,1.928,0.592,0.423,0.832,2.146,0.7,0.213,0.49,1.953,1.216,1.928,0.592,0.423,0.832,2.146,0.7,0.213,0.49,1.953,127.424,P
1.271,1.983,0.599,0.415,0.894,2.045,0.657,0.21,0.449,1.864,1.271,1.983,0.599,0.415,0.894,2.045,0.657,0.21,0.449,1.864,121.824,P
1.277,2.037,0.616,0.438,0.876,2.159,0.647,0.211,0.438,1.985,1.277,2.037,0.616,0.438,0.876,2.159,0.647,0.211,0.438,1.985,127.738,P
1.229,1.932,0.587,0.426,0.849,2.119,0.686,0.205,0.486,1.909,1.229,1.932,0.587,0.426,0.849,2.119,0.686,0.205,0.486,1.909,123.321,P
1.231,1.968,0.595,0.42,0.841,2.166,0.694,0.215,0.481,1.984,1.231,1.968,0.595,0.42,0.841,2.166,0.694,0.215,0.481,1.984,129.553,P
1.234,1.981,0.604,0.429,0.841,2.187,0.685,0.215,0.472,1.993,1.234,1.981,0.604,0.429,0.841,2.187,0.685,0.215,0.472,1.993,129.402,P
1.249,1.982,0.61,0.425,0.865,2.143,0.672,0.222,0.452,1.962,1.249,1.982,0.61,0.425,0.865,2.143,0.672,0.222,0.452,1.962,126.59,P
1.226,1.943,0.601,0.431,0.845,2.151,0.686,0.214,0.474,1.937,1.226,1.943,0.601,0.431,0.845,2.151,0.686,0.214,0.474,1.937,124.036,P
1.249,2.019,0.597,0.418,0.866,2.17,0.678,0.217,0.465,1.971,1.249,2.019,0.597,0.418,0.866,2.17,0.678,0.217,0.465,1.971,126.02,P
1.241,1.943,0.592,0.431,0.856,2.117,0.677,0.201,0.478,1.899,1.241,1.943,0.592,0.431,0.856,2.117,0.677,0.201,0.478,1.899,126.151,P
0.567,0.504,0.936,0.772,0.772,0.912,0.369,0.252,0.122,1.029,0.567,0.504,0.936,0.772,0.772,0.912,0.369,0.252,0.122,1.029,70.859,Q
0.572,0.499,0.937,0.77,0.771,0.886,0.37,0.254,0.121,1.008,0.572,0.499,0.937,0.77,0.771,0.886,0.37,0.254,0.121,1.008,70.214,Q
0.573,0.485,0.938,0.771,0.77,0.898,0.363,0.252,0.117,1.032,0.573,0.485,0.938,0.771,0.77,0.898,0.363,0.252,0.117,1.032,71.701,Q
0.578,0.506,0.94,0.779,0.77,0.9,0.356,0.242,0.122,1.015,0.578,0.506,0.94,0.779,0.77,0.9,0.356,0.242,0.122,1.015,68.066,Q
0.576,0.524,0.938,0.782,0.76,0.914,0.349,0.239,0.113,1.028,0.576,0.524,0.938,0.782,0.76,0.914,0.349,0.239,0.113,1.028,70.214,Q
0.556,0.52,0.941,0.787,0.756,0.916,0.354,0.239,0.121,1.018,0.556,0.52,0.941,0.787,0.756,0.916,0.354,0.239,0.121,1.018,71.805,Q
0.575,0.502,0.941,0.778,0.768,0.9,0.355,0.244,0.118,1.021,0.575,0.502,0.941,0.778,0.768,0.9,0.355,0.244,0.118,1.021,68.25,Q
0.565,0.508,0.945,0.783,0.757,0.916,0.359,0.25,0.117,1.028,0.565,0.508,0.945,0.783,0.757,0.916,0.359,0.25,0.117,1.028,72.567,Q
0.566,0.506,0.946,0.78,0.756,0.913,0.362,0.257,0.112,1.03,0.566,0.506,0.946,0.78,0.756,0.913,0.362,0.257,0.112,1.03,72.18,Q
0.564,0.498,0.936,0.774,0.754,0.903,0.36,0.246,0.118,1.038,0.564,0.498,0.936,0.774,0.754,0.903,0.36,0.246,0.118,1.038,71.701,Q
0.576,0.5,0.942,0.782,0.772,0.914,0.35,0.24,0.117,1.031,0.576,0.5,0.942,0.782,0.772,0.914,0.35,0.24,0.117,1.031,71.568,Q
0.578,0.513,0.942,0.779,0.776,0.9,0.356,0.248,0.115,1.009,0.578,0.513,0.942,0.779,0.776,0.9,0.356,0.248,0.115,1.009,70.711,Q
0.574,0.514,0.944,0.779,0.769,0.914,0.354,0.25,0.111,1.029,0.574,0.514,0.944,0.779,0.769,0.914,0.354,0.25,0.111,1.029,72.691,Q
0.555,0.505,0.945,0.775,0.761,0.905,0.364,0.259,0.111,1.026,0.555,0.505,0.945,0.775,0.761,0.905,0.364,0.259,0.111,1.026,72.18,Q
0.577,0.511,0.941,0.776,0.774,0.903,0.362,0.247,0.125,1.015,0.577,0.511,0.941,0.776,0.774,0.903,0.362,0.247,0.125,1.015,72.25,Q
0.566,0.513,0.947,0.776,0.763,0.924,0.367,0.261,0.115,1.037,0.566,0.513,0.947,0.776,0.763,0.924,0.367,0.261,0.115,1.037,73.437,Q
0.562,0.513,0.948,0.781,0.763,0.916,0.362,0.259,0.109,1.022,0.562,0.513,0.948,0.781,0.763,0.916,0.362,0.259,0.109,1.022,72.56,Q
0.576,0.506,0.939,0.776,0.773,0.901,0.36,0.248,0.118,1.018,0.576,0.506,0.939,0.776,0.773,0.901,0.36,0.248,0.118,1.018,69.354,Q
0.573,0.522,0.944,0.772,0.758,0.904,0.363,0.261,0.108,1.026,0.573,0.522,0.944,0.772,0.758,0.904,0.363,0.261,0.108,1.026,72.443,Q
0.577,0.524,0.947,0.771,0.766,0.909,0.37,0.266,0.114,1.02,0.577,0.524,0.947,0.771,0.766,0.909,0.37,0.266,0.114,1.02,72.56,Q
0.569,0.508,0.943,0.772,0.759,0.907,0.374,0.265,0.116,1.024,0.569,0.508,0.943,0.772,0.759,0.907,0.374,0.265,0.116,1.024,72.443,Q
0.971,4.015,1.22,1.641,2.164,2.363,0.735,0.538,0.237,2.309,0.971,4.015,1.22,1.641,2.164,2.363,0.735,0.538,0.237,2.309,119.436,R
1.378,5.468,0.949,1.475,2.534,2.601,0.677,0.483,0.198,2.472,1.378,5.468,0.949,1.475,2.534,2.601,0.677,0.483,0.198,2.472,122,R
1.14,1.812,0.996,1.342,1.887,1.646,0.798,0.573,0.237,1.317,1.14,1.812,0.996,1.342,1.887,1.646,0.798,0.573,0.237,1.317,118.68,R
3.736,14.708,1.456,5.099,8.802,1.942,0.691,0.468,0.251,1.659,3.736,14.708,1.456,5.099,8.802,1.942,0.691,0.468,0.251,1.659,117.903,R
1.439,5.446,0.977,1.7,2.991,2.267,0.738,0.541,0.218,1.993,1.439,5.446,0.977,1.7,2.991,2.267,0.738,0.541,0.218,1.993,116.417,R
1.551,5.274,0.108,1.749,3.193,1.839,0.86,0.514,0.346,1.591,1.551,5.274,0.108,1.749,3.193,1.839,0.86,0.514,0.346,1.591,114.237,R
2.01,6.476,0.415,2.096,4.103,1.784,0.749,0.515,0.245,1.594,2.01,6.476,0.415,2.096,4.103,1.784,0.749,0.515,0.245,1.594,119.101,R
2.509,12.161,0.394,3.572,5.88,2.176,0.774,0.555,0.233,2.032,2.509,12.161,0.394,3.572,5.88,2.176,0.774,0.555,0.233,2.032,118.068,R
2.918,16.46,1.22,3.991,6.85,2.5,0.727,0.408,0.324,2.421,2.918,16.46,1.22,3.991,6.85,2.5,0.727,0.408,0.324,2.421,119.365,R
1.502,3.841,0.295,1.379,2.795,1.72,0.832,0.474,0.358,1.343,1.502,3.841,0.295,1.379,2.795,1.72,0.832,0.474,0.358,1.343,116.902,R
1.857,6.329,0.371,2.211,4.059,1.801,0.786,0.564,0.229,1.564,1.857,6.329,0.371,2.211,4.059,1.801,0.786,0.564,0.229,1.564,119.854,R
1.559,4.288,0.608,1.487,2.997,1.788,0.732,0.487,0.245,1.565,1.559,4.288,0.608,1.487,2.997,1.788,0.732,0.487,0.245,1.565,117.546,R
1.794,4.154,0.236,1.031,2.812,1.65,0.722,0.446,0.276,1.367,1.794,4.154,0.236,1.031,2.812,1.65,0.722,0.446,0.276,1.367,114.272,R
1.854,4.62,0.622,1.663,3.166,1.465,0.708,0.409,0.302,1.203,1.854,4.62,0.622,1.663,3.166,1.465,0.708,0.409,0.302,1.203,113.78,R
1.654,4.105,0.122,0.981,2.631,1.747,0.749,0.398,0.351,1.374,1.654,4.105,0.122,0.981,2.631,1.747,0.749,0.398,0.351,1.374,123.794,R
2.476,6.629,0.412,2.64,5.048,1.648,0.703,0.443,0.267,1.318,2.476,6.629,0.412,2.64,5.048,1.648,0.703,0.443,0.267,1.318,117.239,R
1.67,4.18,0.146,1.674,3.328,1.552,0.803,0.459,0.344,1.155,1.67,4.18,0.146,1.674,3.328,1.552,0.803,0.459,0.344,1.155,118.878,R
2.152,3.28,0.308,1.159,3.31,1.122,0.65,0.345,0.319,0.921,2.152,3.28,0.308,1.159,3.31,1.122,0.65,0.345,0.319,0.921,115.732,R
1.928,2.511,0.425,0.735,2.632,1.063,0.631,0.306,0.339,0.71,1.928,2.511,0.425,0.735,2.632,1.063,0.631,0.306,0.339,0.71,114.63,R
1.761,2.856,0.41,0.81,2.553,1.195,0.69,0.403,0.294,0.963,1.761,2.856,0.41,0.81,2.553,1.195,0.69,0.403,0.294,0.963,116.966,R
1.805,3.657,0.311,0.868,2.671,1.603,0.699,0.388,0.335,1.134,1.805,3.657,0.311,0.868,2.671,1.603,0.699,0.388,0.335,1.134,118.089,R
1.879,1.364,0.816,2.083,1.999,1.043,0.962,0.742,0.269,0.187,1.879,1.364,0.816,2.083,1.999,1.043,0.962,0.742,0.269,0.187,307.08,S
1.921,1.408,0.815,2.12,1.968,1.032,0.968,0.754,0.275,0.21,1.921,1.408,0.815,2.12,1.968,1.032,0.968,0.754,0.275,0.21,308.131,S
1.877,1.381,0.809,2.103,1.942,1.045,0.986,0.76,0.286,0.198,1.877,1.381,0.809,2.103,1.942,1.045,0.986,0.76,0.286,0.198,307.08,S
1.888,1.334,0.838,2.127,1.941,1.05,0.978,0.745,0.294,0.178,1.888,1.334,0.838,2.127,1.941,1.05,0.978,0.745,0.294,0.178,307.104,S
1.957,1.414,0.836,2.267,2.075,1.04,0.978,0.771,0.266,0.203,1.957,1.414,0.836,2.267,2.075,1.04,0.978,0.771,0.266,0.203,307.197,S
1.874,1.371,0.82,2.124,1.919,1.049,0.983,0.769,0.278,0.197,1.874,1.371,0.82,2.124,1.919,1.049,0.983,0.769,0.278,0.197,306.235,S
1.896,1.363,0.86,2.102,1.93,1.048,0.98,0.743,0.284,0.192,1.896,1.363,0.86,2.102,1.93,1.048,0.98,0.743,0.284,0.192,306.235,S
1.905,1.373,0.815,2.131,2.03,1.03,0.953,0.731,0.282,0.189,1.905,1.373,0.815,2.131,2.03,1.03,0.953,0.731,0.282,0.189,307.234,S
1.961,1.411,0.808,2.193,2.061,1.022,0.949,0.756,0.259,0.204,1.961,1.411,0.808,2.193,2.061,1.022,0.949,0.756,0.259,0.204,308.469,S
1.93,1.392,0.845,2.208,2.083,1.044,0.969,0.762,0.249,0.193,1.93,1.392,0.845,2.208,2.083,1.044,0.969,0.762,0.249,0.193,304.475,S
1.91,1.373,0.836,2.163,2.017,1.038,0.978,0.763,0.262,0.187,1.91,1.373,0.836,2.163,2.017,1.038,0.978,0.763,0.262,0.187,305.531,S
1.944,1.403,0.851,2.244,2.089,1.032,0.969,0.762,0.254,0.196,1.944,1.403,0.851,2.244,2.089,1.032,0.969,0.762,0.254,0.196,307.527,S
1.931,1.386,0.821,2.184,1.94,1.059,0.991,0.789,0.27,0.204,1.931,1.386,0.821,2.184,1.94,1.059,0.991,0.789,0.27,0.204,305.473,S
1.941,1.376,0.837,2.282,2.08,1.046,0.988,0.78,0.263,0.184,1.941,1.376,0.837,2.282,2.08,1.046,0.988,0.78,0.263,0.184,309.467,S
1.925,1.384,0.818,2.135,1.925,1.05,0.987,0.77,0.283,0.203,1.925,1.384,0.818,2.135,1.925,1.05,0.987,0.77,0.283,0.203,307.417,S
1.904,1.333,0.839,2.255,2.077,1.048,0.981,0.766,0.269,0.167,1.904,1.333,0.839,2.255,2.077,1.048,0.981,0.766,0.269,0.167,304.475,S
1.926,1.392,0.864,2.195,2.048,1.041,0.977,0.768,0.246,0.194,1.926,1.392,0.864,2.195,2.048,1.041,0.977,0.768,0.246,0.194,303.727,S
1.889,1.379,0.833,2.166,1.961,1.047,0.984,0.764,0.281,0.197,1.889,1.379,0.833,2.166,1.961,1.047,0.984,0.764,0.281,0.197,304.593,S
1.874,1.371,0.838,2.135,1.919,1.056,0.99,0.767,0.282,0.197,1.874,1.371,0.838,2.135,1.919,1.056,0.99,0.767,0.282,0.197,302.478,S
1.841,1.343,0.841,2.092,1.903,1.044,0.979,0.759,0.273,0.185,1.841,1.343,0.841,2.092,1.903,1.044,0.979,0.759,0.273,0.185,303.595,S
1.957,1.409,0.856,2.294,2.108,1.043,0.982,0.769,0.261,0.197,1.957,1.409,0.856,2.294,2.108,1.043,0.982,0.769,0.261,0.197,303.659,S
1.055,1.905,0.88,0.884,0.474,2.739,1,0.503,0.507,1.95,1.055,1.905,0.88,0.884,0.474,2.739,1,0.503,0.507,1.95,113.864,T
1.063,1.902,0.887,0.897,0.46,2.761,0.987,0.505,0.495,2,1.063,1.902,0.887,0.897,0.46,2.761,0.987,0.505,0.495,2,105.361,T
1.076,1.909,0.889,0.895,0.483,2.665,0.95,0.473,0.486,1.923,1.076,1.909,0.889,0.895,0.483,2.665,0.95,0.473,0.486,1.923,106.066,T
1.061,1.904,0.884,0.89,0.458,2.786,1.022,0.496,0.535,2.005,1.061,1.904,0.884,0.89,0.458,2.786,1.022,0.496,0.535,2.005,110.309,T
1.051,1.909,0.893,0.907,0.457,2.79,1.03,0.514,0.525,2.022,1.051,1.909,0.893,0.907,0.457,2.79,1.03,0.514,0.525,2.022,105.38,T
1.056,1.94,0.896,0.902,0.467,2.799,1.003,0.518,0.493,2.047,1.056,1.94,0.896,0.902,0.467,2.799,1.003,0.518,0.493,2.047,106.775,T
1.06,1.907,0.892,0.906,0.477,2.677,0.977,0.474,0.512,1.936,1.06,1.907,0.892,0.906,0.477,2.677,0.977,0.474,0.512,1.936,102.533,T
1.074,1.926,0.882,0.897,0.494,2.647,0.984,0.503,0.493,1.904,1.074,1.926,0.882,0.897,0.494,2.647,0.984,0.503,0.493,1.904,105.361,T
1.074,1.921,0.88,0.888,0.502,2.611,0.983,0.506,0.486,1.861,1.074,1.921,0.88,0.888,0.502,2.611,0.983,0.506,0.486,1.861,99.725,T
1.082,1.918,0.893,0.903,0.494,2.614,0.972,0.49,0.49,1.887,1.082,1.918,0.893,0.903,0.494,2.614,0.972,0.49,0.49,1.887,98.995,T
1.083,1.934,0.898,0.902,0.503,2.634,0.971,0.517,0.46,1.891,1.083,1.934,0.898,0.902,0.503,2.634,0.971,0.517,0.46,1.891,108.904,T
1.057,1.91,0.888,0.893,0.493,2.667,0.997,0.511,0.493,1.884,1.057,1.91,0.888,0.893,0.493,2.667,0.997,0.511,0.493,1.884,101.139,T
1.068,1.914,0.886,0.894,0.49,2.676,0.994,0.505,0.498,1.902,1.068,1.914,0.886,0.894,0.49,2.676,0.994,0.505,0.498,1.902,103.947,T
1.079,1.897,0.895,0.907,0.489,2.598,0.96,0.49,0.48,1.869,1.079,1.897,0.895,0.907,0.489,2.598,0.96,0.49,0.48,1.869,99.005,T
1.062,1.898,0.874,0.884,0.505,2.575,0.972,0.493,0.491,1.81,1.062,1.898,0.874,0.884,0.505,2.575,0.972,0.493,0.491,1.81,100.409,T
1.078,1.897,0.882,0.881,0.491,2.634,0.987,0.494,0.5,1.859,1.078,1.897,0.882,0.881,0.491,2.634,0.987,0.494,0.5,1.859,96.876,T
1.104,1.933,0.884,0.882,0.538,2.497,0.947,0.474,0.478,1.761,1.104,1.933,0.884,0.882,0.538,2.497,0.947,0.474,0.478,1.761,108.245,T
1.085,1.934,0.886,0.881,0.497,2.662,0.96,0.486,0.481,1.913,1.085,1.934,0.886,0.881,0.497,2.662,0.96,0.486,0.481,1.913,99.247,T
1.092,1.916,0.876,0.886,0.502,2.567,0.953,0.505,0.463,1.847,1.092,1.916,0.876,0.886,0.502,2.567,0.953,0.505,0.463,1.847,97.673,T
1.088,1.904,0.886,0.891,0.498,2.567,0.942,0.479,0.472,1.845,1.088,1.904,0.886,0.891,0.498,2.567,0.942,0.479,0.472,1.845,104.005,T
1.139,1.955,0.896,0.91,0.557,2.39,0.875,0.452,0.43,1.742,1.139,1.955,0.896,0.91,0.557,2.39,0.875,0.452,0.43,1.742,93.509,T
1.612,1.912,0.849,0.833,1.091,1.03,0.246,0.104,0.16,0.837,1.612,1.912,0.849,0.833,1.091,1.03,0.246,0.104,0.16,0.837,293.736,U
1.612,1.912,0.849,0.833,1.091,1.03,0.246,0.104,0.16,0.837,1.612,1.912,0.849,0.833,1.091,1.03,0.246,0.104,0.16,0.837,293.736,U
1.612,1.912,0.849,0.833,1.091,1.03,0.246,0.104,0.16,0.837,1.612,1.912,0.849,0.833,1.091,1.03,0.246,0.104,0.16,0.837,293.736,U
1.612,1.912,0.849,0.833,1.091,1.03,0.246,0.104,0.16,0.837,1.612,1.912,0.849,0.833,1.091,1.03,0.246,0.104,0.16,0.837,293.736,U
1.612,1.912,0.849,0.833,1.091,1.03,0.246,0.104,0.16,0.837,1.612,1.912,0.849,0.833,1.091,1.03,0.246,0.104,0.16,0.837,293.736,U
1.612,1.912,0.849,0.833,1.091,1.03,0.246,0.104,0.16,0.837,1.612,1.912,0.849,0.833,1.091,1.03,0.246,0.104,0.16,0.837,293.736,U
1.612,1.912,0.849,0.833,1.091,1.03,0.246,0.104,0.16,0.837,1.612,1.912,0.849,0.833,1.091,1.03,0.246,0.104,0.16,0.837,293.736,U
1.612,1.912,0.849,0.833,1.091,1.03,0.246,0.104,0.16,0.837,1.612,1.912,0.849,0.833,1.091,1.03,0.246,0.104,0.16,0.837,293.736,U
1.612,1.912,0.849,0.833,1.091,1.03,0.246,0.104,0.16,0.837,1.612,1.912,0.849,0.833,1.091,1.03,0.246,0.104,0.16,0.837,293.736,U
1.612,1.912,0.849,0.833,1.091,1.03,0.246,0.104,0.16,0.837,1.612,1.912,0.849,0.833,1.091,1.03,0.246,0.104,0.16,0.837,293.736,U
1.612,1.912,0.849,0.833,1.091,1.03,0.246,0.104,0.16,0.837,1.612,1.912,0.849,0.833,1.091,1.03,0.246,0.104,0.16,0.837,293.736,U
1.612,1.912,0.849,0.833,1.091,1.03,0.246,0.104,0.16,0.837,1.612,1.912,0.849,0.833,1.091,1.03,0.246,0.104,0.16,0.837,293.736,U
1.612,1.912,0.849,0.833,1.091,1.03,0.246,0.104,0.16,0.837,1.612,1.912,0.849,0.833,1.091,1.03,0.246,0.104,0.16,0.837,293.736,U
1.612,1.912,0.849,0.833,1.091,1.03,0.246,0.104,0.16,0.837,1.612,1.912,0.849,0.833,1.091,1.03,0.246,0.104,0.16,0.837,293.736,U
1.612,1.912,0.849,0.833,1.091,1.03,0.246,0.104,0.16,0.837,1.612,1.912,0.849,0.833,1.091,1.03,0.246,0.104,0.16,0.837,293.736,U
1.612,1.912,0.849,0.833,1.091,1.03,0.246,0.104,0.16,0.837,1.612,1.912,0.849,0.833,1.091,1.03,0.246,0.104,0.16,0.837,293.736,U
1.612,1.912,0.849,0.833,1.091,1.03,0.246,0.104,0.16,0.837,1.612,1.912,0.849,0.833,1.091,1.03,0.246,0.104,0.16,0.837,293.736,U
1.612,1.912,0.849,0.833,1.091,1.03,0.246,0.104,0.16,0.837,1.612,1.912,0.849,0.833,1.091,1.03,0.246,0.104,0.16,0.837,293.736,U
1.612,1.912,0.849,0.833,1.091,1.03,0.246,0.104,0.16,0.837,1.612,1.912,0.849,0.833,1.091,1.03,0.246,0.104,0.16,0.837,293.736,U
1.612,1.912,0.849,0.833,1.091,1.03,0.246,0.104,0.16,0.837,1.612,1.912,0.849,0.833,1.091,1.03,0.246,0.104,0.16,0.837,293.736,U
1.612,1.912,0.849,0.833,1.091,1.03,0.246,0.104,0.16,0.837,1.612,1.912,0.849,0.833,1.091,1.03,0.246,0.104,0.16,0.837,293.736,U
1.612,1.912,0.849,0.833,1.091,1.03,0.246,0.104,0.16,0.837,1.612,1.912,0.849,0.833,1.091,1.03,0.246,0.104,0.16,0.837,293.736,V
1.612,1.912,0.849,0.833,1.091,1.03,0.246,0.104,0.16,0.837,1.612,1.912,0.849,0.833,1.091,1.03,0.246,0.104,0.16,0.837,293.736,V
1.612,1.912,0.849,0.833,1.091,1.03,0.246,0.104,0.16,0.837,1.612,1.912,0.849,0.833,1.091,1.03,0.246,0.104,0.16,0.837,293.736,V
1.612,1.912,0.849,0.833,1.091,1.03,0.246,0.104,0.16,0.837,1.612,1.912,0.849,0.833,1.091,1.03,0.246,0.104,0.16,0.837,293.736,V
1.612,1.912,0.849,0.833,1.091,1.03,0.246,0.104,0.16,0.837,1.612,1.912,0.849,0.833,1.091,1.03,0.246,0.104,0.16,0.837,293.736,V
1.612,1.912,0.849,0.833,1.091,1.03,0.246,0.104,0.16,0.837,1.612,1.912,0.849,0.833,1.091,1.03,0.246,0.104,0.16,0.837,293.736,V
1.612,1.912,0.849,0.833,1.091,1.03,0.246,0.104,0.16,0.837,1.612,1.912,0.849,0.833,1.091,1.03,0.246,0.104,0.16,0.837,293.736,V
1.612,1.912,0.849,0.833,1.091,1.03,0.246,0.104,0.16,0.837,1.612,1.912,0.849,0.833,1.091,1.03,0.246,0.104,0.16,0.837,293.736,V
1.612,1.912,0.849,0.833,1.091,1.03,0.246,0.104,0.16,0.837,1.612,1.912,0.849,0.833,1.091,1.03,0.246,0.104,0.16,0.837,293.736,V
1.612,1.912,0.849,0.833,1.091,1.03,0.246,0.104,0.16,0.837,1.612,1.912,0.849,0.833,1.091,1.03,0.246,0.104,0.16,0.837,293.736,V
1.612,1.912,0.849,0.833,1.091,1.03,0.246,0.104,0.16,0.837,1.612,1.912,0.849,0.833,1.091,1.03,0.246,0.104,0.16,0.837,293.736,V
1.612,1.912,0.849,0.833,1.091,1.03,0.246,0.104,0.16,0.837,1.612,1.912,0.849,0.833,1.091,1.03,0.246,0.104,0.16,0.837,293.736,V
1.612,1.912,0.849,0.833,1.091,1.03,0.246,0.104,0.16,0.837,1.612,1.912,0.849,0.833,1.091,1.03,0.246,0.104,0.16,0.837,293.736,V
1.612,1.912,0.849,0.833,1.091,1.03,0.246,0.104,0.16,0.837,1.612,1.912,0.849,0.833,1.091,1.03,0.246,0.104,0.16,0.837,293.736,V
1.612,1.912,0.849,0.833,1.091,1.03,0.246,0.104,0.16,0.837,1.612,1.912,0.849,0.833,1.091,1.03,0.246,0.104,0.16,0.837,293.736,V
1.612,1.912,0.849,0.833,1.091,1.03,0.246,0.104,0.16,0.837,1.612,1.912,0.849,0.833,1.091,1.03,0.246,0.104,0.16,0.837,293.736,V
1.612,1.912,0.849,0.833,1.091,1.03,0.246,0.104,0.16,0.837,1.612,1.912,0.849,0.833,1.091,1.03,0.246,0.104,0.16,0.837,293.736,V
1.612,1.912,0.849,0.833,1.091,1.03,0.246,0.104,0.16,0.837,1.612,1.912,0.849,0.833,1.091,1.03,0.246,0.104,0.16,0.837,293.736,V
1.612,1.912,0.849,0.833,1.091,1.03,0.246,0.104,0.16,0.837,1.612,1.912,0.849,0.833,1.091,1.03,0.246,0.104,0.16,0.837,293.736,V
1.612,1.912,0.849,0.833,1.091,1.03,0.246,0.104,0.16,0.837,1.612,1.912,0.849,0.833,1.091,1.03,0.246,0.104,0.16,0.837,293.736,V
1.612,1.912,0.849,0.833,1.091,1.03,0.246,0.104,0.16,0.837,1.612,1.912,0.849,0.833,1.091,1.03,0.246,0.104,0.16,0.837,293.736,V
43.904,59.775,4.773,15.766,53.255,1.003,0.278,0.219,0.071,1.117,43.904,59.775,4.773,15.766,53.255,1.003,0.278,0.219,0.071,1.117,19.026,W
96.512,125.3,8.276,28.302,113.748,1.003,0.244,0.192,0.065,1.106,96.512,125.3,8.276,28.302,113.748,1.003,0.244,0.192,0.065,1.106,17.117,W
33.242,43.966,3.132,10.689,40.078,1,0.272,0.212,0.07,1.121,33.242,43.966,3.132,10.689,40.078,1,0.272,0.212,0.07,1.121,22.091,W
37.673,49.918,3.971,11.767,45.467,1.015,0.25,0.191,0.07,1.112,37.673,49.918,3.971,11.767,45.467,1.015,0.25,0.191,0.07,1.112,20.224,W
45.52,60.312,3.902,14.391,54.083,1.007,0.271,0.21,0.068,1.133,45.52,60.312,3.902,14.391,54.083,1.007,0.271,0.21,0.068,1.133,19.105,W
32.992,44.564,3.473,11.417,39.823,1.007,0.287,0.223,0.074,1.14,32.992,44.564,3.473,11.417,39.823,1.007,0.287,0.223,0.074,1.14,21.213,W
14.766,18.929,1.091,4.139,17.287,1.001,0.284,0.23,0.062,1.151,14.766,18.929,1.091,4.139,17.287,1.001,0.284,0.23,0.062,1.151,22.204,W
49.301,64.106,3.808,13.314,57.421,1.032,0.246,0.18,0.075,1.132,49.301,64.106,3.808,13.314,57.421,1.032,0.246,0.18,0.075,1.132,24.021,W
31.168,41.037,2.608,9.823,37.211,1.005,0.281,0.218,0.073,1.129,31.168,41.037,2.608,9.823,37.211,1.005,0.281,0.218,0.073,1.129,22.023,W
26.939,36.048,2.828,9.192,32.636,1.004,0.295,0.228,0.08,1.135,26.939,36.048,2.828,9.192,32.636,1.004,0.295,0.228,0.08,1.135,22.023,W
12.188,15.56,0.978,3.246,14.199,1.011,0.282,0.235,0.055,1.164,12.188,15.56,0.978,3.246,14.199,1.011,0.282,0.235,0.055,1.164,20.1,W
16.854,22.597,1.844,5.233,20.446,1.034,0.271,0.206,0.074,1.153,16.854,22.597,1.844,5.233,20.446,1.034,0.271,0.206,0.074,1.153,23.087,W
13.681,17.684,1.331,3.795,16.152,1.016,0.269,0.221,0.06,1.157,13.681,17.684,1.331,3.795,16.152,1.016,0.269,0.221,0.06,1.157,18.028,W
13.584,18.099,1.554,3.882,16.439,1.051,0.239,0.192,0.056,1.157,13.584,18.099,1.554,3.882,16.439,1.051,0.239,0.192,0.056,1.157,22,W
10.647,13.324,0.922,2.552,12.408,1.017,0.259,0.21,0.054,1.153,10.647,13.324,0.922,2.552,12.408,1.017,0.259,0.21,0.054,1.153,22.091,W
16.56,21.898,1.974,4.973,20.204,1.03,0.24,0.188,0.063,1.126,16.56,21.898,1.974,4.973,20.204,1.03,0.24,0.188,0.063,1.126,21.024,W
9.361,12.08,1.131,2.74,11.275,1.005,0.272,0.225,0.053,1.158,9.361,12.08,1.131,2.74,11.275,1.005,0.272,0.225,0.053,1.158,20.025,W
12.905,16.475,1.29,3.339,15.118,1.021,0.249,0.199,0.059,1.156,12.905,16.475,1.29,3.339,15.118,1.021,0.249,0.199,0.059,1.156,20.1,W
9.953,12.856,1.348,2.714,11.986,1.029,0.241,0.192,0.061,1.153,9.953,12.856,1.348,2.714,11.986,1.029,0.241,0.192,0.061,1.153,21.024,W
10.153,13.177,1.182,2.789,12.173,1.03,0.247,0.213,0.041,1.162,10.153,13.177,1.182,2.789,12.173,1.03,0.247,0.213,0.041,1.162,21.024,W
11.068,14.171,1.258,3.222,13.438,1.006,0.258,0.199,0.063,1.127,11.068,14.171,1.258,3.222,13.438,1.006,0.258,0.199,0.063,1.127,17.263,W
1.435,3.889,0.666,0.112,1.345,2.808,0.686,0.468,0.338,2.48,1.435,3.889,0.666,0.112,1.345,2.808,0.686,0.468,0.338,2.48,117.835,X
1.424,3.701,0.703,0.149,1.276,2.803,0.673,0.468,0.348,2.479,1.424,3.701,0.703,0.149,1.276,2.803,0.673,0.468,0.348,2.479,114.529,X
1.392,3.594,0.666,0.124,1.28,2.716,0.704,0.472,0.343,2.399,1.392,3.594,0.666,0.124,1.28,2.716,0.704,0.472,0.343,2.399,114.529,X
1.417,3.649,0.749,0.134,1.285,2.749,0.684,0.515,0.315,2.475,1.417,3.649,0.749,0.134,1.285,2.749,0.684,0.515,0.315,2.475,112.752,X
1.4,3.486,0.729,0.138,1.282,2.613,0.702,0.529,0.334,2.33,1.4,3.486,0.729,0.138,1.282,2.613,0.702,0.529,0.334,2.33,113.635,X
1.421,3.591,0.702,0.125,1.33,2.607,0.701,0.515,0.336,2.345,1.421,3.591,0.702,0.125,1.33,2.607,0.701,0.515,0.336,2.345,113.635,X
1.459,3.755,0.726,0.137,1.346,2.69,0.675,0.509,0.316,2.446,1.459,3.755,0.726,0.137,1.346,2.69,0.675,0.509,0.316,2.446,114.63,X
1.466,3.764,0.739,0.111,1.418,2.581,0.688,0.538,0.31,2.316,1.466,3.764,0.739,0.111,1.418,2.581,0.688,0.538,0.31,2.316,113.635,X
1.47,4.035,0.746,0.133,1.47,2.682,0.702,0.565,0.316,2.423,1.47,4.035,0.746,0.133,1.47,2.682,0.702,0.565,0.316,2.423,114.355,X
1.476,3.864,0.745,0.135,1.373,2.716,0.668,0.528,0.349,2.431,1.476,3.864,0.745,0.135,1.373,2.716,0.668,0.528,0.349,2.431,112.446,X
1.443,3.889,0.666,0.124,1.352,2.784,0.69,0.482,0.349,2.494,1.443,3.889,0.666,0.124,1.352,2.784,0.69,0.482,0.349,2.494,113.283,X
1.483,3.894,0.691,0.113,1.41,2.683,0.671,0.488,0.334,2.384,1.483,3.894,0.691,0.113,1.41,2.683,0.671,0.488,0.334,2.384,112.285,X
1.482,3.879,0.691,0.115,1.426,2.644,0.678,0.498,0.33,2.352,1.482,3.879,0.691,0.115,1.426,2.644,0.678,0.498,0.33,2.352,112.361,X
1.474,3.933,0.715,0.108,1.38,2.772,0.667,0.489,0.325,2.464,1.474,3.933,0.715,0.108,1.38,2.772,0.667,0.489,0.325,2.464,115.278,X
1.469,3.985,0.66,0.059,1.422,2.761,0.676,0.452,0.334,2.424,1.469,3.985,0.66,0.059,1.422,2.761,0.676,0.452,0.334,2.424,116.155,X
1.491,4.011,0.636,0.099,1.498,2.637,0.689,0.469,0.319,2.347,1.491,4.011,0.636,0.099,1.498,2.637,0.689,0.469,0.319,2.347,114.158,X
1.519,4.018,0.647,0.149,1.551,2.541,0.683,0.489,0.316,2.245,1.519,4.018,0.647,0.149,1.551,2.541,0.683,0.489,0.316,2.245,112.219,X
1.483,3.931,0.657,0.036,1.452,2.684,0.671,0.442,0.312,2.363,1.483,3.931,0.657,0.036,1.452,2.684,0.671,0.442,0.312,2.363,112.161,X
1.477,3.917,0.656,0.083,1.468,2.626,0.689,0.476,0.322,2.342,1.477,3.917,0.656,0.083,1.468,2.626,0.689,0.476,0.322,2.342,112.112,X
1.48,3.837,0.673,0.085,1.404,2.675,0.666,0.452,0.315,2.383,1.48,3.837,0.673,0.085,1.404,2.675,0.666,0.452,0.315,2.383,113.159,X
1.49,3.926,0.647,0.091,1.43,2.681,0.669,0.448,0.332,2.368,1.49,3.926,0.647,0.091,1.43,2.681,0.669,0.448,0.332,2.368,113.217,X
2.136,3.258,0.967,1.078,1.876,1.286,0.32,0.159,0.163,1.204,2.136,3.258,0.967,1.078,1.876,1.286,0.32,0.159,0.163,1.204,239.767,Y
2.144,3.26,0.968,1.085,1.844,1.299,0.304,0.151,0.156,1.226,2.144,3.26,0.968,1.085,1.844,1.299,0.304,0.151,0.156,1.226,242.471,Y
2.156,3.282,0.959,1.079,1.855,1.308,0.301,0.152,0.152,1.23,2.156,3.282,0.959,1.079,1.855,1.308,0.301,0.152,0.152,1.23,244.659,Y
2.13,3.258,0.951,1.058,1.822,1.318,0.309,0.158,0.154,1.239,2.13,3.258,0.951,1.058,1.822,1.318,0.309,0.158,0.154,1.239,241.118,Y
2.164,3.322,0.95,1.083,1.852,1.322,0.303,0.154,0.154,1.254,2.164,3.322,0.95,1.083,1.852,1.322,0.303,0.154,0.154,1.254,232.243,Y
2.162,3.309,0.945,1.069,1.846,1.324,0.309,0.159,0.154,1.251,2.162,3.309,0.945,1.069,1.846,1.324,0.309,0.159,0.154,1.251,234.412,Y
2.115,3.198,0.937,1.043,1.795,1.31,0.3,0.154,0.151,1.225,2.115,3.198,0.937,1.043,1.795,1.31,0.3,0.154,0.151,1.225,233.529,Y
2.101,3.17,0.938,1.074,1.813,1.277,0.319,0.165,0.161,1.197,2.101,3.17,0.938,1.074,1.813,1.277,0.319,0.165,0.161,1.197,235.765,Y
2.108,3.145,0.939,1.062,1.832,1.259,0.325,0.167,0.162,1.171,2.108,3.145,0.939,1.062,1.832,1.259,0.325,0.167,0.162,1.171,238.816,Y
2.08,3.135,0.931,1.053,1.8,1.275,0.324,0.169,0.16,1.187,2.08,3.135,0.931,1.053,1.8,1.275,0.324,0.169,0.16,1.187,236.58,Y
2.093,3.149,0.943,1.033,1.77,1.302,0.304,0.15,0.156,1.214,2.093,3.149,0.943,1.033,1.77,1.302,0.304,0.15,0.156,1.214,239.27,Y
2.057,3.126,0.908,1.018,1.746,1.315,0.314,0.163,0.158,1.218,2.057,3.126,0.908,1.018,1.746,1.315,0.314,0.163,0.158,1.218,233.019,Y
2.104,3.215,0.926,1.047,1.817,1.304,0.316,0.171,0.151,1.219,2.104,3.215,0.926,1.047,1.817,1.304,0.316,0.171,0.151,1.219,234.787,Y
2.1,3.191,0.951,1.023,1.793,1.313,0.315,0.162,0.154,1.223,2.1,3.191,0.951,1.023,1.793,1.313,0.315,0.162,0.154,1.223,233.026,Y
2.122,3.209,0.958,1.045,1.808,1.305,0.311,0.157,0.155,1.222,2.122,3.209,0.958,1.045,1.808,1.305,0.311,0.157,0.155,1.222,237.924,Y
2.081,3.143,0.924,1.002,1.747,1.327,0.312,0.159,0.156,1.228,2.081,3.143,0.924,1.002,1.747,1.327,0.312,0.159,0.156,1.228,234.344,Y
2.132,3.203,0.964,1.042,1.816,1.301,0.305,0.151,0.154,1.213,2.132,3.203,0.964,1.042,1.816,1.301,0.305,0.151,0.154,1.213,235.296,Y
2.121,3.241,0.922,1.017,1.829,1.325,0.313,0.157,0.161,1.226,2.121,3.241,0.922,1.017,1.829,1.325,0.313,0.157,0.161,1.226,233.019,Y
2.16,3.256,0.925,1.033,1.846,1.306,0.316,0.156,0.164,1.223,2.16,3.256,0.925,1.033,1.846,1.306,0.316,0.156,0.164,1.223,237.034,Y
2.167,3.306,0.921,1.051,1.866,1.319,0.316,0.162,0.161,1.236,2.167,3.306,0.921,1.051,1.866,1.319,0.316,0.162,0.161,1.236,230.783,Y
2.085,3.168,0.894,1.033,1.804,1.301,0.33,0.169,0.172,1.203,2.085,3.168,0.894,1.033,1.804,1.301,0.33,0.169,0.172,1.203,233.019,Y
0.654,0.952,0.988,0.864,0.244,0.45,0.586,0.519,0.086,0.22,0.654,0.952,0.988,0.864,0.244,0.45,0.586,0.519,0.086,0.22,82.492,Z
0.649,0.95,0.976,0.862,0.249,0.442,0.594,0.475,0.137,0.209,0.649,0.95,0.976,0.862,0.249,0.442,0.594,0.475,0.137,0.209,83.355,Z
0.646,0.952,0.981,0.86,0.248,0.474,0.609,0.508,0.125,0.208,0.646,0.952,0.981,0.86,0.248,0.474,0.609,0.508,0.125,0.208,82.492,Z
0.656,0.956,0.981,0.855,0.234,0.504,0.655,0.551,0.133,0.199,0.656,0.956,0.981,0.855,0.234,0.504,0.655,0.551,0.133,0.199,82.298,Z
0.648,0.957,0.982,0.864,0.246,0.48,0.6,0.505,0.11,0.192,0.648,0.957,0.982,0.864,0.246,0.48,0.6,0.505,0.11,0.192,85.422,Z
0.641,0.952,0.981,0.86,0.249,0.457,0.605,0.505,0.124,0.204,0.641,0.952,0.981,0.86,0.249,0.457,0.605,0.505,0.124,0.204,87.71,Z
0.639,0.951,0.977,0.854,0.245,0.492,0.642,0.53,0.12,0.208,0.639,0.951,0.977,0.854,0.245,0.492,0.642,0.53,0.12,0.208,89.944,Z
0.645,0.948,0.977,0.855,0.235,0.482,0.654,0.539,0.125,0.234,0.645,0.948,0.977,0.855,0.235,0.482,0.654,0.539,0.125,0.234,89.9,Z
0.639,0.954,0.977,0.865,0.256,0.445,0.563,0.457,0.115,0.204,0.639,0.954,0.977,0.865,0.256,0.445,0.563,0.457,0.115,0.204,91.302,Z
0.638,0.953,0.972,0.862,0.258,0.457,0.579,0.447,0.139,0.199,0.638,0.953,0.972,0.862,0.258,0.457,0.579,0.447,0.139,0.199,91.788,Z
0.648,0.958,0.975,0.86,0.244,0.511,0.624,0.491,0.152,0.193,0.648,0.958,0.975,0.86,0.244,0.511,0.624,0.491,0.152,0.193,92.59,Z
0.619,0.947,0.98,0.86,0.255,0.445,0.598,0.494,0.119,0.213,0.619,0.947,0.98,0.86,0.255,0.445,0.598,0.494,0.119,0.213,101.533,Z
0.648,0.955,0.981,0.861,0.246,0.505,0.613,0.516,0.108,0.212,0.648,0.955,0.981,0.861,0.246,0.505,0.613,0.516,0.108,0.212,92.661,Z
0.645,0.948,0.982,0.862,0.248,0.444,0.595,0.509,0.092,0.221,0.645,0.948,0.982,0.862,0.248,0.444,0.595,0.509,0.092,0.221,94.021,Z
0.643,0.953,0.98,0.856,0.244,0.504,0.642,0.535,0.125,0.206,0.643,0.953,0.98,0.856,0.244,0.504,0.642,0.535,0.125,0.206,94.895,Z
0.621,0.948,0.98,0.862,0.271,0.428,0.556,0.456,0.114,0.204,0.621,0.948,0.98,0.862,0.271,0.428,0.556,0.456,0.114,0.204,98.615,Z
0.633,0.948,0.964,0.84,0.242,0.55,0.708,0.533,0.189,0.228,0.633,0.948,0.964,0.84,0.242,0.55,0.708,0.533,0.189,0.228,96.649,Z
0.643,0.947,0.96,0.844,0.236,0.516,0.69,0.503,0.195,0.238,0.643,0.947,0.96,0.844,0.236,0.516,0.69,0.503,0.195,0.238,93.536,Z
0.634,0.959,0.973,0.856,0.265,0.515,0.596,0.465,0.144,0.186,0.634,0.959,0.973,0.856,0.265,0.515,0.596,0.465,0.144,0.186,94.154,Z
0.627,0.959,0.983,0.862,0.277,0.48,0.554,0.466,0.107,0.177,0.627,0.959,0.983,0.862,0.277,0.48,0.554,0.466,0.107,0.177,96.897,Z
0.625,0.954,0.972,0.854,0.267,0.487,0.595,0.46,0.156,0.194,0.625,0.954,0.972,0.854,0.267,0.487,0.595,0.46,0.156,0.194,96.897,Z
1.85,1.152,0.839,0.798,1.504,0.478,0.324,0.152,0.174,0.154,1.85,1.152,0.839,0.798,1.504,0.478,0.324,0.152,0.174,0.154,29.017,A
1.843,1.144,0.817,0.773,1.5,0.478,0.327,0.152,0.179,0.152,1.843,1.144,0.817,0.773,1.5,0.478,0.327,0.152,0.179,0.152,28,A
1.861,1.145,0.829,0.806,1.516,0.476,0.323,0.159,0.17,0.153,1.861,1.145,0.829,0.806,1.516,0.476,0.323,0.159,0.17,0.153,30.017,A
1.858,1.138,0.815,0.784,1.52,0.471,0.327,0.149,0.183,0.144,1.858,1.138,0.815,0.784,1.52,0.471,0.327,0.149,0.183,0.144,32.062,A
1.86,1.141,0.834,0.797,1.502,0.469,0.323,0.152,0.174,0.146,1.86,1.141,0.834,0.797,1.502,0.469,0.323,0.152,0.174,0.146,30.017,A
1.875,1.149,0.825,0.791,1.524,0.467,0.321,0.15,0.175,0.146,1.875,1.149,0.825,0.791,1.524,0.467,0.321,0.15,0.175,0.146,30,A
1.88,1.164,0.836,0.796,1.54,0.472,0.317,0.145,0.174,0.155,1.88,1.164,0.836,0.796,1.54,0.472,0.317,0.145,0.174,0.155,29.017,A
1.837,1.145,0.82,0.802,1.496,0.469,0.32,0.146,0.181,0.149,1.837,1.145,0.82,0.802,1.496,0.469,0.32,0.146,0.181,0.149,30,A
1.846,1.148,0.816,0.784,1.498,0.472,0.323,0.147,0.181,0.149,1.846,1.148,0.816,0.784,1.498,0.472,0.323,0.147,0.181,0.149,32,A
1.847,1.147,0.828,0.799,1.502,0.471,0.322,0.147,0.179,0.149,1.847,1.147,0.828,0.799,1.502,0.471,0.322,0.147,0.179,0.149,33.015,A
1.843,1.145,0.817,0.799,1.515,0.473,0.319,0.146,0.18,0.154,1.843,1.145,0.817,0.799,1.515,0.473,0.319,0.146,0.18,0.154,31.145,A
1.834,1.138,0.815,0.79,1.527,0.477,0.332,0.151,0.185,0.146,1.834,1.138,0.815,0.79,1.527,0.477,0.332,0.151,0.185,0.146,30.067,A
1.841,1.145,0.828,0.8,1.527,0.482,0.33,0.158,0.176,0.153,1.841,1.145,0.828,0.8,1.527,0.482,0.33,0.158,0.176,0.153,31.257,A
1.856,1.138,0.827,0.804,1.537,0.468,0.323,0.144,0.182,0.146,1.856,1.138,0.827,0.804,1.537,0.468,0.323,0.144,0.182,0.146,30.15,A
1.836,1.125,0.826,0.798,1.508,0.461,0.318,0.151,0.172,0.145,1.836,1.125,0.826,0.798,1.508,0.461,0.318,0.151,0.172,0.145,31.016,A
1.847,1.135,0.833,0.789,1.532,0.463,0.319,0.145,0.176,0.145,1.847,1.135,0.833,0.789,1.532,0.463,0.319,0.145,0.176,0.145,32.14,A
1.848,1.127,0.832,0.784,1.522,0.456,0.313,0.139,0.176,0.145,1.848,1.127,0.832,0.784,1.522,0.456,0.313,0.139,0.176,0.145,30.15,A
1.84,1.141,0.821,0.785,1.522,0.471,0.319,0.145,0.178,0.152,1.84,1.141,0.821,0.785,1.522,0.471,0.319,0.145,0.178,0.152,30.067,A
1.867,1.145,0.81,0.786,1.564,0.46,0.315,0.142,0.179,0.145,1.867,1.145,0.81,0.786,1.564,0.46,0.315,0.142,0.179,0.145,29.275,A
1.837,1.12,0.822,0.795,1.519,0.456,0.321,0.149,0.176,0.136,1.837,1.12,0.822,0.795,1.519,0.456,0.321,0.149,0.176,0.136,31.145,A
0.927,1.043,0.995,1.003,0.098,2.081,1.656,0.862,0.795,0.562,0.927,1.043,0.995,1.003,0.098,2.081,1.656,0.862,0.795,0.562,70,B
0.967,1.035,0.988,1.006,0.064,3.012,2.568,1.37,1.223,0.665,0.967,1.035,0.988,1.006,0.064,3.012,2.568,1.37,1.223,0.665,63.655,B
0.961,1.049,0.994,1.007,0.078,2.665,2.209,1.194,1.018,0.72,0.961,1.049,0.994,1.007,0.078,2.665,2.209,1.194,1.018,0.72,66.843,B
0.94,1.042,0.996,1.008,0.106,1.925,1.599,0.92,0.681,0.48,0.94,1.042,0.996,1.008,0.106,1.925,1.599,0.92,0.681,0.48,68.6,B
0.948,1.035,0.994,1.019,0.099,2.09,1.879,1.089,0.801,0.393,0.948,1.035,0.994,1.019,0.099,2.09,1.879,1.089,0.801,0.393,70.434,B
0.931,1.033,0.988,1.007,0.103,1.88,1.719,0.912,0.822,0.342,0.931,1.033,0.988,1.007,0.103,1.88,1.719,0.912,0.822,0.342,67.624,B
0.94,1.035,0.989,1.002,0.103,1.883,1.595,0.841,0.763,0.415,0.94,1.035,0.989,1.002,0.103,1.883,1.595,0.841,0.763,0.415,62.482,B
0.942,1.029,0.992,1.005,0.094,2.186,1.946,0.983,0.966,0.364,0.942,1.029,0.992,1.005,0.094,2.186,1.946,0.983,0.966,0.364,62.626,B
0.932,1.027,0.987,1.019,0.124,1.611,1.491,0.787,0.731,0.244,0.932,1.027,0.987,1.019,0.124,1.611,1.491,0.787,0.731,0.244,71.84,B
0.922,1.034,0.993,1.013,0.142,1.456,1.303,0.665,0.644,0.274,0.922,1.034,0.993,1.013,0.142,1.456,1.303,0.665,0.644,0.274,73.007,B
0.901,1.029,0.987,1.001,0.147,1.374,1.178,0.578,0.606,0.259,0.901,1.029,0.987,1.001,0.147,1.374,1.178,0.578,0.606,0.259,71.561,B
0.889,1.048,0.988,1.012,0.162,1.252,1.046,0.546,0.515,0.339,0.889,1.048,0.988,1.012,0.162,1.252,1.046,0.546,0.515,0.339,75.452,B
0.911,1.028,0.975,1,0.138,1.5,1.334,0.677,0.691,0.242,0.911,1.028,0.975,1,0.138,1.5,1.334,0.677,0.691,0.242,66.888,B
0.878,1.028,0.981,1,0.164,1.187,1.049,0.524,0.541,0.203,0.878,1.028,0.981,1,0.164,1.187,1.049,0.524,0.541,0.203,71.868,B
0.894,1.034,0.98,0.999,0.152,1.297,1.144,0.571,0.59,0.251,0.894,1.034,0.98,0.999,0.152,1.297,1.144,0.571,0.59,0.251,64.885,B
0.892,1.034,0.981,1,0.136,1.436,1.266,0.632,0.653,0.278,0.892,1.034,0.981,1,0.136,1.436,1.266,0.632,0.653,0.278,71.281,B
0.923,1.041,0.981,1.006,0.127,1.558,1.333,0.701,0.662,0.368,0.923,1.041,0.981,1.006,0.127,1.558,1.333,0.701,0.662,0.368,65.803,B
0.897,1.041,0.987,1.012,0.139,1.458,1.262,0.637,0.643,0.335,0.897,1.041,0.987,1.012,0.139,1.458,1.262,0.637,0.643,0.335,67.417,B
0.933,1.035,0.98,0.999,0.114,1.825,1.57,0.758,0.835,0.368,0.933,1.035,0.98,0.999,0.114,1.825,1.57,0.758,0.835,0.368,63.411,B
0.898,1.035,0.984,0.99,0.142,1.544,1.334,0.629,0.707,0.294,0.898,1.035,0.984,0.99,0.142,1.544,1.334,0.629,0.707,0.294,75.166,B
0.908,1.032,0.979,0.995,0.128,1.598,1.465,0.752,0.731,0.266,0.908,1.032,0.979,0.995,0.128,1.598,1.465,0.752,0.731,0.266,74.887,B
0.702,1.007,0.938,0.806,0.482,0.574,0.502,0.306,0.213,0.107,0.702,1.007,0.938,0.806,0.482,0.574,0.502,0.306,0.213,0.107,1,C
0.702,1.007,0.938,0.806,0.482,0.574,0.502,0.306,0.213,0.107,0.702,1.007,0.938,0.806,0.482,0.574,0.502,0.306,0.213,0.107,1,C
0.724,1.012,0.924,0.81,0.493,0.545,0.463,0.248,0.234,0.116,0.724,1.012,0.924,0.81,0.493,0.545,0.463,0.248,0.234,0.116,3.606,C
0.724,1.012,0.924,0.81,0.493,0.545,0.463,0.248,0.234,0.116,0.724,1.012,0.924,0.81,0.493,0.545,0.463,0.248,0.234,0.116,3.606,C
0.719,1.016,0.929,0.805,0.501,0.591,0.493,0.279,0.232,0.127,0.719,1.016,0.929,0.805,0.501,0.591,0.493,0.279,0.232,0.127,2.236,C
0.719,1.016,0.929,0.805,0.501,0.591,0.493,0.279,0.232,0.127,0.719,1.016,0.929,0.805,0.501,0.591,0.493,0.279,0.232,0.127,2.236,C
0.711,1.002,0.934,0.8,0.495,0.608,0.514,0.302,0.236,0.149,0.711,1.002,0.934,0.8,0.495,0.608,0.514,0.302,0.236,0.149,2.236,C
0.711,1.002,0.934,0.8,0.495,0.608,0.514,0.302,0.236,0.149,0.711,1.002,0.934,0.8,0.495,0.608,0.514,0.302,0.236,0.149,2.236,C
0.711,1.002,0.934,0.8,0.495,0.608,0.514,0.302,0.236,0.149,0.711,1.002,0.934,0.8,0.495,0.608,0.514,0.302,0.236,0.149,2.236,C
0.711,1.002,0.934,0.8,0.495,0.608,0.514,0.302,0.236,0.149,0.711,1.002,0.934,0.8,0.495,0.608,0.514,0.302,0.236,0.149,2.236,C
0.711,1.002,0.934,0.8,0.495,0.608,0.514,0.302,0.236,0.149,0.711,1.002,0.934,0.8,0.495,0.608,0.514,0.302,0.236,0.149,2.236,C
0.703,1.006,0.945,0.807,0.486,0.597,0.511,0.315,0.227,0.126,0.703,1.006,0.945,0.807,0.486,0.597,0.511,0.315,0.227,0.126,1.414,C
0.703,1.006,0.945,0.807,0.486,0.597,0.511,0.315,0.227,0.126,0.703,1.006,0.945,0.807,0.486,0.597,0.511,0.315,0.227,0.126,1.414,C
0.703,1.006,0.945,0.807,0.486,0.597,0.511,0.315,0.227,0.126,0.703,1.006,0.945,0.807,0.486,0.597,0.511,0.315,0.227,0.126,1.414,C
0.698,1.018,0.932,0.796,0.47,0.644,0.524,0.308,0.245,0.164,0.698,1.018,0.932,0.796,0.47,0.644,0.524,0.308,0.245,0.164,1,C
0.698,1.018,0.932,0.796,0.47,0.644,0.524,0.308,0.245,0.164,0.698,1.018,0.932,0.796,0.47,0.644,0.524,0.308,0.245,0.164,1,C
0.716,1.024,0.929,0.796,0.48,0.668,0.53,0.308,0.242,0.174,0.716,1.024,0.929,0.796,0.48,0.668,0.53,0.308,0.242,0.174,1,C
0.716,1.024,0.929,0.796,0.48,0.668,0.53,0.308,0.242,0.174,0.716,1.024,0.929,0.796,0.48,0.668,0.53,0.308,0.242,0.174,1,C
0.716,1.024,0.929,0.796,0.48,0.668,0.53,0.308,0.242,0.174,0.716,1.024,0.929,0.796,0.48,0.668,0.53,0.308,0.242,0.174,1,C
0.716,1.024,0.929,0.796,0.48,0.668,0.53,0.308,0.242,0.174,0.716,1.024,0.929,0.796,0.48,0.668,0.53,0.308,0.242,0.174,1,C
0.716,1.024,0.929,0.796,0.48,0.668,0.53,0.308,0.242,0.174,0.716,1.024,0.929,0.796,0.48,0.668,0.53,0.308,0.242,0.174,1,C
1.695,2.132,0.804,0.692,1.111,1.308,0.318,0.111,0.21,1.019,1.695,2.132,0.804,0.692,1.111,1.308,0.318,0.111,0.21,1.019,122.197,D
1.687,2.111,0.792,0.687,1.111,1.296,0.324,0.106,0.218,1.001,1.687,2.111,0.792,0.687,1.111,1.296,0.324,0.106,0.218,1.001,124.064,D
1.689,2.144,0.804,0.691,1.114,1.32,0.323,0.11,0.216,1.028,1.689,2.144,0.804,0.691,1.114,1.32,0.323,0.11,0.216,1.028,122.776,D
1.721,2.18,0.792,0.678,1.164,1.308,0.325,0.108,0.22,1.016,1.721,2.18,0.792,0.678,1.164,1.308,0.325,0.108,0.22,1.016,124.652,D
1.695,2.122,0.789,0.671,1.134,1.294,0.334,0.115,0.221,0.991,1.695,2.122,0.789,0.671,1.134,1.294,0.334,0.115,0.221,0.991,125.591,D
1.694,2.116,0.798,0.674,1.135,1.285,0.332,0.118,0.218,0.985,1.694,2.116,0.798,0.674,1.135,1.285,0.332,0.118,0.218,0.985,125.252,D
1.724,2.156,0.791,0.678,1.162,1.289,0.326,0.111,0.217,0.996,1.724,2.156,0.791,0.678,1.162,1.289,0.326,0.111,0.217,0.996,123.033,D
1.677,2.11,0.785,0.661,1.127,1.302,0.344,0.119,0.229,0.986,1.677,2.11,0.785,0.661,1.127,1.302,0.344,0.119,0.229,0.986,123.665,D
1.727,2.176,0.791,0.683,1.155,1.306,0.322,0.105,0.22,1.02,1.727,2.176,0.791,0.683,1.155,1.306,0.322,0.105,0.22,1.02,123.033,D
1.721,2.16,0.792,0.685,1.156,1.294,0.325,0.106,0.222,1.005,1.721,2.16,0.792,0.685,1.156,1.294,0.325,0.106,0.222,1.005,123.976,D
1.729,2.172,0.789,0.67,1.189,1.284,0.331,0.114,0.219,0.986,1.729,2.172,0.789,0.67,1.189,1.284,0.331,0.114,0.219,0.986,124.31,D
1.731,2.17,0.793,0.676,1.224,1.252,0.334,0.124,0.21,0.956,1.731,2.17,0.793,0.676,1.224,1.252,0.334,0.124,0.21,0.956,123.968,D
1.739,2.194,0.779,0.68,1.242,1.25,0.337,0.119,0.217,0.962,1.739,2.194,0.779,0.68,1.242,1.25,0.337,0.119,0.217,0.962,122.703,D
1.675,2.092,0.795,0.69,1.179,1.231,0.352,0.135,0.217,0.926,1.675,2.092,0.795,0.69,1.179,1.231,0.352,0.135,0.217,0.926,122.09,D
1.666,2.109,0.784,0.678,1.153,1.274,0.351,0.13,0.222,0.963,1.666,2.109,0.784,0.678,1.153,1.274,0.351,0.13,0.222,0.963,119.541,D
1.686,2.127,0.778,0.673,1.138,1.299,0.351,0.122,0.229,0.993,1.686,2.127,0.778,0.673,1.138,1.299,0.351,0.122,0.229,0.993,118.929,D
1.695,2.152,0.785,0.68,1.159,1.293,0.342,0.122,0.22,0.995,1.695,2.152,0.785,0.68,1.159,1.293,0.342,0.122,0.22,0.995,118.474,D
1.679,2.137,0.777,0.669,1.133,1.311,0.352,0.117,0.236,1.008,1.679,2.137,0.777,0.669,1.133,1.311,0.352,0.117,0.236,1.008,121.264,D
1.699,2.156,0.787,0.681,1.162,1.29,0.341,0.129,0.213,0.998,1.699,2.156,0.787,0.681,1.162,1.29,0.341,0.129,0.213,0.998,121.631,D
1.703,2.186,0.778,0.669,1.169,1.317,0.348,0.122,0.226,1.019,1.703,2.186,0.778,0.669,1.169,1.317,0.348,0.122,0.226,1.019,120.333,D
1.674,2.136,0.785,0.668,1.125,1.318,0.35,0.127,0.224,1.015,1.674,2.136,0.785,0.668,1.125,1.318,0.35,0.127,0.224,1.015,118.474,D
1.002,1.919,0.948,0.841,0.503,3.259,0.806,0.456,0.366,2.457,1.002,1.919,0.948,0.841,0.503,3.259,0.806,0.456,0.366,2.457,93.15,E
1.031,1.936,0.958,0.862,0.474,3.484,0.846,0.459,0.407,2.639,1.031,1.936,0.958,0.862,0.474,3.484,0.846,0.459,0.407,2.639,99.479,E
1.031,1.936,0.958,0.862,0.474,3.484,0.846,0.459,0.407,2.639,1.031,1.936,0.958,0.862,0.474,3.484,0.846,0.459,0.407,2.639,99.479,E
1.148,2.149,0.961,0.873,0.621,2.987,0.705,0.395,0.323,2.284,1.148,2.149,0.961,0.873,0.621,2.987,0.705,0.395,0.323,2.284,98.813,E
1.046,1.971,0.96,0.883,0.48,3.531,0.852,0.487,0.375,2.679,1.046,1.971,0.96,0.883,0.48,3.531,0.852,0.487,0.375,2.679,100.344,E
1.044,2.02,0.976,0.887,0.546,3.144,0.757,0.426,0.353,2.388,1.044,2.02,0.976,0.887,0.546,3.144,0.757,0.426,0.353,2.388,91.302,E
1.044,2.02,0.976,0.887,0.546,3.144,0.757,0.426,0.353,2.388,1.044,2.02,0.976,0.887,0.546,3.144,0.757,0.426,0.353,2.388,91.302,E
1.044,2.02,0.976,0.887,0.546,3.144,0.757,0.426,0.353,2.388,1.044,2.02,0.976,0.887,0.546,3.144,0.757,0.426,0.353,2.388,91.302,E
1.044,2.02,0.976,0.887,0.546,3.144,0.757,0.426,0.353,2.388,1.044,2.02,0.976,0.887,0.546,3.144,0.757,0.426,0.353,2.388,91.302,E
1.044,2.02,0.976,0.887,0.546,3.144,0.757,0.426,0.353,2.388,1.044,2.02,0.976,0.887,0.546,3.144,0.757,0.426,0.353,2.388,91.302,E
1.044,2.02,0.976,0.887,0.546,3.144,0.757,0.426,0.353,2.388,1.044,2.02,0.976,0.887,0.546,3.144,0.757,0.426,0.353,2.388,91.302,E
1.044,2.02,0.976,0.887,0.546,3.144,0.757,0.426,0.353,2.388,1.044,2.02,0.976,0.887,0.546,3.144,0.757,0.426,0.353,2.388,91.302,E
1.044,2.02,0.976,0.887,0.546,3.144,0.757,0.426,0.353,2.388,1.044,2.02,0.976,0.887,0.546,3.144,0.757,0.426,0.353,2.388,91.302,E
1.044,2.02,0.976,0.887,0.546,3.144,0.757,0.426,0.353,2.388,1.044,2.02,0.976,0.887,0.546,3.144,0.757,0.426,0.353,2.388,91.302,E
1.044,2.02,0.976,0.887,0.546,3.144,0.757,0.426,0.353,2.388,1.044,2.02,0.976,0.887,0.546,3.144,0.757,0.426,0.353,2.388,91.302,E
1.044,2.02,0.976,0.887,0.546,3.144,0.757,0.426,0.353,2.388,1.044,2.02,0.976,0.887,0.546,3.144,0.757,0.426,0.353,2.388,91.302,E
1.044,2.02,0.976,0.887,0.546,3.144,0.757,0.426,0.353,2.388,1.044,2.02,0.976,0.887,0.546,3.144,0.757,0.426,0.353,2.388,91.302,E
1.044,2.02,0.976,0.887,0.546,3.144,0.757,0.426,0.353,2.388,1.044,2.02,0.976,0.887,0.546,3.144,0.757,0.426,0.353,2.388,91.302,E
1.044,2.02,0.976,0.887,0.546,3.144,0.757,0.426,0.353,2.388,1.044,2.02,0.976,0.887,0.546,3.144,0.757,0.426,0.353,2.388,91.302,E
1.044,2.02,0.976,0.887,0.546,3.144,0.757,0.426,0.353,2.388,1.044,2.02,0.976,0.887,0.546,3.144,0.757,0.426,0.353,2.388,91.302,E
1.044,2.02,0.976,0.887,0.546,3.144,0.757,0.426,0.353,2.388,1.044,2.02,0.976,0.887,0.546,3.144,0.757,0.426,0.353,2.388,91.302,E
1.035,1.908,0.959,0.882,0.46,3.736,0.882,0.461,0.436,2.861,1.035,1.908,0.959,0.882,0.46,3.736,0.882,0.461,0.436,2.861,118.258,F
1.047,1.904,0.959,0.891,0.498,3.493,0.87,0.475,0.406,2.627,1.047,1.904,0.959,0.891,0.498,3.493,0.87,0.475,0.406,2.627,118.14,F
1.043,1.889,0.96,0.885,0.474,3.608,0.883,0.478,0.419,2.731,1.043,1.889,0.96,0.885,0.474,3.608,0.883,0.478,0.419,2.731,118.828,F
1.016,1.884,0.956,0.89,0.481,3.58,0.859,0.469,0.398,2.729,1.016,1.884,0.956,0.89,0.481,3.58,0.859,0.469,0.398,2.729,116.778,F
1.031,1.883,0.959,0.9,0.499,3.511,0.86,0.468,0.4,2.658,1.031,1.883,0.959,0.9,0.499,3.511,0.86,0.468,0.4,2.658,118.106,F
1.031,1.876,0.946,0.877,0.483,3.604,0.906,0.485,0.428,2.71,1.031,1.876,0.946,0.877,0.483,3.604,0.906,0.485,0.428,2.71,121.828,F
1.044,1.91,0.964,0.899,0.504,3.493,0.84,0.468,0.383,2.658,1.044,1.91,0.964,0.899,0.504,3.493,0.84,0.468,0.383,2.658,117.38,F
1.027,1.893,0.956,0.895,0.5,3.485,0.845,0.452,0.4,2.647,1.027,1.893,0.956,0.895,0.5,3.485,0.845,0.452,0.4,2.647,116,F
1.042,1.9,0.963,0.895,0.491,3.597,0.885,0.47,0.43,2.719,1.042,1.9,0.963,0.895,0.491,3.597,0.885,0.47,0.43,2.719,121.631,F
1.02,1.886,0.947,0.896,0.529,3.389,0.886,0.477,0.413,2.511,1.02,1.886,0.947,0.896,0.529,3.389,0.886,0.477,0.413,2.511,116,F
1.036,1.88,0.959,0.898,0.511,3.468,0.877,0.478,0.408,2.6,1.036,1.88,0.959,0.898,0.511,3.468,0.877,0.478,0.408,2.6,118.87,F
1.029,1.92,0.964,0.897,0.514,3.503,0.879,0.497,0.393,2.63,1.029,1.92,0.964,0.897,0.514,3.503,0.879,0.497,0.393,2.63,116.675,F
1.033,1.897,0.97,0.916,0.484,3.672,0.888,0.467,0.432,2.789,1.033,1.897,0.97,0.916,0.484,3.672,0.888,0.467,0.432,2.789,120.241,F
1.047,1.9,0.964,0.91,0.521,3.436,0.813,0.451,0.369,2.631,1.047,1.9,0.964,0.91,0.521,3.436,0.813,0.451,0.369,2.631,117.388,F
1.054,1.931,0.959,0.898,0.54,3.395,0.83,0.43,0.41,2.574,1.054,1.931,0.959,0.898,0.54,3.395,0.83,0.43,0.41,2.574,117.38,F
1.052,1.886,0.961,0.91,0.505,3.508,0.808,0.456,0.356,2.71,1.052,1.886,0.961,0.91,0.505,3.508,0.808,0.456,0.356,2.71,118.802,F
1.046,1.942,0.958,0.913,0.552,3.304,0.746,0.396,0.353,2.564,1.046,1.942,0.958,0.913,0.552,3.304,0.746,0.396,0.353,2.564,111.018,F
1.051,1.891,0.967,0.926,0.515,3.477,0.824,0.438,0.392,2.658,1.051,1.891,0.967,0.926,0.515,3.477,0.824,0.438,0.392,2.658,115.261,F
1.021,1.873,0.954,0.897,0.497,3.605,0.91,0.495,0.422,2.708,1.021,1.873,0.954,0.897,0.497,3.605,0.91,0.495,0.422,2.708,118.87,F
1.038,1.915,0.95,0.9,0.525,3.446,0.816,0.45,0.369,2.64,1.038,1.915,0.95,0.9,0.525,3.446,0.816,0.45,0.369,2.64,113.864,F
1.025,1.923,0.952,0.913,0.553,3.31,0.765,0.413,0.355,2.553,1.025,1.923,0.952,0.913,0.553,3.31,0.765,0.413,0.355,2.553,111.018,F
1.361,1.058,0.945,0.898,0.983,0.75,0.487,0.233,0.257,0.276,1.361,1.058,0.945,0.898,0.983,0.75,0.487,0.233,0.257,0.276,166.027,G
1.355,1.053,0.945,0.91,0.95,0.786,0.506,0.244,0.264,0.294,1.355,1.053,0.945,0.91,0.95,0.786,0.506,0.244,0.264,0.294,170.414,G
1.354,1.042,0.948,0.903,0.947,0.762,0.501,0.24,0.265,0.275,1.354,1.042,0.948,0.903,0.947,0.762,0.501,0.24,0.265,0.275,165.858,G
1.349,1.056,0.957,0.93,0.942,0.781,0.502,0.236,0.268,0.288,1.349,1.056,0.957,0.93,0.942,0.781,0.502,0.236,0.268,0.288,160.312,G
1.335,1.048,0.95,0.914,0.929,0.76,0.495,0.239,0.258,0.277,1.335,1.048,0.95,0.914,0.929,0.76,0.495,0.239,0.258,0.277,165.557,G
1.38,1.062,0.96,0.926,0.968,0.762,0.487,0.236,0.254,0.283,1.38,1.062,0.96,0.926,0.968,0.762,0.487,0.236,0.254,0.283,167.431,G
1.32,1.033,0.947,0.898,0.916,0.759,0.494,0.246,0.251,0.284,1.32,1.033,0.947,0.898,0.916,0.759,0.494,0.246,0.251,0.284,162.8,G
1.309,1.018,0.95,0.899,0.905,0.747,0.49,0.23,0.265,0.279,1.309,1.018,0.95,0.899,0.905,0.747,0.49,0.23,0.265,0.279,160.705,G
1.362,1.05,0.955,0.917,0.964,0.768,0.492,0.239,0.257,0.288,1.362,1.05,0.955,0.917,0.964,0.768,0.492,0.239,0.257,0.288,162.61,G
1.332,1.034,0.95,0.914,0.936,0.768,0.491,0.242,0.251,0.294,1.332,1.034,0.95,0.914,0.936,0.768,0.491,0.242,0.251,0.294,156.646,G
1.347,1.049,0.962,0.916,0.95,0.75,0.475,0.233,0.247,0.287,1.347,1.049,0.962,0.916,0.95,0.75,0.475,0.233,0.247,0.287,159.013,G
1.326,1.036,0.949,0.913,0.926,0.759,0.501,0.242,0.262,0.272,1.326,1.036,0.949,0.913,0.926,0.759,0.501,0.242,0.262,0.272,159.455,G
1.339,1.05,0.958,0.922,0.95,0.757,0.491,0.238,0.256,0.276,1.339,1.05,0.958,0.922,0.95,0.757,0.491,0.238,0.256,0.276,158.836,G
1.343,1.051,0.958,0.925,0.953,0.772,0.504,0.24,0.268,0.278,1.343,1.051,0.958,0.925,0.953,0.772,0.504,0.24,0.268,0.278,159.806,G
1.354,1.05,0.959,0.926,0.958,0.766,0.497,0.251,0.249,0.28,1.354,1.05,0.959,0.926,0.958,0.766,0.497,0.251,0.249,0.28,157.892,G
1.322,1.048,0.953,0.91,0.953,0.752,0.481,0.239,0.245,0.284,1.322,1.048,0.953,0.91,0.953,0.752,0.481,0.239,0.245,0.284,161.012,G
1.36,1.061,0.961,0.931,0.978,0.763,0.487,0.246,0.244,0.283,1.36,1.061,0.961,0.931,0.978,0.763,0.487,0.246,0.244,0.283,162.2,G
1.349,1.044,0.95,0.926,0.948,0.775,0.497,0.247,0.25,0.291,1.349,1.044,0.95,0.926,0.948,0.775,0.497,0.247,0.25,0.291,162.2,G
1.33,1.068,0.949,0.916,0.944,0.776,0.506,0.249,0.259,0.276,1.33,1.068,0.949,0.916,0.944,0.776,0.506,0.249,0.259,0.276,160,G
1.349,1.044,0.96,0.926,0.963,0.763,0.489,0.237,0.255,0.287,1.349,1.044,0.96,0.926,0.963,0.763,0.489,0.237,0.255,0.287,159.806,G
1.311,1.035,0.956,0.908,0.933,0.768,0.501,0.246,0.26,0.284,1.311,1.035,0.956,0.908,0.933,0.768,0.501,0.246,0.26,0.284,159.028,G
0.633,0.8,1.016,0.939,1.24,0.163,0.049,0.062,0.013,0.203,0.633,0.8,1.016,0.939,1.24,0.163,0.049,0.062,0.013,0.203,135.351,H
0.633,0.8,1.016,0.939,1.24,0.163,0.049,0.062,0.013,0.203,0.633,0.8,1.016,0.939,1.24,0.163,0.049,0.062,0.013,0.203,135.351,H
0.633,0.8,1.016,0.939,1.24,0.163,0.049,0.062,0.013,0.203,0.633,0.8,1.016,0.939,1.24,0.163,0.049,0.062,0.013,0.203,135.351,H
0.633,0.8,1.016,0.939,1.24,0.163,0.049,0.062,0.013,0.203,0.633,0.8,1.016,0.939,1.24,0.163,0.049,0.062,0.013,0.203,135.351,H
0.633,0.8,1.016,0.939,1.24,0.163,0.049,0.062,0.013,0.203,0.633,0.8,1.016,0.939,1.24,0.163,0.049,0.062,0.013,0.203,135.351,H
0.633,0.8,1.016,0.939,1.24,0.163,0.049,0.062,0.013,0.203,0.633,0.8,1.016,0.939,1.24,0.163,0.049,0.062,0.013,0.203,135.351,H
0.633,0.8,1.016,0.939,1.24,0.163,0.049,0.062,0.013,0.203,0.633,0.8,1.016,0.939,1.24,0.163,0.049,0.062,0.013,0.203,135.351,H
0.633,0.8,1.016,0.939,1.24,0.163,0.049,0.062,0.013,0.203,0.633,0.8,1.016,0.939,1.24,0.163,0.049,0.062,0.013,0.203,135.351,H
0.633,0.8,1.016,0.939,1.24,0.163,0.049,0.062,0.013,0.203,0.633,0.8,1.016,0.939,1.24,0.163,0.049,0.062,0.013,0.203,135.351,H
0.633,0.8,1.016,0.939,1.24,0.163,0.049,0.062,0.013,0.203,0.633,0.8,1.016,0.939,1.24,0.163,0.049,0.062,0.013,0.203,135.351,H
0.633,0.8,1.016,0.939,1.24,0.163,0.049,0.062,0.013,0.203,0.633,0.8,1.016,0.939,1.24,0.163,0.049,0.062,0.013,0.203,135.351,H
0.633,0.8,1.016,0.939,1.24,0.163,0.049,0.062,0.013,0.203,0.633,0.8,1.016,0.939,1.24,0.163,0.049,0.062,0.013,0.203,135.351,H
0.633,0.8,1.016,0.939,1.24,0.163,0.049,0.062,0.013,0.203,0.633,0.8,1.016,0.939,1.24,0.163,0.049,0.062,0.013,0.203,135.351,H
0.633,0.8,1.016,0.939,1.24,0.163,0.049,0.062,0.013,0.203,0.633,0.8,1.016,0.939,1.24,0.163,0.049,0.062,0.013,0.203,135.351,H
0.633,0.8,1.016,0.939,1.24,0.163,0.049,0.062,0.013,0.203,0.633,0.8,1.016,0.939,1.24,0.163,0.049,0.062,0.013,0.203,135.351,H
0.633,0.8,1.016,0.939,1.24,0.163,0.049,0.062,0.013,0.203,0.633,0.8,1.016,0.939,1.24,0.163,0.049,0.062,0.013,0.203,135.351,H
0.633,0.8,1.016,0.939,1.24,0.163,0.049,0.062,0.013,0.203,0.633,0.8,1.016,0.939,1.24,0.163,0.049,0.062,0.013,0.203,135.351,H
0.633,0.8,1.016,0.939,1.24,0.163,0.049,0.062,0.013,0.203,0.633,0.8,1.016,0.939,1.24,0.163,0.049,0.062,0.013,0.203,135.351,H
0.633,0.8,1.016,0.939,1.24,0.163,0.049,0.062,0.013,0.203,0.633,0.8,1.016,0.939,1.24,0.163,0.049,0.062,0.013,0.203,135.351,H
0.633,0.8,1.016,0.939,1.24,0.163,0.049,0.062,0.013,0.203,0.633,0.8,1.016,0.939,1.24,0.163,0.049,0.062,0.013,0.203,135.351,H
1.5,1.137,0.966,0.924,1.737,0.754,0.382,0.171,0.219,0.408,1.5,1.137,0.966,0.924,1.737,0.754,0.382,0.171,0.219,0.408,336.964,I
1.5,1.137,0.966,0.924,1.737,0.754,0.382,0.171,0.219,0.408,1.5,1.137,0.966,0.924,1.737,0.754,0.382,0.171,0.219,0.408,336.964,I
1.5,1.137,0.966,0.924,1.737,0.754,0.382,0.171,0.219,0.408,1.5,1.137,0.966,0.924,1.737,0.754,0.382,0.171,0.219,0.408,336.964,I
1.5,1.137,0.966,0.924,1.737,0.754,0.382,0.171,0.219,0.408,1.5,1.137,0.966,0.924,1.737,0.754,0.382,0.171,0.219,0.408,336.964,I
1.5,1.137,0.966,0.924,1.737,0.754,0.382,0.171,0.219,0.408,1.5,1.137,0.966,0.924,1.737,0.754,0.382,0.171,0.219,0.408,336.964,I
1.5,1.137,0.966,0.924,1.737,0.754,0.382,0.171,0.219,0.408,1.5,1.137,0.966,0.924,1.737,0.754,0.382,0.171,0.219,0.408,336.964,I
1.5,1.137,0.966,0.924,1.737,0.754,0.382,0.171,0.219,0.408,1.5,1.137,0.966,0.924,1.737,0.754,0.382,0.171,0.219,0.408,336.964,I
1.5,1.137,0.966,0.924,1.737,0.754,0.382,0.171,0.219,0.408,1.5,1.137,0.966,0.924,1.737,0.754,0.382,0.171,0.219,0.408,336.964,I
1.5,1.137,0.966,0.924,1.737,0.754,0.382,0.171,0.219,0.408,1.5,1.137,0.966,0.924,1.737,0.754,0.382,0.171,0.219,0.408,336.964,I
1.5,1.137,0.966,0.924,1.737,0.754,0.382,0.171,0.219,0.408,1.5,1.137,0.966,0.924,1.737,0.754,0.382,0.171,0.219,0.408,336.964,I
1.5,1.137,0.966,0.924,1.737,0.754,0.382,0.171,0.219,0.408,1.5,1.137,0.966,0.924,1.737,0.754,0.382,0.171,0.219,0.408,336.964,I
1.5,1.137,0.966,0.924,1.737,0.754,0.382,0.171,0.219,0.408,1.5,1.137,0.966,0.924,1.737,0.754,0.382,0.171,0.219,0.408,336.964,I
1.5,1.137,0.966,0.924,1.737,0.754,0.382,0.171,0.219,0.408,1.5,1.137,0.966,0.924,1.737,0.754,0.382,0.171,0.219,0.408,336.964,I
1.5,1.137,0.966,0.924,1.737,0.754,0.382,0.171,0.219,0.408,1.5,1.137,0.966,0.924,1.737,0.754,0.382,0.171,0.219,0.408,336.964,I
1.5,1.137,0.966,0.924,1.737,0.754,0.382,0.171,0.219,0.408,1.5,1.137,0.966,0.924,1.737,0.754,0.382,0.171,0.219,0.408,336.964,I
1.5,1.137,0.966,0.924,1.737,0.754,0.382,0.171,0.219,0.408,1.5,1.137,0.966,0.924,1.737,0.754,0.382,0.171,0.219,0.408,336.964,I
1.5,1.137,0.966,0.924,1.737,0.754,0.382,0.171,0.219,0.408,1.5,1.137,0.966,0.924,1.737,0.754,0.382,0.171,0.219,0.408,336.964,I
1.5,1.137,0.966,0.924,1.737,0.754,0.382,0.171,0.219,0.408,1.5,1.137,0.966,0.924,1.737,0.754,0.382,0.171,0.219,0.408,336.964,I
1.5,1.137,0.966,0.924,1.737,0.754,0.382,0.171,0.219,0.408,1.5,1.137,0.966,0.924,1.737,0.754,0.382,0.171,0.219,0.408,336.964,I
1.5,1.137,0.966,0.924,1.737,0.754,0.382,0.171,0.219,0.408,1.5,1.137,0.966,0.924,1.737,0.754,0.382,0.171,0.219,0.408,336.964,I
1.5,1.137,0.966,0.924,1.737,0.754,0.382,0.171,0.219,0.408,1.5,1.137,0.966,0.924,1.737,0.754,0.382,0.171,0.219,0.408,336.964,I
0.875,1.006,0.953,0.835,1.13,0.393,0.301,0.178,0.131,0.11,0.875,1.006,0.953,0.835,1.13,0.393,0.301,0.178,0.131,0.11,290.291,J
0.875,1.006,0.953,0.835,1.13,0.393,0.301,0.178,0.131,0.11,0.875,1.006,0.953,0.835,1.13,0.393,0.301,0.178,0.131,0.11,290.291,J
0.875,1.006,0.953,0.835,1.13,0.393,0.301,0.178,0.131,0.11,0.875,1.006,0.953,0.835,1.13,0.393,0.301,0.178,0.131,0.11,290.291,J
0.875,1.006,0.953,0.835,1.13,0.393,0.301,0.178,0.131,0.11,0.875,1.006,0.953,0.835,1.13,0.393,0.301,0.178,0.131,0.11,290.291,J
0.875,1.006,0.953,0.835,1.13,0.393,0.301,0.178,0.131,0.11,0.875,1.006,0.953,0.835,1.13,0.393,0.301,0.178,0.131,0.11,290.291,J
0.875,1.006,0.953,0.835,1.13,0.393,0.301,0.178,0.131,0.11,0.875,1.006,0.953,0.835,1.13,0.393,0.301,0.178,0.131,0.11,290.291,J
0.875,1.006,0.953,0.835,1.13,0.393,0.301,0.178,0.131,0.11,0.875,1.006,0.953,0.835,1.13,0.393,0.301,0.178,0.131,0.11,290.291,J
0.875,1.006,0.953,0.835,1.13,0.393,0.301,0.178,0.131,0.11,0.875,1.006,0.953,0.835,1.13,0.393,0.301,0.178,0.131,0.11,290.291,J
0.875,1.006,0.953,0.835,1.13,0.393,0.301,0.178,0.131,0.11,0.875,1.006,0.953,0.835,1.13,0.393,0.301,0.178,0.131,0.11,290.291,J
0.875,1.006,0.953,0.835,1.13,0.393,0.301,0.178,0.131,0.11,0.875,1.006,0.953,0.835,1.13,0.393,0.301,0.178,0.131,0.11,290.291,J
0.875,1.006,0.953,0.835,1.13,0.393,0.301,0.178,0.131,0.11,0.875,1.006,0.953,0.835,1.13,0.393,0.301,0.178,0.131,0.11,290.291,J
0.875,1.006,0.953,0.835,1.13,0.393,0.301,0.178,0.131,0.11,0.875,1.006,0.953,0.835,1.13,0.393,0.301,0.178,0.131,0.11,290.291,J
0.875,1.006,0.953,0.835,1.13,0.393,0.301,0.178,0.131,0.11,0.875,1.006,0.953,0.835,1.13,0.393,0.301,0.178,0.131,0.11,290.291,J
0.875,1.006,0.953,0.835,1.13,0.393,0.301,0.178,0.131,0.11,0.875,1.006,0.953,0.835,1.13,0.393,0.301,0.178,0.131,0.11,290.291,J
0.875,1.006,0.953,0.835,1.13,0.393,0.301,0.178,0.131,0.11,0.875,1.006,0.953,0.835,1.13,0.393,0.301,0.178,0.131,0.11,290.291,J
0.875,1.006,0.953,0.835,1.13,0.393,0.301,0.178,0.131,0.11,0.875,1.006,0.953,0.835,1.13,0.393,0.301,0.178,0.131,0.11,290.291,J
0.875,1.006,0.953,0.835,1.13,0.393,0.301,0.178,0.131,0.11,0.875,1.006,0.953,0.835,1.13,0.393,0.301,0.178,0.131,0.11,290.291,J
0.875,1.006,0.953,0.835,1.13,0.393,0.301,0.178,0.131,0.11,0.875,1.006,0.953,0.835,1.13,0.393,0.301,0.178,0.131,0.11,290.291,J
0.875,1.006,0.953,0.835,1.13,0.393,0.301,0.178,0.131,0.11,0.875,1.006,0.953,0.835,1.13,0.393,0.301,0.178,0.131,0.11,290.291,J
0.875,1.006,0.953,0.835,1.13,0.393,0.301,0.178,0.131,0.11,0.875,1.006,0.953,0.835,1.13,0.393,0.301,0.178,0.131,0.11,290.291,J
0.875,1.006,0.953,0.835,1.13,0.393,0.301,0.178,0.131,0.11,0.875,1.006,0.953,0.835,1.13,0.393,0.301,0.178,0.131,0.11,290.291,J
1.386,1.518,0.744,0.563,0.824,1.245,0.54,0.223,0.319,0.766,1.386,1.518,0.744,0.563,0.824,1.245,0.54,0.223,0.319,0.766,14.56,K
1.349,1.547,0.731,0.56,0.79,1.351,0.571,0.221,0.351,0.842,1.349,1.547,0.731,0.56,0.79,1.351,0.571,0.221,0.351,0.842,18,K
1.365,1.587,0.752,0.564,0.801,1.386,0.56,0.239,0.324,0.887,1.365,1.587,0.752,0.564,0.801,1.386,0.56,0.239,0.324,0.887,18,K
1.322,1.52,0.73,0.543,0.779,1.367,0.594,0.242,0.353,0.886,1.322,1.52,0.73,0.543,0.779,1.367,0.594,0.242,0.353,0.886,12.166,K
1.322,1.546,0.743,0.558,0.763,1.411,0.586,0.243,0.344,0.932,1.322,1.546,0.743,0.558,0.763,1.411,0.586,0.243,0.344,0.932,14,K
1.35,1.524,0.739,0.565,0.785,1.316,0.564,0.225,0.34,0.822,1.35,1.524,0.739,0.565,0.785,1.316,0.564,0.225,0.34,0.822,16.125,K
1.29,1.494,0.734,0.541,0.75,1.368,0.617,0.257,0.363,0.87,1.29,1.494,0.734,0.541,0.75,1.368,0.617,0.257,0.363,0.87,19,K
1.298,1.517,0.721,0.536,0.762,1.364,0.61,0.242,0.371,0.867,1.298,1.517,0.721,0.536,0.762,1.364,0.61,0.242,0.371,0.867,18.028,K
1.361,1.562,0.751,0.564,0.797,1.35,0.564,0.237,0.331,0.833,1.361,1.562,0.751,0.564,0.797,1.35,0.564,0.237,0.331,0.833,18.028,K
1.34,1.585,0.747,0.57,0.77,1.431,0.573,0.233,0.343,0.926,1.34,1.585,0.747,0.57,0.77,1.431,0.573,0.233,0.343,0.926,21.024,K
1.33,1.543,0.761,0.579,0.751,1.41,0.591,0.247,0.353,0.859,1.33,1.543,0.761,0.579,0.751,1.41,0.591,0.247,0.353,0.859,21.378,K
1.353,1.588,0.745,0.563,0.79,1.39,0.575,0.233,0.349,0.847,1.353,1.588,0.745,0.563,0.79,1.39,0.575,0.233,0.349,0.847,21.84,K
1.346,1.533,0.734,0.569,0.777,1.354,0.573,0.216,0.36,0.841,1.346,1.533,0.734,0.569,0.777,1.354,0.573,0.216,0.36,0.841,18,K
1.358,1.525,0.745,0.574,0.784,1.321,0.559,0.221,0.34,0.824,1.358,1.525,0.745,0.574,0.784,1.321,0.559,0.221,0.34,0.824,14.142,K
1.399,1.594,0.749,0.564,0.836,1.308,0.531,0.223,0.312,0.826,1.399,1.594,0.749,0.564,0.836,1.308,0.531,0.223,0.312,0.826,15.133,K
1.322,1.537,0.749,0.567,0.756,1.376,0.584,0.243,0.343,0.857,1.322,1.537,0.749,0.567,0.756,1.376,0.584,0.243,0.343,0.857,21.213,K
1.381,1.596,0.753,0.565,0.816,1.357,0.545,0.231,0.324,0.868,1.381,1.596,0.753,0.565,0.816,1.357,0.545,0.231,0.324,0.868,18.248,K
1.357,1.542,0.745,0.57,0.787,1.345,0.561,0.224,0.341,0.854,1.357,1.542,0.745,0.57,0.787,1.345,0.561,0.224,0.341,0.854,16.763,K
1.361,1.597,0.742,0.551,0.811,1.379,0.569,0.237,0.338,0.857,1.361,1.597,0.742,0.551,0.811,1.379,0.569,0.237,0.338,0.857,21.587,K
1.287,1.505,0.726,0.554,0.733,1.402,0.616,0.236,0.382,0.886,1.287,1.505,0.726,0.554,0.733,1.402,0.616,0.236,0.382,0.886,23.409,K
1.347,1.562,0.74,0.551,0.796,1.362,0.575,0.238,0.345,0.851,1.347,1.562,0.74,0.551,0.796,1.362,0.575,0.238,0.345,0.851,18.682,K
1.501,2.593,0.97,1.025,2.006,1.03,0.308,0.143,0.165,0.815,1.501,2.593,0.97,1.025,2.006,1.03,0.308,0.143,0.165,0.815,63.64,L
1.501,2.593,0.97,1.025,2.006,1.03,0.308,0.143,0.165,0.815,1.501,2.593,0.97,1.025,2.006,1.03,0.308,0.143,0.165,0.815,63.64,L
1.501,2.593,0.97,1.025,2.006,1.03,0.308,0.143,0.165,0.815,1.501,2.593,0.97,1.025,2.006,1.03,0.308,0.143,0.165,0.815,63.64,L
1.501,2.593,0.97,1.025,2.006,1.03,0.308,0.143,0.165,0.815,1.501,2.593,0.97,1.025,2.006,1.03,0.308,0.143,0.165,0.815,63.64,L
1.501,2.593,0.97,1.025,2.006,1.03,0.308,0.143,0.165,0.815,1.501,2.593,0.97,1.025,2.006,1.03,0.308,0.143,0.165,0.815,63.64,L
1.501,2.593,0.97,1.025,2.006,1.03,0.308,0.143,0.165,0.815,1.501,2.593,0.97,1.025,2.006,1.03,0.308,0.143,0.165,0.815,63.64,L
1.501,2.593,0.97,1.025,2.006,1.03,0.308,0.143,0.165,0.815,1.501,2.593,0.97,1.025,2.006,1.03,0.308,0.143,0.165,0.815,63.64,L
1.501,2.593,0.97,1.025,2.006,1.03,0.308,0.143,0.165,0.815,1.501,2.593,0.97,1.025,2.006,1.03,0.308,0.143,0.165,0.815,63.64,L
1.501,2.593,0.97,1.025,2.006,1.03,0.308,0.143,0.165,0.815,1.501,2.593,0.97,1.025,2.006,1.03,0.308,0.143,0.165,0.815,63.64,L
1.501,2.593,0.97,1.025,2.006,1.03,0.308,0.143,0.165,0.815,1.501,2.593,0.97,1.025,2.006,1.03,0.308,0.143,0.165,0.815,63.64,L
1.501,2.593,0.97,1.025,2.006,1.03,0.308,0.143,0.165,0.815,1.501,2.593,0.97,1.025,2.006,1.03,0.308,0.143,0.165,0.815,63.64,L
1.501,2.593,0.97,1.025,2.006,1.03,0.308,0.143,0.165,0.815,1.501,2.593,0.97,1.025,2.006,1.03,0.308,0.143,0.165,0.815,63.64,L
1.501,2.593,0.97,1.025,2.006,1.03,0.308,0.143,0.165,0.815,1.501,2.593,0.97,1.025,2.006,1.03,0.308,0.143,0.165,0.815,63.64,L
1.501,2.593,0.97,1.025,2.006,1.03,0.308,0.143,0.165,0.815,1.501,2.593,0.97,1.025,2.006,1.03,0.308,0.143,0.165,0.815,63.64,L
1.501,2.593,0.97,1.025,2.006,1.03,0.308,0.143,0.165,0.815,1.501,2.593,0.97,1.025,2.006,1.03,0.308,0.143,0.165,0.815,63.64,L
1.501,2.593,0.97,1.025,2.006,1.03,0.308,0.143,0.165,0.815,1.501,2.593,0.97,1.025,2.006,1.03,0.308,0.143,0.165,0.815,63.64,L
1.501,2.593,0.97,1.025,2.006,1.03,0.308,0.143,0.165,0.815,1.501,2.593,0.97,1.025,2.006,1.03,0.308,0.143,0.165,0.815,63.64,L
1.501,2.593,0.97,1.025,2.006,1.03,0.308,0.143,0.165,0.815,1.501,2.593,0.97,1.025,2.006,1.03,0.308,0.143,0.165,0.815,63.64,L
1.501,2.593,0.97,1.025,2.006,1.03,0.308,0.143,0.165,0.815,1.501,2.593,0.97,1.025,2.006,1.03,0.308,0.143,0.165,0.815,63.64,L
1.501,2.593,0.97,1.025,2.006,1.03,0.308,0.143,0.165,0.815,1.501,2.593,0.97,1.025,2.006,1.03,0.308,0.143,0.165,0.815,63.64,L
1.501,2.593,0.97,1.025,2.006,1.03,0.308,0.143,0.165,0.815,1.501,2.593,0.97,1.025,2.006,1.03,0.308,0.143,0.165,0.815,63.64,L
0.655,0.928,0.94,0.571,0.488,1.223,1.178,0.904,0.381,0.343,0.655,0.928,0.94,0.571,0.488,1.223,1.178,0.904,0.381,0.343,19.416,M
0.665,0.928,0.946,0.57,0.476,1.212,1.186,0.916,0.401,0.327,0.665,0.928,0.946,0.57,0.476,1.212,1.186,0.916,0.401,0.327,20.518,M
0.654,0.932,0.942,0.543,0.474,1.288,1.258,0.978,0.415,0.331,0.654,0.932,0.942,0.543,0.474,1.288,1.258,0.978,0.415,0.331,24.083,M
0.663,0.938,0.9,0.57,0.487,1.26,1.197,0.798,0.507,0.337,0.663,0.938,0.9,0.57,0.487,1.26,1.197,0.798,0.507,0.337,22.672,M
0.65,0.918,0.935,0.55,0.468,1.246,1.238,0.954,0.396,0.355,0.65,0.918,0.935,0.55,0.468,1.246,1.238,0.954,0.396,0.355,22.627,M
0.664,0.928,0.943,0.556,0.494,1.209,1.191,0.918,0.4,0.309,0.664,0.928,0.943,0.556,0.494,1.209,1.191,0.918,0.4,0.309,19.416,M
0.62,0.925,0.945,0.55,0.446,1.355,1.333,1.038,0.436,0.36,0.62,0.925,0.945,0.55,0.446,1.355,1.333,1.038,0.436,0.36,31.401,M
0.632,0.929,0.947,0.571,0.471,1.306,1.259,0.964,0.426,0.345,0.632,0.929,0.947,0.571,0.471,1.306,1.259,0.964,0.426,0.345,27.459,M
0.609,0.92,0.933,0.548,0.417,1.423,1.414,1.075,0.479,0.386,0.609,0.92,0.933,0.548,0.417,1.423,1.414,1.075,0.479,0.386,33.601,M
0.662,0.923,0.944,0.569,0.497,1.183,1.152,0.882,0.394,0.336,0.662,0.923,0.944,0.569,0.497,1.183,1.152,0.882,0.394,0.336,19.209,M
0.595,0.921,0.952,0.543,0.393,1.538,1.546,1.207,0.542,0.374,0.595,0.921,0.952,0.543,0.393,1.538,1.546,1.207,0.542,0.374,39.051,M
0.641,0.919,0.943,0.556,0.466,1.3,1.28,0.983,0.435,0.358,0.641,0.919,0.943,0.556,0.466,1.3,1.28,0.983,0.435,0.358,23.601,M
0.604,0.918,0.95,0.575,0.384,1.469,1.453,1.116,0.52,0.423,0.604,0.918,0.95,0.575,0.384,1.469,1.453,1.116,0.52,0.423,36.401,M
0.667,0.926,0.954,0.565,0.512,1.174,1.138,0.895,0.37,0.328,0.667,0.926,0.954,0.565,0.512,1.174,1.138,0.895,0.37,0.328,16.401,M
0.632,0.914,0.946,0.572,0.474,1.275,1.249,0.951,0.431,0.366,0.632,0.914,0.946,0.572,0.474,1.275,1.249,0.951,0.431,0.366,25.612,M
0.647,0.923,0.948,0.563,0.469,1.293,1.26,0.981,0.407,0.354,0.647,0.923,0.948,0.563,0.469,1.293,1.26,0.981,0.407,0.354,24.759,M
0.657,0.917,0.948,0.551,0.504,1.211,1.195,0.931,0.398,0.334,0.657,0.917,0.948,0.551,0.504,1.211,1.195,0.931,0.398,0.334,19.209,M
0.577,0.912,0.949,0.547,0.351,1.729,1.726,1.351,0.57,0.48,0.577,0.912,0.949,0.547,0.351,1.729,1.726,1.351,0.57,0.48,48.166,M
0.62,0.912,0.944,0.573,0.434,1.372,1.355,1.021,0.485,0.386,0.62,0.912,0.944,0.573,0.434,1.372,1.355,1.021,0.485,0.386,31.241,M
0.538,0.909,0.953,0.557,0.275,2.195,2.204,1.724,0.734,0.592,0.538,0.909,0.953,0.557,0.275,2.195,2.204,1.724,0.734,0.592,62.801,M
0.608,0.914,0.945,0.57,0.431,1.379,1.353,1.024,0.489,0.4,0.608,0.914,0.945,0.57,0.431,1.379,1.353,1.024,0.489,0.4,32.202,M
0.547,0.953,0.506,0.427,0.382,1.969,1.856,0.274,1.591,0.575,0.547,0.953,0.506,0.427,0.382,1.969,1.856,0.274,1.591,0.575,58.6,N
0.51,0.96,0.509,0.42,0.257,2.909,2.752,0.426,2.349,0.791,0.51,0.96,0.509,0.42,0.257,2.909,2.752,0.426,2.349,0.791,81.841,N
0.539,0.968,0.52,0.438,0.346,2.185,2.042,0.297,1.765,0.562,0.539,0.968,0.52,0.438,0.346,2.185,2.042,0.297,1.765,0.562,67.201,N
0.528,0.955,0.52,0.443,0.312,2.387,2.256,0.332,1.937,0.643,0.528,0.955,0.52,0.443,0.312,2.387,2.256,0.332,1.937,0.643,72.422,N
0.563,0.952,0.514,0.431,0.411,1.828,1.743,0.262,1.493,0.48,0.563,0.952,0.514,0.431,0.411,1.828,1.743,0.262,1.493,0.48,53.6,N
0.531,0.959,0.52,0.441,0.293,2.539,2.399,0.335,2.088,0.655,0.531,0.959,0.52,0.441,0.293,2.539,2.399,0.335,2.088,0.655,77.621,N
0.488,0.949,0.52,0.435,0.214,3.44,3.294,0.488,2.839,0.926,0.488,0.949,0.52,0.435,0.214,3.44,3.294,0.488,2.839,0.926,89.588,N
0.535,0.947,0.525,0.45,0.29,2.521,2.404,0.34,2.079,0.683,0.535,0.947,0.525,0.45,0.29,2.521,2.404,0.34,2.079,0.683,77.006,N
0.598,0.96,0.52,0.44,0.439,1.701,1.596,0.223,1.389,0.463,0.598,0.96,0.52,0.44,0.439,1.701,1.596,0.223,1.389,0.463,48.836,N
0.529,0.941,0.518,0.437,0.344,2.154,2.059,0.282,1.805,0.623,0.529,0.941,0.518,0.437,0.344,2.154,2.059,0.282,1.805,0.623,64.405,N
0.54,0.941,0.509,0.424,0.375,1.977,1.897,0.271,1.647,0.576,0.54,0.941,0.509,0.424,0.375,1.977,1.897,0.271,1.647,0.576,58.6,N
0.52,0.955,0.508,0.42,0.27,2.799,2.654,0.386,2.304,0.768,0.52,0.955,0.508,0.42,0.27,2.799,2.654,0.386,2.304,0.768,81.216,N
0.52,0.954,0.523,0.436,0.277,2.714,2.575,0.368,2.25,0.718,0.52,0.954,0.523,0.436,0.277,2.714,2.575,0.368,2.25,0.718,80.604,N
0.561,0.948,0.524,0.437,0.391,1.908,1.82,0.26,1.591,0.517,0.561,0.948,0.524,0.437,0.391,1.908,1.82,0.26,1.591,0.517,58.138,N
0.528,0.943,0.516,0.433,0.299,2.464,2.369,0.321,2.088,0.679,0.528,0.943,0.516,0.433,0.299,2.464,2.369,0.321,2.088,0.679,75,N
0.547,0.948,0.522,0.436,0.309,2.397,2.284,0.325,1.995,0.666,0.547,0.948,0.522,0.436,0.309,2.397,2.284,0.325,1.995,0.666,75.822,N
0.526,0.954,0.524,0.441,0.278,2.672,2.511,0.361,2.177,0.769,0.526,0.954,0.524,0.441,0.278,2.672,2.511,0.361,2.177,0.769,79.404,N
0.535,0.952,0.52,0.437,0.271,2.74,2.592,0.373,2.247,0.768,0.535,0.952,0.52,0.437,0.271,2.74,2.592,0.373,2.247,0.768,83.409,N
0.516,0.955,0.508,0.431,0.192,3.913,3.701,0.494,3.243,1.071,0.516,0.955,0.508,0.431,0.192,3.913,3.701,0.494,3.243,1.071,98.005,N
0.551,0.957,0.509,0.426,0.154,4.804,4.549,0.653,3.937,1.326,0.551,0.957,0.509,0.426,0.154,4.804,4.549,0.653,3.937,1.326,116.825,N
0.565,0.956,0.523,0.433,0.396,1.913,1.814,0.279,1.559,0.493,0.565,0.956,0.523,0.433,0.396,1.913,1.814,0.279,1.559,0.493,61.555,N
0.98,1.001,0.974,0.945,0.253,0.598,0.458,0.316,0.148,0.157,0.98,1.001,0.974,0.945,0.253,0.598,0.458,0.316,0.148,0.157,331.604,O
0.98,1.001,0.974,0.945,0.253,0.598,0.458,0.316,0.148,0.157,0.98,1.001,0.974,0.945,0.253,0.598,0.458,0.316,0.148,0.157,331.604,O
0.98,1.001,0.974,0.945,0.253,0.598,0.458,0.316,0.148,0.157,0.98,1.001,0.974,0.945,0.253,0.598,0.458,0.316,0.148,0.157,331.604,O
0.98,1.001,0.974,0.945,0.253,0.598,0.458,0.316,0.148,0.157,0.98,1.001,0.974,0.945,0.253,0.598,0.458,0.316,0.148,0.157,331.604,O
0.98,1.001,0.974,0.945,0.253,0.598,0.458,0.316,0.148,0.157,0.98,1.001,0.974,0.945,0.253,0.598,0.458,0.316,0.148,0.157,331.604,O
0.98,1.001,0.974,0.945,0.253,0.598,0.458,0.316,0.148,0.157,0.98,1.001,0.974,0.945,0.253,0.598,0.458,0.316,0.148,0.157,331.604,O
0.98,1.001,0.974,0.945,0.253,0.598,0.458,0.316,0.148,0.157,0.98,1.001,0.974,0.945,0.253,0.598,0.458,0.316,0.148,0.157,331.604,O
0.98,1.001,0.974,0.945,0.253,0.598,0.458,0.316,0.148,0.157,0.98,1.001,0.974,0.945,0.253,0.598,0.458,0.316,0.148,0.157,331.604,O
0.98,1.001,0.974,0.945,0.253,0.598,0.458,0.316,0.148,0.157,0.98,1.001,0.974,0.945,0.253,0.598,0.458,0.316,0.148,0.157,331.604,O
0.98,1.001,0.974,0.945,0.253,0.598,0.458,0.316,0.148,0.157,0.98,1.001,0.974,0.945,0.253,0.598,0.458,0.316,0.148,0.157,331.604,O
0.98,1.001,0.974,0.945,0.253,0.598,0.458,0.316,0.148,0.157,0.98,1.001,0.974,0.945,0.253,0.598,0.458,0.316,0.148,0.157,331.604,O
0.98,1.001,0.974,0.945,0.253,0.598,0.458,0.316,0.148,0.157,0.98,1.001,0.974,0.945,0.253,0.598,0.458,0.316,0.148,0.157,331.604,O
0.98,1.001,0.974,0.945,0.253,0.598,0.458,0.316,0.148,0.157,0.98,1.001,0.974,0.945,0.253,0.598,0.458,0.316,0.148,0.157,331.604,O
0.98,1.001,0.974,0.945,0.253,0.598,0.458,0.316,0.148,0.157,0.98,1.001,0.974,0.945,0.253,0.598,0.458,0.316,0.148,0.157,331.604,O
0.98,1.001,0.974,0.945,0.253,0.598,0.458,0.316,0.148,0.157,0.98,1.001,0.974,0.945,0.253,0.598,0.458,0.316,0.148,0.157,331.604,O
0.98,1.001,0.974,0.945,0.253,0.598,0.458,0.316,0.148,0.157,0.98,1.001,0.974,0.945,0.253,0.598,0.458,0.316,0.148,0.157,331.604,O
0.98,1.001,0.974,0.945,0.253,0.598,0.458,0.316,0.148,0.157,0.98,1.001,0.974,0.945,0.253,0.598,0.458,0.316,0.148,0.157,331.604,O
0.98,1.001,0.974,0.945,0.253,0.598,0.458,0.316,0.148,0.157,0.98,1.001,0.974,0.945,0.253,0.598,0.458,0.316,0.148,0.157,331.604,O
0.98,1.001,0.974,0.945,0.253,0.598,0.458,0.316,0.148,0.157,0.98,1.001,0.974,0.945,0.253,0.598,0.458,0.316,0.148,0.157,331.604,O
0.98,1.001,0.974,0.945,0.253,0.598,0.458,0.316,0.148,0.157,0.98,1.001,0.974,0.945,0.253,0.598,0.458,0.316,0.148,0.157,331.604,O
0.98,1.001,0.974,0.945,0.253,0.598,0.458,0.316,0.148,0.157,0.98,1.001,0.974,0.945,0.253,0.598,0.458,0.316,0.148,0.157,331.604,O
1.486,1.566,0.916,0.882,0.766,0.929,0.267,0.156,0.127,0.74,1.486,1.566,0.916,0.882,0.766,0.929,0.267,0.156,0.127,0.74,63.411,P
1.552,1.346,0.924,0.932,0.788,0.563,0.237,0.157,0.113,0.444,1.552,1.346,0.924,0.932,0.788,0.563,0.237,0.157,0.113,0.444,64.203,P
1.509,1.3,0.92,0.903,0.782,0.564,0.269,0.156,0.129,0.385,1.509,1.3,0.92,0.903,0.782,0.564,0.269,0.156,0.129,0.385,63.6,P
1.495,1.534,0.915,0.909,0.764,0.854,0.255,0.152,0.13,0.699,1.495,1.534,0.915,0.909,0.764,0.854,0.255,0.152,0.13,0.699,62.201,P
1.532,1.51,0.93,0.931,0.793,0.78,0.257,0.163,0.115,0.643,1.532,1.51,0.93,0.931,0.793,0.78,0.257,0.163,0.115,0.643,64.203,P
1.49,1.359,0.914,0.896,0.764,0.652,0.27,0.162,0.131,0.471,1.49,1.359,0.914,0.896,0.764,0.652,0.27,0.162,0.131,0.471,63.82,P
1.485,1.298,0.931,0.903,0.744,0.58,0.253,0.14,0.121,0.4,1.485,1.298,0.931,0.903,0.744,0.58,0.253,0.14,0.121,0.4,63.246,P
1.497,1.675,0.931,0.896,0.766,1.055,0.266,0.158,0.116,0.881,1.497,1.675,0.931,0.896,0.766,1.055,0.266,0.158,0.116,0.881,63.008,P
1.516,1.745,0.925,0.913,0.775,1.118,0.262,0.173,0.113,0.961,1.516,1.745,0.925,0.913,0.775,1.118,0.262,0.173,0.113,0.961,62.201,P
1.502,1.733,0.914,0.894,0.77,1.124,0.266,0.16,0.129,0.952,1.502,1.733,0.914,0.894,0.77,1.124,0.266,0.16,0.129,0.952,63.82,P
1.569,1.273,0.937,0.954,0.795,0.463,0.203,0.136,0.097,0.344,1.569,1.273,0.937,0.954,0.795,0.463,0.203,0.136,0.097,0.344,63.6,P
1.529,1.761,0.925,0.911,0.767,1.139,0.233,0.139,0.114,0.992,1.529,1.761,0.925,0.911,0.767,1.139,0.233,0.139,0.114,0.992,62.201,P
1.527,1.783,0.912,0.904,0.784,1.153,0.254,0.151,0.129,0.999,1.527,1.783,0.912,0.904,0.784,1.153,0.254,0.151,0.129,0.999,63.82,P
1.516,1.445,0.914,0.909,0.776,0.731,0.254,0.151,0.129,0.574,1.516,1.445,0.914,0.909,0.776,0.731,0.254,0.151,0.129,0.574,62.201,P
1.529,1.697,0.918,0.914,0.789,1.033,0.263,0.151,0.132,0.883,1.529,1.697,0.918,0.914,0.789,1.033,0.263,0.151,0.132,0.883,62.426,P
1.553,1.557,0.928,0.943,0.8,0.818,0.252,0.16,0.118,0.696,1.553,1.557,0.928,0.943,0.8,0.818,0.252,0.16,0.118,0.696,61.612,P
1.506,1.72,0.919,0.91,0.775,1.09,0.284,0.173,0.132,0.929,1.506,1.72,0.919,0.91,0.775,1.09,0.284,0.173,0.132,0.929,62.201,P
1.504,1.731,0.914,0.896,0.771,1.118,0.267,0.161,0.129,0.949,1.504,1.731,0.914,0.896,0.771,1.118,0.267,0.161,0.129,0.949,62.201,P
1.521,1.58,0.914,0.92,0.774,0.886,0.244,0.146,0.131,0.751,1.521,1.58,0.914,0.92,0.774,0.886,0.244,0.146,0.131,0.751,62.201,P
1.509,1.717,0.925,0.914,0.773,1.078,0.266,0.175,0.115,0.928,1.509,1.717,0.925,0.914,0.773,1.078,0.266,0.175,0.115,0.928,62.201,P
1.511,1.778,0.915,0.889,0.791,1.164,0.272,0.166,0.126,0.984,1.511,1.778,0.915,0.889,0.791,1.164,0.272,0.166,0.126,0.984,62.008,P
1.076,2.255,0.72,0.763,0.534,2.832,0.745,0.476,0.525,2.398,1.076,2.255,0.72,0.763,0.534,2.832,0.745,0.476,0.525,2.398,104.446,Q
1.078,2.25,0.7,0.768,0.536,2.799,0.745,0.471,0.562,2.4,1.078,2.25,0.7,0.768,0.536,2.799,0.745,0.471,0.562,2.4,105.309,Q
1.055,2.247,0.703,0.743,0.526,2.894,0.789,0.476,0.566,2.431,1.055,2.247,0.703,0.743,0.526,2.894,0.789,0.476,0.566,2.431,105.475,Q
1.051,2.192,0.709,0.76,0.528,2.749,0.782,0.504,0.554,2.332,1.051,2.192,0.709,0.76,0.528,2.749,0.782,0.504,0.554,2.332,106.677,Q
1.066,2.272,0.717,0.741,0.528,2.933,0.767,0.442,0.541,2.462,1.066,2.272,0.717,0.741,0.528,2.933,0.767,0.442,0.541,2.462,106.33,Q
1.06,2.163,0.727,0.739,0.524,2.748,0.768,0.442,0.526,2.288,1.06,2.163,0.727,0.739,0.524,2.748,0.768,0.442,0.526,2.288,105.309,Q
1.067,2.27,0.698,0.743,0.549,2.827,0.772,0.466,0.555,2.362,1.067,2.27,0.698,0.743,0.549,2.827,0.772,0.466,0.555,2.362,104.101,Q
1.066,2.181,0.712,0.768,0.529,2.709,0.767,0.478,0.55,2.302,1.066,2.181,0.712,0.768,0.529,2.709,0.767,0.478,0.55,2.302,102.927,Q
1.062,2.253,0.702,0.742,0.538,2.85,0.762,0.476,0.556,2.381,1.062,2.253,0.702,0.742,0.538,2.85,0.762,0.476,0.556,2.381,104.623,Q
1.066,2.27,0.694,0.76,0.536,2.861,0.767,0.501,0.572,2.428,1.066,2.27,0.694,0.76,0.536,2.861,0.767,0.501,0.572,2.428,106.532,Q
1.066,2.23,0.71,0.769,0.534,2.777,0.767,0.478,0.55,2.363,1.066,2.23,0.71,0.769,0.534,2.777,0.767,0.478,0.55,2.363,103.247,Q
1.068,2.285,0.709,0.763,0.527,2.922,0.761,0.492,0.554,2.496,1.068,2.285,0.709,0.763,0.527,2.922,0.761,0.492,0.554,2.496,105.688,Q
1.041,2.186,0.692,0.755,0.519,2.787,0.765,0.474,0.595,2.346,1.041,2.186,0.692,0.755,0.519,2.787,0.765,0.474,0.595,2.346,106,Q
1.059,2.177,0.713,0.732,0.504,2.895,0.76,0.457,0.57,2.383,1.059,2.177,0.713,0.732,0.504,2.895,0.76,0.457,0.57,2.383,101.548,Q
1.086,2.314,0.695,0.739,0.542,2.934,0.75,0.471,0.563,2.478,1.086,2.314,0.695,0.739,0.542,2.934,0.75,0.471,0.563,2.478,102.626,Q
1.057,2.209,0.712,0.719,0.507,2.955,0.786,0.438,0.569,2.453,1.057,2.209,0.712,0.719,0.507,2.955,0.786,0.438,0.569,2.453,102.927,Q
1.057,2.221,0.709,0.754,0.512,2.894,0.778,0.486,0.57,2.46,1.057,2.221,0.709,0.754,0.512,2.894,0.778,0.486,0.57,2.46,104.307,Q
1.046,2.18,0.697,0.732,0.5,2.916,0.77,0.49,0.608,2.425,1.046,2.18,0.697,0.732,0.5,2.916,0.77,0.49,0.608,2.425,102.626,Q
1.069,2.221,0.71,0.775,0.518,2.82,0.756,0.509,0.561,2.435,1.069,2.221,0.71,0.775,0.518,2.82,0.756,0.509,0.561,2.435,104.307,Q
1.08,2.227,0.718,0.757,0.5,2.955,0.732,0.478,0.564,2.524,1.08,2.227,0.718,0.757,0.5,2.955,0.732,0.478,0.564,2.524,103.774,Q
1.069,2.21,0.723,0.74,0.512,2.895,0.762,0.471,0.541,2.435,1.069,2.21,0.723,0.74,0.512,2.895,0.762,0.471,0.541,2.435,101.02,Q
1.14,1.478,0.865,0.704,0.57,1.992,0.585,0.295,0.308,1.609,1.14,1.478,0.865,0.704,0.57,1.992,0.585,0.295,0.308,1.609,62.769,R
1.14,1.478,0.865,0.704,0.57,1.992,0.585,0.295,0.308,1.609,1.14,1.478,0.865,0.704,0.57,1.992,0.585,0.295,0.308,1.609,62.769,R
1.14,1.478,0.865,0.704,0.57,1.992,0.585,0.295,0.308,1.609,1.14,1.478,0.865,0.704,0.57,1.992,0.585,0.295,0.308,1.609,62.769,R
1.14,1.478,0.865,0.704,0.57,1.992,0.585,0.295,0.308,1.609,1.14,1.478,0.865,0.704,0.57,1.992,0.585,0.295,0.308,1.609,62.769,R
1.14,1.478,0.865,0.704,0.57,1.992,0.585,0.295,0.308,1.609,1.14,1.478,0.865,0.704,0.57,1.992,0.585,0.295,0.308,1.609,62.769,R
1.14,1.478,0.865,0.704,0.57,1.992,0.585,0.295,0.308,1.609,1.14,1.478,0.865,0.704,0.57,1.992,0.585,0.295,0.308,1.609,62.769,R
1.14,1.478,0.865,0.704,0.57,1.992,0.585,0.295,0.308,1.609,1.14,1.478,0.865,0.704,0.57,1.992,0.585,0.295,0.308,1.609,62.769,R
1.14,1.478,0.865,0.704,0.57,1.992,0.585,0.295,0.308,1.609,1.14,1.478,0.865,0.704,0.57,1.992,0.585,0.295,0.308,1.609,62.769,R
1.14,1.478,0.865,0.704,0.57,1.992,0.585,0.295,0.308,1.609,1.14,1.478,0.865,0.704,0.57,1.992,0.585,0.295,0.308,1.609,62.769,R
1.14,1.478,0.865,0.704,0.57,1.992,0.585,0.295,0.308,1.609,1.14,1.478,0.865,0.704,0.57,1.992,0.585,0.295,0.308,1.609,62.769,R
1.14,1.478,0.865,0.704,0.57,1.992,0.585,0.295,0.308,1.609,1.14,1.478,0.865,0.704,0.57,1.992,0.585,0.295,0.308,1.609,62.769,R
1.14,1.478,0.865,0.704,0.57,1.992,0.585,0.295,0.308,1.609,1.14,1.478,0.865,0.704,0.57,1.992,0.585,0.295,0.308,1.609,62.769,R
1.14,1.478,0.865,0.704,0.57,1.992,0.585,0.295,0.308,1.609,1.14,1.478,0.865,0.704,0.57,1.992,0.585,0.295,0.308,1.609,62.769,R
1.14,1.478,0.865,0.704,0.57,1.992,0.585,0.295,0.308,1.609,1.14,1.478,0.865,0.704,0.57,1.992,0.585,0.295,0.308,1.609,62.769,R
1.14,1.478,0.865,0.704,0.57,1.992,0.585,0.295,0.308,1.609,1.14,1.478,0.865,0.704,0.57,1.992,0.585,0.295,0.308,1.609,62.769,R
1.14,1.478,0.865,0.704,0.57,1.992,0.585,0.295,0.308,1.609,1.14,1.478,0.865,0.704,0.57,1.992,0.585,0.295,0.308,1.609,62.769,R
1.14,1.478,0.865,0.704,0.57,1.992,0.585,0.295,0.308,1.609,1.14,1.478,0.865,0.704,0.57,1.992,0.585,0.295,0.308,1.609,62.769,R
1.14,1.478,0.865,0.704,0.57,1.992,0.585,0.295,0.308,1.609,1.14,1.478,0.865,0.704,0.57,1.992,0.585,0.295,0.308,1.609,62.769,R
1.14,1.478,0.865,0.704,0.57,1.992,0.585,0.295,0.308,1.609,1.14,1.478,0.865,0.704,0.57,1.992,0.585,0.295,0.308,1.609,62.769,R
1.14,1.478,0.865,0.704,0.57,1.992,0.585,0.295,0.308,1.609,1.14,1.478,0.865,0.704,0.57,1.992,0.585,0.295,0.308,1.609,62.769,R
1.14,1.478,0.865,0.704,0.57,1.992,0.585,0.295,0.308,1.609,1.14,1.478,0.865,0.704,0.57,1.992,0.585,0.295,0.308,1.609,62.769,R
1.491,1.063,1.012,1.406,0.846,1.182,0.896,0.61,0.317,0.304,1.491,1.063,1.012,1.406,0.846,1.182,0.896,0.61,0.317,0.304,182.395,S
1.327,1.078,0.986,1.263,0.762,1.156,0.856,0.555,0.326,0.314,1.327,1.078,0.986,1.263,0.762,1.156,0.856,0.555,0.326,0.314,181.099,S
1.426,1.063,1.018,1.272,0.817,1.17,0.848,0.517,0.34,0.327,1.426,1.063,1.018,1.272,0.817,1.17,0.848,0.517,0.34,0.327,181.276,S
1.409,1.057,1.007,1.333,0.769,1.223,0.901,0.593,0.334,0.334,1.409,1.057,1.007,1.333,0.769,1.223,0.901,0.593,0.334,0.334,183.175,S
1.516,1.082,1.035,1.308,0.826,1.174,0.868,0.538,0.337,0.319,1.516,1.082,1.035,1.308,0.826,1.174,0.868,0.538,0.337,0.319,184.532,S
1.553,1.077,1.041,1.384,0.868,1.163,0.876,0.566,0.321,0.304,1.553,1.077,1.041,1.384,0.868,1.163,0.876,0.566,0.321,0.304,188.449,S
1.6,1.102,1.024,1.405,0.895,1.194,0.877,0.579,0.318,0.34,1.6,1.102,1.024,1.405,0.895,1.194,0.877,0.579,0.318,0.34,188.68,S
1.536,1.071,1.014,1.274,0.874,1.125,0.812,0.491,0.33,0.318,1.536,1.071,1.014,1.274,0.874,1.125,0.812,0.491,0.33,0.318,185.529,S
1.489,1.064,1.014,1.325,0.873,1.164,0.846,0.537,0.324,0.324,1.489,1.064,1.014,1.325,0.873,1.164,0.846,0.537,0.324,0.324,187.451,S
1.543,1.088,1.026,1.333,0.909,1.137,0.825,0.501,0.336,0.323,1.543,1.088,1.026,1.333,0.909,1.137,0.825,0.501,0.336,0.323,186.454,S
1.568,1.071,1.012,1.301,0.907,1.111,0.811,0.524,0.296,0.306,1.568,1.071,1.012,1.301,0.907,1.111,0.811,0.524,0.296,0.306,191.669,S
1.523,1.102,1.003,1.229,0.839,1.102,0.794,0.484,0.318,0.32,1.523,1.102,1.003,1.229,0.839,1.102,0.794,0.484,0.318,0.32,190.672,S
1.538,1.072,1.032,1.341,0.906,1.123,0.83,0.522,0.317,0.303,1.538,1.072,1.032,1.341,0.906,1.123,0.83,0.522,0.317,0.303,190.379,S
1.623,1.074,1.044,1.282,0.956,1.103,0.795,0.47,0.326,0.311,1.623,1.074,1.044,1.282,0.956,1.103,0.795,0.47,0.326,0.311,191.755,S
1.52,1.055,1.043,1.361,0.815,1.232,0.885,0.581,0.312,0.357,1.52,1.055,1.043,1.361,0.815,1.232,0.885,0.581,0.312,0.357,191.588,S
1.632,1.101,1.083,1.455,0.933,1.266,0.935,0.598,0.338,0.349,1.632,1.101,1.083,1.455,0.933,1.266,0.935,0.598,0.338,0.349,190.759,S
1.413,1.052,0.998,1.17,0.801,1.141,0.833,0.515,0.319,0.308,1.413,1.052,0.998,1.17,0.801,1.141,0.833,0.515,0.319,0.308,191.512,S
1.534,1.107,1.029,1.406,0.943,1.073,0.821,0.547,0.291,0.282,1.534,1.107,1.029,1.406,0.943,1.073,0.821,0.547,0.291,0.282,195.256,S
1.583,1.092,1.06,1.31,0.945,1.163,0.82,0.498,0.322,0.348,1.583,1.092,1.06,1.31,0.945,1.163,0.82,0.498,0.322,0.348,192.51,S
1.651,1.103,1.045,1.418,0.943,1.152,0.878,0.574,0.312,0.296,1.651,1.103,1.045,1.418,0.943,1.152,0.878,0.574,0.312,0.296,195.655,S
1.519,1.071,1.029,1.289,0.904,1.167,0.831,0.506,0.328,0.339,1.519,1.071,1.029,1.289,0.904,1.167,0.831,0.506,0.328,0.339,192.666,S
1.186,1.771,0.942,0.942,0.562,1.906,0.739,0.37,0.369,1.393,1.186,1.771,0.942,0.942,0.562,1.906,0.739,0.37,0.369,1.393,57.428,T
1.151,1.734,0.933,0.91,0.548,1.92,0.763,0.382,0.382,1.359,1.151,1.734,0.933,0.91,0.548,1.92,0.763,0.382,0.382,1.359,60.671,T
1.163,1.72,0.933,0.928,0.554,1.861,0.733,0.373,0.361,1.325,1.163,1.72,0.933,0.928,0.554,1.861,0.733,0.373,0.361,1.325,62.201,T
1.182,1.742,0.935,0.922,0.562,1.883,0.735,0.362,0.374,1.345,1.182,1.742,0.935,0.922,0.562,1.883,0.735,0.362,0.374,1.345,60.299,T
1.152,1.72,0.926,0.914,0.532,1.955,0.765,0.376,0.39,1.381,1.152,1.72,0.926,0.914,0.532,1.955,0.765,0.376,0.39,1.381,60.671,T
1.14,1.728,0.936,0.927,0.528,1.98,0.769,0.384,0.385,1.411,1.14,1.728,0.936,0.927,0.528,1.98,0.769,0.384,0.385,1.411,61.984,T
1.207,1.711,0.934,0.926,0.592,1.752,0.685,0.359,0.327,1.233,1.207,1.711,0.934,0.926,0.592,1.752,0.685,0.359,0.327,1.233,62.032,T
1.186,1.751,0.952,0.949,0.586,1.822,0.724,0.374,0.35,1.309,1.186,1.751,0.952,0.949,0.586,1.822,0.724,0.374,0.35,1.309,61.4,T
1.209,1.749,0.942,0.945,0.583,1.793,0.681,0.335,0.347,1.312,1.209,1.749,0.942,0.945,0.583,1.793,0.681,0.335,0.347,1.312,64.125,T
1.186,1.723,0.94,0.941,0.564,1.812,0.725,0.368,0.357,1.304,1.186,1.723,0.94,0.941,0.564,1.812,0.725,0.368,0.357,1.304,63.388,T
1.21,1.739,0.943,0.94,0.584,1.793,0.675,0.325,0.35,1.3,1.21,1.739,0.943,0.94,0.584,1.793,0.675,0.325,0.35,1.3,62.201,T
1.215,1.787,0.949,0.946,0.574,1.893,0.707,0.359,0.348,1.399,1.215,1.787,0.949,0.946,0.574,1.893,0.707,0.359,0.348,1.399,61.4,T
1.167,1.767,0.936,0.924,0.546,1.997,0.749,0.355,0.394,1.438,1.167,1.767,0.936,0.924,0.546,1.997,0.749,0.355,0.394,1.438,60.208,T
1.206,1.785,0.948,0.939,0.585,1.878,0.686,0.331,0.355,1.378,1.206,1.785,0.948,0.939,0.585,1.878,0.686,0.331,0.355,1.378,62.65,T
1.216,1.764,0.933,0.925,0.586,1.857,0.704,0.328,0.377,1.335,1.216,1.764,0.933,0.925,0.586,1.857,0.704,0.328,0.377,1.335,61.205,T
1.196,1.743,0.942,0.929,0.567,1.851,0.69,0.339,0.352,1.342,1.196,1.743,0.942,0.929,0.567,1.851,0.69,0.339,0.352,1.342,62.201,T
1.207,1.746,0.946,0.937,0.584,1.819,0.699,0.326,0.373,1.309,1.207,1.746,0.946,0.937,0.584,1.819,0.699,0.326,0.373,1.309,63.285,T
1.198,1.756,0.95,0.946,0.556,1.899,0.7,0.331,0.368,1.397,1.198,1.756,0.95,0.946,0.556,1.899,0.7,0.331,0.368,1.397,61.66,T
1.216,1.771,0.958,0.948,0.561,1.913,0.699,0.344,0.355,1.412,1.216,1.771,0.958,0.948,0.561,1.913,0.699,0.344,0.355,1.412,59.54,T
1.192,1.77,0.942,0.939,0.546,1.974,0.735,0.367,0.368,1.444,1.192,1.77,0.942,0.939,0.546,1.974,0.735,0.367,0.368,1.444,59.841,T
1.24,1.781,0.951,0.944,0.606,1.802,0.665,0.321,0.344,1.322,1.24,1.781,0.951,0.944,0.606,1.802,0.665,0.321,0.344,1.322,61.205,T
1.469,1.718,0.826,0.822,0.977,1.024,0.342,0.153,0.217,0.74,1.469,1.718,0.826,0.822,0.977,1.024,0.342,0.153,0.217,0.74,282.392,U
1.469,1.718,0.826,0.822,0.977,1.024,0.342,0.153,0.217,0.74,1.469,1.718,0.826,0.822,0.977,1.024,0.342,0.153,0.217,0.74,282.392,U
1.469,1.718,0.826,0.822,0.977,1.024,0.342,0.153,0.217,0.74,1.469,1.718,0.826,0.822,0.977,1.024,0.342,0.153,0.217,0.74,282.392,U
1.469,1.718,0.826,0.822,0.977,1.024,0.342,0.153,0.217,0.74,1.469,1.718,0.826,0.822,0.977,1.024,0.342,0.153,0.217,0.74,282.392,U
1.469,1.718,0.826,0.822,0.977,1.024,0.342,0.153,0.217,0.74,1.469,1.718,0.826,0.822,0.977,1.024,0.342,0.153,0.217,0.74,282.392,U
1.469,1.718,0.826,0.822,0.977,1.024,0.342,0.153,0.217,0.74,1.469,1.718,0.826,0.822,0.977,1.024,0.342,0.153,0.217,0.74,282.392,U
1.469,1.718,0.826,0.822,0.977,1.024,0.342,0.153,0.217,0.74,1.469,1.718,0.826,0.822,0.977,1.024,0.342,0.153,0.217,0.74,282.392,U
1.469,1.718,0.826,0.822,0.977,1.024,0.342,0.153,0.217,0.74,1.469,1.718,0.826,0.822,0.977,1.024,0.342,0.153,0.217,0.74,282.392,U
1.469,1.718,0.826,0.822,0.977,1.024,0.342,0.153,0.217,0.74,1.469,1.718,0.826,0.822,0.977,1.024,0.342,0.153,0.217,0.74,282.392,U
1.469,1.718,0.826,0.822,0.977,1.024,0.342,0.153,0.217,0.74,1.469,1.718,0.826,0.822,0.977,1.024,0.342,0.153,0.217,0.74,282.392,U
1.469,1.718,0.826,0.822,0.977,1.024,0.342,0.153,0.217,0.74,1.469,1.718,0.826,0.822,0.977,1.024,0.342,0.153,0.217,0.74,282.392,U
1.469,1.718,0.826,0.822,0.977,1.024,0.342,0.153,0.217,0.74,1.469,1.718,0.826,0.822,0.977,1.024,0.342,0.153,0.217,0.74,282.392,U
1.469,1.718,0.826,0.822,0.977,1.024,0.342,0.153,0.217,0.74,1.469,1.718,0.826,0.822,0.977,1.024,0.342,0.153,0.217,0.74,282.392,U
1.469,1.718,0.826,0.822,0.977,1.024,0.342,0.153,0.217,0.74,1.469,1.718,0.826,0.822,0.977,1.024,0.342,0.153,0.217,0.74,282.392,U
1.469,1.718,0.826,0.822,0.977,1.024,0.342,0.153,0.217,0.74,1.469,1.718,0.826,0.822,0.977,1.024,0.342,0.153,0.217,0.74,282.392,U
1.469,1.718,0.826,0.822,0.977,1.024,0.342,0.153,0.217,0.74,1.469,1.718,0.826,0.822,0.977,1.024,0.342,0.153,0.217,0.74,282.392,U
1.469,1.718,0.826,0.822,0.977,1.024,0.342,0.153,0.217,0.74,1.469,1.718,0.826,0.822,0.977,1.024,0.342,0.153,0.217,0.74,282.392,U
1.469,1.718,0.826,0.822,0.977,1.024,0.342,0.153,0.217,0.74,1.469,1.718,0.826,0.822,0.977,1.024,0.342,0.153,0.217,0.74,282.392,U
1.469,1.718,0.826,0.822,0.977,1.024,0.342,0.153,0.217,0.74,1.469,1.718,0.826,0.822,0.977,1.024,0.342,0.153,0.217,0.74,282.392,U
1.469,1.718,0.826,0.822,0.977,1.024,0.342,0.153,0.217,0.74,1.469,1.718,0.826,0.822,0.977,1.024,0.342,0.153,0.217,0.74,282.392,U
1.469,1.718,0.826,0.822,0.977,1.024,0.342,0.153,0.217,0.74,1.469,1.718,0.826,0.822,0.977,1.024,0.342,0.153,0.217,0.74,282.392,U
0.246,1.039,0.796,0.601,0.358,2.272,1.56,0.692,0.915,1.101,0.246,1.039,0.796,0.601,0.358,2.272,1.56,0.692,0.915,1.101,13.416,V
0.246,1.039,0.796,0.601,0.358,2.272,1.56,0.692,0.915,1.101,0.246,1.039,0.796,0.601,0.358,2.272,1.56,0.692,0.915,1.101,13.416,V
0.246,1.039,0.796,0.601,0.358,2.272,1.56,0.692,0.915,1.101,0.246,1.039,0.796,0.601,0.358,2.272,1.56,0.692,0.915,1.101,13.416,V
0.246,1.039,0.796,0.601,0.358,2.272,1.56,0.692,0.915,1.101,0.246,1.039,0.796,0.601,0.358,2.272,1.56,0.692,0.915,1.101,13.416,V
0.246,1.039,0.796,0.601,0.358,2.272,1.56,0.692,0.915,1.101,0.246,1.039,0.796,0.601,0.358,2.272,1.56,0.692,0.915,1.101,13.416,V
0.246,1.039,0.796,0.601,0.358,2.272,1.56,0.692,0.915,1.101,0.246,1.039,0.796,0.601,0.358,2.272,1.56,0.692,0.915,1.101,13.416,V
0.246,1.039,0.796,0.601,0.358,2.272,1.56,0.692,0.915,1.101,0.246,1.039,0.796,0.601,0.358,2.272,1.56,0.692,0.915,1.101,13.416,V
0.246,1.039,0.796,0.601,0.358,2.272,1.56,0.692,0.915,1.101,0.246,1.039,0.796,0.601,0.358,2.272,1.56,0.692,0.915,1.101,13.416,V
0.246,1.039,0.796,0.601,0.358,2.272,1.56,0.692,0.915,1.101,0.246,1.039,0.796,0.601,0.358,2.272,1.56,0.692,0.915,1.101,13.416,V
0.246,1.039,0.796,0.601,0.358,2.272,1.56,0.692,0.915,1.101,0.246,1.039,0.796,0.601,0.358,2.272,1.56,0.692,0.915,1.101,13.416,V
0.246,1.039,0.796,0.601,0.358,2.272,1.56,0.692,0.915,1.101,0.246,1.039,0.796,0.601,0.358,2.272,1.56,0.692,0.915,1.101,13.416,V
0.246,1.039,0.796,0.601,0.358,2.272,1.56,0.692,0.915,1.101,0.246,1.039,0.796,0.601,0.358,2.272,1.56,0.692,0.915,1.101,13.416,V
0.246,1.039,0.796,0.601,0.358,2.272,1.56,0.692,0.915,1.101,0.246,1.039,0.796,0.601,0.358,2.272,1.56,0.692,0.915,1.101,13.416,V
0.246,1.039,0.796,0.601,0.358,2.272,1.56,0.692,0.915,1.101,0.246,1.039,0.796,0.601,0.358,2.272,1.56,0.692,0.915,1.101,13.416,V
0.246,1.039,0.796,0.601,0.358,2.272,1.56,0.692,0.915,1.101,0.246,1.039,0.796,0.601,0.358,2.272,1.56,0.692,0.915,1.101,13.416,V
0.246,1.039,0.796,0.601,0.358,2.272,1.56,0.692,0.915,1.101,0.246,1.039,0.796,0.601,0.358,2.272,1.56,0.692,0.915,1.101,13.416,V
0.246,1.039,0.796,0.601,0.358,2.272,1.56,0.692,0.915,1.101,0.246,1.039,0.796,0.601,0.358,2.272,1.56,0.692,0.915,1.101,13.416,V
0.246,1.039,0.796,0.601,0.358,2.272,1.56,0.692,0.915,1.101,0.246,1.039,0.796,0.601,0.358,2.272,1.56,0.692,0.915,1.101,13.416,V
0.246,1.039,0.796,0.601,0.358,2.272,1.56,0.692,0.915,1.101,0.246,1.039,0.796,0.601,0.358,2.272,1.56,0.692,0.915,1.101,13.416,V
0.246,1.039,0.796,0.601,0.358,2.272,1.56,0.692,0.915,1.101,0.246,1.039,0.796,0.601,0.358,2.272,1.56,0.692,0.915,1.101,13.416,V
0.246,1.039,0.796,0.601,0.358,2.272,1.56,0.692,0.915,1.101,0.246,1.039,0.796,0.601,0.358,2.272,1.56,0.692,0.915,1.101,13.416,V
1.658,2.391,0.829,0.807,1.571,1.025,0.314,0.175,0.148,0.932,1.658,2.391,0.829,0.807,1.571,1.025,0.314,0.175,0.148,0.932,20.224,W
1.738,2.421,0.818,0.809,1.67,0.985,0.309,0.171,0.149,0.897,1.738,2.421,0.818,0.809,1.67,0.985,0.309,0.171,0.149,0.897,16.125,W
1.696,2.42,0.812,0.811,1.665,0.992,0.323,0.186,0.15,0.898,1.696,2.42,0.812,0.811,1.665,0.992,0.323,0.186,0.15,0.898,17.117,W
1.683,2.411,0.82,0.821,1.628,0.998,0.322,0.182,0.152,0.915,1.683,2.411,0.82,0.821,1.628,0.998,0.322,0.182,0.152,0.915,18.111,W
1.74,2.433,0.822,0.802,1.677,0.993,0.316,0.183,0.143,0.904,1.74,2.433,0.822,0.802,1.677,0.993,0.316,0.183,0.143,0.904,16.125,W
1.733,2.453,0.824,0.835,1.701,0.977,0.317,0.187,0.142,0.899,1.733,2.453,0.824,0.835,1.701,0.977,0.317,0.187,0.142,0.899,18.248,W
1.706,2.419,0.809,0.796,1.646,1.006,0.319,0.179,0.152,0.912,1.706,2.419,0.809,0.796,1.646,1.006,0.319,0.179,0.152,0.912,20.1,W
1.715,2.402,0.812,0.811,1.662,0.978,0.315,0.179,0.149,0.891,1.715,2.402,0.812,0.811,1.662,0.978,0.315,0.179,0.149,0.891,15.297,W
1.762,2.448,0.816,0.82,1.722,0.968,0.31,0.184,0.14,0.887,1.762,2.448,0.816,0.82,1.722,0.968,0.31,0.184,0.14,0.887,12.042,W
1.758,2.481,0.831,0.833,1.705,0.989,0.313,0.18,0.143,0.916,1.758,2.481,0.831,0.833,1.705,0.989,0.313,0.18,0.143,0.916,16.279,W
1.748,2.446,0.815,0.809,1.674,0.995,0.316,0.179,0.149,0.919,1.748,2.446,0.815,0.809,1.674,0.995,0.316,0.179,0.149,0.919,19,W
1.804,2.494,0.803,0.818,1.743,0.981,0.307,0.174,0.148,0.907,1.804,2.494,0.803,0.818,1.743,0.981,0.307,0.174,0.148,0.907,12.166,W
1.756,2.469,0.812,0.83,1.718,0.977,0.324,0.19,0.148,0.909,1.756,2.469,0.812,0.83,1.718,0.977,0.324,0.19,0.148,0.909,15.133,W
1.805,2.504,0.819,0.815,1.744,0.987,0.313,0.183,0.141,0.915,1.805,2.504,0.819,0.815,1.744,0.987,0.313,0.183,0.141,0.915,12.369,W
1.809,2.519,0.819,0.83,1.763,0.979,0.313,0.185,0.141,0.912,1.809,2.519,0.819,0.83,1.763,0.979,0.313,0.185,0.141,0.912,9.849,W
1.828,2.523,0.815,0.815,1.765,0.986,0.309,0.166,0.151,0.916,1.828,2.523,0.815,0.815,1.765,0.986,0.309,0.166,0.151,0.916,8.544,W
1.813,2.524,0.806,0.834,1.778,0.974,0.313,0.174,0.153,0.906,1.813,2.524,0.806,0.834,1.778,0.974,0.313,0.174,0.153,0.906,13,W
1.779,2.524,0.813,0.81,1.748,1.005,0.322,0.183,0.149,0.922,1.779,2.524,0.813,0.81,1.748,1.005,0.322,0.183,0.149,0.922,17.263,W
1.805,2.518,0.797,0.815,1.744,0.994,0.313,0.174,0.154,0.925,1.805,2.518,0.797,0.815,1.744,0.994,0.313,0.174,0.154,0.925,6.708,W
1.806,2.501,0.813,0.805,1.721,1,0.313,0.181,0.144,0.932,1.806,2.501,0.813,0.805,1.721,1,0.313,0.181,0.144,0.932,14.56,W
1.842,2.514,0.813,0.797,1.76,0.992,0.314,0.175,0.148,0.919,1.842,2.514,0.813,0.797,1.76,0.992,0.314,0.175,0.148,0.919,14.866,W
1.109,1.737,0.958,0.902,0.592,2.001,0.625,0.298,0.333,1.419,1.109,1.737,0.958,0.902,0.592,2.001,0.625,0.298,0.333,1.419,63.151,X
1.077,1.73,0.963,0.898,0.539,2.152,0.637,0.314,0.333,1.553,1.077,1.73,0.963,0.898,0.539,2.152,0.637,0.314,0.333,1.553,64.133,X
1.076,1.676,0.953,0.89,0.561,1.984,0.619,0.305,0.32,1.395,1.076,1.676,0.953,0.89,0.561,1.984,0.619,0.305,0.32,1.395,63.64,X
1.076,1.676,0.953,0.89,0.561,1.984,0.619,0.305,0.32,1.395,1.076,1.676,0.953,0.89,0.561,1.984,0.619,0.305,0.32,1.395,63.64,X
1.076,1.676,0.953,0.89,0.561,1.984,0.619,0.305,0.32,1.395,1.076,1.676,0.953,0.89,0.561,1.984,0.619,0.305,0.32,1.395,63.64,X
1.095,1.91,0.95,0.872,0.589,2.41,0.678,0.346,0.343,1.76,1.095,1.91,0.95,0.872,0.589,2.41,0.678,0.346,0.343,1.76,58.249,X
0.962,1.674,0.966,0.919,0.412,2.652,0.793,0.385,0.415,1.912,0.962,1.674,0.966,0.919,0.412,2.652,0.793,0.385,0.415,1.912,66.761,X
1.046,1.665,0.963,0.898,0.507,2.155,0.673,0.34,0.343,1.519,1.046,1.665,0.963,0.898,0.507,2.155,0.673,0.34,0.343,1.519,71.309,X
1.046,1.665,0.963,0.898,0.507,2.155,0.673,0.34,0.343,1.519,1.046,1.665,0.963,0.898,0.507,2.155,0.673,0.34,0.343,1.519,71.309,X
1.046,1.665,0.963,0.898,0.507,2.155,0.673,0.34,0.343,1.519,1.046,1.665,0.963,0.898,0.507,2.155,0.673,0.34,0.343,1.519,71.309,X
1.043,1.764,0.952,0.882,0.549,2.233,0.684,0.362,0.329,1.585,1.043,1.764,0.952,0.882,0.549,2.233,0.684,0.362,0.329,1.585,74.041,X
1.015,1.686,0.965,0.897,0.442,2.461,0.782,0.385,0.411,1.74,1.015,1.686,0.965,0.897,0.442,2.461,0.782,0.385,0.411,1.74,70.228,X
1.1,1.697,0.955,0.888,0.561,1.981,0.641,0.316,0.333,1.387,1.1,1.697,0.955,0.888,0.561,1.981,0.641,0.316,0.333,1.387,65.924,X
1.1,1.697,0.955,0.888,0.561,1.981,0.641,0.316,0.333,1.387,1.1,1.697,0.955,0.888,0.561,1.981,0.641,0.316,0.333,1.387,65.924,X
1.1,1.697,0.955,0.888,0.561,1.981,0.641,0.316,0.333,1.387,1.1,1.697,0.955,0.888,0.561,1.981,0.641,0.316,0.333,1.387,65.924,X
1.1,1.697,0.955,0.888,0.561,1.981,0.641,0.316,0.333,1.387,1.1,1.697,0.955,0.888,0.561,1.981,0.641,0.316,0.333,1.387,65.924,X
1.1,1.697,0.955,0.888,0.561,1.981,0.641,0.316,0.333,1.387,1.1,1.697,0.955,0.888,0.561,1.981,0.641,0.316,0.333,1.387,65.924,X
1.1,1.697,0.955,0.888,0.561,1.981,0.641,0.316,0.333,1.387,1.1,1.697,0.955,0.888,0.561,1.981,0.641,0.316,0.333,1.387,65.924,X
1.1,1.697,0.955,0.888,0.561,1.981,0.641,0.316,0.333,1.387,1.1,1.697,0.955,0.888,0.561,1.981,0.641,0.316,0.333,1.387,65.924,X
1.1,1.697,0.955,0.888,0.561,1.981,0.641,0.316,0.333,1.387,1.1,1.697,0.955,0.888,0.561,1.981,0.641,0.316,0.333,1.387,65.924,X
1.013,1.742,0.985,0.907,0.488,2.464,0.765,0.398,0.394,1.748,1.013,1.742,0.985,0.907,0.488,2.464,0.765,0.398,0.394,1.748,68.352,X
1.033,1.706,0.95,0.956,0.471,2.289,0.685,0.302,0.385,1.697,1.033,1.706,0.95,0.956,0.471,2.289,0.685,0.302,0.385,1.697,181.648,Y
1.037,1.733,0.951,0.943,0.464,2.42,0.693,0.333,0.36,1.804,1.037,1.733,0.951,0.943,0.464,2.42,0.693,0.333,0.36,1.804,185.181,Y
1.04,1.718,0.944,0.946,0.48,2.298,0.658,0.313,0.348,1.713,1.04,1.718,0.944,0.946,0.48,2.298,0.658,0.313,0.348,1.713,183.003,Y
1.028,1.736,0.958,0.957,0.446,2.478,0.704,0.339,0.365,1.869,1.028,1.736,0.958,0.957,0.446,2.478,0.704,0.339,0.365,1.869,185.715,Y
1.029,1.736,0.951,0.959,0.455,2.413,0.697,0.325,0.375,1.818,1.029,1.736,0.951,0.959,0.455,2.413,0.697,0.325,0.375,1.818,186.118,Y
1.043,1.736,0.958,0.966,0.452,2.44,0.721,0.348,0.375,1.831,1.043,1.736,0.958,0.966,0.452,2.44,0.721,0.348,0.375,1.831,187.417,Y
1.042,1.702,0.952,0.949,0.501,2.145,0.616,0.279,0.338,1.602,1.042,1.702,0.952,0.949,0.501,2.145,0.616,0.279,0.338,1.602,180.369,Y
1.059,1.755,0.95,0.966,0.49,2.277,0.66,0.317,0.348,1.724,1.059,1.755,0.95,0.966,0.49,2.277,0.66,0.317,0.348,1.724,185.181,Y
1.078,1.768,0.951,0.951,0.472,2.421,0.665,0.319,0.348,1.841,1.078,1.768,0.951,0.951,0.472,2.421,0.665,0.319,0.348,1.841,187.83,Y
1.049,1.719,0.951,0.958,0.478,2.284,0.674,0.307,0.37,1.702,1.049,1.719,0.951,0.958,0.478,2.284,0.674,0.307,0.37,1.702,187,Y
1.053,1.761,0.966,0.966,0.465,2.425,0.706,0.325,0.381,1.832,1.053,1.761,0.966,0.966,0.465,2.425,0.706,0.325,0.381,1.832,189.652,Y
1.053,1.737,0.96,0.951,0.465,2.393,0.691,0.309,0.382,1.791,1.053,1.737,0.96,0.951,0.465,2.393,0.691,0.309,0.382,1.791,189.623,Y
1.057,1.752,0.959,0.967,0.443,2.523,0.724,0.321,0.405,1.911,1.057,1.752,0.959,0.967,0.443,2.523,0.724,0.321,0.405,1.911,190.969,Y
1.021,1.724,0.961,0.954,0.464,2.388,0.689,0.325,0.363,1.784,1.021,1.724,0.961,0.954,0.464,2.388,0.689,0.325,0.363,1.784,191.063,Y
1.034,1.758,0.966,0.964,0.474,2.363,0.671,0.317,0.354,1.796,1.034,1.758,0.966,0.964,0.474,2.363,0.671,0.317,0.354,1.796,189.708,Y
1.018,1.715,0.959,0.959,0.439,2.484,0.729,0.352,0.378,1.853,1.018,1.715,0.959,0.959,0.439,2.484,0.729,0.352,0.378,1.853,191.888,Y
1.032,1.724,0.952,0.951,0.469,2.337,0.675,0.315,0.361,1.749,1.032,1.724,0.952,0.951,0.469,2.337,0.675,0.315,0.361,1.749,188.767,Y
1.071,1.784,0.967,0.957,0.467,2.475,0.679,0.313,0.366,1.891,1.071,1.784,0.967,0.957,0.467,2.475,0.679,0.313,0.366,1.891,190.066,Y
1.049,1.752,0.958,0.949,0.476,2.359,0.665,0.322,0.343,1.781,1.049,1.752,0.958,0.949,0.476,2.359,0.665,0.322,0.343,1.781,187.843,Y
1.04,1.729,0.958,0.972,0.466,2.334,0.68,0.319,0.364,1.765,1.04,1.729,0.958,0.972,0.466,2.334,0.68,0.319,0.364,1.765,187.843,Y
1.041,1.739,0.955,0.961,0.47,2.352,0.699,0.319,0.381,1.76,1.041,1.739,0.955,0.961,0.47,2.352,0.699,0.319,0.381,1.76,188.279,Y
0.582,0.933,0.979,0.919,0.468,0.033,0.181,0.14,0.046,0.156,0.582,0.933,0.979,0.919,0.468,0.033,0.181,0.14,0.046,0.156,87.144,Z
0.587,0.943,0.988,0.93,0.468,0.035,0.157,0.133,0.025,0.142,0.587,0.943,0.988,0.93,0.468,0.035,0.157,0.133,0.025,0.142,86.284,Z
0.59,0.933,0.977,0.914,0.461,0.045,0.194,0.144,0.05,0.159,0.59,0.933,0.977,0.914,0.461,0.045,0.194,0.144,0.05,0.159,89.275,Z
0.588,0.939,0.983,0.92,0.467,0.045,0.177,0.143,0.035,0.142,0.588,0.939,0.983,0.92,0.467,0.045,0.177,0.143,0.035,0.142,90.272,Z
0.594,0.948,0.977,0.923,0.473,0.075,0.162,0.115,0.057,0.119,0.594,0.948,0.977,0.923,0.473,0.075,0.162,0.115,0.057,0.119,91.137,Z
0.578,0.938,0.977,0.92,0.474,0.046,0.175,0.126,0.049,0.148,0.578,0.938,0.977,0.92,0.474,0.046,0.175,0.126,0.049,0.148,89.14,Z
0.588,0.945,0.98,0.924,0.474,0.059,0.163,0.126,0.044,0.133,0.588,0.945,0.98,0.924,0.474,0.059,0.163,0.126,0.044,0.133,89.202,Z
0.584,0.933,0.977,0.92,0.475,0.035,0.174,0.126,0.049,0.156,0.584,0.933,0.977,0.92,0.475,0.035,0.174,0.126,0.049,0.156,89.275,Z
0.586,0.938,0.977,0.918,0.47,0.044,0.182,0.133,0.05,0.149,0.586,0.938,0.977,0.918,0.47,0.044,0.182,0.133,0.05,0.149,89.275,Z
0.593,0.953,0.976,0.914,0.463,0.09,0.187,0.138,0.057,0.112,0.593,0.953,0.976,0.914,0.463,0.09,0.187,0.138,0.057,0.112,91.269,Z
0.595,0.944,0.983,0.926,0.47,0.046,0.161,0.127,0.035,0.134,0.595,0.944,0.983,0.926,0.47,0.046,0.161,0.127,0.035,0.134,91.198,Z
0.594,0.941,0.976,0.922,0.465,0.066,0.167,0.116,0.056,0.136,0.594,0.941,0.976,0.922,0.465,0.066,0.167,0.116,0.056,0.136,89.14,Z
0.592,0.939,0.974,0.92,0.469,0.065,0.171,0.116,0.057,0.143,0.592,0.939,0.974,0.92,0.469,0.065,0.171,0.116,0.057,0.143,90.272,Z
0.596,0.946,0.98,0.931,0.473,0.056,0.145,0.106,0.045,0.127,0.596,0.946,0.98,0.931,0.473,0.056,0.145,0.106,0.045,0.127,89.202,Z
0.59,0.942,0.975,0.927,0.482,0.054,0.151,0.102,0.054,0.131,0.59,0.942,0.975,0.927,0.482,0.054,0.151,0.102,0.054,0.131,89.202,Z
0.593,0.942,0.98,0.926,0.469,0.05,0.159,0.12,0.044,0.134,0.593,0.942,0.98,0.926,0.469,0.05,0.159,0.12,0.044,0.134,89.09,Z
0.582,0.942,0.974,0.914,0.473,0.067,0.182,0.128,0.056,0.133,0.582,0.942,0.974,0.914,0.473,0.067,0.182,0.128,0.056,0.133,90.05,Z
0.598,0.94,0.975,0.925,0.481,0.054,0.156,0.109,0.054,0.139,0.598,0.94,0.975,0.925,0.481,0.054,0.156,0.109,0.054,0.139,90.089,Z
0.585,0.937,0.969,0.924,0.481,0.034,0.16,0.1,0.066,0.139,0.585,0.937,0.969,0.924,0.481,0.034,0.16,0.1,0.066,0.139,91.049,Z
0.591,0.94,0.98,0.93,0.479,0.046,0.147,0.109,0.044,0.139,0.591,0.94,0.98,0.93,0.479,0.046,0.147,0.109,0.044,0.139,89.022,Z
0.579,0.938,0.974,0.926,0.489,0.039,0.154,0.106,0.054,0.144,0.579,0.938,0.974,0.926,0.489,0.039,0.154,0.106,0.054,0.144,89.051,Z
2.647,1.282,0.788,0.693,2.605,0.405,0.262,0.124,0.138,0.143,2.647,1.282,0.788,0.693,2.605,0.405,0.262,0.124,0.138,0.143,27.459,A
2.611,1.258,0.849,0.778,2.693,0.408,0.274,0.141,0.134,0.134,2.611,1.258,0.849,0.778,2.693,0.408,0.274,0.141,0.134,0.134,26.306,A
2.571,1.242,0.814,0.74,2.566,0.395,0.259,0.123,0.137,0.136,2.571,1.242,0.814,0.74,2.566,0.395,0.259,0.123,0.137,0.136,24.331,A
2.592,1.26,0.814,0.702,2.563,0.397,0.257,0.121,0.137,0.142,2.592,1.26,0.814,0.702,2.563,0.397,0.257,0.121,0.137,0.142,25.179,A
2.629,1.267,0.831,0.758,2.642,0.401,0.266,0.131,0.135,0.135,2.629,1.267,0.831,0.758,2.642,0.401,0.266,0.131,0.135,0.135,25.495,A
2.536,1.244,0.838,0.764,2.563,0.399,0.262,0.125,0.138,0.138,2.536,1.244,0.838,0.764,2.563,0.399,0.262,0.125,0.138,0.138,26.683,A
2.693,1.267,0.826,0.759,2.724,0.393,0.257,0.118,0.14,0.136,2.693,1.267,0.826,0.759,2.724,0.393,0.257,0.118,0.14,0.136,24.515,A
2.813,1.303,0.841,0.808,2.868,0.398,0.253,0.117,0.136,0.146,2.813,1.303,0.841,0.808,2.868,0.398,0.253,0.117,0.136,0.146,26.306,A
2.692,1.248,0.833,0.803,2.819,0.403,0.275,0.138,0.137,0.128,2.692,1.248,0.833,0.803,2.819,0.403,0.275,0.138,0.137,0.128,24.042,A
2.805,1.277,0.854,0.821,2.887,0.389,0.25,0.125,0.125,0.139,2.805,1.277,0.854,0.821,2.887,0.389,0.25,0.125,0.125,0.139,23.77,A
2.801,1.27,0.845,0.807,2.888,0.384,0.249,0.12,0.129,0.134,2.801,1.27,0.845,0.807,2.888,0.384,0.249,0.12,0.129,0.134,24.515,A
2.627,1.253,0.831,0.76,2.696,0.402,0.264,0.131,0.134,0.138,2.627,1.253,0.831,0.76,2.696,0.402,0.264,0.131,0.134,0.138,25,A
2.777,1.296,0.825,0.796,2.85,0.401,0.264,0.137,0.127,0.137,2.777,1.296,0.825,0.796,2.85,0.401,0.264,0.137,0.127,0.137,23.345,A
2.665,1.29,0.831,0.81,2.721,0.406,0.26,0.127,0.132,0.147,2.665,1.29,0.831,0.81,2.721,0.406,0.26,0.127,0.132,0.147,26.476,A
2.795,1.303,0.827,0.789,2.818,0.397,0.253,0.12,0.134,0.144,2.795,1.303,0.827,0.789,2.818,0.397,0.253,0.12,0.134,0.144,25.318,A
2.62,1.272,0.841,0.805,2.646,0.402,0.258,0.129,0.129,0.144,2.62,1.272,0.841,0.805,2.646,0.402,0.258,0.129,0.129,0.144,24.331,A
2.586,1.274,0.808,0.741,2.582,0.41,0.263,0.134,0.129,0.148,2.586,1.274,0.808,0.741,2.582,0.41,0.263,0.134,0.129,0.148,23.77,A
2.563,1.255,0.835,0.738,2.495,0.394,0.253,0.118,0.136,0.141,2.563,1.255,0.835,0.738,2.495,0.394,0.253,0.118,0.136,0.141,22.361,A
2.572,1.268,0.823,0.757,2.623,0.415,0.266,0.136,0.131,0.149,2.572,1.268,0.823,0.757,2.623,0.415,0.266,0.136,0.131,0.149,23.087,A
2.985,1.329,0.817,0.782,3.095,0.403,0.259,0.13,0.13,0.144,2.985,1.329,0.817,0.782,3.095,0.403,0.259,0.13,0.13,0.144,19.235,A
0.914,1.084,0.946,0.892,0.068,3.683,1.894,0.847,1.106,1.847,0.914,1.084,0.946,0.892,0.068,3.683,1.894,0.847,1.106,1.847,12.806,B
0.895,1.098,0.955,0.901,0.055,4.816,2.327,1.026,1.444,2.509,0.895,1.098,0.955,0.901,0.055,4.816,2.327,1.026,1.444,2.509,15.264,B
0.907,1.094,0.947,0.911,0.023,10.668,5.215,2,3.225,5.459,0.907,1.094,0.947,0.911,0.023,10.668,5.215,2,3.225,5.459,17.692,B
0.913,1.073,0.952,0.907,0.02,11.236,6.519,3.26,3.26,4.717,0.913,1.073,0.952,0.907,0.02,11.236,6.519,3.26,3.26,4.717,15.62,B
0.912,1.059,0.943,0.9,0.041,5.551,3.432,1.458,1.976,2.129,0.912,1.059,0.943,0.9,0.041,5.551,3.432,1.458,1.976,2.129,7.071,B
0.911,1.052,0.952,0.911,0.016,13.535,8.602,3.688,4.94,4.94,0.911,1.052,0.952,0.911,0.016,13.535,8.602,3.688,4.94,4.94,12.53,B
0.924,1.021,0.96,0.924,0.017,11.189,8.497,4.94,3.606,2.72,0.924,1.021,0.96,0.924,0.017,11.189,8.497,4.94,3.606,2.72,13.601,B
0.917,1.031,0.96,0.92,0.01,18.398,13.454,6.403,7.071,4.95,0.917,1.031,0.96,0.92,0.01,18.398,13.454,6.403,7.071,4.95,15.811,B
0.908,1.045,0.952,0.921,0.017,13.416,8.944,4.494,4.494,4.472,0.908,1.045,0.952,0.921,0.017,13.416,8.944,4.494,4.494,4.472,12.207,B
0.917,1.045,0.964,0.928,0.054,3.582,2.339,1.107,1.236,1.244,0.917,1.045,0.964,0.928,0.054,3.582,2.339,1.107,1.236,1.244,8.602,B
0.917,1.043,0.948,0.914,0.01,21.225,13.509,4.472,9.192,7.81,0.917,1.043,0.948,0.914,0.01,21.225,13.509,4.472,9.192,7.81,13.601,B
0.926,1.044,0.949,0.92,0.037,5.415,3.423,1.217,2.209,2,0.926,1.044,0.949,0.92,0.037,5.415,3.423,1.217,2.209,2,12.083,B
0.924,1.041,0.954,0.911,0.027,7.786,5.299,2.287,3.051,2.496,0.924,1.041,0.954,0.911,0.027,7.786,5.299,2.287,3.051,2.496,11.662,B
0.92,1.064,0.958,0.917,0.027,8.638,5.023,1.861,3.34,3.616,0.92,1.064,0.958,0.917,0.027,8.638,5.023,1.861,3.34,3.616,9.849,B
0.956,1.041,0.952,0.915,0.043,4.786,3.202,1.425,1.777,1.591,0.956,1.041,0.952,0.915,0.043,4.786,3.202,1.425,1.777,1.591,17.72,B
0.929,1.054,0.951,0.912,0.017,13.892,8.544,3.256,5.367,5.367,0.929,1.054,0.951,0.912,0.017,13.892,8.544,3.256,5.367,5.367,14.318,B
0.914,1.051,0.954,0.907,0.021,10.66,7.106,3.26,3.889,3.553,0.914,1.051,0.954,0.907,0.021,10.66,7.106,3.26,3.889,3.553,7.211,B
0.917,1.057,0.947,0.903,0.017,14.374,9.434,4.494,4.94,4.94,0.917,1.057,0.947,0.903,0.017,14.374,9.434,4.494,4.94,4.94,13.928,B
0.921,1.075,0.941,0.899,0.045,5.893,3.536,1.374,2.173,2.357,0.921,1.075,0.941,0.899,0.045,5.893,3.536,1.374,2.173,2.357,15.232,B
0.928,1.057,0.948,0.91,0.024,10.139,6.648,3.162,3.493,3.493,0.928,1.057,0.948,0.91,0.024,10.139,6.648,3.162,3.493,3.493,15.652,B
0.926,1.045,0.941,0.915,0.023,10.006,6.675,2.333,4.346,3.333,0.926,1.045,0.941,0.915,0.023,10.006,6.675,2.333,4.346,3.333,12.53,B
0.799,1.052,0.929,0.863,0.652,0.383,0.307,0.184,0.128,0.083,0.799,1.052,0.929,0.863,0.652,0.383,0.307,0.184,0.128,0.083,3.606,C
0.799,1.052,0.929,0.863,0.652,0.383,0.307,0.184,0.128,0.083,0.799,1.052,0.929,0.863,0.652,0.383,0.307,0.184,0.128,0.083,3.606,C
0.791,1.035,0.945,0.76,0.036,7.694,7.134,5.523,1.612,2.915,0.791,1.035,0.945,0.76,0.036,7.694,7.134,5.523,1.612,2.915,124.888,C
0.637,0.94,1.084,1.069,0.437,0.313,0.251,0.168,0.197,0.311,0.637,0.94,1.084,1.069,0.437,0.313,0.251,0.168,0.197,0.311,132.484,C
0.722,0.978,0.962,0.787,0.066,2.883,3.206,2.626,0.587,0.415,0.722,0.978,0.962,0.787,0.066,2.883,3.206,2.626,0.587,0.415,128.351,C
0.593,0.895,1.055,1.005,0.413,0.266,0.064,0.133,0.133,0.258,0.593,0.895,1.055,1.005,0.413,0.266,0.064,0.133,0.133,0.258,131.229,C
0.791,1.075,0.894,0.701,0.091,4.159,3.362,2.214,1.166,0.849,0.791,1.075,0.894,0.701,0.091,4.159,3.362,2.214,1.166,0.849,131.034,C
0.693,0.953,0.995,0.861,0.169,0.645,0.85,0.794,0.152,0.313,0.693,0.953,0.995,0.861,0.169,0.645,0.85,0.794,0.152,0.313,131.529,C
0.688,0.939,0.991,0.887,0.205,0.387,0.651,0.557,0.135,0.302,0.688,0.939,0.991,0.887,0.205,0.387,0.651,0.557,0.135,0.302,132.004,C
0.662,0.937,1.04,0.965,0.304,0.098,0.158,0.277,0.132,0.224,0.662,0.937,1.04,0.965,0.304,0.098,0.158,0.277,0.132,0.224,132.004,C
0.75,0.957,0.982,0.816,0.068,2.267,2.936,2.58,0.415,0.67,0.75,0.957,0.982,0.816,0.068,2.267,2.936,2.58,0.415,0.67,128.825,C
0.69,0.937,0.997,0.859,0.172,0.454,0.819,0.803,0.072,0.366,0.69,0.937,0.997,0.859,0.172,0.454,0.819,0.803,0.072,0.366,131.529,C
0.666,0.91,1.031,0.971,0.307,0.269,0.245,0.227,0.152,0.294,0.666,0.91,1.031,0.971,0.307,0.269,0.245,0.227,0.152,0.294,131.126,C
0.784,0.988,0.958,0.789,0.025,8.078,8.544,6.801,1.803,0.5,0.784,0.988,0.958,0.789,0.025,8.078,8.544,6.801,1.803,0.5,127.012,C
0.621,0.906,1.044,1.012,0.392,0.322,0.279,0.204,0.148,0.254,0.621,0.906,1.044,1.012,0.392,0.322,0.279,0.204,0.148,0.254,126.657,C
0.732,0.984,0.987,0.845,0.117,1.204,1.351,1.25,0.112,0.158,0.732,0.984,0.987,0.845,0.117,1.204,1.351,1.25,0.112,0.158,125.706,C
0.732,0.988,0.975,0.816,0.091,1.886,2.019,1.754,0.277,0.139,0.732,0.988,0.975,0.816,0.091,1.886,2.019,1.754,0.277,0.139,125.706,C
0.707,0.979,1,0.88,0.173,0.576,0.698,0.698,0,0.198,0.707,0.979,1,0.88,0.173,0.576,0.698,0.698,0,0.198,125.706,C
0.704,0.957,1.016,0.944,0.241,0.056,0.233,0.304,0.08,0.178,0.704,0.957,1.016,0.944,0.241,0.056,0.233,0.304,0.08,0.178,127.632,C
0.715,0.919,1.028,0.938,0.228,0.138,0.361,0.471,0.124,0.377,0.715,0.919,1.028,0.938,0.228,0.138,0.361,0.471,0.124,0.377,123.471,C
0.754,0.978,0.957,0.834,0.081,1.93,2.121,1.557,0.57,0.354,0.754,0.978,0.957,0.834,0.081,1.93,2.121,1.557,0.57,0.354,124.354,C
1.453,1.923,0.827,0.704,0.763,1.679,0.408,0.172,0.236,1.277,1.453,1.923,0.827,0.704,0.763,1.679,0.408,0.172,0.236,1.277,77.492,D
1.455,1.957,0.84,0.701,0.77,1.712,0.405,0.193,0.213,1.315,1.455,1.957,0.84,0.701,0.77,1.712,0.405,0.193,0.213,1.315,67.417,D
1.492,2.002,0.847,0.72,0.79,1.697,0.38,0.182,0.2,1.317,1.492,2.002,0.847,0.72,0.79,1.697,0.38,0.182,0.2,1.317,43.081,D
1.469,1.962,0.844,0.701,0.783,1.687,0.408,0.199,0.208,1.282,1.469,1.962,0.844,0.701,0.783,1.687,0.408,0.199,0.208,1.282,48.754,D
1.472,1.989,0.853,0.71,0.779,1.733,0.39,0.199,0.192,1.351,1.472,1.989,0.853,0.71,0.779,1.733,0.39,0.199,0.192,1.351,62.394,D
1.486,1.952,0.857,0.713,0.787,1.722,0.389,0.199,0.19,1.351,1.486,1.952,0.857,0.713,0.787,1.722,0.389,0.199,0.19,1.351,59.237,D
1.467,1.964,0.842,0.695,0.793,1.694,0.395,0.192,0.203,1.323,1.467,1.964,0.842,0.695,0.793,1.694,0.395,0.192,0.203,1.323,41.437,D
1.523,2.025,0.829,0.711,0.832,1.666,0.357,0.15,0.208,1.327,1.523,2.025,0.829,0.711,0.832,1.666,0.357,0.15,0.208,1.327,68.007,D
1.527,1.93,0.827,0.72,0.819,1.661,0.366,0.143,0.223,1.327,1.527,1.93,0.827,0.72,0.819,1.661,0.366,0.143,0.223,1.327,62.968,D
1.486,1.973,0.839,0.704,0.804,1.66,0.382,0.181,0.203,1.288,1.486,1.973,0.839,0.704,0.804,1.66,0.382,0.181,0.203,1.288,69.921,D
1.481,1.976,0.838,0.701,0.794,1.725,0.392,0.182,0.21,1.357,1.481,1.976,0.838,0.701,0.794,1.725,0.392,0.182,0.21,1.357,29.547,D
1.541,2.097,0.859,0.741,0.815,1.775,0.339,0.166,0.176,1.444,1.541,2.097,0.859,0.741,0.815,1.775,0.339,0.166,0.176,1.444,69.57,D
1.513,2.059,0.852,0.721,0.809,1.745,0.362,0.172,0.19,1.391,1.513,2.059,0.852,0.721,0.809,1.745,0.362,0.172,0.19,1.391,70.576,D
1.508,2.01,0.825,0.689,0.837,1.641,0.385,0.174,0.212,1.263,1.508,2.01,0.825,0.689,0.837,1.641,0.385,0.174,0.212,1.263,37.696,D
1.456,1.965,0.819,0.69,0.79,1.683,0.402,0.172,0.231,1.294,1.456,1.965,0.819,0.69,0.79,1.683,0.402,0.172,0.231,1.294,67.417,D
1.508,2.015,0.832,0.708,0.817,1.671,0.372,0.163,0.21,1.306,1.508,2.015,0.832,0.708,0.817,1.671,0.372,0.163,0.21,1.306,66.31,D
1.504,2.009,0.821,0.695,0.826,1.668,0.382,0.16,0.222,1.298,1.504,2.009,0.821,0.695,0.826,1.668,0.382,0.16,0.222,1.298,53.31,D
1.515,2.013,0.819,0.707,0.823,1.673,0.376,0.152,0.225,1.304,1.515,2.013,0.819,0.707,0.823,1.673,0.376,0.152,0.225,1.304,59.506,D
1.539,2.071,0.843,0.707,0.859,1.647,0.351,0.166,0.185,1.305,1.539,2.071,0.843,0.707,0.859,1.647,0.351,0.166,0.185,1.305,65.391,D
1.526,2.028,0.846,0.718,0.825,1.656,0.357,0.17,0.189,1.304,1.526,2.028,0.846,0.718,0.825,1.656,0.357,0.17,0.189,1.304,38.079,D
1.506,2.018,0.842,0.705,0.82,1.666,0.375,0.179,0.197,1.295,1.506,2.018,0.842,0.705,0.82,1.666,0.375,0.179,0.197,1.295,30.463,D
1.321,3.93,0.548,0.438,0.891,3.935,0.649,0.252,0.533,3.435,1.321,3.93,0.548,0.438,0.891,3.935,0.649,0.252,0.533,3.435,129.201,E
1.28,3.864,0.554,0.409,0.876,3.96,0.685,0.242,0.527,3.402,1.28,3.864,0.554,0.409,0.876,3.96,0.685,0.242,0.527,3.402,131.4,E
1.276,3.623,0.659,0.456,0.825,3.865,0.672,0.296,0.423,3.339,1.276,3.623,0.659,0.456,0.825,3.865,0.672,0.296,0.423,3.339,127.004,E
1.253,3.734,0.553,0.304,0.961,3.575,0.742,0.328,0.489,3,1.253,3.734,0.553,0.304,0.961,3.575,0.742,0.328,0.489,3,134.272,E
1.319,3.854,0.585,0.353,0.975,3.602,0.678,0.308,0.453,3.07,1.319,3.854,0.585,0.353,0.975,3.602,0.678,0.308,0.453,3.07,130.43,E
1.208,3.512,0.541,0.341,0.875,3.639,0.766,0.317,0.56,3.051,1.208,3.512,0.541,0.341,0.875,3.639,0.766,0.317,0.56,3.051,129.85,E
1.324,3.714,0.588,0.384,0.944,3.545,0.667,0.295,0.461,3.055,1.324,3.714,0.588,0.384,0.944,3.545,0.667,0.295,0.461,3.055,127.413,E
1.282,3.687,0.573,0.365,0.922,3.626,0.699,0.289,0.487,3.092,1.282,3.687,0.573,0.365,0.922,3.626,0.699,0.289,0.487,3.092,127.64,E
1.296,3.739,0.55,0.372,0.951,3.541,0.697,0.312,0.493,3.009,1.296,3.739,0.55,0.372,0.951,3.541,0.697,0.312,0.493,3.009,128.222,E
1.357,3.851,0.607,0.41,0.959,3.602,0.645,0.312,0.432,3.166,1.357,3.851,0.607,0.41,0.959,3.602,0.645,0.312,0.432,3.166,125.1,E
1.333,3.825,0.538,0.315,1.024,3.44,0.679,0.284,0.483,2.907,1.333,3.825,0.538,0.315,1.024,3.44,0.679,0.284,0.483,2.907,126.606,E
1.246,3.619,0.563,0.309,0.955,3.47,0.749,0.344,0.477,2.892,1.246,3.619,0.563,0.309,0.955,3.47,0.749,0.344,0.477,2.892,128.456,E
1.29,3.576,0.578,0.376,0.933,3.436,0.701,0.301,0.459,2.927,1.29,3.576,0.578,0.376,0.933,3.436,0.701,0.301,0.459,2.927,126.827,E
1.288,3.659,0.531,0.312,1.002,3.342,0.72,0.328,0.495,2.806,1.288,3.659,0.531,0.312,1.002,3.342,0.72,0.328,0.495,2.806,125.67,E
1.285,3.717,0.553,0.339,0.961,3.522,0.711,0.313,0.489,2.989,1.285,3.717,0.553,0.339,0.961,3.522,0.711,0.313,0.489,2.989,129.035,E
1.306,3.703,0.569,0.353,0.973,3.447,0.686,0.315,0.472,2.893,1.306,3.703,0.569,0.353,0.973,3.447,0.686,0.315,0.472,2.893,125.801,E
1.289,3.654,0.557,0.363,0.962,3.421,0.709,0.354,0.491,2.891,1.289,3.654,0.557,0.363,0.962,3.421,0.709,0.354,0.491,2.891,126.016,E
1.264,3.629,0.553,0.348,0.93,3.535,0.723,0.316,0.507,2.979,1.264,3.629,0.553,0.348,0.93,3.535,0.723,0.316,0.507,2.979,128.004,E
1.24,3.541,0.577,0.415,0.833,3.774,0.712,0.293,0.547,3.196,1.24,3.541,0.577,0.415,0.833,3.774,0.712,0.293,0.547,3.196,127.413,E
1.297,3.66,0.579,0.368,0.946,3.486,0.696,0.342,0.482,2.975,1.297,3.66,0.579,0.368,0.946,3.486,0.696,0.342,0.482,2.975,126.016,E
1.34,3.855,0.575,0.365,0.992,3.522,0.678,0.313,0.441,3.041,1.34,3.855,0.575,0.365,0.992,3.522,0.678,0.313,0.441,3.041,127.801,E
3.363,1.388,1.639,1.913,5.185,0.595,0.218,0.095,0.138,0.457,3.363,1.388,1.639,1.913,5.185,0.595,0.218,0.095,0.138,0.457,107.898,F
2.378,1.775,1.24,1.329,3.64,0.844,0.199,0.101,0.11,0.755,2.378,1.775,1.24,1.329,3.64,0.844,0.199,0.101,0.11,0.755,90.609,F
4.983,3.019,1.01,1.607,6.586,0.666,0.316,0.135,0.183,0.35,4.983,3.019,1.01,1.607,6.586,0.666,0.316,0.135,0.183,0.35,113.172,F
12.921,8.339,4.055,5.681,17.961,0.78,0.298,0.108,0.198,0.494,12.921,8.339,4.055,5.681,17.961,0.78,0.298,0.108,0.198,0.494,106.301,F
0.798,2.731,0.701,0.977,1.648,2.249,1.187,0.202,0.999,1.078,0.798,2.731,0.701,0.977,1.648,2.249,1.187,0.202,0.999,1.078,86.833,F
0.798,2.731,0.701,0.977,1.648,2.249,1.187,0.202,0.999,1.078,0.798,2.731,0.701,0.977,1.648,2.249,1.187,0.202,0.999,1.078,86.833,F
0.798,2.731,0.701,0.977,1.648,2.249,1.187,0.202,0.999,1.078,0.798,2.731,0.701,0.977,1.648,2.249,1.187,0.202,0.999,1.078,86.833,F
2.91,3.714,1.87,2.058,4.844,1.192,0.325,0.126,0.235,0.915,2.91,3.714,1.87,2.058,4.844,1.192,0.325,0.126,0.235,0.915,84.054,F
2.91,3.714,1.87,2.058,4.844,1.192,0.325,0.126,0.235,0.915,2.91,3.714,1.87,2.058,4.844,1.192,0.325,0.126,0.235,0.915,84.054,F
2.346,2.428,1.232,1.27,3.603,1.019,0.187,0.095,0.108,0.888,2.346,2.428,1.232,1.27,3.603,1.019,0.187,0.095,0.108,0.888,91.049,F
2.346,2.428,1.232,1.27,3.603,1.019,0.187,0.095,0.108,0.888,2.346,2.428,1.232,1.27,3.603,1.019,0.187,0.095,0.108,0.888,91.049,F
2.346,2.428,1.232,1.27,3.603,1.019,0.187,0.095,0.108,0.888,2.346,2.428,1.232,1.27,3.603,1.019,0.187,0.095,0.108,0.888,91.049,F
3.51,2.52,1.425,1.72,5.007,0.846,0.232,0.11,0.13,0.675,3.51,2.52,1.425,1.72,5.007,0.846,0.232,0.11,0.13,0.675,103.479,F
2.647,1.805,0.714,0.839,3.411,0.648,0.363,0.162,0.201,0.286,2.647,1.805,0.714,0.839,3.411,0.648,0.363,0.162,0.201,0.286,108.904,F
2.647,1.805,0.714,0.839,3.411,0.648,0.363,0.162,0.201,0.286,2.647,1.805,0.714,0.839,3.411,0.648,0.363,0.162,0.201,0.286,108.904,F
2.647,1.805,0.714,0.839,3.411,0.648,0.363,0.162,0.201,0.286,2.647,1.805,0.714,0.839,3.411,0.648,0.363,0.162,0.201,0.286,108.904,F
2.378,1.655,1.267,1.431,3.731,0.827,0.189,0.088,0.106,0.693,2.378,1.655,1.267,1.431,3.731,0.827,0.189,0.088,0.106,0.693,102.069,F
9.822,6.014,1.872,3.735,13.401,0.723,0.348,0.149,0.203,0.376,9.822,6.014,1.872,3.735,13.401,0.723,0.348,0.149,0.203,0.376,107.517,F
9.822,6.014,1.872,3.735,13.401,0.723,0.348,0.149,0.203,0.376,9.822,6.014,1.872,3.735,13.401,0.723,0.348,0.149,0.203,0.376,107.517,F
0.925,2.445,1.007,1.151,0.284,12.237,2.028,1.164,0.869,12.12,0.925,2.445,1.007,1.151,0.284,12.237,2.028,1.164,0.869,12.12,106.231,F
0.868,6.038,1.079,1.393,0.731,9.516,1.851,1.02,0.85,9.603,0.868,6.038,1.079,1.393,0.731,9.516,1.851,1.02,0.85,9.603,106.019,F
1.197,1.067,0.913,0.866,0.754,0.922,0.61,0.304,0.307,0.326,1.197,1.067,0.913,0.866,0.754,0.922,0.61,0.304,0.307,0.326,112.446,G
1.159,1.063,0.912,0.862,0.71,0.988,0.653,0.32,0.334,0.353,1.159,1.063,0.912,0.862,0.71,0.988,0.653,0.32,0.334,0.353,111.396,G
1.143,1.074,0.895,0.846,0.69,1.018,0.688,0.344,0.344,0.344,1.143,1.074,0.895,0.846,0.69,1.018,0.688,0.344,0.344,0.344,109.124,G
1.13,1.071,0.921,0.886,0.662,1.035,0.677,0.327,0.351,0.368,1.13,1.071,0.921,0.886,0.662,1.035,0.677,0.327,0.351,0.368,109.041,G
1.186,1.07,0.923,0.888,0.714,0.996,0.651,0.324,0.327,0.357,1.186,1.07,0.923,0.888,0.714,0.996,0.651,0.324,0.327,0.357,114.865,G
1.139,1.068,0.902,0.857,0.675,1.007,0.671,0.32,0.351,0.351,1.139,1.068,0.902,0.857,0.675,1.007,0.671,0.32,0.351,0.351,110.535,G
1.168,1.07,0.92,0.897,0.69,1.014,0.679,0.339,0.339,0.343,1.168,1.07,0.92,0.897,0.69,1.014,0.679,0.339,0.339,0.343,112.699,G
1.138,1.06,0.913,0.881,0.66,1.076,0.719,0.354,0.366,0.372,1.138,1.06,0.913,0.881,0.66,1.076,0.719,0.354,0.366,0.372,113.864,G
1.177,1.066,0.919,0.883,0.741,0.969,0.658,0.322,0.336,0.322,1.177,1.066,0.919,0.883,0.741,0.969,0.658,0.322,0.336,0.322,112.161,G
1.166,1.058,0.912,0.888,0.694,1.004,0.665,0.328,0.336,0.354,1.166,1.058,0.912,0.888,0.694,1.004,0.665,0.328,0.336,0.354,112.805,G
1.146,1.056,0.918,0.89,0.702,1.009,0.675,0.332,0.343,0.349,1.146,1.056,0.918,0.89,0.702,1.009,0.675,0.332,0.343,0.349,109.877,G
1.164,1.047,0.913,0.881,0.681,0.973,0.653,0.317,0.336,0.338,1.164,1.047,0.913,0.881,0.681,0.973,0.653,0.317,0.336,0.338,112.929,G
1.157,1.066,0.91,0.869,0.695,0.97,0.643,0.321,0.321,0.341,1.157,1.066,0.91,0.869,0.695,0.97,0.643,0.321,0.321,0.341,109.986,G
1.169,1.064,0.91,0.884,0.705,0.996,0.666,0.329,0.337,0.343,1.169,1.064,0.91,0.884,0.705,0.996,0.666,0.329,0.337,0.343,112.929,G
1.176,1.057,0.919,0.89,0.736,0.966,0.649,0.314,0.335,0.33,1.176,1.057,0.919,0.89,0.736,0.966,0.649,0.314,0.335,0.33,112.929,G
1.222,1.053,0.906,0.87,0.757,0.889,0.607,0.295,0.312,0.297,1.222,1.053,0.906,0.87,0.757,0.889,0.607,0.295,0.312,0.297,115.802,G
1.217,1.051,0.926,0.902,0.778,0.913,0.606,0.293,0.313,0.321,1.217,1.051,0.926,0.902,0.778,0.913,0.606,0.293,0.313,0.321,117.004,G
1.158,1.058,0.911,0.878,0.683,0.981,0.665,0.323,0.342,0.329,1.158,1.058,0.911,0.878,0.683,0.981,0.665,0.323,0.342,0.329,116.276,G
1.161,1.063,0.91,0.888,0.671,1.03,0.692,0.333,0.36,0.349,1.161,1.063,0.91,0.888,0.671,1.03,0.692,0.333,0.36,0.349,118.343,G
1.124,1.055,0.896,0.863,0.647,1.054,0.718,0.35,0.368,0.355,1.124,1.055,0.896,0.863,0.647,1.054,0.718,0.35,0.368,0.355,114.691,G
1.184,1.065,0.925,0.894,0.716,0.942,0.624,0.301,0.323,0.327,1.184,1.065,0.925,0.894,0.716,0.942,0.624,0.301,0.323,0.327,114.477,G
0.739,0.982,0.878,0.602,0.481,1.014,1.002,0.706,0.297,0.107,0.739,0.982,0.878,0.602,0.481,1.014,1.002,0.706,0.297,0.107,105.546,H
0.739,0.982,0.878,0.602,0.481,1.014,1.002,0.706,0.297,0.107,0.739,0.982,0.878,0.602,0.481,1.014,1.002,0.706,0.297,0.107,105.546,H
0.739,0.982,0.878,0.602,0.481,1.014,1.002,0.706,0.297,0.107,0.739,0.982,0.878,0.602,0.481,1.014,1.002,0.706,0.297,0.107,105.546,H
0.739,0.982,0.878,0.602,0.481,1.014,1.002,0.706,0.297,0.107,0.739,0.982,0.878,0.602,0.481,1.014,1.002,0.706,0.297,0.107,105.546,H
0.739,0.982,0.878,0.602,0.481,1.014,1.002,0.706,0.297,0.107,0.739,0.982,0.878,0.602,0.481,1.014,1.002,0.706,0.297,0.107,105.546,H
0.739,0.982,0.878,0.602,0.481,1.014,1.002,0.706,0.297,0.107,0.739,0.982,0.878,0.602,0.481,1.014,1.002,0.706,0.297,0.107,105.546,H
0.739,0.982,0.878,0.602,0.481,1.014,1.002,0.706,0.297,0.107,0.739,0.982,0.878,0.602,0.481,1.014,1.002,0.706,0.297,0.107,105.546,H
0.739,0.982,0.878,0.602,0.481,1.014,1.002,0.706,0.297,0.107,0.739,0.982,0.878,0.602,0.481,1.014,1.002,0.706,0.297,0.107,105.546,H
0.739,0.982,0.878,0.602,0.481,1.014,1.002,0.706,0.297,0.107,0.739,0.982,0.878,0.602,0.481,1.014,1.002,0.706,0.297,0.107,105.546,H
0.739,0.982,0.878,0.602,0.481,1.014,1.002,0.706,0.297,0.107,0.739,0.982,0.878,0.602,0.481,1.014,1.002,0.706,0.297,0.107,105.546,H
0.739,0.982,0.878,0.602,0.481,1.014,1.002,0.706,0.297,0.107,0.739,0.982,0.878,0.602,0.481,1.014,1.002,0.706,0.297,0.107,105.546,H
0.739,0.982,0.878,0.602,0.481,1.014,1.002,0.706,0.297,0.107,0.739,0.982,0.878,0.602,0.481,1.014,1.002,0.706,0.297,0.107,105.546,H
0.739,0.982,0.878,0.602,0.481,1.014,1.002,0.706,0.297,0.107,0.739,0.982,0.878,0.602,0.481,1.014,1.002,0.706,0.297,0.107,105.546,H
0.739,0.982,0.878,0.602,0.481,1.014,1.002,0.706,0.297,0.107,0.739,0.982,0.878,0.602,0.481,1.014,1.002,0.706,0.297,0.107,105.546,H
0.739,0.982,0.878,0.602,0.481,1.014,1.002,0.706,0.297,0.107,0.739,0.982,0.878,0.602,0.481,1.014,1.002,0.706,0.297,0.107,105.546,H
0.739,0.982,0.878,0.602,0.481,1.014,1.002,0.706,0.297,0.107,0.739,0.982,0.878,0.602,0.481,1.014,1.002,0.706,0.297,0.107,105.546,H
0.739,0.982,0.878,0.602,0.481,1.014,1.002,0.706,0.297,0.107,0.739,0.982,0.878,0.602,0.481,1.014,1.002,0.706,0.297,0.107,105.546,H
0.739,0.982,0.878,0.602,0.481,1.014,1.002,0.706,0.297,0.107,0.739,0.982,0.878,0.602,0.481,1.014,1.002,0.706,0.297,0.107,105.546,H
0.739,0.982,0.878,0.602,0.481,1.014,1.002,0.706,0.297,0.107,0.739,0.982,0.878,0.602,0.481,1.014,1.002,0.706,0.297,0.107,105.546,H
0.739,0.982,0.878,0.602,0.481,1.014,1.002,0.706,0.297,0.107,0.739,0.982,0.878,0.602,0.481,1.014,1.002,0.706,0.297,0.107,105.546,H
0.739,0.982,0.878,0.602,0.481,1.014,1.002,0.706,0.297,0.107,0.739,0.982,0.878,0.602,0.481,1.014,1.002,0.706,0.297,0.107,105.546,H
1.495,1.194,0.924,2.137,1.198,1.266,1.181,1.107,0.173,0.229,1.495,1.194,0.924,2.137,1.198,1.266,1.181,1.107,0.173,0.229,162.788,I
1.495,1.194,0.924,2.137,1.198,1.266,1.181,1.107,0.173,0.229,1.495,1.194,0.924,2.137,1.198,1.266,1.181,1.107,0.173,0.229,162.788,I
1.495,1.194,0.924,2.137,1.198,1.266,1.181,1.107,0.173,0.229,1.495,1.194,0.924,2.137,1.198,1.266,1.181,1.107,0.173,0.229,162.788,I
1.495,1.194,0.924,2.137,1.198,1.266,1.181,1.107,0.173,0.229,1.495,1.194,0.924,2.137,1.198,1.266,1.181,1.107,0.173,0.229,162.788,I
1.495,1.194,0.924,2.137,1.198,1.266,1.181,1.107,0.173,0.229,1.495,1.194,0.924,2.137,1.198,1.266,1.181,1.107,0.173,0.229,162.788,I
1.495,1.194,0.924,2.137,1.198,1.266,1.181,1.107,0.173,0.229,1.495,1.194,0.924,2.137,1.198,1.266,1.181,1.107,0.173,0.229,162.788,I
1.495,1.194,0.924,2.137,1.198,1.266,1.181,1.107,0.173,0.229,1.495,1.194,0.924,2.137,1.198,1.266,1.181,1.107,0.173,0.229,162.788,I
1.495,1.194,0.924,2.137,1.198,1.266,1.181,1.107,0.173,0.229,1.495,1.194,0.924,2.137,1.198,1.266,1.181,1.107,0.173,0.229,162.788,I
1.495,1.194,0.924,2.137,1.198,1.266,1.181,1.107,0.173,0.229,1.495,1.194,0.924,2.137,1.198,1.266,1.181,1.107,0.173,0.229,162.788,I
1.495,1.194,0.924,2.137,1.198,1.266,1.181,1.107,0.173,0.229,1.495,1.194,0.924,2.137,1.198,1.266,1.181,1.107,0.173,0.229,162.788,I
1.495,1.194,0.924,2.137,1.198,1.266,1.181,1.107,0.173,0.229,1.495,1.194,0.924,2.137,1.198,1.266,1.181,1.107,0.173,0.229,162.788,I
1.495,1.194,0.924,2.137,1.198,1.266,1.181,1.107,0.173,0.229,1.495,1.194,0.924,2.137,1.198,1.266,1.181,1.107,0.173,0.229,162.788,I
1.495,1.194,0.924,2.137,1.198,1.266,1.181,1.107,0.173,0.229,1.495,1.194,0.924,2.137,1.198,1.266,1.181,1.107,0.173,0.229,162.788,I
1.495,1.194,0.924,2.137,1.198,1.266,1.181,1.107,0.173,0.229,1.495,1.194,0.924,2.137,1.198,1.266,1.181,1.107,0.173,0.229,162.788,I
1.495,1.194,0.924,2.137,1.198,1.266,1.181,1.107,0.173,0.229,1.495,1.194,0.924,2.137,1.198,1.266,1.181,1.107,0.173,0.229,162.788,I
1.495,1.194,0.924,2.137,1.198,1.266,1.181,1.107,0.173,0.229,1.495,1.194,0.924,2.137,1.198,1.266,1.181,1.107,0.173,0.229,162.788,I
1.495,1.194,0.924,2.137,1.198,1.266,1.181,1.107,0.173,0.229,1.495,1.194,0.924,2.137,1.198,1.266,1.181,1.107,0.173,0.229,162.788,I
1.495,1.194,0.924,2.137,1.198,1.266,1.181,1.107,0.173,0.229,1.495,1.194,0.924,2.137,1.198,1.266,1.181,1.107,0.173,0.229,162.788,I
1.495,1.194,0.924,2.137,1.198,1.266,1.181,1.107,0.173,0.229,1.495,1.194,0.924,2.137,1.198,1.266,1.181,1.107,0.173,0.229,162.788,I
1.495,1.194,0.924,2.137,1.198,1.266,1.181,1.107,0.173,0.229,1.495,1.194,0.924,2.137,1.198,1.266,1.181,1.107,0.173,0.229,162.788,I
1.495,1.194,0.924,2.137,1.198,1.266,1.181,1.107,0.173,0.229,1.495,1.194,0.924,2.137,1.198,1.266,1.181,1.107,0.173,0.229,162.788,I
2.818,4.272,0.555,0.548,2.924,1.37,0.348,0.16,0.19,1.141,2.818,4.272,0.555,0.548,2.924,1.37,0.348,0.16,0.19,1.141,5,J
1.486,1.276,0.72,0.46,1.133,0.781,0.478,0.248,0.312,0.454,1.486,1.276,0.72,0.46,1.133,0.781,0.478,0.248,0.312,0.454,67.082,J
1.369,1.227,0.716,0.484,1.308,0.857,0.524,0.21,0.341,0.447,1.369,1.227,0.716,0.484,1.308,0.857,0.524,0.21,0.341,0.447,64.777,J
1.404,1.287,0.697,0.439,1.364,0.903,0.535,0.213,0.368,0.501,1.404,1.287,0.697,0.439,1.364,0.903,0.535,0.213,0.368,0.501,69.584,J
1.069,1.297,0.714,0.48,1.022,1.189,0.68,0.28,0.43,0.656,1.069,1.297,0.714,0.48,1.022,1.189,0.68,0.28,0.43,0.656,84.345,J
0.902,1.26,0.671,0.41,0.697,1.481,0.912,0.382,0.567,0.838,0.902,1.26,0.671,0.41,0.697,1.481,0.912,0.382,0.567,0.838,89.805,J
0.902,1.26,0.671,0.41,0.697,1.481,0.912,0.382,0.567,0.838,0.902,1.26,0.671,0.41,0.697,1.481,0.912,0.382,0.567,0.838,89.805,J
0.902,1.26,0.671,0.41,0.697,1.481,0.912,0.382,0.567,0.838,0.902,1.26,0.671,0.41,0.697,1.481,0.912,0.382,0.567,0.838,89.805,J
0.902,1.26,0.671,0.41,0.697,1.481,0.912,0.382,0.567,0.838,0.902,1.26,0.671,0.41,0.697,1.481,0.912,0.382,0.567,0.838,89.805,J
1.68,1.39,0.582,0.206,1.772,0.803,0.521,0.238,0.325,0.434,1.68,1.39,0.582,0.206,1.772,0.803,0.521,0.238,0.325,0.434,72.25,J
1.953,1.603,0.556,0.186,2.131,0.825,0.519,0.263,0.312,0.377,1.953,1.603,0.556,0.186,2.131,0.825,0.519,0.263,0.312,0.377,71.063,J
1.767,1.788,0.559,0.226,1.554,1.015,0.499,0.224,0.3,0.631,1.767,1.788,0.559,0.226,1.554,1.015,0.499,0.224,0.3,0.631,70.612,J
1.515,1.785,0.589,0.346,1.328,1.193,0.519,0.189,0.425,0.77,1.515,1.785,0.589,0.346,1.328,1.193,0.519,0.189,0.425,0.77,71.568,J
1.765,1.802,0.402,0.105,1.704,1.021,0.575,0.232,0.351,0.566,1.765,1.802,0.402,0.105,1.704,1.021,0.575,0.232,0.351,0.566,67.365,J
1.207,2.568,0.513,0.212,1.017,2.316,0.8,0.323,0.479,1.691,1.207,2.568,0.513,0.212,1.017,2.316,0.8,0.323,0.479,1.691,74.33,J
2.337,3.538,0.634,0.602,2.322,1.353,0.369,0.18,0.195,1.11,2.337,3.538,0.634,0.602,2.322,1.353,0.369,0.18,0.195,1.11,19.209,J
2.337,3.538,0.634,0.602,2.322,1.353,0.369,0.18,0.195,1.11,2.337,3.538,0.634,0.602,2.322,1.353,0.369,0.18,0.195,1.11,19.209,J
1.236,1.109,0.784,0.605,1.157,0.828,0.497,0.21,0.298,0.457,1.236,1.109,0.784,0.605,1.157,0.828,0.497,0.21,0.298,0.457,76.118,J
1.25,1.178,0.862,0.691,1.233,0.793,0.395,0.164,0.263,0.476,1.25,1.178,0.862,0.691,1.233,0.793,0.395,0.164,0.263,0.476,73,J
1.187,1.268,0.762,0.571,1.122,0.974,0.541,0.216,0.344,0.514,1.187,1.268,0.762,0.571,1.122,0.974,0.541,0.216,0.344,0.514,76.026,J
1.021,1.187,0.655,0.547,0.984,0.972,0.605,0.185,0.421,0.463,1.021,1.187,0.655,0.547,0.984,0.972,0.605,0.185,0.421,0.463,86.701,J
1.189,1.657,0.672,0.585,0.606,1.815,0.697,0.16,0.544,1.128,1.189,1.657,0.672,0.585,0.606,1.815,0.697,0.16,0.544,1.128,76.844,K
1.165,1.623,0.629,0.514,0.652,1.728,0.748,0.19,0.571,1.006,1.165,1.623,0.629,0.514,0.652,1.728,0.748,0.19,0.571,1.006,74.632,K
1.237,1.724,0.673,0.552,0.685,1.731,0.663,0.196,0.477,1.069,1.237,1.724,0.673,0.552,0.685,1.731,0.663,0.196,0.477,1.069,74.202,K
1.19,1.598,0.625,0.529,0.664,1.644,0.714,0.154,0.565,0.954,1.19,1.598,0.625,0.529,0.664,1.644,0.714,0.154,0.565,0.954,71.561,K
1.169,1.619,0.648,0.555,0.616,1.762,0.733,0.191,0.572,1.037,1.169,1.619,0.648,0.555,0.616,1.762,0.733,0.191,0.572,1.037,74.632,K
1.222,1.643,0.654,0.579,0.655,1.681,0.675,0.159,0.534,1.006,1.222,1.643,0.654,0.579,0.655,1.681,0.675,0.159,0.534,1.006,71.028,K
1.222,1.658,0.635,0.534,0.693,1.668,0.689,0.165,0.529,0.988,1.222,1.658,0.635,0.534,0.693,1.668,0.689,0.165,0.529,0.988,64.637,K
1.299,1.652,0.675,0.586,0.718,1.523,0.608,0.172,0.456,0.916,1.299,1.652,0.675,0.586,0.718,1.523,0.608,0.172,0.456,0.916,70.803,K
1.262,1.595,0.654,0.542,0.723,1.478,0.645,0.189,0.479,0.833,1.262,1.595,0.654,0.542,0.723,1.478,0.645,0.189,0.479,0.833,69.635,K
1.256,1.579,0.653,0.542,0.714,1.47,0.651,0.171,0.487,0.819,1.256,1.579,0.653,0.542,0.714,1.47,0.651,0.171,0.487,0.819,72.622,K
1.256,1.62,0.671,0.567,0.691,1.549,0.64,0.174,0.477,0.91,1.256,1.62,0.671,0.567,0.691,1.549,0.64,0.174,0.477,0.91,71.028,K
1.334,1.642,0.669,0.567,0.777,1.417,0.579,0.158,0.429,0.838,1.334,1.642,0.669,0.567,0.777,1.417,0.579,0.158,0.429,0.838,67.119,K
1.304,1.607,0.647,0.531,0.781,1.403,0.612,0.159,0.455,0.794,1.304,1.607,0.647,0.531,0.781,1.403,0.612,0.159,0.455,0.794,66.37,K
1.328,1.61,0.671,0.541,0.788,1.368,0.593,0.179,0.418,0.776,1.328,1.61,0.671,0.541,0.788,1.368,0.593,0.179,0.418,0.776,64.637,K
1.292,1.619,0.644,0.523,0.779,1.43,0.618,0.16,0.459,0.823,1.292,1.619,0.644,0.523,0.779,1.43,0.618,0.16,0.459,0.823,65,K
1.313,1.626,0.664,0.566,0.751,1.436,0.592,0.149,0.45,0.844,1.313,1.626,0.664,0.566,0.751,1.436,0.592,0.149,0.45,0.844,63.82,K
1.277,1.63,0.68,0.606,0.674,1.556,0.61,0.182,0.475,0.945,1.277,1.63,0.68,0.606,0.674,1.556,0.61,0.182,0.475,0.945,72.801,K
1.286,1.643,0.672,0.561,0.727,1.514,0.621,0.179,0.452,0.893,1.286,1.643,0.672,0.561,0.727,1.514,0.621,0.179,0.452,0.893,70.605,K
1.27,1.603,0.67,0.578,0.694,1.504,0.626,0.16,0.478,0.878,1.27,1.603,0.67,0.578,0.694,1.504,0.626,0.16,0.478,0.878,71.84,K
1.311,1.649,0.689,0.568,0.746,1.475,0.606,0.187,0.423,0.872,1.311,1.649,0.689,0.568,0.746,1.475,0.606,0.187,0.423,0.872,72.201,K
1.328,1.62,0.675,0.573,0.764,1.4,0.577,0.157,0.427,0.823,1.328,1.62,0.675,0.573,0.764,1.4,0.577,0.157,0.427,0.823,68.264,K
2.031,1.253,0.557,0.478,2.199,0.537,0.416,0.175,0.243,0.122,2.031,1.253,0.557,0.478,2.199,0.537,0.416,0.175,0.243,0.122,32.016,L
2.031,1.253,0.557,0.478,2.199,0.537,0.416,0.175,0.243,0.122,2.031,1.253,0.557,0.478,2.199,0.537,0.416,0.175,0.243,0.122,32.016,L
2.031,1.253,0.557,0.478,2.199,0.537,0.416,0.175,0.243,0.122,2.031,1.253,0.557,0.478,2.199,0.537,0.416,0.175,0.243,0.122,32.016,L
2.031,1.253,0.557,0.478,2.199,0.537,0.416,0.175,0.243,0.122,2.031,1.253,0.557,0.478,2.199,0.537,0.416,0.175,0.243,0.122,32.016,L
2.031,1.253,0.557,0.478,2.199,0.537,0.416,0.175,0.243,0.122,2.031,1.253,0.557,0.478,2.199,0.537,0.416,0.175,0.243,0.122,32.016,L
1.87,1.33,0.56,0.536,2.038,0.596,0.451,0.175,0.278,0.162,1.87,1.33,0.56,0.536,2.038,0.596,0.451,0.175,0.278,0.162,40.05,L
2.047,3.273,0.655,0.528,2.145,1.333,0.387,0.18,0.207,1.102,2.047,3.273,0.655,0.528,2.145,1.333,0.387,0.18,0.207,1.102,19.647,L
2.047,3.273,0.655,0.528,2.145,1.333,0.387,0.18,0.207,1.102,2.047,3.273,0.655,0.528,2.145,1.333,0.387,0.18,0.207,1.102,19.647,L
2.047,3.273,0.655,0.528,2.145,1.333,0.387,0.18,0.207,1.102,2.047,3.273,0.655,0.528,2.145,1.333,0.387,0.18,0.207,1.102,19.647,L
1.928,3.212,0.54,0.437,2.104,1.413,0.441,0.189,0.253,1.073,1.928,3.212,0.54,0.437,2.104,1.413,0.441,0.189,0.253,1.073,28.071,L
2.155,3.715,0.596,0.484,2.23,1.492,0.38,0.173,0.21,1.267,2.155,3.715,0.596,0.484,2.23,1.492,0.38,0.173,0.21,1.267,19.026,L
2.155,3.715,0.596,0.484,2.23,1.492,0.38,0.173,0.21,1.267,2.155,3.715,0.596,0.484,2.23,1.492,0.38,0.173,0.21,1.267,19.026,L
2.08,3.921,0.555,0.42,2.258,1.628,0.428,0.2,0.229,1.335,2.08,3.921,0.555,0.42,2.258,1.628,0.428,0.2,0.229,1.335,25,L
2.08,3.921,0.555,0.42,2.258,1.628,0.428,0.2,0.229,1.335,2.08,3.921,0.555,0.42,2.258,1.628,0.428,0.2,0.229,1.335,25,L
1.684,1.579,0.741,0.85,1.841,0.907,0.484,0.204,0.285,0.423,1.684,1.579,0.741,0.85,1.841,0.907,0.484,0.204,0.285,0.423,97.329,L
2.432,1.937,0.491,0.431,2.786,0.788,0.418,0.17,0.251,0.38,2.432,1.937,0.491,0.431,2.786,0.788,0.418,0.17,0.251,0.38,99.202,L
2.127,1.422,0.438,0.267,2.134,0.708,0.513,0.246,0.27,0.198,2.127,1.422,0.438,0.267,2.134,0.708,0.513,0.246,0.27,0.198,104.695,L
1.137,1.502,0.413,0.416,1.39,1.265,0.905,0.407,0.499,0.363,1.137,1.502,0.413,0.416,1.39,1.265,0.905,0.407,0.499,0.363,96.421,L
1.435,1.708,0.603,0.454,1.581,1.035,0.598,0.271,0.327,0.45,1.435,1.708,0.603,0.454,1.581,1.035,0.598,0.271,0.327,0.45,61.612,L
1.988,2.616,0.67,0.581,2.149,1.067,0.397,0.195,0.203,0.758,1.988,2.616,0.67,0.581,2.149,1.067,0.397,0.195,0.203,0.758,25.318,L
1.988,2.616,0.67,0.581,2.149,1.067,0.397,0.195,0.203,0.758,1.988,2.616,0.67,0.581,2.149,1.067,0.397,0.195,0.203,0.758,25.318,L
0.575,0.885,0.944,0.765,0.832,0.685,0.587,0.414,0.184,0.261,0.575,0.885,0.944,0.765,0.832,0.685,0.587,0.414,0.184,0.261,102.825,M
0.585,0.894,0.948,0.756,0.847,0.672,0.578,0.409,0.184,0.248,0.585,0.894,0.948,0.756,0.847,0.672,0.578,0.409,0.184,0.248,100.285,M
0.587,0.907,0.96,0.762,0.831,0.688,0.578,0.412,0.188,0.249,0.587,0.907,0.96,0.762,0.831,0.688,0.578,0.412,0.188,0.249,97.867,M
0.575,0.904,0.956,0.766,0.838,0.693,0.574,0.422,0.166,0.26,0.575,0.904,0.956,0.766,0.838,0.693,0.574,0.422,0.166,0.26,101.272,M
0.577,0.888,0.946,0.762,0.858,0.667,0.567,0.41,0.166,0.257,0.577,0.888,0.946,0.762,0.858,0.667,0.567,0.41,0.166,0.257,101.607,M
0.576,0.889,0.948,0.759,0.847,0.691,0.585,0.422,0.175,0.264,0.576,0.889,0.948,0.759,0.847,0.691,0.585,0.422,0.175,0.264,100.717,M
0.557,0.897,0.947,0.761,0.805,0.72,0.622,0.442,0.194,0.254,0.557,0.897,0.947,0.761,0.805,0.72,0.622,0.442,0.194,0.254,95.131,M
0.586,0.899,0.953,0.762,0.853,0.695,0.599,0.425,0.192,0.24,0.586,0.899,0.953,0.762,0.853,0.695,0.599,0.425,0.192,0.24,105.076,M
0.578,0.901,0.949,0.765,0.844,0.692,0.599,0.423,0.189,0.235,0.578,0.901,0.949,0.765,0.844,0.692,0.599,0.423,0.189,0.235,101.119,M
0.588,0.885,0.949,0.753,0.857,0.679,0.598,0.426,0.188,0.243,0.588,0.885,0.949,0.753,0.857,0.679,0.598,0.426,0.188,0.243,102.956,M
0.579,0.892,0.945,0.763,0.853,0.677,0.586,0.414,0.184,0.242,0.579,0.892,0.945,0.763,0.853,0.677,0.586,0.414,0.184,0.242,100.975,M
0.551,0.893,0.949,0.759,0.798,0.726,0.631,0.447,0.2,0.257,0.551,0.893,0.949,0.759,0.798,0.726,0.631,0.447,0.2,0.257,94.085,M
0.573,0.896,0.951,0.764,0.805,0.713,0.614,0.437,0.193,0.255,0.573,0.896,0.951,0.764,0.805,0.713,0.614,0.437,0.193,0.255,102.396,M
0.583,0.91,0.965,0.763,0.818,0.709,0.606,0.447,0.181,0.24,0.583,0.91,0.965,0.763,0.818,0.709,0.606,0.447,0.181,0.24,97.739,M
0.591,0.896,0.944,0.749,0.838,0.682,0.594,0.43,0.175,0.243,0.591,0.896,0.944,0.749,0.838,0.682,0.594,0.43,0.175,0.243,102.108,M
0.59,0.887,0.946,0.756,0.833,0.69,0.593,0.423,0.182,0.263,0.59,0.887,0.946,0.756,0.833,0.69,0.593,0.423,0.182,0.263,102.703,M
0.578,0.895,0.955,0.77,0.83,0.682,0.577,0.416,0.176,0.255,0.578,0.895,0.955,0.77,0.83,0.682,0.577,0.416,0.176,0.255,101.272,M
0.562,0.89,0.969,0.78,0.807,0.704,0.593,0.416,0.204,0.266,0.562,0.89,0.969,0.78,0.807,0.704,0.593,0.416,0.204,0.266,99.247,M
0.578,0.891,0.97,0.786,0.836,0.653,0.553,0.374,0.21,0.247,0.578,0.891,0.97,0.786,0.836,0.653,0.553,0.374,0.21,0.247,98.995,M
0.563,0.892,0.975,0.777,0.826,0.679,0.56,0.393,0.203,0.272,0.563,0.892,0.975,0.777,0.826,0.679,0.56,0.393,0.203,0.272,98.732,M
0.564,0.897,0.981,0.789,0.803,0.703,0.577,0.403,0.213,0.271,0.564,0.897,0.981,0.789,0.803,0.703,0.577,0.403,0.213,0.271,99.323,M
0.591,0.91,0.955,0.757,0.786,0.73,0.605,0.43,0.195,0.274,0.591,0.91,0.955,0.757,0.786,0.73,0.605,0.43,0.195,0.274,135.148,N
0.583,0.906,0.952,0.757,0.783,0.726,0.611,0.43,0.2,0.267,0.583,0.906,0.952,0.757,0.783,0.726,0.611,0.43,0.2,0.267,133.881,N
0.603,0.906,0.948,0.759,0.792,0.709,0.595,0.418,0.193,0.263,0.603,0.906,0.948,0.759,0.792,0.709,0.595,0.418,0.193,0.263,144.309,N
0.604,0.914,0.952,0.752,0.772,0.725,0.616,0.44,0.196,0.255,0.604,0.914,0.952,0.752,0.772,0.725,0.616,0.44,0.196,0.255,138.741,N
0.593,0.911,0.958,0.762,0.771,0.73,0.613,0.442,0.191,0.263,0.593,0.911,0.958,0.762,0.771,0.73,0.613,0.442,0.191,0.263,136.795,N
0.603,0.907,0.952,0.757,0.782,0.719,0.616,0.43,0.208,0.253,0.603,0.907,0.952,0.757,0.782,0.719,0.616,0.43,0.208,0.253,137.539,N
0.598,0.922,0.959,0.764,0.765,0.732,0.614,0.439,0.197,0.251,0.598,0.922,0.959,0.764,0.765,0.732,0.614,0.439,0.197,0.251,139.714,N
0.6,0.913,0.944,0.752,0.772,0.726,0.608,0.426,0.197,0.268,0.6,0.913,0.944,0.752,0.772,0.726,0.608,0.426,0.197,0.268,135.093,N
0.594,0.912,0.94,0.753,0.752,0.736,0.622,0.438,0.194,0.268,0.594,0.912,0.94,0.753,0.752,0.736,0.622,0.438,0.194,0.268,144.368,N
0.59,0.907,0.95,0.758,0.769,0.721,0.616,0.438,0.194,0.258,0.59,0.907,0.95,0.758,0.769,0.721,0.616,0.438,0.194,0.258,132.22,N
0.599,0.907,0.95,0.751,0.775,0.713,0.611,0.434,0.196,0.256,0.599,0.907,0.95,0.751,0.775,0.713,0.611,0.434,0.196,0.256,138.246,N
0.588,0.911,0.951,0.766,0.75,0.723,0.617,0.437,0.196,0.254,0.588,0.911,0.951,0.766,0.75,0.723,0.617,0.437,0.196,0.254,137.102,N
0.606,0.92,0.949,0.749,0.762,0.719,0.623,0.444,0.197,0.236,0.606,0.92,0.949,0.749,0.762,0.719,0.623,0.444,0.197,0.236,141.4,N
0.584,0.916,0.955,0.766,0.762,0.729,0.623,0.448,0.192,0.244,0.584,0.916,0.955,0.766,0.762,0.729,0.623,0.448,0.192,0.244,135.823,N
0.6,0.915,0.946,0.757,0.785,0.717,0.616,0.432,0.199,0.24,0.6,0.915,0.946,0.757,0.785,0.717,0.616,0.432,0.199,0.24,133.881,N
0.602,0.922,0.953,0.759,0.787,0.722,0.618,0.438,0.198,0.233,0.602,0.922,0.953,0.759,0.787,0.722,0.618,0.438,0.198,0.233,135.366,N
0.603,0.914,0.949,0.765,0.776,0.719,0.621,0.435,0.201,0.235,0.603,0.914,0.949,0.765,0.776,0.719,0.621,0.435,0.201,0.235,141.156,N
0.592,0.92,0.952,0.753,0.752,0.738,0.638,0.457,0.2,0.24,0.592,0.92,0.952,0.753,0.752,0.738,0.638,0.457,0.2,0.24,132.004,N
0.611,0.916,0.964,0.755,0.761,0.715,0.621,0.463,0.182,0.237,0.611,0.916,0.964,0.755,0.761,0.715,0.621,0.463,0.182,0.237,136.062,N
0.592,0.912,0.943,0.753,0.729,0.734,0.631,0.444,0.201,0.258,0.592,0.912,0.943,0.753,0.729,0.734,0.631,0.444,0.201,0.258,133.754,N
0.596,0.901,0.954,0.752,0.747,0.721,0.626,0.455,0.19,0.261,0.596,0.901,0.954,0.752,0.747,0.721,0.626,0.455,0.19,0.261,140.186,N
0.974,0.967,1.011,0.932,0.162,0.23,0.429,0.527,0.143,0.256,0.974,0.967,1.011,0.932,0.162,0.23,0.429,0.527,0.143,0.256,2.236,O
0.974,0.967,1.011,0.932,0.162,0.23,0.429,0.527,0.143,0.256,0.974,0.967,1.011,0.932,0.162,0.23,0.429,0.527,0.143,0.256,2.236,O
0.974,0.967,1.011,0.932,0.162,0.23,0.429,0.527,0.143,0.256,0.974,0.967,1.011,0.932,0.162,0.23,0.429,0.527,0.143,0.256,2.236,O
0.974,0.967,1.011,0.932,0.162,0.23,0.429,0.527,0.143,0.256,0.974,0.967,1.011,0.932,0.162,0.23,0.429,0.527,0.143,0.256,2.236,O
0.974,0.967,1.011,0.932,0.162,0.23,0.429,0.527,0.143,0.256,0.974,0.967,1.011,0.932,0.162,0.23,0.429,0.527,0.143,0.256,2.236,O
0.974,0.967,1.011,0.932,0.162,0.23,0.429,0.527,0.143,0.256,0.974,0.967,1.011,0.932,0.162,0.23,0.429,0.527,0.143,0.256,2.236,O
0.967,0.994,0.994,0.939,0.142,0.438,0.455,0.438,0.072,0.072,0.967,0.994,0.994,0.939,0.142,0.438,0.455,0.438,0.072,0.072,3.606,O
0.967,0.994,0.994,0.939,0.142,0.438,0.455,0.438,0.072,0.072,0.967,0.994,0.994,0.939,0.142,0.438,0.455,0.438,0.072,0.072,3.606,O
0.967,0.994,0.994,0.939,0.142,0.438,0.455,0.438,0.072,0.072,0.967,0.994,0.994,0.939,0.142,0.438,0.455,0.438,0.072,0.072,3.606,O
0.967,0.983,1.009,0.944,0.205,0.221,0.279,0.349,0.21,0.099,0.967,0.983,1.009,0.944,0.205,0.221,0.279,0.349,0.21,0.099,1.414,O
0.967,0.983,1.009,0.944,0.205,0.221,0.279,0.349,0.21,0.099,0.967,0.983,1.009,0.944,0.205,0.221,0.279,0.349,0.21,0.099,1.414,O
0.98,1.015,1.014,0.942,0.191,0.385,0.308,0.397,0.196,0.077,0.98,1.015,1.014,0.942,0.191,0.385,0.308,0.397,0.196,0.077,1.414,O
0.98,1.015,1.014,0.942,0.191,0.385,0.308,0.397,0.196,0.077,0.98,1.015,1.014,0.942,0.191,0.385,0.308,0.397,0.196,0.077,1.414,O
0.98,1.015,1.014,0.942,0.191,0.385,0.308,0.397,0.196,0.077,0.98,1.015,1.014,0.942,0.191,0.385,0.308,0.397,0.196,0.077,1.414,O
0.98,1.015,1.014,0.942,0.191,0.385,0.308,0.397,0.196,0.077,0.98,1.015,1.014,0.942,0.191,0.385,0.308,0.397,0.196,0.077,1.414,O
0.98,1.015,1.014,0.942,0.191,0.385,0.308,0.397,0.196,0.077,0.98,1.015,1.014,0.942,0.191,0.385,0.308,0.397,0.196,0.077,1.414,O
0.973,1.006,0.997,0.942,0.189,0.339,0.309,0.322,0.119,0.053,0.973,1.006,0.997,0.942,0.189,0.339,0.309,0.322,0.119,0.053,1.414,O
0.973,1.006,0.997,0.942,0.189,0.339,0.309,0.322,0.119,0.053,0.973,1.006,0.997,0.942,0.189,0.339,0.309,0.322,0.119,0.053,1.414,O
0.973,1.006,0.997,0.942,0.189,0.339,0.309,0.322,0.119,0.053,0.973,1.006,0.997,0.942,0.189,0.339,0.309,0.322,0.119,0.053,1.414,O
0.973,1.006,0.997,0.942,0.189,0.339,0.309,0.322,0.119,0.053,0.973,1.006,0.997,0.942,0.189,0.339,0.309,0.322,0.119,0.053,1.414,O
0.973,1.006,0.997,0.942,0.189,0.339,0.309,0.322,0.119,0.053,0.973,1.006,0.997,0.942,0.189,0.339,0.309,0.322,0.119,0.053,1.414,O
1.22,2.534,0.722,0.615,0.607,3.314,0.634,0.188,0.466,2.823,1.22,2.534,0.722,0.615,0.607,3.314,0.634,0.188,0.466,2.823,103.586,P
1.246,2.543,0.729,0.598,0.65,3.131,0.618,0.207,0.421,2.655,1.246,2.543,0.729,0.598,0.65,3.131,0.618,0.207,0.421,2.655,103.947,P
1.276,2.584,0.734,0.627,0.654,3.129,0.571,0.168,0.413,2.706,1.276,2.584,0.734,0.627,0.654,3.129,0.571,0.168,0.413,2.706,101.966,P
1.253,2.587,0.714,0.605,0.65,3.196,0.607,0.181,0.446,2.726,1.253,2.587,0.714,0.605,0.65,3.196,0.607,0.181,0.446,2.726,102.703,P
1.25,2.587,0.732,0.589,0.668,3.106,0.616,0.216,0.406,2.629,1.25,2.587,0.732,0.589,0.668,3.106,0.616,0.216,0.406,2.629,105.929,P
1.255,2.629,0.763,0.625,0.643,3.227,0.584,0.218,0.372,2.743,1.255,2.629,0.763,0.625,0.643,3.227,0.584,0.218,0.372,2.743,103.697,P
1.243,2.506,0.713,0.61,0.635,3.139,0.615,0.169,0.453,2.66,1.243,2.506,0.713,0.61,0.635,3.139,0.615,0.169,0.453,2.66,101.71,P
1.262,2.537,0.76,0.624,0.642,3.118,0.587,0.223,0.377,2.629,1.262,2.537,0.76,0.624,0.642,3.118,0.587,0.223,0.377,2.629,103.697,P
1.251,2.604,0.747,0.636,0.619,3.319,0.588,0.191,0.413,2.838,1.251,2.604,0.747,0.636,0.619,3.319,0.588,0.191,0.413,2.838,103.484,P
1.226,2.514,0.749,0.643,0.585,3.385,0.613,0.208,0.435,2.884,1.226,2.514,0.749,0.643,0.585,3.385,0.613,0.208,0.435,2.884,104.69,P
1.235,2.512,0.718,0.609,0.626,3.205,0.629,0.198,0.452,2.676,1.235,2.512,0.718,0.609,0.626,3.205,0.629,0.198,0.452,2.676,102.703,P
1.228,2.551,0.724,0.612,0.621,3.263,0.627,0.202,0.449,2.737,1.228,2.551,0.724,0.612,0.621,3.263,0.627,0.202,0.449,2.737,104.69,P
1.221,2.548,0.725,0.65,0.572,3.519,0.618,0.171,0.485,3.001,1.221,2.548,0.725,0.65,0.572,3.519,0.618,0.171,0.485,3.001,104.58,P
1.216,2.543,0.743,0.651,0.565,3.542,0.625,0.194,0.456,3.002,1.216,2.543,0.743,0.651,0.565,3.542,0.625,0.194,0.456,3.002,103.586,P
1.242,2.488,0.739,0.692,0.549,3.523,0.574,0.158,0.477,3.025,1.242,2.488,0.739,0.692,0.549,3.523,0.574,0.158,0.477,3.025,101.71,P
1.244,2.626,0.726,0.711,0.54,3.861,0.588,0.247,0.51,3.303,1.244,2.626,0.726,0.711,0.54,3.861,0.588,0.247,0.51,3.303,101.4,P
1.266,2.587,0.721,0.733,0.538,3.761,0.537,0.197,0.52,3.261,1.266,2.587,0.721,0.733,0.538,3.761,0.537,0.197,0.52,3.261,99.85,P
1.232,2.615,0.72,0.691,0.541,3.8,0.59,0.199,0.524,3.267,1.232,2.615,0.72,0.691,0.541,3.8,0.59,0.199,0.524,3.267,103.586,P
1.21,2.54,0.728,0.686,0.525,3.813,0.62,0.207,0.523,3.265,1.21,2.54,0.728,0.686,0.525,3.813,0.62,0.207,0.523,3.265,102.703,P
1.244,2.561,0.713,0.677,0.567,3.569,0.574,0.108,0.507,3.11,1.244,2.561,0.713,0.677,0.567,3.569,0.574,0.108,0.507,3.11,103.247,P
1.233,2.575,0.728,0.697,0.538,3.771,0.589,0.18,0.506,3.241,1.233,2.575,0.728,0.697,0.538,3.771,0.589,0.18,0.506,3.241,102.703,P
0.534,0.564,0.759,0.609,0.748,1.055,0.933,0.546,0.392,0.913,0.534,0.564,0.759,0.609,0.748,1.055,0.933,0.546,0.392,0.913,93.776,Q
0.544,0.562,0.76,0.601,0.795,0.988,0.87,0.521,0.356,0.873,0.544,0.562,0.76,0.601,0.795,0.988,0.87,0.521,0.356,0.873,84.433,Q
0.552,0.572,0.763,0.616,0.823,0.972,0.84,0.504,0.344,0.835,0.552,0.572,0.763,0.616,0.823,0.972,0.84,0.504,0.344,0.835,80.056,Q
0.555,0.566,0.764,0.606,0.814,0.984,0.845,0.516,0.337,0.871,0.555,0.566,0.764,0.606,0.814,0.984,0.845,0.516,0.337,0.871,82.97,Q
0.533,0.56,0.754,0.607,0.787,1.016,0.89,0.534,0.366,0.889,0.533,0.56,0.754,0.607,0.787,1.016,0.89,0.534,0.366,0.889,86.377,Q
0.564,0.576,0.753,0.594,0.82,0.982,0.859,0.513,0.354,0.854,0.564,0.576,0.753,0.594,0.82,0.982,0.859,0.513,0.354,0.854,83.487,Q
0.562,0.556,0.762,0.603,0.831,0.966,0.852,0.516,0.342,0.849,0.562,0.556,0.762,0.603,0.831,0.966,0.852,0.516,0.342,0.849,81.271,Q
0.561,0.569,0.765,0.608,0.801,1.003,0.874,0.526,0.354,0.868,0.561,0.569,0.765,0.608,0.801,1.003,0.874,0.526,0.354,0.868,86.683,Q
0.563,0.574,0.765,0.619,0.839,0.985,0.847,0.521,0.333,0.833,0.563,0.574,0.765,0.619,0.839,0.985,0.847,0.521,0.333,0.833,84.119,Q
0.549,0.554,0.758,0.602,0.809,0.994,0.88,0.534,0.354,0.875,0.549,0.554,0.758,0.602,0.809,0.994,0.88,0.534,0.354,0.875,85.703,Q
0.577,0.588,0.773,0.607,0.825,0.985,0.849,0.513,0.339,0.834,0.577,0.588,0.773,0.607,0.825,0.985,0.849,0.513,0.339,0.834,83.815,Q
0.556,0.569,0.775,0.615,0.835,0.982,0.848,0.525,0.328,0.839,0.556,0.569,0.775,0.615,0.835,0.982,0.848,0.525,0.328,0.839,82.861,Q
0.56,0.584,0.779,0.613,0.802,1.023,0.865,0.526,0.342,0.874,0.56,0.584,0.779,0.613,0.802,1.023,0.865,0.526,0.342,0.874,88.6,Q
0.54,0.56,0.767,0.61,0.745,1.068,0.942,0.566,0.381,0.927,0.54,0.56,0.767,0.61,0.745,1.068,0.942,0.566,0.381,0.927,97.499,Q
0.573,0.557,0.768,0.612,0.841,0.981,0.852,0.522,0.335,0.853,0.573,0.557,0.768,0.612,0.841,0.981,0.852,0.522,0.335,0.853,81.32,Q
0.563,0.572,0.767,0.606,0.815,1,0.87,0.513,0.359,0.859,0.563,0.572,0.767,0.606,0.815,1,0.87,0.513,0.359,0.859,85.726,Q
0.563,0.574,0.766,0.61,0.826,0.985,0.86,0.519,0.345,0.836,0.563,0.574,0.766,0.61,0.826,0.985,0.86,0.519,0.345,0.836,84.202,Q
0.567,0.565,0.763,0.606,0.811,1.003,0.869,0.523,0.352,0.876,0.567,0.565,0.763,0.606,0.811,1.003,0.869,0.523,0.352,0.876,83.815,Q
0.548,0.556,0.771,0.618,0.806,0.991,0.881,0.531,0.353,0.848,0.548,0.556,0.771,0.618,0.806,0.991,0.881,0.531,0.353,0.848,87.316,Q
0.562,0.58,0.758,0.597,0.815,1.016,0.883,0.537,0.351,0.87,0.562,0.58,0.758,0.597,0.815,1.016,0.883,0.537,0.351,0.87,85.726,Q
0.568,0.579,0.77,0.616,0.834,0.985,0.855,0.505,0.352,0.823,0.568,0.579,0.77,0.616,0.834,0.985,0.855,0.505,0.352,0.823,85.866,Q
0.649,0.959,0.922,0.729,0.843,0.85,0.598,0.416,0.188,0.388,0.649,0.959,0.922,0.729,0.843,0.85,0.598,0.416,0.188,0.388,152.118,R
0.649,0.959,0.922,0.729,0.843,0.85,0.598,0.416,0.188,0.388,0.649,0.959,0.922,0.729,0.843,0.85,0.598,0.416,0.188,0.388,152.118,R
0.629,0.968,0.928,0.726,0.789,0.907,0.646,0.444,0.215,0.395,0.629,0.968,0.928,0.726,0.789,0.907,0.646,0.444,0.215,0.395,146.328,R
0.643,0.962,0.927,0.732,0.837,0.85,0.601,0.415,0.196,0.379,0.643,0.962,0.927,0.732,0.837,0.85,0.601,0.415,0.196,0.379,151.796,R
0.653,0.963,0.92,0.736,0.854,0.843,0.585,0.406,0.183,0.386,0.653,0.963,0.92,0.736,0.854,0.843,0.585,0.406,0.183,0.386,154.029,R
0.649,0.956,0.916,0.734,0.845,0.845,0.594,0.413,0.184,0.386,0.649,0.956,0.916,0.734,0.845,0.845,0.594,0.413,0.184,0.386,150.376,R
0.649,0.956,0.916,0.734,0.845,0.845,0.594,0.413,0.184,0.386,0.649,0.956,0.916,0.734,0.845,0.845,0.594,0.413,0.184,0.386,150.376,R
0.635,0.957,0.926,0.733,0.829,0.888,0.629,0.442,0.194,0.397,0.635,0.957,0.926,0.733,0.829,0.888,0.629,0.442,0.194,0.397,146.7,R
0.609,0.957,0.925,0.728,0.817,0.871,0.613,0.425,0.197,0.4,0.609,0.957,0.925,0.728,0.817,0.871,0.613,0.425,0.197,0.4,144.586,R
0.639,0.951,0.92,0.728,0.844,0.85,0.6,0.414,0.192,0.393,0.639,0.951,0.92,0.728,0.844,0.85,0.6,0.414,0.192,0.393,150.376,R
0.655,0.963,0.922,0.729,0.848,0.849,0.594,0.414,0.187,0.386,0.655,0.963,0.922,0.729,0.848,0.849,0.594,0.414,0.187,0.386,153.026,R
0.658,0.961,0.916,0.727,0.849,0.85,0.594,0.411,0.188,0.391,0.658,0.961,0.916,0.727,0.849,0.85,0.594,0.411,0.188,0.391,153.026,R
0.631,0.946,0.921,0.733,0.84,0.847,0.6,0.414,0.191,0.392,0.631,0.946,0.921,0.733,0.84,0.847,0.6,0.414,0.191,0.392,153.522,R
0.647,0.965,0.92,0.733,0.84,0.855,0.596,0.407,0.195,0.389,0.647,0.965,0.92,0.733,0.84,0.855,0.596,0.407,0.195,0.389,150.306,R
0.654,0.962,0.917,0.728,0.845,0.843,0.59,0.404,0.191,0.386,0.654,0.962,0.917,0.728,0.845,0.843,0.59,0.404,0.191,0.386,151.7,R
0.655,0.964,0.916,0.736,0.847,0.847,0.585,0.401,0.188,0.392,0.655,0.964,0.916,0.736,0.847,0.847,0.585,0.401,0.188,0.392,154.353,R
0.652,0.953,0.913,0.725,0.846,0.842,0.602,0.411,0.195,0.381,0.652,0.953,0.913,0.725,0.846,0.842,0.602,0.411,0.195,0.381,151.7,R
0.649,0.956,0.914,0.724,0.84,0.854,0.603,0.411,0.196,0.393,0.649,0.956,0.914,0.724,0.84,0.854,0.603,0.411,0.196,0.393,151.7,R
0.653,0.963,0.922,0.729,0.847,0.85,0.6,0.416,0.19,0.381,0.653,0.963,0.922,0.729,0.847,0.85,0.6,0.416,0.19,0.381,153.026,R
0.65,0.955,0.92,0.732,0.847,0.848,0.599,0.409,0.197,0.384,0.65,0.955,0.92,0.732,0.847,0.848,0.599,0.409,0.197,0.384,153.026,R
0.651,0.964,0.922,0.732,0.847,0.859,0.602,0.418,0.19,0.386,0.651,0.964,0.922,0.732,0.847,0.859,0.602,0.418,0.19,0.386,152.201,R
2.607,1.534,0.528,4.031,5.47,0.83,0.737,0.68,0.114,0.117,2.607,1.534,0.528,4.031,5.47,0.83,0.737,0.68,0.114,0.117,261.398,S
3.036,1.72,0.505,4.839,6.63,0.836,0.748,0.687,0.102,0.119,3.036,1.72,0.505,4.839,6.63,0.836,0.748,0.687,0.102,0.119,259.738,S
3.64,2.083,0.333,4.649,7.453,0.816,0.685,0.581,0.144,0.152,3.64,2.083,0.333,4.649,7.453,0.816,0.685,0.581,0.144,0.152,264.821,S
3.046,1.805,0.566,5.022,6.765,0.847,0.753,0.684,0.107,0.13,3.046,1.805,0.566,5.022,6.765,0.847,0.753,0.684,0.107,0.13,259.625,S
3.098,1.764,0.309,4.705,6.856,0.821,0.728,0.665,0.116,0.118,3.098,1.764,0.309,4.705,6.856,0.821,0.728,0.665,0.116,0.118,251.448,S
3.246,1.808,0.131,4.634,7.205,0.795,0.718,0.648,0.121,0.112,3.246,1.808,0.131,4.634,7.205,0.795,0.718,0.648,0.121,0.112,262.909,S
3.403,2.245,0.16,5.215,7.689,0.888,0.757,0.699,0.117,0.163,3.403,2.245,0.16,5.215,7.689,0.888,0.757,0.699,0.117,0.163,248.697,S
3.786,2.065,0.221,5.472,8.089,0.829,0.735,0.685,0.097,0.133,3.786,2.065,0.221,5.472,8.089,0.829,0.735,0.685,0.097,0.133,255.131,S
2.461,1.556,0.644,3.741,4.909,0.82,0.742,0.677,0.114,0.126,2.461,1.556,0.644,3.741,4.909,0.82,0.742,0.677,0.114,0.126,252.786,S
3.375,1.92,0.144,5.029,7.484,0.834,0.743,0.663,0.124,0.124,3.375,1.92,0.144,5.029,7.484,0.834,0.743,0.663,0.124,0.124,252.907,S
3.632,1.92,0.349,5.522,8.129,0.794,0.711,0.644,0.112,0.118,3.632,1.92,0.349,5.522,8.129,0.794,0.711,0.644,0.112,0.118,257.67,S
3.334,1.801,0.449,4.391,7.333,0.812,0.728,0.65,0.113,0.119,3.334,1.801,0.449,4.391,7.333,0.812,0.728,0.65,0.113,0.119,252.723,S
3.768,2.1,0.436,5.722,8.949,0.813,0.733,0.675,0.114,0.128,3.768,2.1,0.436,5.722,8.949,0.813,0.733,0.675,0.114,0.128,262.214,S
3.329,1.909,0.402,4.457,7.086,0.847,0.747,0.685,0.11,0.13,3.329,1.909,0.402,4.457,7.086,0.847,0.747,0.685,0.11,0.13,256.425,S
3.309,1.882,0.506,4.575,7.333,0.834,0.747,0.69,0.099,0.128,3.309,1.882,0.506,4.575,7.333,0.834,0.747,0.69,0.099,0.128,259.239,S
3.981,2.054,0.189,5.9,9.197,0.803,0.726,0.656,0.11,0.117,3.981,2.054,0.189,5.9,9.197,0.803,0.726,0.656,0.11,0.117,262.48,S
2.396,1.502,0.505,3.522,4.834,0.804,0.724,0.695,0.108,0.116,2.396,1.502,0.505,3.522,4.834,0.804,0.724,0.695,0.108,0.116,259.372,S
3.054,1.882,0.216,4.268,6.426,0.848,0.742,0.655,0.133,0.139,3.054,1.882,0.216,4.268,6.426,0.848,0.742,0.655,0.133,0.139,255.65,S
3.026,1.766,0.319,4.899,6.717,0.826,0.737,0.695,0.12,0.125,3.026,1.766,0.319,4.899,6.717,0.826,0.737,0.695,0.12,0.125,254.152,S
3.538,1.997,0.101,5.034,7.739,0.839,0.729,0.645,0.123,0.131,3.538,1.997,0.101,5.034,7.739,0.839,0.729,0.645,0.123,0.131,254.772,S
3.563,2.046,0.164,5.327,8.036,0.833,0.739,0.683,0.111,0.13,3.563,2.046,0.164,5.327,8.036,0.833,0.739,0.683,0.111,0.13,259.65,S
1.212,1.983,0.911,0.803,0.529,2.582,0.652,0.355,0.299,1.96,1.212,1.983,0.911,0.803,0.529,2.582,0.652,0.355,0.299,1.96,55.154,T
1.204,2.049,0.908,0.807,0.523,2.691,0.677,0.387,0.29,2.07,1.204,2.049,0.908,0.807,0.523,2.691,0.677,0.387,0.29,2.07,60.828,T
1.278,2.001,0.877,0.796,0.59,2.351,0.601,0.313,0.291,1.78,1.278,2.001,0.877,0.796,0.59,2.351,0.601,0.313,0.291,1.78,48.836,T
1.267,1.98,0.889,0.802,0.573,2.338,0.631,0.323,0.308,1.762,1.267,1.98,0.889,0.802,0.573,2.338,0.631,0.323,0.308,1.762,53.038,T
1.285,1.96,0.867,0.784,0.594,2.263,0.587,0.293,0.297,1.698,1.285,1.96,0.867,0.784,0.594,2.263,0.587,0.293,0.297,1.698,48.415,T
1.121,1.867,0.887,0.784,0.476,2.589,0.732,0.397,0.335,1.894,1.121,1.867,0.887,0.784,0.476,2.589,0.732,0.397,0.335,1.894,64.661,T
1.226,1.896,0.872,0.786,0.547,2.305,0.659,0.336,0.326,1.691,1.226,1.896,0.872,0.786,0.547,2.305,0.659,0.336,0.326,1.691,52.326,T
1.302,1.937,0.877,0.77,0.613,2.153,0.622,0.322,0.299,1.572,1.302,1.937,0.877,0.77,0.613,2.153,0.622,0.322,0.299,1.572,42.45,T
1.24,1.935,0.876,0.763,0.575,2.294,0.637,0.338,0.299,1.684,1.24,1.935,0.876,0.763,0.575,2.294,0.637,0.338,0.299,1.684,48.918,T
1.253,1.931,0.878,0.769,0.599,2.215,0.629,0.34,0.289,1.617,1.253,1.931,0.878,0.769,0.599,2.215,0.629,0.34,0.289,1.617,48.795,T
1.29,1.961,0.882,0.79,0.602,2.21,0.622,0.326,0.296,1.64,1.29,1.961,0.882,0.79,0.602,2.21,0.622,0.326,0.296,1.64,46.098,T
1.254,1.94,0.881,0.773,0.607,2.193,0.595,0.323,0.273,1.62,1.254,1.94,0.881,0.773,0.607,2.193,0.595,0.323,0.273,1.62,50.99,T
1.286,1.972,0.887,0.787,0.58,2.34,0.637,0.338,0.298,1.741,1.286,1.972,0.887,0.787,0.58,2.34,0.637,0.338,0.298,1.741,46.098,T
1.214,1.938,0.873,0.772,0.538,2.455,0.701,0.358,0.343,1.797,1.214,1.938,0.873,0.772,0.538,2.455,0.701,0.358,0.343,1.797,50,T
1.227,1.985,0.876,0.796,0.58,2.358,0.641,0.352,0.293,1.762,1.227,1.985,0.876,0.796,0.58,2.358,0.641,0.352,0.293,1.762,57.315,T
1.235,1.959,0.888,0.79,0.562,2.37,0.651,0.346,0.305,1.764,1.235,1.959,0.888,0.79,0.562,2.37,0.651,0.346,0.305,1.764,55.172,T
1.244,1.958,0.889,0.779,0.591,2.281,0.622,0.343,0.279,1.69,1.244,1.958,0.889,0.779,0.591,2.281,0.622,0.343,0.279,1.69,55.227,T
1.231,1.976,0.896,0.796,0.613,2.22,0.607,0.334,0.273,1.654,1.231,1.976,0.896,0.796,0.613,2.22,0.607,0.334,0.273,1.654,57.315,T
1.241,1.961,0.875,0.764,0.583,2.333,0.659,0.342,0.317,1.708,1.241,1.961,0.875,0.764,0.583,2.333,0.659,0.342,0.317,1.708,50.21,T
1.252,2.001,0.895,0.771,0.595,2.341,0.636,0.353,0.284,1.741,1.252,2.001,0.895,0.771,0.595,2.341,0.636,0.353,0.284,1.741,54.489,T
1.28,2.025,0.877,0.765,0.616,2.323,0.605,0.328,0.277,1.74,1.28,2.025,0.877,0.765,0.616,2.323,0.605,0.328,0.277,1.74,50.912,T
1.508,2.573,0.677,0.42,1.144,1.974,0.535,0.232,0.311,1.464,1.508,2.573,0.677,0.42,1.144,1.974,0.535,0.232,0.311,1.464,67.469,U
1.508,2.573,0.677,0.42,1.144,1.974,0.535,0.232,0.311,1.464,1.508,2.573,0.677,0.42,1.144,1.974,0.535,0.232,0.311,1.464,67.469,U
1.508,2.573,0.677,0.42,1.144,1.974,0.535,0.232,0.311,1.464,1.508,2.573,0.677,0.42,1.144,1.974,0.535,0.232,0.311,1.464,67.469,U
1.508,2.573,0.677,0.42,1.144,1.974,0.535,0.232,0.311,1.464,1.508,2.573,0.677,0.42,1.144,1.974,0.535,0.232,0.311,1.464,67.469,U
1.508,2.573,0.677,0.42,1.144,1.974,0.535,0.232,0.311,1.464,1.508,2.573,0.677,0.42,1.144,1.974,0.535,0.232,0.311,1.464,67.469,U
1.508,2.573,0.677,0.42,1.144,1.974,0.535,0.232,0.311,1.464,1.508,2.573,0.677,0.42,1.144,1.974,0.535,0.232,0.311,1.464,67.469,U
1.508,2.573,0.677,0.42,1.144,1.974,0.535,0.232,0.311,1.464,1.508,2.573,0.677,0.42,1.144,1.974,0.535,0.232,0.311,1.464,67.469,U
1.508,2.573,0.677,0.42,1.144,1.974,0.535,0.232,0.311,1.464,1.508,2.573,0.677,0.42,1.144,1.974,0.535,0.232,0.311,1.464,67.469,U
1.508,2.573,0.677,0.42,1.144,1.974,0.535,0.232,0.311,1.464,1.508,2.573,0.677,0.42,1.144,1.974,0.535,0.232,0.311,1.464,67.469,U
1.508,2.573,0.677,0.42,1.144,1.974,0.535,0.232,0.311,1.464,1.508,2.573,0.677,0.42,1.144,1.974,0.535,0.232,0.311,1.464,67.469,U
1.502,2.579,0.702,0.469,1.164,1.932,0.5,0.215,0.291,1.449,1.502,2.579,0.702,0.469,1.164,1.932,0.5,0.215,0.291,1.449,76.942,U
1.71,2.539,0.684,0.45,1.289,1.629,0.427,0.183,0.248,1.213,1.71,2.539,0.684,0.45,1.289,1.629,0.427,0.183,0.248,1.213,19.235,U
1.71,2.539,0.684,0.45,1.289,1.629,0.427,0.183,0.248,1.213,1.71,2.539,0.684,0.45,1.289,1.629,0.427,0.183,0.248,1.213,19.235,U
1.71,2.539,0.684,0.45,1.289,1.629,0.427,0.183,0.248,1.213,1.71,2.539,0.684,0.45,1.289,1.629,0.427,0.183,0.248,1.213,19.235,U
1.71,2.539,0.684,0.45,1.289,1.629,0.427,0.183,0.248,1.213,1.71,2.539,0.684,0.45,1.289,1.629,0.427,0.183,0.248,1.213,19.235,U
1.71,2.539,0.684,0.45,1.289,1.629,0.427,0.183,0.248,1.213,1.71,2.539,0.684,0.45,1.289,1.629,0.427,0.183,0.248,1.213,19.235,U
1.476,2.527,0.743,0.488,1.118,1.955,0.489,0.243,0.248,1.506,1.476,2.527,0.743,0.488,1.118,1.955,0.489,0.243,0.248,1.506,78.262,U
1.476,2.527,0.743,0.488,1.118,1.955,0.489,0.243,0.248,1.506,1.476,2.527,0.743,0.488,1.118,1.955,0.489,0.243,0.248,1.506,78.262,U
1.476,2.527,0.743,0.488,1.118,1.955,0.489,0.243,0.248,1.506,1.476,2.527,0.743,0.488,1.118,1.955,0.489,0.243,0.248,1.506,78.262,U
1.476,2.527,0.743,0.488,1.118,1.955,0.489,0.243,0.248,1.506,1.476,2.527,0.743,0.488,1.118,1.955,0.489,0.243,0.248,1.506,78.262,U
1.476,2.527,0.743,0.488,1.118,1.955,0.489,0.243,0.248,1.506,1.476,2.527,0.743,0.488,1.118,1.955,0.489,0.243,0.248,1.506,78.262,U
0.35,1.068,0.227,0.151,0.224,4.231,4.108,0.412,3.72,1.614,0.35,1.068,0.227,0.151,0.224,4.231,4.108,0.412,3.72,1.614,5,V
0.35,1.068,0.227,0.151,0.224,4.231,4.108,0.412,3.72,1.614,0.35,1.068,0.227,0.151,0.224,4.231,4.108,0.412,3.72,1.614,5,V
0.793,3.078,0.387,0.177,0.639,4.604,1.339,0.329,1.127,3.267,0.793,3.078,0.387,0.177,0.639,4.604,1.339,0.329,1.127,3.267,3,V
0.372,1.254,0.227,0.129,0.265,4.348,3.543,0.392,3.254,1.88,0.372,1.254,0.227,0.129,0.265,4.348,3.543,0.392,3.254,1.88,3.606,V
0.372,1.254,0.227,0.129,0.265,4.348,3.543,0.392,3.254,1.88,0.372,1.254,0.227,0.129,0.265,4.348,3.543,0.392,3.254,1.88,3.606,V
0.688,2.032,0.445,0.232,0.47,3.883,1.698,0.458,1.291,2.198,0.688,2.032,0.445,0.232,0.47,3.883,1.698,0.458,1.291,2.198,1.414,V
0.361,1.148,0.224,0.145,0.231,4.436,3.965,0.355,3.698,1.82,0.361,1.148,0.224,0.145,0.231,4.436,3.965,0.355,3.698,1.82,5.385,V
0.361,1.148,0.224,0.145,0.231,4.436,3.965,0.355,3.698,1.82,0.361,1.148,0.224,0.145,0.231,4.436,3.965,0.355,3.698,1.82,5.385,V
0.361,1.148,0.224,0.145,0.231,4.436,3.965,0.355,3.698,1.82,0.361,1.148,0.224,0.145,0.231,4.436,3.965,0.355,3.698,1.82,5.385,V
0.361,1.148,0.224,0.145,0.231,4.436,3.965,0.355,3.698,1.82,0.361,1.148,0.224,0.145,0.231,4.436,3.965,0.355,3.698,1.82,5.385,V
1.254,5.167,0.591,0.197,1.129,4.523,0.763,0.349,0.599,3.836,1.254,5.167,0.591,0.197,1.129,4.523,0.763,0.349,0.599,3.836,4,V
0.344,1.214,0.234,0.119,0.256,4.434,3.774,0.509,3.379,1.927,0.344,1.214,0.234,0.119,0.256,4.434,3.774,0.509,3.379,1.927,1,V
0.344,1.214,0.234,0.119,0.256,4.434,3.774,0.509,3.379,1.927,0.344,1.214,0.234,0.119,0.256,4.434,3.774,0.509,3.379,1.927,1,V
0.449,1.322,0.287,0.185,0.312,3.845,2.98,0.355,2.733,1.508,0.449,1.322,0.287,0.185,0.312,3.845,2.98,0.355,2.733,1.508,3.606,V
0.449,1.322,0.287,0.185,0.312,3.845,2.98,0.355,2.733,1.508,0.449,1.322,0.287,0.185,0.312,3.845,2.98,0.355,2.733,1.508,3.606,V
1.215,1.288,0.792,0.466,0.795,1.236,0.767,0.411,0.576,0.535,1.215,1.288,0.792,0.466,0.795,1.236,0.767,0.411,0.576,0.535,5,V
1.113,1.105,0.797,0.284,0.915,0.981,0.825,0.566,0.369,0.267,1.113,1.105,0.797,0.284,0.915,0.981,0.825,0.566,0.369,0.267,5,V
1.113,1.105,0.797,0.284,0.915,0.981,0.825,0.566,0.369,0.267,1.113,1.105,0.797,0.284,0.915,0.981,0.825,0.566,0.369,0.267,5,V
1.102,3.975,0.648,0.389,0.827,4.637,0.853,0.315,0.745,3.855,1.102,3.975,0.648,0.389,0.827,4.637,0.853,0.315,0.745,3.855,5.385,V
0.353,1.203,0.211,0.122,0.257,4.345,3.722,0.414,3.364,1.842,0.353,1.203,0.211,0.122,0.257,4.345,3.722,0.414,3.364,1.842,2.236,V
0.353,1.203,0.211,0.122,0.257,4.345,3.722,0.414,3.364,1.842,0.353,1.203,0.211,0.122,0.257,4.345,3.722,0.414,3.364,1.842,2.236,V
2.74,3.985,0.729,0.708,2.568,1.305,0.27,0.108,0.164,1.193,2.74,3.985,0.729,0.708,2.568,1.305,0.27,0.108,0.164,1.193,23.537,W
2.738,3.943,0.753,0.687,2.523,1.309,0.258,0.108,0.15,1.201,2.738,3.943,0.753,0.687,2.523,1.309,0.258,0.108,0.15,1.201,24.515,W
2.719,3.887,0.744,0.685,2.516,1.294,0.265,0.106,0.159,1.182,2.719,3.887,0.744,0.685,2.516,1.294,0.265,0.106,0.159,1.182,23.345,W
2.75,3.949,0.739,0.659,2.534,1.316,0.262,0.096,0.166,1.201,2.75,3.949,0.739,0.659,2.534,1.316,0.262,0.096,0.166,1.201,24.331,W
2.747,3.945,0.74,0.656,2.536,1.315,0.271,0.117,0.154,1.205,2.747,3.945,0.74,0.656,2.536,1.315,0.271,0.117,0.154,1.205,24.739,W
2.76,4.002,0.748,0.695,2.568,1.312,0.27,0.114,0.156,1.205,2.76,4.002,0.748,0.695,2.568,1.312,0.27,0.114,0.156,1.205,24.515,W
2.75,3.944,0.726,0.682,2.56,1.298,0.27,0.096,0.175,1.186,2.75,3.944,0.726,0.682,2.56,1.298,0.27,0.096,0.175,1.186,24.187,W
2.69,3.894,0.738,0.673,2.473,1.322,0.269,0.108,0.161,1.208,2.69,3.894,0.738,0.673,2.473,1.322,0.269,0.108,0.161,1.208,24.739,W
2.733,3.944,0.726,0.655,2.547,1.313,0.271,0.096,0.175,1.192,2.733,3.944,0.726,0.655,2.547,1.313,0.271,0.096,0.175,1.192,23.77,W
2.772,4.039,0.779,0.708,2.587,1.313,0.268,0.112,0.156,1.209,2.772,4.039,0.779,0.708,2.587,1.313,0.268,0.112,0.156,1.209,24.739,W
2.772,4.001,0.723,0.666,2.602,1.307,0.271,0.101,0.17,1.188,2.772,4.001,0.723,0.666,2.602,1.307,0.271,0.101,0.17,1.188,26.683,W
2.84,4.068,0.73,0.693,2.649,1.298,0.266,0.102,0.165,1.194,2.84,4.068,0.73,0.693,2.649,1.298,0.266,0.102,0.165,1.194,25.318,W
2.772,4.014,0.755,0.7,2.546,1.321,0.256,0.098,0.158,1.218,2.772,4.014,0.755,0.7,2.546,1.321,0.256,0.098,0.158,1.218,25.71,W
2.727,3.943,0.722,0.656,2.527,1.322,0.268,0.102,0.166,1.2,2.727,3.943,0.722,0.656,2.527,1.322,0.268,0.102,0.166,1.2,26.306,W
2.763,4.007,0.742,0.681,2.575,1.315,0.269,0.102,0.167,1.203,2.763,4.007,0.742,0.681,2.575,1.315,0.269,0.102,0.167,1.203,25.71,W
2.818,4.056,0.738,0.666,2.628,1.313,0.263,0.097,0.166,1.197,2.818,4.056,0.738,0.666,2.628,1.313,0.263,0.097,0.166,1.197,23.345,W
2.831,4.086,0.739,0.683,2.63,1.315,0.252,0.091,0.161,1.204,2.831,4.086,0.739,0.683,2.63,1.315,0.252,0.091,0.161,1.204,23.345,W
2.813,4.054,0.739,0.693,2.644,1.299,0.267,0.107,0.16,1.187,2.813,4.054,0.739,0.693,2.644,1.299,0.267,0.107,0.16,1.187,24.331,W
2.818,4.05,0.712,0.666,2.628,1.311,0.263,0.097,0.166,1.194,2.818,4.05,0.712,0.666,2.628,1.311,0.263,0.097,0.166,1.194,25.495,W
2.8,4.031,0.731,0.682,2.598,1.311,0.261,0.098,0.163,1.2,2.8,4.031,0.731,0.682,2.598,1.311,0.261,0.098,0.163,1.2,25.495,W
2.798,4.046,0.746,0.709,2.617,1.303,0.259,0.098,0.162,1.191,2.798,4.046,0.746,0.709,2.617,1.303,0.259,0.098,0.162,1.191,24.515,W
1.143,4.167,0.528,0.281,1.001,3.903,0.884,0.343,0.549,3.405,1.143,4.167,0.528,0.281,1.001,3.903,0.884,0.343,0.549,3.405,93.434,X
1.137,4.079,0.539,0.259,0.998,3.848,0.896,0.378,0.525,3.353,1.137,4.079,0.539,0.259,0.998,3.848,0.896,0.378,0.525,3.353,91.548,X
1.097,4.008,0.526,0.234,0.981,3.866,0.913,0.379,0.541,3.318,1.097,4.008,0.526,0.234,0.981,3.866,0.913,0.379,0.541,3.318,92.195,X
1.171,4.048,0.53,0.254,1.046,3.646,0.858,0.354,0.51,3.162,1.171,4.048,0.53,0.254,1.046,3.646,0.858,0.354,0.51,3.162,91.269,X
1.143,3.95,0.514,0.243,0.991,3.747,0.872,0.345,0.529,3.246,1.143,3.95,0.514,0.243,0.991,3.747,0.872,0.345,0.529,3.246,88.278,X
1.153,4.115,0.52,0.31,1.06,3.642,0.879,0.351,0.53,3.147,1.153,4.115,0.52,0.31,1.06,3.642,0.879,0.351,0.53,3.147,90.355,X
1.228,3.848,0.563,0.355,1.031,3.41,0.824,0.317,0.509,2.998,1.228,3.848,0.563,0.355,1.031,3.41,0.824,0.317,0.509,2.998,84.853,X
1.139,3.998,0.595,0.349,0.904,4.045,0.865,0.355,0.514,3.548,1.139,3.998,0.595,0.349,0.904,4.045,0.865,0.355,0.514,3.548,91.269,X
1.284,4.068,0.548,0.353,1.082,3.454,0.769,0.267,0.507,3.022,1.284,4.068,0.548,0.353,1.082,3.454,0.769,0.267,0.507,3.022,87.693,X
1.16,4.12,0.557,0.345,0.965,3.928,0.854,0.32,0.537,3.464,1.16,4.12,0.557,0.345,0.965,3.928,0.854,0.32,0.537,3.464,92.266,X
1.299,3.966,0.552,0.333,1.095,3.329,0.76,0.289,0.473,2.923,1.299,3.966,0.552,0.333,1.095,3.329,0.76,0.289,0.473,2.923,82.608,X
1.053,3.84,0.558,0.276,0.869,4.1,0.957,0.397,0.565,3.629,1.053,3.84,0.558,0.276,0.869,4.1,0.957,0.397,0.565,3.629,92.087,X
1.197,4.113,0.555,0.301,1.054,3.639,0.828,0.352,0.479,3.169,1.197,4.113,0.555,0.301,1.054,3.639,0.828,0.352,0.479,3.169,87.144,X
1.2,3.807,0.511,0.243,1.1,3.257,0.829,0.335,0.499,2.822,1.2,3.807,0.511,0.243,1.1,3.257,0.829,0.335,0.499,2.822,79.158,X
1.147,3.926,0.519,0.249,1.078,3.438,0.86,0.37,0.491,2.975,1.147,3.926,0.519,0.249,1.078,3.438,0.86,0.37,0.491,2.975,87.006,X
1.271,4.118,0.504,0.277,1.227,3.174,0.774,0.31,0.467,2.747,1.271,4.118,0.504,0.277,1.227,3.174,0.774,0.31,0.467,2.747,79.025,X
1.164,4.18,0.553,0.3,1.103,3.569,0.853,0.385,0.472,3.09,1.164,4.18,0.553,0.3,1.103,3.569,0.853,0.385,0.472,3.09,88.142,X
1.231,4.101,0.532,0.338,1.207,3.194,0.819,0.361,0.46,2.777,1.231,4.101,0.532,0.338,1.207,3.194,0.819,0.361,0.46,2.777,84.095,X
1.16,4.065,0.543,0.257,1.063,3.611,0.864,0.375,0.497,3.14,1.16,4.065,0.543,0.257,1.063,3.611,0.864,0.375,0.497,3.14,88.204,X
1.136,4.076,0.498,0.218,1.072,3.627,0.884,0.372,0.516,3.159,1.136,4.076,0.498,0.218,1.072,3.627,0.884,0.372,0.516,3.159,84.054,X
1.207,4.03,0.532,0.227,1.104,3.454,0.807,0.34,0.475,3.004,1.207,4.03,0.532,0.227,1.104,3.454,0.807,0.34,0.475,3.004,84.024,X
2.839,4.154,0.712,0.911,2.792,1.253,0.305,0.17,0.153,1.142,2.839,4.154,0.712,0.911,2.792,1.253,0.305,0.17,0.153,1.142,245.601,Y
2.872,4.217,0.692,0.916,2.835,1.258,0.3,0.167,0.156,1.145,2.872,4.217,0.692,0.916,2.835,1.258,0.3,0.167,0.156,1.145,201.437,Y
2.746,4.075,0.697,0.876,2.628,1.299,0.298,0.159,0.163,1.181,2.746,4.075,0.697,0.876,2.628,1.299,0.298,0.159,0.163,1.181,225.497,Y
2.842,4.177,0.733,0.914,2.704,1.288,0.29,0.157,0.152,1.185,2.842,4.177,0.733,0.914,2.704,1.288,0.29,0.157,0.152,1.185,207.183,Y
2.812,4.101,0.729,0.914,2.683,1.272,0.303,0.16,0.16,1.169,2.812,4.101,0.729,0.914,2.683,1.272,0.303,0.16,0.16,1.169,246.455,Y
2.788,4.139,0.738,0.911,2.639,1.306,0.298,0.159,0.156,1.201,2.788,4.139,0.738,0.911,2.639,1.306,0.298,0.159,0.156,1.201,245.491,Y
2.849,4.179,0.737,0.884,2.705,1.293,0.288,0.159,0.144,1.187,2.849,4.179,0.737,0.884,2.705,1.293,0.288,0.159,0.144,1.187,241.897,Y
2.77,4.076,0.721,0.901,2.677,1.277,0.319,0.173,0.161,1.164,2.77,4.076,0.721,0.901,2.677,1.277,0.319,0.173,0.161,1.164,219.784,Y
2.829,4.17,0.71,0.878,2.681,1.305,0.3,0.158,0.161,1.197,2.829,4.17,0.71,0.878,2.681,1.305,0.3,0.158,0.161,1.197,222.335,Y
2.79,4.082,0.697,0.859,2.62,1.302,0.303,0.165,0.159,1.193,2.79,4.082,0.697,0.859,2.62,1.302,0.303,0.165,0.159,1.193,215.058,Y
2.878,4.189,0.702,0.847,2.734,1.287,0.287,0.156,0.15,1.184,2.878,4.189,0.702,0.847,2.734,1.287,0.287,0.156,0.15,1.184,248.357,Y
2.729,4.11,0.69,0.803,2.56,1.353,0.297,0.151,0.164,1.233,2.729,4.11,0.69,0.803,2.56,1.353,0.297,0.151,0.164,1.233,232.181,Y
2.763,4.271,0.686,0.736,2.614,1.412,0.304,0.153,0.161,1.273,2.763,4.271,0.686,0.736,2.614,1.412,0.304,0.153,0.161,1.273,240.709,Y
2.875,4.214,0.689,0.733,2.745,1.323,0.284,0.143,0.15,1.19,2.875,4.214,0.689,0.733,2.745,1.323,0.284,0.143,0.15,1.19,202.781,Y
2.738,4.149,0.665,0.679,2.58,1.392,0.299,0.145,0.164,1.246,2.738,4.149,0.665,0.679,2.58,1.392,0.299,0.145,0.164,1.246,189.763,Y
2.774,4.197,0.667,0.716,2.661,1.37,0.308,0.157,0.161,1.225,2.774,4.197,0.667,0.716,2.661,1.37,0.308,0.157,0.161,1.225,232.691,Y
2.799,4.181,0.659,0.691,2.741,1.342,0.315,0.156,0.165,1.184,2.799,4.181,0.659,0.691,2.741,1.342,0.315,0.156,0.165,1.184,228.232,Y
2.855,4.297,0.664,0.714,2.738,1.366,0.301,0.147,0.163,1.229,2.855,4.297,0.664,0.714,2.738,1.366,0.301,0.147,0.163,1.229,191.481,Y
2.811,4.236,0.676,0.717,2.713,1.362,0.298,0.146,0.16,1.211,2.811,4.236,0.676,0.717,2.713,1.362,0.298,0.146,0.16,1.211,222.252,Y
2.847,4.203,0.662,0.672,2.717,1.35,0.299,0.144,0.161,1.207,2.847,4.203,0.662,0.672,2.717,1.35,0.299,0.144,0.161,1.207,248.131,Y
2.78,4.236,0.676,0.717,2.69,1.373,0.301,0.147,0.162,1.222,2.78,4.236,0.676,0.717,2.69,1.373,0.301,0.147,0.162,1.222,240.601,Y
0.654,0.963,0.99,0.881,0.27,0.429,0.457,0.4,0.134,0.234,0.654,0.963,0.99,0.881,0.27,0.429,0.457,0.4,0.134,0.234,93.434,Z
0.651,0.96,0.986,0.878,0.259,0.417,0.488,0.418,0.12,0.221,0.651,0.96,0.986,0.878,0.259,0.417,0.488,0.418,0.12,0.221,95.016,Z
0.666,0.96,0.978,0.866,0.245,0.484,0.566,0.459,0.173,0.235,0.666,0.96,0.978,0.866,0.245,0.484,0.566,0.459,0.173,0.235,92.315,Z
0.647,0.962,0.987,0.878,0.251,0.423,0.502,0.431,0.124,0.2,0.647,0.962,0.987,0.878,0.251,0.423,0.502,0.431,0.124,0.2,98.858,Z
0.652,0.948,0.976,0.851,0.237,0.495,0.641,0.528,0.146,0.274,0.652,0.948,0.976,0.851,0.237,0.495,0.641,0.528,0.146,0.274,93.606,Z
0.659,0.961,0.983,0.861,0.225,0.545,0.631,0.541,0.124,0.269,0.659,0.961,0.983,0.861,0.225,0.545,0.631,0.541,0.124,0.269,94.81,Z
0.653,0.956,0.982,0.859,0.241,0.501,0.599,0.511,0.134,0.266,0.653,0.956,0.982,0.859,0.241,0.501,0.599,0.511,0.134,0.266,90.686,Z
0.652,0.954,0.987,0.868,0.252,0.441,0.539,0.471,0.124,0.246,0.652,0.954,0.987,0.868,0.252,0.441,0.539,0.471,0.124,0.246,91.439,Z
0.66,0.956,0.983,0.864,0.242,0.487,0.577,0.495,0.114,0.265,0.66,0.956,0.983,0.864,0.242,0.487,0.577,0.495,0.114,0.265,91.439,Z
0.651,0.958,0.984,0.862,0.218,0.568,0.667,0.566,0.168,0.256,0.651,0.958,0.984,0.862,0.218,0.568,0.667,0.566,0.168,0.256,102.343,Z
0.656,0.96,0.988,0.871,0.235,0.48,0.561,0.499,0.11,0.252,0.656,0.96,0.988,0.871,0.235,0.48,0.561,0.499,0.11,0.252,97.201,Z
0.664,0.954,0.983,0.86,0.231,0.488,0.615,0.533,0.119,0.268,0.664,0.954,0.983,0.86,0.231,0.488,0.615,0.533,0.119,0.268,92.957,Z
0.649,0.957,0.991,0.873,0.256,0.458,0.513,0.458,0.141,0.262,0.649,0.957,0.991,0.873,0.256,0.458,0.513,0.458,0.141,0.262,94.366,Z
0.67,0.967,0.987,0.873,0.216,0.567,0.608,0.526,0.145,0.271,0.67,0.967,0.987,0.873,0.216,0.567,0.608,0.526,0.145,0.271,95.441,Z
0.65,0.958,0.988,0.882,0.262,0.367,0.459,0.407,0.101,0.221,0.65,0.958,0.988,0.882,0.262,0.367,0.459,0.407,0.101,0.221,94.921,Z
0.667,0.964,0.985,0.866,0.241,0.549,0.578,0.496,0.152,0.275,0.667,0.964,0.985,0.866,0.241,0.549,0.578,0.496,0.152,0.275,90.139,Z
0.656,0.96,0.982,0.866,0.24,0.472,0.565,0.483,0.135,0.25,0.656,0.96,0.982,0.866,0.24,0.472,0.565,0.483,0.135,0.25,95.016,Z
0.659,0.952,0.982,0.86,0.229,0.515,0.62,0.532,0.141,0.311,0.659,0.952,0.982,0.86,0.229,0.515,0.62,0.532,0.141,0.311,93.086,Z
0.65,0.954,0.977,0.866,0.248,0.438,0.549,0.447,0.137,0.247,0.65,0.954,0.977,0.866,0.248,0.438,0.549,0.447,0.137,0.247,94.493,Z
0.658,0.96,0.993,0.88,0.242,0.446,0.512,0.468,0.106,0.247,0.658,0.96,0.993,0.88,0.242,0.446,0.512,0.468,0.106,0.247,97.005,Z
0.67,0.967,0.982,0.86,0.232,0.578,0.622,0.527,0.203,0.255,0.67,0.967,0.982,0.86,0.232,0.578,0.622,0.527,0.203,0.255,91.049,Z
1.935,1.302,0.838,0.834,1.683,0.52,0.303,0.134,0.172,0.221,1.935,1.302,0.838,0.834,1.683,0.52,0.303,0.134,0.172,0.221,21.095,A
1.865,1.254,0.828,0.79,1.61,0.515,0.313,0.139,0.176,0.202,1.865,1.254,0.828,0.79,1.61,0.515,0.313,0.139,0.176,0.202,20.1,A
1.976,1.337,0.835,0.816,1.737,0.526,0.302,0.134,0.169,0.229,1.976,1.337,0.835,0.816,1.737,0.526,0.302,0.134,0.169,0.229,19.105,A
1.882,1.259,0.855,0.83,1.607,0.51,0.307,0.138,0.17,0.205,1.882,1.259,0.855,0.83,1.607,0.51,0.307,0.138,0.17,0.205,19.105,A
1.931,1.27,0.823,0.813,1.672,0.51,0.303,0.124,0.183,0.208,1.931,1.27,0.823,0.813,1.672,0.51,0.303,0.124,0.183,0.208,20.224,A
1.879,1.27,0.839,0.789,1.585,0.505,0.296,0.132,0.165,0.21,1.879,1.27,0.839,0.789,1.585,0.505,0.296,0.132,0.165,0.21,20.224,A
1.888,1.29,0.834,0.746,1.587,0.517,0.3,0.133,0.167,0.218,1.888,1.29,0.834,0.746,1.587,0.517,0.3,0.133,0.167,0.218,20.224,A
1.91,1.282,0.819,0.787,1.636,0.518,0.307,0.126,0.183,0.213,1.91,1.282,0.819,0.787,1.636,0.518,0.307,0.126,0.183,0.213,18.111,A
1.89,1.256,0.84,0.793,1.604,0.502,0.301,0.13,0.172,0.202,1.89,1.256,0.84,0.793,1.604,0.502,0.301,0.13,0.172,0.202,19.105,A
1.882,1.264,0.837,0.808,1.615,0.517,0.311,0.135,0.178,0.208,1.882,1.264,0.837,0.808,1.615,0.517,0.311,0.135,0.178,0.208,19.235,A
1.959,1.28,0.831,0.78,1.681,0.508,0.295,0.119,0.176,0.213,1.959,1.28,0.831,0.78,1.681,0.508,0.295,0.119,0.176,0.213,17.117,A
1.917,1.322,0.837,0.794,1.656,0.528,0.304,0.137,0.169,0.228,1.917,1.322,0.837,0.794,1.656,0.528,0.304,0.137,0.169,0.228,19.235,A
1.865,1.288,0.843,0.818,1.598,0.527,0.308,0.137,0.173,0.222,1.865,1.288,0.843,0.818,1.598,0.527,0.308,0.137,0.173,0.222,20.1,A
1.882,1.297,0.837,0.819,1.595,0.528,0.303,0.134,0.172,0.229,1.882,1.297,0.837,0.819,1.595,0.528,0.303,0.134,0.172,0.229,19.235,A
1.903,1.279,0.834,0.821,1.626,0.514,0.307,0.127,0.183,0.211,1.903,1.279,0.834,0.821,1.626,0.514,0.307,0.127,0.183,0.211,19.235,A
1.896,1.274,0.828,0.828,1.659,0.519,0.313,0.139,0.179,0.209,1.896,1.274,0.828,0.828,1.659,0.519,0.313,0.139,0.179,0.209,17.117,A
1.904,1.275,0.862,0.831,1.666,0.511,0.301,0.137,0.165,0.212,1.904,1.275,0.862,0.831,1.666,0.511,0.301,0.137,0.165,0.212,18.111,A
1.88,1.3,0.834,0.811,1.634,0.537,0.318,0.138,0.182,0.223,1.88,1.3,0.834,0.811,1.634,0.537,0.318,0.138,0.182,0.223,20.396,A
1.84,1.257,0.837,0.808,1.576,0.522,0.319,0.138,0.182,0.205,1.84,1.257,0.837,0.808,1.576,0.522,0.319,0.138,0.182,0.205,19.416,A
1.891,1.3,0.834,0.811,1.64,0.535,0.316,0.146,0.173,0.222,1.891,1.3,0.834,0.811,1.64,0.535,0.316,0.146,0.173,0.222,20.1,A
0.951,1.006,0.987,0.995,0.075,1.124,1.25,0.602,0.671,0.158,0.951,1.006,0.987,0.995,0.075,1.124,1.25,0.602,0.671,0.158,14.866,B
0.971,1.003,0.994,1.013,0.056,1.975,2.322,1.397,0.95,0.349,0.971,1.003,0.994,1.013,0.056,1.975,2.322,1.397,0.95,0.349,15.297,B
0.958,1.006,0.997,1.02,0.086,1.077,1.208,0.721,0.51,0.141,0.958,1.006,0.997,1.02,0.086,1.077,1.208,0.721,0.51,0.141,14.318,B
0.97,1,0.987,1.021,0.073,1.405,1.405,0.822,0.697,0,0.97,1,0.987,1.021,0.073,1.405,1.405,0.822,0.697,0,13.892,B
0.969,1.014,0.989,1.012,0.069,1.265,1.452,0.894,0.62,0.277,0.969,1.014,0.989,1.012,0.069,1.265,1.452,0.894,0.62,0.277,12.649,B
0.957,1.004,0.978,1.001,0.077,1.14,1.383,0.806,0.68,0.25,0.957,1.004,0.978,1.001,0.077,1.14,1.383,0.806,0.68,0.25,13.601,B
0.97,1.001,0.994,1.041,0.093,1.148,1.436,0.931,0.572,0.297,0.97,1.001,0.994,1.041,0.093,1.148,1.436,0.931,0.572,0.297,15.811,B
0.949,0.987,0.989,1.01,0.085,1.118,1.265,0.806,0.5,0.224,0.949,0.987,0.989,1.01,0.085,1.118,1.265,0.806,0.5,0.224,17.464,B
0.981,1.014,0.977,1.004,0.039,2.941,3.256,2.11,1.36,0.5,0.981,1.014,0.977,1.004,0.039,2.941,3.256,2.11,1.36,0.5,13.416,B
0.958,1.014,0.989,1.01,0.074,1.3,1.47,0.937,0.581,0.26,0.958,1.014,0.989,1.01,0.074,1.3,1.47,0.937,0.581,0.26,15.652,B
0.949,1.003,0.977,1,0.067,1.833,2.112,1.431,0.779,0.286,0.949,1.003,0.977,1,0.067,1.833,2.112,1.431,0.779,0.286,14.142,B
0.951,0.998,0.987,1.01,0.073,1.379,1.491,0.85,0.707,0.118,0.951,0.998,0.987,1.01,0.073,1.379,1.491,0.85,0.707,0.118,15.033,B
0.987,1.012,0.986,1.016,0.037,2.687,3.283,2.028,1.414,0.667,0.987,1.012,0.986,1.016,0.037,2.687,3.283,2.028,1.414,0.667,12.042,B
0.954,1.014,0.991,1.012,0.072,1.202,1.379,0.95,0.471,0.264,0.954,1.014,0.991,1.012,0.072,1.202,1.379,0.95,0.471,0.264,16.125,B
0.955,1.012,0.977,1.014,0.068,1.584,1.903,1.28,0.779,0.362,0.955,1.012,0.977,1.014,0.068,1.584,1.903,1.28,0.779,0.362,16.492,B
0.956,1.006,0.986,1.015,0.074,1.491,1.641,1.014,0.707,0.167,0.956,1.006,0.986,1.015,0.074,1.491,1.641,1.014,0.707,0.167,14.56,B
0.948,1.006,0.988,1.016,0.076,1.47,1.619,1.097,0.581,0.164,0.948,1.006,0.988,1.016,0.076,1.47,1.619,1.097,0.581,0.164,17.263,B
0.967,1.004,0.998,1.03,0.095,0.952,1.158,0.722,0.471,0.207,0.967,1.004,0.998,1.03,0.095,0.952,1.158,0.722,0.471,0.207,15.652,B
0.983,1.012,0.985,1.014,0.037,2.687,3.283,2.028,1.414,0.667,0.983,1.012,0.985,1.014,0.037,2.687,3.283,2.028,1.414,0.667,14.56,B
0.958,1.006,0.986,1.009,0.067,1.46,1.62,0.923,0.768,0.181,0.958,1.006,0.986,1.009,0.067,1.46,1.62,0.923,0.768,0.181,16.155,B
0.953,1.003,0.986,1.016,0.092,0.996,1.202,0.722,0.555,0.207,0.953,1.003,0.986,1.016,0.092,0.996,1.202,0.722,0.555,0.207,15.524,B
0.948,1.004,0.968,0.929,0.06,3.003,2.861,1.578,1.286,0.143,0.948,1.004,0.968,0.929,0.06,3.003,2.861,1.578,1.286,0.143,34.482,C
0.948,1.004,0.968,0.929,0.06,3.003,2.861,1.578,1.286,0.143,0.948,1.004,0.968,0.929,0.06,3.003,2.861,1.578,1.286,0.143,34.482,C
0.948,1.004,0.968,0.929,0.06,3.003,2.861,1.578,1.286,0.143,0.948,1.004,0.968,0.929,0.06,3.003,2.861,1.578,1.286,0.143,34.482,C
0.948,1.004,0.968,0.929,0.06,3.003,2.861,1.578,1.286,0.143,0.948,1.004,0.968,0.929,0.06,3.003,2.861,1.578,1.286,0.143,34.482,C
0.948,1.004,0.968,0.929,0.06,3.003,2.861,1.578,1.286,0.143,0.948,1.004,0.968,0.929,0.06,3.003,2.861,1.578,1.286,0.143,34.482,C
0.948,1.004,0.968,0.929,0.06,3.003,2.861,1.578,1.286,0.143,0.948,1.004,0.968,0.929,0.06,3.003,2.861,1.578,1.286,0.143,34.482,C
0.948,1.004,0.968,0.929,0.06,3.003,2.861,1.578,1.286,0.143,0.948,1.004,0.968,0.929,0.06,3.003,2.861,1.578,1.286,0.143,34.482,C
0.948,1.004,0.968,0.929,0.06,3.003,2.861,1.578,1.286,0.143,0.948,1.004,0.968,0.929,0.06,3.003,2.861,1.578,1.286,0.143,34.482,C
0.948,1.004,0.968,0.929,0.06,3.003,2.861,1.578,1.286,0.143,0.948,1.004,0.968,0.929,0.06,3.003,2.861,1.578,1.286,0.143,34.482,C
0.948,1.004,0.968,0.929,0.06,3.003,2.861,1.578,1.286,0.143,0.948,1.004,0.968,0.929,0.06,3.003,2.861,1.578,1.286,0.143,34.482,C
0.948,1.004,0.968,0.929,0.06,3.003,2.861,1.578,1.286,0.143,0.948,1.004,0.968,0.929,0.06,3.003,2.861,1.578,1.286,0.143,34.482,C
0.948,1.004,0.968,0.929,0.06,3.003,2.861,1.578,1.286,0.143,0.948,1.004,0.968,0.929,0.06,3.003,2.861,1.578,1.286,0.143,34.482,C
0.948,1.004,0.968,0.929,0.06,3.003,2.861,1.578,1.286,0.143,0.948,1.004,0.968,0.929,0.06,3.003,2.861,1.578,1.286,0.143,34.482,C
0.948,1.004,0.968,0.929,0.06,3.003,2.861,1.578,1.286,0.143,0.948,1.004,0.968,0.929,0.06,3.003,2.861,1.578,1.286,0.143,34.482,C
0.948,1.004,0.968,0.929,0.06,3.003,2.861,1.578,1.286,0.143,0.948,1.004,0.968,0.929,0.06,3.003,2.861,1.578,1.286,0.143,34.482,C
0.948,1.004,0.968,0.929,0.06,3.003,2.861,1.578,1.286,0.143,0.948,1.004,0.968,0.929,0.06,3.003,2.861,1.578,1.286,0.143,34.482,C
0.948,1.004,0.968,0.929,0.06,3.003,2.861,1.578,1.286,0.143,0.948,1.004,0.968,0.929,0.06,3.003,2.861,1.578,1.286,0.143,34.482,C
0.948,1.004,0.968,0.929,0.06,3.003,2.861,1.578,1.286,0.143,0.948,1.004,0.968,0.929,0.06,3.003,2.861,1.578,1.286,0.143,34.482,C
0.948,1.004,0.968,0.929,0.06,3.003,2.861,1.578,1.286,0.143,0.948,1.004,0.968,0.929,0.06,3.003,2.861,1.578,1.286,0.143,34.482,C
0.948,1.004,0.968,0.929,0.06,3.003,2.861,1.578,1.286,0.143,0.948,1.004,0.968,0.929,0.06,3.003,2.861,1.578,1.286,0.143,34.482,C
0.948,1.004,0.968,0.929,0.06,3.003,2.861,1.578,1.286,0.143,0.948,1.004,0.968,0.929,0.06,3.003,2.861,1.578,1.286,0.143,34.482,C
1.514,1.943,0.87,0.72,0.885,1.383,0.317,0.17,0.148,1.066,1.514,1.943,0.87,0.72,0.885,1.383,0.317,0.17,0.148,1.066,55.902,D
1.469,1.944,0.844,0.686,0.853,1.474,0.368,0.184,0.184,1.106,1.469,1.944,0.844,0.686,0.853,1.474,0.368,0.184,0.184,1.106,55.543,D
1.494,1.931,0.851,0.693,0.877,1.411,0.351,0.181,0.169,1.062,1.494,1.931,0.851,0.693,0.877,1.411,0.351,0.181,0.169,1.062,55.462,D
1.458,1.861,0.865,0.7,0.83,1.401,0.364,0.2,0.169,1.037,1.458,1.861,0.865,0.7,0.83,1.401,0.364,0.2,0.169,1.037,54.231,D
1.494,1.941,0.883,0.739,0.82,1.468,0.334,0.18,0.156,1.152,1.494,1.941,0.883,0.739,0.82,1.468,0.334,0.18,0.156,1.152,55.154,D
1.485,1.922,0.858,0.721,0.822,1.463,0.35,0.168,0.191,1.124,1.485,1.922,0.858,0.721,0.822,1.463,0.35,0.168,0.191,1.124,56.08,D
1.528,1.961,0.843,0.693,0.881,1.445,0.357,0.172,0.186,1.091,1.528,1.961,0.843,0.693,0.881,1.445,0.357,0.172,0.186,1.091,55.946,D
1.48,1.904,0.855,0.669,0.868,1.425,0.383,0.214,0.171,1.043,1.48,1.904,0.855,0.669,0.868,1.425,0.383,0.214,0.171,1.043,55.543,D
1.48,1.903,0.851,0.681,0.839,1.466,0.389,0.205,0.186,1.078,1.48,1.903,0.851,0.681,0.839,1.466,0.389,0.205,0.186,1.078,55.543,D
1.439,1.842,0.872,0.698,0.788,1.456,0.39,0.222,0.17,1.069,1.439,1.842,0.872,0.698,0.788,1.456,0.39,0.222,0.17,1.069,56.08,D
1.504,1.946,0.848,0.688,0.859,1.469,0.374,0.191,0.182,1.101,1.504,1.946,0.848,0.688,0.859,1.469,0.374,0.191,0.182,1.101,55.036,D
1.507,1.939,0.838,0.682,0.878,1.432,0.367,0.178,0.192,1.07,1.507,1.939,0.838,0.682,0.878,1.432,0.367,0.178,0.192,1.07,55.154,D
1.474,1.928,0.867,0.708,0.805,1.52,0.376,0.204,0.172,1.152,1.474,1.928,0.867,0.708,0.805,1.52,0.376,0.204,0.172,1.152,54.781,D
1.483,1.955,0.866,0.695,0.829,1.526,0.382,0.21,0.175,1.152,1.483,1.955,0.866,0.695,0.829,1.526,0.382,0.21,0.175,1.152,53.488,D
1.455,1.885,0.842,0.666,0.832,1.47,0.413,0.216,0.198,1.065,1.455,1.885,0.842,0.666,0.832,1.47,0.413,0.216,0.198,1.065,54.781,D
1.505,1.944,0.847,0.702,0.852,1.462,0.356,0.172,0.186,1.109,1.505,1.944,0.847,0.702,0.852,1.462,0.356,0.172,0.186,1.109,53.852,D
1.467,1.903,0.85,0.674,0.842,1.462,0.395,0.213,0.183,1.072,1.467,1.903,0.85,0.674,0.842,1.462,0.395,0.213,0.183,1.072,52.924,D
1.506,1.974,0.853,0.667,0.895,1.462,0.378,0.209,0.172,1.089,1.506,1.974,0.853,0.667,0.895,1.462,0.378,0.209,0.172,1.089,53.488,D
1.507,1.956,0.848,0.692,0.865,1.462,0.363,0.18,0.188,1.105,1.507,1.956,0.848,0.692,0.865,1.462,0.363,0.18,0.188,1.105,53.852,D
1.505,1.964,0.835,0.679,0.87,1.48,0.379,0.183,0.198,1.107,1.505,1.964,0.835,0.679,0.87,1.48,0.379,0.183,0.198,1.107,52.555,D
1.477,1.935,0.846,0.7,0.82,1.509,0.373,0.18,0.194,1.14,1.477,1.935,0.846,0.7,0.82,1.509,0.373,0.18,0.194,1.14,52.811,D
0.722,0.972,0.638,0.294,0.443,1.541,1.734,0.836,0.931,0.913,0.722,0.972,0.638,0.294,0.443,1.541,1.734,0.836,0.931,0.913,81.744,E
0.722,0.972,0.638,0.294,0.443,1.541,1.734,0.836,0.931,0.913,0.722,0.972,0.638,0.294,0.443,1.541,1.734,0.836,0.931,0.913,81.744,E
0.722,0.972,0.638,0.294,0.443,1.541,1.734,0.836,0.931,0.913,0.722,0.972,0.638,0.294,0.443,1.541,1.734,0.836,0.931,0.913,81.744,E
0.722,0.972,0.638,0.294,0.443,1.541,1.734,0.836,0.931,0.913,0.722,0.972,0.638,0.294,0.443,1.541,1.734,0.836,0.931,0.913,81.744,E
0.722,0.972,0.638,0.294,0.443,1.541,1.734,0.836,0.931,0.913,0.722,0.972,0.638,0.294,0.443,1.541,1.734,0.836,0.931,0.913,81.744,E
0.722,0.972,0.638,0.294,0.443,1.541,1.734,0.836,0.931,0.913,0.722,0.972,0.638,0.294,0.443,1.541,1.734,0.836,0.931,0.913,81.744,E
0.722,0.972,0.638,0.294,0.443,1.541,1.734,0.836,0.931,0.913,0.722,0.972,0.638,0.294,0.443,1.541,1.734,0.836,0.931,0.913,81.744,E
0.722,0.972,0.638,0.294,0.443,1.541,1.734,0.836,0.931,0.913,0.722,0.972,0.638,0.294,0.443,1.541,1.734,0.836,0.931,0.913,81.744,E
0.722,0.972,0.638,0.294,0.443,1.541,1.734,0.836,0.931,0.913,0.722,0.972,0.638,0.294,0.443,1.541,1.734,0.836,0.931,0.913,81.744,E
0.722,0.972,0.638,0.294,0.443,1.541,1.734,0.836,0.931,0.913,0.722,0.972,0.638,0.294,0.443,1.541,1.734,0.836,0.931,0.913,81.744,E
0.722,0.972,0.638,0.294,0.443,1.541,1.734,0.836,0.931,0.913,0.722,0.972,0.638,0.294,0.443,1.541,1.734,0.836,0.931,0.913,81.744,E
0.722,0.972,0.638,0.294,0.443,1.541,1.734,0.836,0.931,0.913,0.722,0.972,0.638,0.294,0.443,1.541,1.734,0.836,0.931,0.913,81.744,E
0.722,0.972,0.638,0.294,0.443,1.541,1.734,0.836,0.931,0.913,0.722,0.972,0.638,0.294,0.443,1.541,1.734,0.836,0.931,0.913,81.744,E
0.722,0.972,0.638,0.294,0.443,1.541,1.734,0.836,0.931,0.913,0.722,0.972,0.638,0.294,0.443,1.541,1.734,0.836,0.931,0.913,81.744,E
0.722,0.972,0.638,0.294,0.443,1.541,1.734,0.836,0.931,0.913,0.722,0.972,0.638,0.294,0.443,1.541,1.734,0.836,0.931,0.913,81.744,E
0.722,0.972,0.638,0.294,0.443,1.541,1.734,0.836,0.931,0.913,0.722,0.972,0.638,0.294,0.443,1.541,1.734,0.836,0.931,0.913,81.744,E
0.722,0.972,0.638,0.294,0.443,1.541,1.734,0.836,0.931,0.913,0.722,0.972,0.638,0.294,0.443,1.541,1.734,0.836,0.931,0.913,81.744,E
0.722,0.972,0.638,0.294,0.443,1.541,1.734,0.836,0.931,0.913,0.722,0.972,0.638,0.294,0.443,1.541,1.734,0.836,0.931,0.913,81.744,E
0.722,0.972,0.638,0.294,0.443,1.541,1.734,0.836,0.931,0.913,0.722,0.972,0.638,0.294,0.443,1.541,1.734,0.836,0.931,0.913,81.744,E
0.722,0.972,0.638,0.294,0.443,1.541,1.734,0.836,0.931,0.913,0.722,0.972,0.638,0.294,0.443,1.541,1.734,0.836,0.931,0.913,81.744,E
0.722,0.972,0.638,0.294,0.443,1.541,1.734,0.836,0.931,0.913,0.722,0.972,0.638,0.294,0.443,1.541,1.734,0.836,0.931,0.913,81.744,E
1.185,2.588,1.254,1.336,0.403,9.117,3.156,0.36,3.226,6.15,1.185,2.588,1.254,1.336,0.403,9.117,3.156,0.36,3.226,6.15,75.425,F
0.196,1.259,0.325,0.392,0.198,7.935,5.733,0.526,5.88,3.856,0.196,1.259,0.325,0.392,0.198,7.935,5.733,0.526,5.88,3.856,70.257,F
1.661,2.322,1.701,1.882,2.697,1.558,0.666,0.069,0.601,1.064,1.661,2.322,1.701,1.882,2.697,1.558,0.666,0.069,0.601,1.064,22.136,F
1.661,2.322,1.701,1.882,2.697,1.558,0.666,0.069,0.601,1.064,1.661,2.322,1.701,1.882,2.697,1.558,0.666,0.069,0.601,1.064,22.136,F
1.661,2.322,1.701,1.882,2.697,1.558,0.666,0.069,0.601,1.064,1.661,2.322,1.701,1.882,2.697,1.558,0.666,0.069,0.601,1.064,22.136,F
0.534,1.343,0.607,0.62,0.089,21.609,15.6,1,14.811,9.263,0.534,1.343,0.607,0.62,0.089,21.609,15.6,1,14.811,9.263,71.176,F
1.036,1.622,0.667,0.719,1.358,1.686,0.888,0.094,0.794,1.124,1.036,1.622,0.667,0.719,1.358,1.686,0.888,0.094,0.794,1.124,23.409,F
1.036,1.622,0.667,0.719,1.358,1.686,0.888,0.094,0.794,1.124,1.036,1.622,0.667,0.719,1.358,1.686,0.888,0.094,0.794,1.124,23.409,F
1.036,1.622,0.667,0.719,1.358,1.686,0.888,0.094,0.794,1.124,1.036,1.622,0.667,0.719,1.358,1.686,0.888,0.094,0.794,1.124,23.409,F
0.748,1.412,0.686,0.778,0.369,5.621,2.869,0.495,3.13,3.814,0.748,1.412,0.686,0.778,0.369,5.621,2.869,0.495,3.13,3.814,84.172,F
0.619,1.65,0.492,0.584,0.674,3.181,2.176,0.137,2.059,1.009,0.619,1.65,0.492,0.584,0.674,3.181,2.176,0.137,2.059,1.009,35.735,F
0.619,1.65,0.492,0.584,0.674,3.181,2.176,0.137,2.059,1.009,0.619,1.65,0.492,0.584,0.674,3.181,2.176,0.137,2.059,1.009,35.735,F
0.971,1.897,0.756,0.937,0.718,3.645,1.803,0.275,1.569,2.001,0.971,1.897,0.756,0.937,0.718,3.645,1.803,0.275,1.569,2.001,38.013,F
0.971,1.897,0.756,0.937,0.718,3.645,1.803,0.275,1.569,2.001,0.971,1.897,0.756,0.937,0.718,3.645,1.803,0.275,1.569,2.001,38.013,F
0.971,1.897,0.756,0.937,0.718,3.645,1.803,0.275,1.569,2.001,0.971,1.897,0.756,0.937,0.718,3.645,1.803,0.275,1.569,2.001,38.013,F
0.509,1.541,0.823,0.781,0.322,6.354,3.118,0.86,3.917,3.807,0.509,1.541,0.823,0.781,0.322,6.354,3.118,0.86,3.917,3.807,63.285,F
1.352,1.506,0.761,0.814,1.924,1.205,0.727,0.03,0.699,0.836,1.352,1.506,0.761,0.814,1.924,1.205,0.727,0.03,0.699,0.836,36.346,F
1.352,1.506,0.761,0.814,1.924,1.205,0.727,0.03,0.699,0.836,1.352,1.506,0.761,0.814,1.924,1.205,0.727,0.03,0.699,0.836,36.346,F
0.91,1.622,1.272,1.244,0.346,7.836,2.144,0.237,2.37,6.115,0.91,1.622,1.272,1.244,0.346,7.836,2.144,0.237,2.37,6.115,61.205,F
0.703,1.571,0.708,0.691,0.767,2.84,1.31,0.032,1.339,2.139,0.703,1.571,0.708,0.691,0.767,2.84,1.31,0.032,1.339,2.139,33.838,F
0.703,1.571,0.708,0.691,0.767,2.84,1.31,0.032,1.339,2.139,0.703,1.571,0.708,0.691,0.767,2.84,1.31,0.032,1.339,2.139,33.838,F
1.61,1.07,0.889,0.853,1.159,0.646,0.447,0.208,0.238,0.209,1.61,1.07,0.889,0.853,1.159,0.646,0.447,0.208,0.238,0.209,147.557,G
1.625,1.084,0.885,0.841,1.184,0.653,0.454,0.218,0.235,0.207,1.625,1.084,0.885,0.841,1.184,0.653,0.454,0.218,0.235,0.207,147.299,G
1.593,1.06,0.891,0.838,1.177,0.648,0.456,0.214,0.243,0.206,1.593,1.06,0.891,0.838,1.177,0.648,0.456,0.214,0.243,0.206,147.299,G
1.586,1.06,0.901,0.861,1.182,0.651,0.456,0.222,0.235,0.206,1.586,1.06,0.901,0.861,1.182,0.651,0.456,0.222,0.235,0.206,145.89,G
1.652,1.085,0.89,0.832,1.249,0.643,0.444,0.218,0.226,0.208,1.652,1.085,0.89,0.832,1.249,0.643,0.444,0.218,0.226,0.208,146.997,G
1.643,1.075,0.886,0.825,1.228,0.649,0.459,0.221,0.238,0.202,1.643,1.075,0.886,0.825,1.228,0.649,0.459,0.221,0.238,0.202,146.997,G
1.617,1.075,0.898,0.852,1.172,0.655,0.447,0.221,0.226,0.219,1.617,1.075,0.898,0.852,1.172,0.655,0.447,0.221,0.226,0.219,147.828,G
1.644,1.077,0.901,0.838,1.224,0.649,0.438,0.218,0.222,0.224,1.644,1.077,0.901,0.838,1.224,0.649,0.438,0.218,0.222,0.224,145.89,G
1.608,1.08,0.906,0.849,1.178,0.665,0.46,0.224,0.237,0.214,1.608,1.08,0.906,0.849,1.178,0.665,0.46,0.224,0.237,0.214,147.275,G
1.626,1.082,0.903,0.859,1.166,0.655,0.445,0.211,0.234,0.218,1.626,1.082,0.903,0.859,1.166,0.655,0.445,0.211,0.234,0.218,149.496,G
1.616,1.069,0.891,0.823,1.187,0.639,0.446,0.211,0.236,0.207,1.616,1.069,0.891,0.823,1.187,0.639,0.446,0.211,0.236,0.207,146.441,G
1.607,1.075,0.887,0.833,1.155,0.649,0.44,0.207,0.233,0.222,1.607,1.075,0.887,0.833,1.155,0.649,0.44,0.207,0.233,0.222,149.215,G
1.596,1.06,0.88,0.828,1.173,0.653,0.462,0.214,0.248,0.207,1.596,1.06,0.88,0.828,1.173,0.653,0.462,0.214,0.248,0.207,147.275,G
1.659,1.084,0.905,0.854,1.227,0.641,0.428,0.21,0.219,0.222,1.659,1.084,0.905,0.854,1.227,0.641,0.428,0.21,0.219,0.222,147.828,G
1.624,1.086,0.887,0.832,1.208,0.651,0.443,0.216,0.228,0.218,1.624,1.086,0.887,0.832,1.208,0.651,0.443,0.216,0.228,0.218,144.803,G
1.632,1.086,0.893,0.853,1.203,0.662,0.445,0.21,0.235,0.226,1.632,1.086,0.893,0.853,1.203,0.662,0.445,0.21,0.235,0.226,147.828,G
1.615,1.081,0.898,0.846,1.176,0.657,0.441,0.206,0.236,0.226,1.615,1.081,0.898,0.846,1.176,0.657,0.441,0.206,0.236,0.226,147.872,G
1.625,1.079,0.896,0.855,1.219,0.656,0.449,0.223,0.227,0.217,1.625,1.079,0.896,0.855,1.219,0.656,0.449,0.223,0.227,0.217,148.408,G
1.617,1.072,0.9,0.846,1.198,0.647,0.451,0.218,0.234,0.206,1.617,1.072,0.9,0.846,1.198,0.647,0.451,0.218,0.234,0.206,146.728,G
1.642,1.06,0.884,0.829,1.249,0.64,0.446,0.214,0.233,0.211,1.642,1.06,0.884,0.829,1.249,0.64,0.446,0.214,0.233,0.211,148.111,G
1.641,1.074,0.89,0.827,1.215,0.649,0.448,0.217,0.233,0.214,1.641,1.074,0.89,0.827,1.215,0.649,0.448,0.217,0.233,0.214,148.718,G
6.391,4.182,2.285,3.141,9.521,0.767,0.263,0.111,0.158,0.511,6.391,4.182,2.285,3.141,9.521,0.767,0.263,0.111,0.158,0.511,156.285,H
6.391,4.182,2.285,3.141,9.521,0.767,0.263,0.111,0.158,0.511,6.391,4.182,2.285,3.141,9.521,0.767,0.263,0.111,0.158,0.511,156.285,H
6.391,4.182,2.285,3.141,9.521,0.767,0.263,0.111,0.158,0.511,6.391,4.182,2.285,3.141,9.521,0.767,0.263,0.111,0.158,0.511,156.285,H
6.391,4.182,2.285,3.141,9.521,0.767,0.263,0.111,0.158,0.511,6.391,4.182,2.285,3.141,9.521,0.767,0.263,0.111,0.158,0.511,156.285,H
6.391,4.182,2.285,3.141,9.521,0.767,0.263,0.111,0.158,0.511,6.391,4.182,2.285,3.141,9.521,0.767,0.263,0.111,0.158,0.511,156.285,H
6.391,4.182,2.285,3.141,9.521,0.767,0.263,0.111,0.158,0.511,6.391,4.182,2.285,3.141,9.521,0.767,0.263,0.111,0.158,0.511,156.285,H
6.391,4.182,2.285,3.141,9.521,0.767,0.263,0.111,0.158,0.511,6.391,4.182,2.285,3.141,9.521,0.767,0.263,0.111,0.158,0.511,156.285,H
6.391,4.182,2.285,3.141,9.521,0.767,0.263,0.111,0.158,0.511,6.391,4.182,2.285,3.141,9.521,0.767,0.263,0.111,0.158,0.511,156.285,H
6.391,4.182,2.285,3.141,9.521,0.767,0.263,0.111,0.158,0.511,6.391,4.182,2.285,3.141,9.521,0.767,0.263,0.111,0.158,0.511,156.285,H
6.391,4.182,2.285,3.141,9.521,0.767,0.263,0.111,0.158,0.511,6.391,4.182,2.285,3.141,9.521,0.767,0.263,0.111,0.158,0.511,156.285,H
6.391,4.182,2.285,3.141,9.521,0.767,0.263,0.111,0.158,0.511,6.391,4.182,2.285,3.141,9.521,0.767,0.263,0.111,0.158,0.511,156.285,H
6.391,4.182,2.285,3.141,9.521,0.767,0.263,0.111,0.158,0.511,6.391,4.182,2.285,3.141,9.521,0.767,0.263,0.111,0.158,0.511,156.285,H
6.391,4.182,2.285,3.141,9.521,0.767,0.263,0.111,0.158,0.511,6.391,4.182,2.285,3.141,9.521,0.767,0.263,0.111,0.158,0.511,156.285,H
6.391,4.182,2.285,3.141,9.521,0.767,0.263,0.111,0.158,0.511,6.391,4.182,2.285,3.141,9.521,0.767,0.263,0.111,0.158,0.511,156.285,H
6.391,4.182,2.285,3.141,9.521,0.767,0.263,0.111,0.158,0.511,6.391,4.182,2.285,3.141,9.521,0.767,0.263,0.111,0.158,0.511,156.285,H
6.391,4.182,2.285,3.141,9.521,0.767,0.263,0.111,0.158,0.511,6.391,4.182,2.285,3.141,9.521,0.767,0.263,0.111,0.158,0.511,156.285,H
6.391,4.182,2.285,3.141,9.521,0.767,0.263,0.111,0.158,0.511,6.391,4.182,2.285,3.141,9.521,0.767,0.263,0.111,0.158,0.511,156.285,H
6.391,4.182,2.285,3.141,9.521,0.767,0.263,0.111,0.158,0.511,6.391,4.182,2.285,3.141,9.521,0.767,0.263,0.111,0.158,0.511,156.285,H
6.391,4.182,2.285,3.141,9.521,0.767,0.263,0.111,0.158,0.511,6.391,4.182,2.285,3.141,9.521,0.767,0.263,0.111,0.158,0.511,156.285,H
6.391,4.182,2.285,3.141,9.521,0.767,0.263,0.111,0.158,0.511,6.391,4.182,2.285,3.141,9.521,0.767,0.263,0.111,0.158,0.511,156.285,H
6.391,4.182,2.285,3.141,9.521,0.767,0.263,0.111,0.158,0.511,6.391,4.182,2.285,3.141,9.521,0.767,0.263,0.111,0.158,0.511,156.285,H
0.735,0.975,0.893,0.704,0.405,1.309,1.118,0.604,0.568,0.362,0.735,0.975,0.893,0.704,0.405,1.309,1.118,0.604,0.568,0.362,27.074,I
0.735,0.975,0.893,0.704,0.405,1.309,1.118,0.604,0.568,0.362,0.735,0.975,0.893,0.704,0.405,1.309,1.118,0.604,0.568,0.362,27.074,I
0.735,0.975,0.893,0.704,0.405,1.309,1.118,0.604,0.568,0.362,0.735,0.975,0.893,0.704,0.405,1.309,1.118,0.604,0.568,0.362,27.074,I
0.735,0.975,0.893,0.704,0.405,1.309,1.118,0.604,0.568,0.362,0.735,0.975,0.893,0.704,0.405,1.309,1.118,0.604,0.568,0.362,27.074,I
0.735,0.975,0.893,0.704,0.405,1.309,1.118,0.604,0.568,0.362,0.735,0.975,0.893,0.704,0.405,1.309,1.118,0.604,0.568,0.362,27.074,I
0.735,0.975,0.893,0.704,0.405,1.309,1.118,0.604,0.568,0.362,0.735,0.975,0.893,0.704,0.405,1.309,1.118,0.604,0.568,0.362,27.074,I
0.735,0.975,0.893,0.704,0.405,1.309,1.118,0.604,0.568,0.362,0.735,0.975,0.893,0.704,0.405,1.309,1.118,0.604,0.568,0.362,27.074,I
0.735,0.975,0.893,0.704,0.405,1.309,1.118,0.604,0.568,0.362,0.735,0.975,0.893,0.704,0.405,1.309,1.118,0.604,0.568,0.362,27.074,I
0.735,0.975,0.893,0.704,0.405,1.309,1.118,0.604,0.568,0.362,0.735,0.975,0.893,0.704,0.405,1.309,1.118,0.604,0.568,0.362,27.074,I
0.735,0.975,0.893,0.704,0.405,1.309,1.118,0.604,0.568,0.362,0.735,0.975,0.893,0.704,0.405,1.309,1.118,0.604,0.568,0.362,27.074,I
0.735,0.975,0.893,0.704,0.405,1.309,1.118,0.604,0.568,0.362,0.735,0.975,0.893,0.704,0.405,1.309,1.118,0.604,0.568,0.362,27.074,I
0.735,0.975,0.893,0.704,0.405,1.309,1.118,0.604,0.568,0.362,0.735,0.975,0.893,0.704,0.405,1.309,1.118,0.604,0.568,0.362,27.074,I
0.735,0.975,0.893,0.704,0.405,1.309,1.118,0.604,0.568,0.362,0.735,0.975,0.893,0.704,0.405,1.309,1.118,0.604,0.568,0.362,27.074,I
0.735,0.975,0.893,0.704,0.405,1.309,1.118,0.604,0.568,0.362,0.735,0.975,0.893,0.704,0.405,1.309,1.118,0.604,0.568,0.362,27.074,I
0.735,0.975,0.893,0.704,0.405,1.309,1.118,0.604,0.568,0.362,0.735,0.975,0.893,0.704,0.405,1.309,1.118,0.604,0.568,0.362,27.074,I
0.735,0.975,0.893,0.704,0.405,1.309,1.118,0.604,0.568,0.362,0.735,0.975,0.893,0.704,0.405,1.309,1.118,0.604,0.568,0.362,27.074,I
0.735,0.975,0.893,0.704,0.405,1.309,1.118,0.604,0.568,0.362,0.735,0.975,0.893,0.704,0.405,1.309,1.118,0.604,0.568,0.362,27.074,I
0.735,0.975,0.893,0.704,0.405,1.309,1.118,0.604,0.568,0.362,0.735,0.975,0.893,0.704,0.405,1.309,1.118,0.604,0.568,0.362,27.074,I
0.735,0.975,0.893,0.704,0.405,1.309,1.118,0.604,0.568,0.362,0.735,0.975,0.893,0.704,0.405,1.309,1.118,0.604,0.568,0.362,27.074,I
0.735,0.975,0.893,0.704,0.405,1.309,1.118,0.604,0.568,0.362,0.735,0.975,0.893,0.704,0.405,1.309,1.118,0.604,0.568,0.362,27.074,I
0.735,0.975,0.893,0.704,0.405,1.309,1.118,0.604,0.568,0.362,0.735,0.975,0.893,0.704,0.405,1.309,1.118,0.604,0.568,0.362,27.074,I
0.735,0.975,0.893,0.704,0.405,1.309,1.118,0.604,0.568,0.362,0.735,0.975,0.893,0.704,0.405,1.309,1.118,0.604,0.568,0.362,27.074,J
0.735,0.975,0.893,0.704,0.405,1.309,1.118,0.604,0.568,0.362,0.735,0.975,0.893,0.704,0.405,1.309,1.118,0.604,0.568,0.362,27.074,J
0.735,0.975,0.893,0.704,0.405,1.309,1.118,0.604,0.568,0.362,0.735,0.975,0.893,0.704,0.405,1.309,1.118,0.604,0.568,0.362,27.074,J
0.735,0.975,0.893,0.704,0.405,1.309,1.118,0.604,0.568,0.362,0.735,0.975,0.893,0.704,0.405,1.309,1.118,0.604,0.568,0.362,27.074,J
0.735,0.975,0.893,0.704,0.405,1.309,1.118,0.604,0.568,0.362,0.735,0.975,0.893,0.704,0.405,1.309,1.118,0.604,0.568,0.362,27.074,J
0.735,0.975,0.893,0.704,0.405,1.309,1.118,0.604,0.568,0.362,0.735,0.975,0.893,0.704,0.405,1.309,1.118,0.604,0.568,0.362,27.074,J
0.735,0.975,0.893,0.704,0.405,1.309,1.118,0.604,0.568,0.362,0.735,0.975,0.893,0.704,0.405,1.309,1.118,0.604,0.568,0.362,27.074,J
0.735,0.975,0.893,0.704,0.405,1.309,1.118,0.604,0.568,0.362,0.735,0.975,0.893,0.704,0.405,1.309,1.118,0.604,0.568,0.362,27.074,J
0.735,0.975,0.893,0.704,0.405,1.309,1.118,0.604,0.568,0.362,0.735,0.975,0.893,0.704,0.405,1.309,1.118,0.604,0.568,0.362,27.074,J
0.735,0.975,0.893,0.704,0.405,1.309,1.118,0.604,0.568,0.362,0.735,0.975,0.893,0.704,0.405,1.309,1.118,0.604,0.568,0.362,27.074,J
0.735,0.975,0.893,0.704,0.405,1.309,1.118,0.604,0.568,0.362,0.735,0.975,0.893,0.704,0.405,1.309,1.118,0.604,0.568,0.362,27.074,J
0.735,0.975,0.893,0.704,0.405,1.309,1.118,0.604,0.568,0.362,0.735,0.975,0.893,0.704,0.405,1.309,1.118,0.604,0.568,0.362,27.074,J
0.735,0.975,0.893,0.704,0.405,1.309,1.118,0.604,0.568,0.362,0.735,0.975,0.893,0.704,0.405,1.309,1.118,0.604,0.568,0.362,27.074,J
0.735,0.975,0.893,0.704,0.405,1.309,1.118,0.604,0.568,0.362,0.735,0.975,0.893,0.704,0.405,1.309,1.118,0.604,0.568,0.362,27.074,J
0.735,0.975,0.893,0.704,0.405,1.309,1.118,0.604,0.568,0.362,0.735,0.975,0.893,0.704,0.405,1.309,1.118,0.604,0.568,0.362,27.074,J
0.735,0.975,0.893,0.704,0.405,1.309,1.118,0.604,0.568,0.362,0.735,0.975,0.893,0.704,0.405,1.309,1.118,0.604,0.568,0.362,27.074,J
0.735,0.975,0.893,0.704,0.405,1.309,1.118,0.604,0.568,0.362,0.735,0.975,0.893,0.704,0.405,1.309,1.118,0.604,0.568,0.362,27.074,J
0.735,0.975,0.893,0.704,0.405,1.309,1.118,0.604,0.568,0.362,0.735,0.975,0.893,0.704,0.405,1.309,1.118,0.604,0.568,0.362,27.074,J
0.735,0.975,0.893,0.704,0.405,1.309,1.118,0.604,0.568,0.362,0.735,0.975,0.893,0.704,0.405,1.309,1.118,0.604,0.568,0.362,27.074,J
0.735,0.975,0.893,0.704,0.405,1.309,1.118,0.604,0.568,0.362,0.735,0.975,0.893,0.704,0.405,1.309,1.118,0.604,0.568,0.362,27.074,J
0.735,0.975,0.893,0.704,0.405,1.309,1.118,0.604,0.568,0.362,0.735,0.975,0.893,0.704,0.405,1.309,1.118,0.604,0.568,0.362,27.074,J
1.155,1.306,0.923,0.818,0.538,1.225,0.474,0.253,0.226,0.754,1.155,1.306,0.923,0.818,0.538,1.225,0.474,0.253,0.226,0.754,85.381,K
1.125,1.307,0.92,0.822,0.542,1.242,0.457,0.236,0.225,0.793,1.125,1.307,0.92,0.822,0.542,1.242,0.457,0.236,0.225,0.793,83.57,K
1.064,1.289,0.921,0.814,0.489,1.374,0.507,0.279,0.231,0.886,1.064,1.289,0.921,0.814,0.489,1.374,0.507,0.279,0.231,0.886,87.321,K
1.082,1.294,0.927,0.826,0.496,1.345,0.515,0.275,0.246,0.837,1.082,1.294,0.927,0.826,0.496,1.345,0.515,0.275,0.246,0.837,86.331,K
1.076,1.287,0.919,0.843,0.481,1.379,0.503,0.238,0.266,0.883,1.076,1.287,0.919,0.843,0.481,1.379,0.503,0.238,0.266,0.883,87.727,K
1.069,1.298,0.941,0.848,0.464,1.43,0.49,0.272,0.224,0.949,1.069,1.298,0.941,0.848,0.464,1.43,0.49,0.272,0.224,0.949,84.599,K
1.093,1.283,0.917,0.798,0.46,1.368,0.571,0.312,0.268,0.804,1.093,1.283,0.917,0.798,0.46,1.368,0.571,0.312,0.268,0.804,84.077,K
1.056,1.257,0.919,0.817,0.473,1.309,0.539,0.267,0.281,0.78,1.056,1.257,0.919,0.817,0.473,1.309,0.539,0.267,0.281,0.78,90.078,K
1.075,1.305,0.924,0.813,0.437,1.483,0.582,0.315,0.277,0.904,1.075,1.305,0.924,0.813,0.437,1.483,0.582,0.315,0.277,0.904,85.422,K
1.101,1.284,0.922,0.819,0.548,1.191,0.447,0.235,0.218,0.757,1.101,1.284,0.922,0.819,0.548,1.191,0.447,0.235,0.218,0.757,88.888,K
1.087,1.302,0.926,0.817,0.508,1.302,0.488,0.271,0.222,0.824,1.087,1.302,0.926,0.817,0.508,1.302,0.488,0.271,0.222,0.824,87.846,K
1.068,1.314,0.932,0.821,0.473,1.448,0.541,0.294,0.259,0.914,1.068,1.314,0.932,0.821,0.473,1.448,0.541,0.294,0.259,0.914,88.549,K
1.083,1.312,0.92,0.833,0.519,1.338,0.478,0.256,0.222,0.867,1.083,1.312,0.92,0.833,0.519,1.338,0.478,0.256,0.222,0.867,85.428,K
1.091,1.288,0.917,0.806,0.481,1.335,0.523,0.288,0.238,0.825,1.091,1.288,0.917,0.806,0.481,1.335,0.523,0.288,0.238,0.825,83.672,K
1.06,1.304,0.915,0.811,0.46,1.471,0.549,0.286,0.268,0.938,1.06,1.304,0.915,0.811,0.46,1.471,0.549,0.286,0.268,0.938,87.207,K
1.088,1.318,0.909,0.789,0.483,1.417,0.567,0.31,0.26,0.859,1.088,1.318,0.909,0.789,0.483,1.417,0.567,0.31,0.26,0.859,86.406,K
1.086,1.266,0.912,0.794,0.457,1.387,0.554,0.306,0.251,0.863,1.086,1.266,0.912,0.794,0.457,1.387,0.554,0.306,0.251,0.863,86.406,K
1.074,1.268,0.932,0.824,0.466,1.375,0.509,0.276,0.247,0.888,1.074,1.268,0.932,0.824,0.466,1.375,0.509,0.276,0.247,0.888,87.727,K
1.074,1.286,0.917,0.8,0.469,1.337,0.57,0.314,0.262,0.769,1.074,1.286,0.917,0.8,0.469,1.337,0.57,0.314,0.262,0.769,86.406,K
1.151,1.276,0.922,0.835,0.591,1.095,0.445,0.226,0.222,0.651,1.151,1.276,0.922,0.835,0.591,1.095,0.445,0.226,0.222,0.651,81.609,K
1.069,1.274,0.902,0.795,0.461,1.35,0.574,0.281,0.298,0.784,1.069,1.274,0.902,0.795,0.461,1.35,0.574,0.281,0.298,0.784,84.095,K
1.336,1.425,0.878,0.833,0.765,1.049,0.358,0.153,0.21,0.691,1.336,1.425,0.878,0.833,0.765,1.049,0.358,0.153,0.21,0.691,114.28,L
1.336,1.425,0.878,0.833,0.765,1.049,0.358,0.153,0.21,0.691,1.336,1.425,0.878,0.833,0.765,1.049,0.358,0.153,0.21,0.691,114.28,L
1.336,1.425,0.878,0.833,0.765,1.049,0.358,0.153,0.21,0.691,1.336,1.425,0.878,0.833,0.765,1.049,0.358,0.153,0.21,0.691,114.28,L
1.336,1.425,0.878,0.833,0.765,1.049,0.358,0.153,0.21,0.691,1.336,1.425,0.878,0.833,0.765,1.049,0.358,0.153,0.21,0.691,114.28,L
1.336,1.425,0.878,0.833,0.765,1.049,0.358,0.153,0.21,0.691,1.336,1.425,0.878,0.833,0.765,1.049,0.358,0.153,0.21,0.691,114.28,L
1.336,1.425,0.878,0.833,0.765,1.049,0.358,0.153,0.21,0.691,1.336,1.425,0.878,0.833,0.765,1.049,0.358,0.153,0.21,0.691,114.28,L
1.336,1.425,0.878,0.833,0.765,1.049,0.358,0.153,0.21,0.691,1.336,1.425,0.878,0.833,0.765,1.049,0.358,0.153,0.21,0.691,114.28,L
1.336,1.425,0.878,0.833,0.765,1.049,0.358,0.153,0.21,0.691,1.336,1.425,0.878,0.833,0.765,1.049,0.358,0.153,0.21,0.691,114.28,L
1.336,1.425,0.878,0.833,0.765,1.049,0.358,0.153,0.21,0.691,1.336,1.425,0.878,0.833,0.765,1.049,0.358,0.153,0.21,0.691,114.28,L
1.336,1.425,0.878,0.833,0.765,1.049,0.358,0.153,0.21,0.691,1.336,1.425,0.878,0.833,0.765,1.049,0.358,0.153,0.21,0.691,114.28,L
1.336,1.425,0.878,0.833,0.765,1.049,0.358,0.153,0.21,0.691,1.336,1.425,0.878,0.833,0.765,1.049,0.358,0.153,0.21,0.691,114.28,L
1.336,1.425,0.878,0.833,0.765,1.049,0.358,0.153,0.21,0.691,1.336,1.425,0.878,0.833,0.765,1.049,0.358,0.153,0.21,0.691,114.28,L
1.336,1.425,0.878,0.833,0.765,1.049,0.358,0.153,0.21,0.691,1.336,1.425,0.878,0.833,0.765,1.049,0.358,0.153,0.21,0.691,114.28,L
1.336,1.425,0.878,0.833,0.765,1.049,0.358,0.153,0.21,0.691,1.336,1.425,0.878,0.833,0.765,1.049,0.358,0.153,0.21,0.691,114.28,L
1.336,1.425,0.878,0.833,0.765,1.049,0.358,0.153,0.21,0.691,1.336,1.425,0.878,0.833,0.765,1.049,0.358,0.153,0.21,0.691,114.28,L
1.336,1.425,0.878,0.833,0.765,1.049,0.358,0.153,0.21,0.691,1.336,1.425,0.878,0.833,0.765,1.049,0.358,0.153,0.21,0.691,114.28,L
1.336,1.425,0.878,0.833,0.765,1.049,0.358,0.153,0.21,0.691,1.336,1.425,0.878,0.833,0.765,1.049,0.358,0.153,0.21,0.691,114.28,L
1.336,1.425,0.878,0.833,0.765,1.049,0.358,0.153,0.21,0.691,1.336,1.425,0.878,0.833,0.765,1.049,0.358,0.153,0.21,0.691,114.28,L
1.336,1.425,0.878,0.833,0.765,1.049,0.358,0.153,0.21,0.691,1.336,1.425,0.878,0.833,0.765,1.049,0.358,0.153,0.21,0.691,114.28,L
1.336,1.425,0.878,0.833,0.765,1.049,0.358,0.153,0.21,0.691,1.336,1.425,0.878,0.833,0.765,1.049,0.358,0.153,0.21,0.691,114.28,L
1.336,1.425,0.878,0.833,0.765,1.049,0.358,0.153,0.21,0.691,1.336,1.425,0.878,0.833,0.765,1.049,0.358,0.153,0.21,0.691,114.28,L
0.488,0.937,0.964,0.495,0.132,5.419,4.984,4.143,1.503,1.839,0.488,0.937,0.964,0.495,0.132,5.419,4.984,4.143,1.503,1.839,125.144,M
0.516,0.962,0.498,0.473,0.088,8.208,6.733,1.031,5.96,4.612,0.516,0.962,0.498,0.473,0.088,8.208,6.733,1.031,5.96,4.612,129.757,M
0.509,0.954,0.932,0.526,0.121,5.552,4.762,3.774,1.36,2.382,0.509,0.954,0.932,0.526,0.121,5.552,4.762,3.774,1.36,2.382,120.416,M
0.49,0.951,0.803,0.49,0.072,9.379,8.246,5.044,3.263,4.078,0.49,0.951,0.803,0.49,0.072,9.379,8.246,5.044,3.263,4.078,127.393,M
0.488,0.938,0.96,0.484,0.121,5.922,5.339,4.493,1.492,2.314,0.488,0.938,0.96,0.484,0.121,5.922,5.339,4.493,1.492,2.314,122.262,M
0.495,0.937,0.961,0.485,0.099,7.229,6.464,5.465,1.748,2.954,0.495,0.937,0.961,0.485,0.099,7.229,6.464,5.465,1.748,2.954,126.57,M
0.491,0.923,0.953,0.476,0.148,4.957,4.571,3.756,1.385,1.874,0.491,0.923,0.953,0.476,0.148,4.957,4.571,3.756,1.385,1.874,120.416,M
0.527,0.954,0.964,0.531,0.14,5.082,4.299,3.606,1.146,2.13,0.527,0.954,0.964,0.531,0.14,5.082,4.299,3.606,1.146,2.13,117.614,M
0.499,0.933,0.963,0.511,0.069,9.691,8.6,7.368,2.076,4.235,0.499,0.933,0.963,0.511,0.069,9.691,8.6,7.368,2.076,4.235,125.483,M
0.504,0.941,0.965,0.49,0.094,7.467,6.597,5.778,1.345,3.172,0.504,0.941,0.965,0.49,0.094,7.467,6.597,5.778,1.345,3.172,127.566,M
0.513,0.946,0.878,0.559,0.087,7.683,6.319,4.43,2,3.68,0.513,0.946,0.878,0.559,0.087,7.683,6.319,4.43,2,3.68,126.479,M
0.5,0.974,0.518,0.503,0.073,9.484,7.953,1.258,7.042,4.274,0.5,0.974,0.518,0.503,0.073,9.484,7.953,1.258,7.042,4.274,130.246,M
0.486,0.934,0.96,0.464,0.109,6.335,5.936,5.039,1.656,2.268,0.486,0.934,0.96,0.464,0.109,6.335,5.936,5.039,1.656,2.268,125.399,M
0.504,0.923,0.96,0.499,0.069,10.423,9.149,7.755,2.287,4.76,0.504,0.923,0.96,0.499,0.069,10.423,9.149,7.755,2.287,4.76,130.752,M
0.499,0.927,0.956,0.486,0.085,7.95,7.074,6.155,1.399,3.808,0.499,0.927,0.956,0.486,0.085,7.95,7.074,6.155,1.399,3.808,124.403,M
0.503,0.934,0.953,0.511,0.051,13.301,11.625,9.647,3.211,6.045,0.503,0.934,0.953,0.511,0.051,13.301,11.625,9.647,3.211,6.045,130.465,M
0.508,0.924,0.964,0.498,0.073,9.832,8.944,7.554,2.359,3.827,0.508,0.924,0.964,0.498,0.073,9.832,8.944,7.554,2.359,3.827,132.966,M
0.493,0.922,0.96,0.475,0.083,8.483,7.672,6.557,1.958,3.795,0.493,0.922,0.96,0.475,0.083,8.483,7.672,6.557,1.958,3.795,126.479,M
0.478,0.917,0.966,0.465,0.1,7.276,6.697,5.78,1.686,3.024,0.478,0.917,0.966,0.465,0.1,7.276,6.697,5.78,1.686,3.024,128.472,M
0.496,0.933,0.904,0.49,0.108,6.597,5.792,4.379,1.805,2.973,0.496,0.933,0.904,0.49,0.108,6.597,5.792,4.379,1.805,2.973,122.409,M
0.494,0.949,0.843,0.522,0.081,8.669,7.216,4.667,2.719,4.198,0.494,0.949,0.843,0.522,0.081,8.669,7.216,4.667,2.719,4.198,124.197,M
0.529,0.944,0.484,0.468,0.185,4.2,3.718,0.515,3.258,1.66,0.529,0.944,0.484,0.468,0.185,4.2,3.718,0.515,3.258,1.66,119.52,N
0.517,0.93,0.483,0.464,0.173,4.392,3.961,0.545,3.468,1.775,0.517,0.93,0.483,0.464,0.173,4.392,3.961,0.545,3.468,1.775,121.342,N
0.528,0.956,0.481,0.466,0.176,4.509,3.926,0.515,3.465,1.786,0.528,0.956,0.481,0.466,0.176,4.509,3.926,0.515,3.465,1.786,121.342,N
0.532,0.947,0.493,0.473,0.187,4.084,3.681,0.514,3.207,1.443,0.532,0.947,0.493,0.473,0.187,4.084,3.681,0.514,3.207,1.443,119.08,N
0.511,0.932,0.48,0.459,0.183,4.201,3.75,0.514,3.283,1.763,0.511,0.932,0.48,0.459,0.183,4.201,3.75,0.514,3.283,1.763,120.071,N
0.516,0.951,0.483,0.456,0.16,4.876,4.33,0.598,3.769,1.869,0.516,0.951,0.483,0.456,0.16,4.876,4.33,0.598,3.769,1.869,124.036,N
0.525,0.943,0.483,0.456,0.187,4.156,3.743,0.542,3.235,1.553,0.525,0.943,0.483,0.456,0.187,4.156,3.743,0.542,3.235,1.553,120.208,N
0.529,0.931,0.489,0.466,0.184,4.197,3.75,0.486,3.293,1.723,0.529,0.931,0.489,0.466,0.184,4.197,3.75,0.486,3.293,1.723,117.388,N
0.519,0.942,0.489,0.468,0.164,4.675,4.179,0.58,3.648,1.802,0.519,0.942,0.489,0.468,0.164,4.675,4.179,0.58,3.648,1.802,123.179,N
0.512,0.942,0.477,0.462,0.185,4.199,3.739,0.515,3.283,1.66,0.512,0.942,0.477,0.462,0.185,4.199,3.739,0.515,3.283,1.66,118.089,N
0.537,0.962,0.488,0.468,0.159,4.927,4.335,0.578,3.802,1.796,0.537,0.962,0.488,0.468,0.159,4.927,4.335,0.578,3.802,1.796,125.766,N
0.53,0.947,0.477,0.463,0.197,3.945,3.462,0.46,3.057,1.619,0.53,0.947,0.477,0.463,0.197,3.945,3.462,0.46,3.057,1.619,117.098,N
0.517,0.944,0.496,0.482,0.162,4.69,4.2,0.566,3.691,1.711,0.517,0.944,0.496,0.482,0.162,4.69,4.2,0.566,3.691,1.711,123.045,N
0.512,0.948,0.49,0.469,0.157,4.967,4.419,0.518,3.926,1.851,0.512,0.948,0.49,0.469,0.157,4.967,4.419,0.518,3.926,1.851,124.31,N
0.513,0.941,0.483,0.467,0.165,4.645,4.206,0.582,3.682,1.674,0.513,0.941,0.483,0.467,0.165,4.645,4.206,0.582,3.682,1.674,121.198,N
0.509,0.945,0.493,0.473,0.168,4.604,4.145,0.579,3.606,1.641,0.509,0.945,0.493,0.473,0.168,4.604,4.145,0.579,3.606,1.641,123.045,N
0.526,0.945,0.476,0.452,0.196,3.986,3.544,0.471,3.107,1.597,0.526,0.945,0.476,0.452,0.196,3.986,3.544,0.471,3.107,1.597,116.559,N
0.523,0.948,0.484,0.466,0.186,4.264,3.795,0.5,3.331,1.578,0.523,0.948,0.484,0.466,0.186,4.264,3.795,0.5,3.331,1.578,119.218,N
0.51,0.935,0.476,0.457,0.177,4.392,3.999,0.545,3.497,1.627,0.51,0.935,0.476,0.457,0.177,4.392,3.999,0.545,3.497,1.627,117.239,N
0.52,0.939,0.49,0.467,0.175,4.373,3.967,0.532,3.466,1.593,0.52,0.939,0.49,0.467,0.175,4.373,3.967,0.532,3.466,1.593,119.218,N
0.514,0.939,0.48,0.462,0.19,4.114,3.719,0.514,3.247,1.521,0.514,0.939,0.48,0.462,0.19,4.114,3.719,0.514,3.247,1.521,117.098,N
0.911,1.017,0.899,0.794,0.423,0.612,0.564,0.317,0.253,0.048,0.911,1.017,0.899,0.794,0.423,0.612,0.564,0.317,0.253,0.048,8,O
0.911,1.017,0.899,0.794,0.423,0.612,0.564,0.317,0.253,0.048,0.911,1.017,0.899,0.794,0.423,0.612,0.564,0.317,0.253,0.048,8,O
0.911,1.017,0.899,0.794,0.423,0.612,0.564,0.317,0.253,0.048,0.911,1.017,0.899,0.794,0.423,0.612,0.564,0.317,0.253,0.048,8,O
0.911,1.017,0.899,0.794,0.423,0.612,0.564,0.317,0.253,0.048,0.911,1.017,0.899,0.794,0.423,0.612,0.564,0.317,0.253,0.048,8,O
0.911,1.017,0.899,0.794,0.423,0.612,0.564,0.317,0.253,0.048,0.911,1.017,0.899,0.794,0.423,0.612,0.564,0.317,0.253,0.048,8,O
0.911,1.017,0.899,0.794,0.423,0.612,0.564,0.317,0.253,0.048,0.911,1.017,0.899,0.794,0.423,0.612,0.564,0.317,0.253,0.048,8,O
0.911,1.017,0.899,0.794,0.423,0.612,0.564,0.317,0.253,0.048,0.911,1.017,0.899,0.794,0.423,0.612,0.564,0.317,0.253,0.048,8,O
0.911,1.017,0.899,0.794,0.423,0.612,0.564,0.317,0.253,0.048,0.911,1.017,0.899,0.794,0.423,0.612,0.564,0.317,0.253,0.048,8,O
0.911,1.017,0.899,0.794,0.423,0.612,0.564,0.317,0.253,0.048,0.911,1.017,0.899,0.794,0.423,0.612,0.564,0.317,0.253,0.048,8,O
0.911,1.017,0.899,0.794,0.423,0.612,0.564,0.317,0.253,0.048,0.911,1.017,0.899,0.794,0.423,0.612,0.564,0.317,0.253,0.048,8,O
0.911,1.017,0.899,0.794,0.423,0.612,0.564,0.317,0.253,0.048,0.911,1.017,0.899,0.794,0.423,0.612,0.564,0.317,0.253,0.048,8,O
0.911,1.017,0.899,0.794,0.423,0.612,0.564,0.317,0.253,0.048,0.911,1.017,0.899,0.794,0.423,0.612,0.564,0.317,0.253,0.048,8,O
0.911,1.017,0.899,0.794,0.423,0.612,0.564,0.317,0.253,0.048,0.911,1.017,0.899,0.794,0.423,0.612,0.564,0.317,0.253,0.048,8,O
0.911,1.017,0.899,0.794,0.423,0.612,0.564,0.317,0.253,0.048,0.911,1.017,0.899,0.794,0.423,0.612,0.564,0.317,0.253,0.048,8,O
0.911,1.017,0.899,0.794,0.423,0.612,0.564,0.317,0.253,0.048,0.911,1.017,0.899,0.794,0.423,0.612,0.564,0.317,0.253,0.048,8,O
0.911,1.017,0.899,0.794,0.423,0.612,0.564,0.317,0.253,0.048,0.911,1.017,0.899,0.794,0.423,0.612,0.564,0.317,0.253,0.048,8,O
0.911,1.017,0.899,0.794,0.423,0.612,0.564,0.317,0.253,0.048,0.911,1.017,0.899,0.794,0.423,0.612,0.564,0.317,0.253,0.048,8,O
0.911,1.017,0.899,0.794,0.423,0.612,0.564,0.317,0.253,0.048,0.911,1.017,0.899,0.794,0.423,0.612,0.564,0.317,0.253,0.048,8,O
0.911,1.017,0.899,0.794,0.423,0.612,0.564,0.317,0.253,0.048,0.911,1.017,0.899,0.794,0.423,0.612,0.564,0.317,0.253,0.048,8,O
0.911,1.017,0.899,0.794,0.423,0.612,0.564,0.317,0.253,0.048,0.911,1.017,0.899,0.794,0.423,0.612,0.564,0.317,0.253,0.048,8,O
0.911,1.017,0.899,0.794,0.423,0.612,0.564,0.317,0.253,0.048,0.911,1.017,0.899,0.794,0.423,0.612,0.564,0.317,0.253,0.048,8,O
1.453,2.133,0.817,0.738,0.81,2.313,0.457,0.2,0.264,1.91,1.453,2.133,0.817,0.738,0.81,2.313,0.457,0.2,0.264,1.91,90.089,P
1.494,2.284,0.805,0.749,0.824,2.432,0.484,0.224,0.277,1.971,1.494,2.284,0.805,0.749,0.824,2.432,0.484,0.224,0.277,1.971,90.05,P
1.391,2.091,0.811,0.771,0.746,2.471,0.454,0.181,0.293,2.073,1.391,2.091,0.811,0.771,0.746,2.471,0.454,0.181,0.293,2.073,88.091,P
1.469,2.162,0.808,0.748,0.799,2.347,0.464,0.194,0.282,1.921,1.469,2.162,0.808,0.748,0.799,2.347,0.464,0.194,0.282,1.921,89.14,P
1.441,2.189,0.797,0.704,0.795,2.378,0.485,0.222,0.277,1.949,1.441,2.189,0.797,0.704,0.795,2.378,0.485,0.222,0.277,1.949,90.05,P
1.447,2.193,0.789,0.712,0.812,2.366,0.483,0.2,0.294,1.937,1.447,2.193,0.789,0.712,0.812,2.366,0.483,0.2,0.294,1.937,88.091,P
1.421,2.174,0.791,0.724,0.793,2.433,0.46,0.173,0.297,2.05,1.421,2.174,0.791,0.724,0.793,2.433,0.46,0.173,0.297,2.05,87.052,P
1.433,2.207,0.808,0.722,0.813,2.404,0.481,0.219,0.271,1.975,1.433,2.207,0.808,0.722,0.813,2.404,0.481,0.219,0.271,1.975,87.052,P
1.457,2.183,0.792,0.741,0.796,2.392,0.482,0.207,0.297,1.945,1.457,2.183,0.792,0.741,0.796,2.392,0.482,0.207,0.297,1.945,89.051,P
1.408,2.19,0.78,0.732,0.758,2.551,0.492,0.214,0.312,2.12,1.408,2.19,0.78,0.732,0.758,2.551,0.492,0.214,0.312,2.12,92.049,P
1.43,2.192,0.8,0.735,0.777,2.477,0.473,0.214,0.281,2.06,1.43,2.192,0.8,0.735,0.777,2.477,0.473,0.214,0.281,2.06,88.142,P
1.456,2.21,0.792,0.738,0.805,2.395,0.475,0.204,0.292,1.958,1.456,2.21,0.792,0.738,0.805,2.395,0.475,0.204,0.292,1.958,88.142,P
1.466,2.25,0.807,0.781,0.776,2.53,0.458,0.208,0.282,2.098,1.466,2.25,0.807,0.781,0.776,2.53,0.458,0.208,0.282,2.098,90.022,P
1.451,2.237,0.805,0.756,0.792,2.48,0.465,0.194,0.288,2.052,1.451,2.237,0.805,0.756,0.792,2.48,0.465,0.194,0.288,2.052,88.023,P
1.438,2.182,0.796,0.703,0.804,2.341,0.482,0.216,0.278,1.915,1.438,2.182,0.796,0.703,0.804,2.341,0.482,0.216,0.278,1.915,87.006,P
1.43,2.238,0.791,0.736,0.762,2.539,0.486,0.199,0.307,2.094,1.43,2.238,0.791,0.736,0.762,2.539,0.486,0.199,0.307,2.094,93.048,P
1.459,2.248,0.803,0.744,0.781,2.488,0.471,0.212,0.281,2.051,1.459,2.248,0.803,0.744,0.781,2.488,0.471,0.212,0.281,2.051,92.087,P
1.417,2.208,0.779,0.749,0.746,2.559,0.462,0.195,0.314,2.148,1.417,2.208,0.779,0.749,0.746,2.559,0.462,0.195,0.314,2.148,90.022,P
1.369,2.108,0.774,0.702,0.731,2.499,0.51,0.194,0.333,2.077,1.369,2.108,0.774,0.702,0.731,2.499,0.51,0.194,0.333,2.077,92.087,P
1.398,2.131,0.784,0.741,0.729,2.518,0.484,0.212,0.313,2.091,1.398,2.131,0.784,0.741,0.729,2.518,0.484,0.212,0.313,2.091,89.006,P
1.391,2.121,0.785,0.735,0.715,2.566,0.499,0.202,0.326,2.131,1.391,2.121,0.785,0.735,0.715,2.566,0.499,0.202,0.326,2.131,94.085,P
0.752,0.547,1.142,1.116,1.473,0.828,0.578,0.326,0.3,0.462,0.752,0.547,1.142,1.116,1.473,0.828,0.578,0.326,0.3,0.462,95.189,Q
0.726,0.526,1.148,1.107,1.42,0.85,0.588,0.328,0.314,0.491,0.726,0.526,1.148,1.107,1.42,0.85,0.588,0.328,0.314,0.491,95.189,Q
0.72,0.517,1.139,1.105,1.407,0.825,0.567,0.313,0.301,0.482,0.72,0.517,1.139,1.105,1.407,0.825,0.567,0.313,0.301,0.482,89.443,Q
0.701,0.525,1.135,1.102,1.396,0.815,0.578,0.323,0.302,0.464,0.701,0.525,1.135,1.102,1.396,0.815,0.578,0.323,0.302,0.464,92.228,Q
0.72,0.528,1.144,1.112,1.433,0.806,0.571,0.319,0.301,0.454,0.72,0.528,1.144,1.112,1.433,0.806,0.571,0.319,0.301,0.454,90.609,Q
0.733,0.536,1.123,1.093,1.437,0.814,0.568,0.315,0.295,0.468,0.733,0.536,1.123,1.093,1.437,0.814,0.568,0.315,0.295,0.468,89.822,Q
0.747,0.516,1.14,1.106,1.45,0.813,0.564,0.32,0.292,0.474,0.747,0.516,1.14,1.106,1.45,0.813,0.564,0.32,0.292,0.474,93.622,Q
0.694,0.53,1.131,1.088,1.363,0.849,0.587,0.33,0.307,0.496,0.694,0.53,1.131,1.088,1.363,0.849,0.587,0.33,0.307,0.496,91.924,Q
0.736,0.536,1.141,1.092,1.418,0.797,0.564,0.322,0.295,0.453,0.736,0.536,1.141,1.092,1.418,0.797,0.564,0.322,0.295,0.453,92.195,Q
0.684,0.516,1.153,1.107,1.41,0.845,0.585,0.326,0.315,0.493,0.684,0.516,1.153,1.107,1.41,0.845,0.585,0.326,0.315,0.493,89.944,Q
0.751,0.52,1.134,1.077,1.424,0.786,0.567,0.324,0.296,0.456,0.751,0.52,1.134,1.077,1.424,0.786,0.567,0.324,0.296,0.456,93.172,Q
0.722,0.539,1.136,1.077,1.377,0.809,0.574,0.321,0.307,0.464,0.722,0.539,1.136,1.077,1.377,0.809,0.574,0.321,0.307,0.464,93.557,Q
0.709,0.537,1.132,1.086,1.379,0.828,0.579,0.324,0.305,0.477,0.709,0.537,1.132,1.086,1.379,0.828,0.579,0.324,0.305,0.477,94.366,Q
0.771,0.559,1.126,1.076,1.447,0.784,0.554,0.314,0.287,0.441,0.771,0.559,1.126,1.076,1.447,0.784,0.554,0.314,0.287,0.441,94.372,Q
0.741,0.515,1.129,1.083,1.416,0.816,0.571,0.324,0.296,0.483,0.741,0.515,1.129,1.083,1.416,0.816,0.571,0.324,0.296,0.483,94.149,Q
0.69,0.529,1.138,1.08,1.358,0.83,0.574,0.321,0.308,0.488,0.69,0.529,1.138,1.08,1.358,0.83,0.574,0.321,0.308,0.488,92.396,Q
0.728,0.539,1.129,1.078,1.414,0.8,0.562,0.317,0.295,0.461,0.728,0.539,1.129,1.078,1.414,0.8,0.562,0.317,0.295,0.461,92.195,Q
0.669,0.516,1.14,1.093,1.351,0.858,0.582,0.334,0.302,0.512,0.669,0.516,1.14,1.093,1.351,0.858,0.582,0.334,0.302,0.512,92.779,Q
0.739,0.538,1.135,1.079,1.41,0.806,0.561,0.321,0.293,0.467,0.739,0.538,1.135,1.079,1.41,0.806,0.561,0.321,0.293,0.467,94.831,Q
0.736,0.537,1.132,1.077,1.398,0.818,0.564,0.323,0.292,0.479,0.736,0.537,1.132,1.077,1.398,0.818,0.564,0.323,0.292,0.479,91.984,Q
0.742,0.512,1.15,1.094,1.412,0.795,0.564,0.324,0.298,0.463,0.742,0.512,1.15,1.094,1.412,0.795,0.564,0.324,0.298,0.463,96.104,Q
0.69,0.957,0.928,0.772,0.918,0.732,0.532,0.347,0.192,0.294,0.69,0.957,0.928,0.772,0.918,0.732,0.532,0.347,0.192,0.294,151.822,R
0.687,0.951,0.936,0.777,0.922,0.732,0.535,0.353,0.191,0.294,0.687,0.951,0.936,0.777,0.922,0.732,0.535,0.353,0.191,0.294,150.572,R
0.688,0.956,0.932,0.782,0.928,0.735,0.536,0.348,0.195,0.288,0.688,0.956,0.932,0.782,0.928,0.735,0.536,0.348,0.195,0.288,151.242,R
0.685,0.952,0.936,0.781,0.922,0.732,0.537,0.354,0.191,0.288,0.685,0.952,0.936,0.781,0.922,0.732,0.537,0.354,0.191,0.288,151.529,R
0.686,0.957,0.941,0.789,0.93,0.72,0.527,0.349,0.187,0.278,0.686,0.957,0.941,0.789,0.93,0.72,0.527,0.349,0.187,0.278,148.368,R
0.682,0.952,0.935,0.779,0.928,0.732,0.538,0.355,0.191,0.288,0.682,0.952,0.935,0.779,0.928,0.732,0.538,0.355,0.191,0.288,148.661,R
0.693,0.955,0.936,0.777,0.921,0.728,0.534,0.346,0.198,0.287,0.693,0.955,0.936,0.777,0.921,0.728,0.534,0.346,0.198,0.287,149.325,R
0.69,0.953,0.932,0.774,0.918,0.725,0.539,0.354,0.194,0.28,0.69,0.953,0.932,0.774,0.918,0.725,0.539,0.354,0.194,0.28,150.572,R
0.679,0.952,0.935,0.781,0.91,0.733,0.539,0.346,0.203,0.287,0.679,0.952,0.935,0.781,0.91,0.733,0.539,0.346,0.203,0.287,148.368,R
0.685,0.954,0.934,0.776,0.919,0.733,0.539,0.353,0.195,0.287,0.685,0.954,0.934,0.776,0.919,0.733,0.539,0.353,0.195,0.287,150.572,R
0.679,0.952,0.938,0.787,0.925,0.729,0.534,0.346,0.197,0.286,0.679,0.952,0.938,0.787,0.925,0.729,0.534,0.346,0.197,0.286,149.913,R
0.682,0.954,0.933,0.781,0.913,0.734,0.536,0.347,0.197,0.291,0.682,0.954,0.933,0.781,0.913,0.734,0.536,0.347,0.197,0.291,148.081,R
0.689,0.96,0.941,0.781,0.919,0.729,0.532,0.349,0.195,0.284,0.689,0.96,0.941,0.781,0.919,0.729,0.532,0.349,0.195,0.284,149.265,R
0.676,0.944,0.929,0.781,0.918,0.727,0.538,0.345,0.2,0.287,0.676,0.944,0.929,0.781,0.918,0.727,0.538,0.345,0.2,0.287,146.455,R
0.681,0.95,0.938,0.784,0.918,0.727,0.533,0.351,0.191,0.288,0.681,0.95,0.938,0.784,0.918,0.727,0.533,0.351,0.191,0.288,147.054,R
0.695,0.949,0.934,0.775,0.931,0.722,0.533,0.351,0.191,0.287,0.695,0.949,0.934,0.775,0.931,0.722,0.533,0.351,0.191,0.287,146.103,R
0.689,0.949,0.934,0.778,0.925,0.727,0.536,0.353,0.191,0.287,0.689,0.949,0.934,0.778,0.925,0.727,0.536,0.353,0.191,0.287,145.499,R
0.677,0.942,0.936,0.779,0.915,0.724,0.537,0.353,0.192,0.289,0.677,0.942,0.936,0.779,0.915,0.724,0.537,0.353,0.192,0.289,143.892,R
0.683,0.948,0.935,0.78,0.912,0.728,0.535,0.35,0.193,0.291,0.683,0.948,0.935,0.78,0.912,0.728,0.535,0.35,0.193,0.291,144.845,R
0.677,0.947,0.94,0.788,0.92,0.725,0.53,0.35,0.188,0.29,0.677,0.947,0.94,0.788,0.92,0.725,0.53,0.35,0.188,0.29,144.845,R
0.684,0.942,0.932,0.776,0.911,0.726,0.538,0.352,0.194,0.291,0.684,0.942,0.932,0.776,0.911,0.726,0.538,0.352,0.194,0.291,142.941,R
1.418,1.089,0.914,0.872,1.529,0.624,0.437,0.223,0.218,0.196,1.418,1.089,0.914,0.872,1.529,0.624,0.437,0.223,0.218,0.196,275.262,S
1.196,1.058,0.981,0.928,1.442,0.723,0.547,0.323,0.24,0.189,1.196,1.058,0.981,0.928,1.442,0.723,0.547,0.323,0.24,0.189,265.121,S
1.633,1.171,0.888,0.933,2.042,0.64,0.427,0.206,0.222,0.221,1.633,1.171,0.888,0.933,2.042,0.64,0.427,0.206,0.222,0.221,270.224,S
1.196,0.993,0.956,0.953,1.785,0.766,0.652,0.46,0.212,0.157,1.196,0.993,0.956,0.953,1.785,0.766,0.652,0.46,0.212,0.157,269.418,S
1.572,1.189,0.864,0.861,2.04,0.71,0.536,0.345,0.195,0.183,1.572,1.189,0.864,0.861,2.04,0.71,0.536,0.345,0.195,0.183,273.359,S
1.35,1.113,0.951,0.967,1.883,0.719,0.554,0.319,0.247,0.175,1.35,1.113,0.951,0.967,1.883,0.719,0.554,0.319,0.247,0.175,266.152,S
1.457,1.102,0.876,1.457,2.877,0.818,0.716,0.527,0.206,0.136,1.457,1.102,0.876,1.457,2.877,0.818,0.716,0.527,0.206,0.136,266.12,S
1.448,1.069,0.924,1.215,2.511,0.767,0.646,0.448,0.213,0.152,1.448,1.069,0.924,1.215,2.511,0.767,0.646,0.448,0.213,0.152,268.226,S
1.235,1.029,0.967,0.914,1.61,0.718,0.561,0.349,0.228,0.183,1.235,1.029,0.967,0.914,1.61,0.718,0.561,0.349,0.228,0.183,267.12,S
1.302,1.084,0.919,0.848,1.255,0.616,0.449,0.249,0.202,0.171,1.302,1.084,0.919,0.848,1.255,0.616,0.449,0.249,0.202,0.171,272.184,S
1.376,1.257,0.895,0.853,1.053,0.836,0.437,0.247,0.192,0.399,1.376,1.257,0.895,0.853,1.053,0.836,0.437,0.247,0.192,0.399,277.18,S
1.389,1.06,0.846,0.786,1.272,0.575,0.472,0.25,0.222,0.107,1.389,1.06,0.846,0.786,1.272,0.575,0.472,0.25,0.222,0.107,272.265,S
1.222,0.972,0.913,1.07,2.036,0.782,0.692,0.5,0.205,0.141,1.222,0.972,0.913,1.07,2.036,0.782,0.692,0.5,0.205,0.141,267.226,S
1.337,1.107,0.925,0.866,1.297,0.643,0.452,0.249,0.206,0.194,1.337,1.107,0.925,0.866,1.297,0.643,0.452,0.249,0.206,0.194,272.149,S
1.17,1.012,0.896,0.981,1.567,0.728,0.584,0.359,0.224,0.166,1.17,1.012,0.896,0.981,1.567,0.728,0.584,0.359,0.224,0.166,266.092,S
1.273,0.96,0.942,0.875,1.424,0.609,0.454,0.217,0.246,0.199,1.273,0.96,0.942,0.875,1.424,0.609,0.454,0.217,0.246,0.199,267.067,S
1.227,1.006,0.933,0.967,1.383,0.643,0.519,0.311,0.209,0.136,1.227,1.006,0.933,0.967,1.383,0.643,0.519,0.311,0.209,0.136,266.092,S
1.476,1.144,0.817,0.81,1.656,0.605,0.489,0.228,0.261,0.117,1.476,1.144,0.817,0.81,1.656,0.605,0.489,0.228,0.261,0.117,272.066,S
1.338,1.177,0.88,0.891,1.507,0.709,0.523,0.256,0.267,0.186,1.338,1.177,0.88,0.891,1.507,0.709,0.523,0.256,0.267,0.186,264.03,S
1.297,1.013,0.805,0.654,1.646,0.754,0.699,0.474,0.237,0.09,1.297,1.013,0.805,0.654,1.646,0.754,0.699,0.474,0.237,0.09,274.046,S
1.226,0.985,0.953,0.89,1.354,0.665,0.477,0.308,0.174,0.226,1.226,0.985,0.953,0.89,1.354,0.665,0.477,0.308,0.174,0.226,271.046,S
1.311,1.931,0.874,0.856,0.713,1.801,0.702,0.313,0.391,1.307,1.311,1.931,0.874,0.856,0.713,1.801,0.702,0.313,0.391,1.307,60.828,T
1.272,1.935,0.865,0.844,0.703,1.86,0.701,0.308,0.395,1.336,1.272,1.935,0.865,0.844,0.703,1.86,0.701,0.308,0.395,1.336,65.215,T
1.327,1.953,0.879,0.83,0.733,1.794,0.688,0.324,0.363,1.301,1.327,1.953,0.879,0.83,0.733,1.794,0.688,0.324,0.363,1.301,59.464,T
1.221,1.909,0.863,0.814,0.684,1.903,0.734,0.342,0.392,1.332,1.221,1.909,0.863,0.814,0.684,1.903,0.734,0.342,0.392,1.332,67.424,T
1.219,1.864,0.869,0.824,0.633,1.948,0.778,0.357,0.421,1.366,1.219,1.864,0.869,0.824,0.633,1.948,0.778,0.357,0.421,1.366,64.405,T
1.289,1.888,0.866,0.828,0.729,1.739,0.684,0.323,0.362,1.221,1.289,1.888,0.866,0.828,0.729,1.739,0.684,0.323,0.362,1.221,63.891,T
1.243,1.898,0.849,0.829,0.687,1.831,0.73,0.334,0.401,1.308,1.243,1.898,0.849,0.829,0.687,1.831,0.73,0.334,0.401,1.308,70.767,T
1.225,1.904,0.88,0.826,0.665,1.909,0.73,0.345,0.386,1.362,1.225,1.904,0.88,0.826,0.665,1.909,0.73,0.345,0.386,1.362,68.25,T
1.238,1.902,0.874,0.841,0.681,1.853,0.718,0.333,0.386,1.327,1.238,1.902,0.874,0.841,0.681,1.853,0.718,0.333,0.386,1.327,67.268,T
1.205,1.868,0.866,0.817,0.661,1.904,0.751,0.357,0.395,1.318,1.205,1.868,0.866,0.817,0.661,1.904,0.751,0.357,0.395,1.318,67.956,T
1.275,1.945,0.862,0.825,0.713,1.846,0.717,0.327,0.391,1.326,1.275,1.945,0.862,0.825,0.713,1.846,0.717,0.327,0.391,1.326,66.483,T
1.267,1.952,0.887,0.834,0.723,1.83,0.686,0.326,0.361,1.319,1.267,1.952,0.887,0.834,0.723,1.83,0.686,0.326,0.361,1.319,70.605,T
1.268,1.897,0.89,0.846,0.661,1.868,0.724,0.348,0.376,1.356,1.268,1.897,0.89,0.846,0.661,1.868,0.724,0.348,0.376,1.356,68.819,T
1.181,1.889,0.861,0.804,0.652,1.942,0.74,0.351,0.39,1.365,1.181,1.889,0.861,0.804,0.652,1.942,0.74,0.351,0.39,1.365,72.622,T
1.216,1.862,0.869,0.818,0.643,1.904,0.742,0.353,0.39,1.342,1.216,1.862,0.869,0.818,0.643,1.904,0.742,0.353,0.39,1.342,73.878,T
1.247,1.878,0.85,0.802,0.686,1.824,0.717,0.325,0.393,1.28,1.247,1.878,0.85,0.802,0.686,1.824,0.717,0.325,0.393,1.28,69.296,T
1.255,1.911,0.861,0.818,0.711,1.815,0.708,0.329,0.38,1.282,1.255,1.911,0.861,0.818,0.711,1.815,0.708,0.329,0.38,1.282,71.589,T
1.25,1.896,0.88,0.845,0.677,1.853,0.721,0.331,0.391,1.326,1.25,1.896,0.88,0.845,0.677,1.853,0.721,0.331,0.391,1.326,68.884,T
1.175,1.843,0.848,0.791,0.644,1.913,0.783,0.358,0.425,1.309,1.175,1.843,0.848,0.791,0.644,1.913,0.783,0.358,0.425,1.309,73.783,T
1.226,1.905,0.852,0.808,0.664,1.943,0.751,0.34,0.412,1.365,1.226,1.905,0.852,0.808,0.664,1.943,0.751,0.34,0.412,1.365,69.029,T
1.226,1.868,0.86,0.805,0.671,1.864,0.739,0.346,0.394,1.295,1.226,1.868,0.86,0.805,0.671,1.864,0.739,0.346,0.394,1.295,70,T
1.194,1.401,0.757,0.658,0.722,1.23,0.728,0.29,0.439,0.557,1.194,1.401,0.757,0.658,0.722,1.23,0.728,0.29,0.439,0.557,84.9,U
1.194,1.401,0.757,0.658,0.722,1.23,0.728,0.29,0.439,0.557,1.194,1.401,0.757,0.658,0.722,1.23,0.728,0.29,0.439,0.557,84.9,U
1.194,1.401,0.757,0.658,0.722,1.23,0.728,0.29,0.439,0.557,1.194,1.401,0.757,0.658,0.722,1.23,0.728,0.29,0.439,0.557,84.9,U
1.194,1.401,0.757,0.658,0.722,1.23,0.728,0.29,0.439,0.557,1.194,1.401,0.757,0.658,0.722,1.23,0.728,0.29,0.439,0.557,84.9,U
1.194,1.401,0.757,0.658,0.722,1.23,0.728,0.29,0.439,0.557,1.194,1.401,0.757,0.658,0.722,1.23,0.728,0.29,0.439,0.557,84.9,U
1.194,1.401,0.757,0.658,0.722,1.23,0.728,0.29,0.439,0.557,1.194,1.401,0.757,0.658,0.722,1.23,0.728,0.29,0.439,0.557,84.9,U
1.194,1.401,0.757,0.658,0.722,1.23,0.728,0.29,0.439,0.557,1.194,1.401,0.757,0.658,0.722,1.23,0.728,0.29,0.439,0.557,84.9,U
1.194,1.401,0.757,0.658,0.722,1.23,0.728,0.29,0.439,0.557,1.194,1.401,0.757,0.658,0.722,1.23,0.728,0.29,0.439,0.557,84.9,U
1.194,1.401,0.757,0.658,0.722,1.23,0.728,0.29,0.439,0.557,1.194,1.401,0.757,0.658,0.722,1.23,0.728,0.29,0.439,0.557,84.9,U
1.194,1.401,0.757,0.658,0.722,1.23,0.728,0.29,0.439,0.557,1.194,1.401,0.757,0.658,0.722,1.23,0.728,0.29,0.439,0.557,84.9,U
1.194,1.401,0.757,0.658,0.722,1.23,0.728,0.29,0.439,0.557,1.194,1.401,0.757,0.658,0.722,1.23,0.728,0.29,0.439,0.557,84.9,U
1.194,1.401,0.757,0.658,0.722,1.23,0.728,0.29,0.439,0.557,1.194,1.401,0.757,0.658,0.722,1.23,0.728,0.29,0.439,0.557,84.9,U
1.194,1.401,0.757,0.658,0.722,1.23,0.728,0.29,0.439,0.557,1.194,1.401,0.757,0.658,0.722,1.23,0.728,0.29,0.439,0.557,84.9,U
1.194,1.401,0.757,0.658,0.722,1.23,0.728,0.29,0.439,0.557,1.194,1.401,0.757,0.658,0.722,1.23,0.728,0.29,0.439,0.557,84.9,U
1.194,1.401,0.757,0.658,0.722,1.23,0.728,0.29,0.439,0.557,1.194,1.401,0.757,0.658,0.722,1.23,0.728,0.29,0.439,0.557,84.9,U
1.194,1.401,0.757,0.658,0.722,1.23,0.728,0.29,0.439,0.557,1.194,1.401,0.757,0.658,0.722,1.23,0.728,0.29,0.439,0.557,84.9,U
1.194,1.401,0.757,0.658,0.722,1.23,0.728,0.29,0.439,0.557,1.194,1.401,0.757,0.658,0.722,1.23,0.728,0.29,0.439,0.557,84.9,U
1.194,1.401,0.757,0.658,0.722,1.23,0.728,0.29,0.439,0.557,1.194,1.401,0.757,0.658,0.722,1.23,0.728,0.29,0.439,0.557,84.9,U
1.194,1.401,0.757,0.658,0.722,1.23,0.728,0.29,0.439,0.557,1.194,1.401,0.757,0.658,0.722,1.23,0.728,0.29,0.439,0.557,84.9,U
1.194,1.401,0.757,0.658,0.722,1.23,0.728,0.29,0.439,0.557,1.194,1.401,0.757,0.658,0.722,1.23,0.728,0.29,0.439,0.557,84.9,U
1.194,1.401,0.757,0.658,0.722,1.23,0.728,0.29,0.439,0.557,1.194,1.401,0.757,0.658,0.722,1.23,0.728,0.29,0.439,0.557,84.9,U
1.194,1.401,0.757,0.658,0.722,1.23,0.728,0.29,0.439,0.557,1.194,1.401,0.757,0.658,0.722,1.23,0.728,0.29,0.439,0.557,84.9,V
1.194,1.401,0.757,0.658,0.722,1.23,0.728,0.29,0.439,0.557,1.194,1.401,0.757,0.658,0.722,1.23,0.728,0.29,0.439,0.557,84.9,V
1.194,1.401,0.757,0.658,0.722,1.23,0.728,0.29,0.439,0.557,1.194,1.401,0.757,0.658,0.722,1.23,0.728,0.29,0.439,0.557,84.9,V
1.194,1.401,0.757,0.658,0.722,1.23,0.728,0.29,0.439,0.557,1.194,1.401,0.757,0.658,0.722,1.23,0.728,0.29,0.439,0.557,84.9,V
1.194,1.401,0.757,0.658,0.722,1.23,0.728,0.29,0.439,0.557,1.194,1.401,0.757,0.658,0.722,1.23,0.728,0.29,0.439,0.557,84.9,V
1.194,1.401,0.757,0.658,0.722,1.23,0.728,0.29,0.439,0.557,1.194,1.401,0.757,0.658,0.722,1.23,0.728,0.29,0.439,0.557,84.9,V
1.194,1.401,0.757,0.658,0.722,1.23,0.728,0.29,0.439,0.557,1.194,1.401,0.757,0.658,0.722,1.23,0.728,0.29,0.439,0.557,84.9,V
1.194,1.401,0.757,0.658,0.722,1.23,0.728,0.29,0.439,0.557,1.194,1.401,0.757,0.658,0.722,1.23,0.728,0.29,0.439,0.557,84.9,V
1.194,1.401,0.757,0.658,0.722,1.23,0.728,0.29,0.439,0.557,1.194,1.401,0.757,0.658,0.722,1.23,0.728,0.29,0.439,0.557,84.9,V
1.194,1.401,0.757,0.658,0.722,1.23,0.728,0.29,0.439,0.557,1.194,1.401,0.757,0.658,0.722,1.23,0.728,0.29,0.439,0.557,84.9,V
1.194,1.401,0.757,0.658,0.722,1.23,0.728,0.29,0.439,0.557,1.194,1.401,0.757,0.658,0.722,1.23,0.728,0.29,0.439,0.557,84.9,V
1.194,1.401,0.757,0.658,0.722,1.23,0.728,0.29,0.439,0.557,1.194,1.401,0.757,0.658,0.722,1.23,0.728,0.29,0.439,0.557,84.9,V
1.194,1.401,0.757,0.658,0.722,1.23,0.728,0.29,0.439,0.557,1.194,1.401,0.757,0.658,0.722,1.23,0.728,0.29,0.439,0.557,84.9,V
1.194,1.401,0.757,0.658,0.722,1.23,0.728,0.29,0.439,0.557,1.194,1.401,0.757,0.658,0.722,1.23,0.728,0.29,0.439,0.557,84.9,V
1.194,1.401,0.757,0.658,0.722,1.23,0.728,0.29,0.439,0.557,1.194,1.401,0.757,0.658,0.722,1.23,0.728,0.29,0.439,0.557,84.9,V
1.194,1.401,0.757,0.658,0.722,1.23,0.728,0.29,0.439,0.557,1.194,1.401,0.757,0.658,0.722,1.23,0.728,0.29,0.439,0.557,84.9,V
1.194,1.401,0.757,0.658,0.722,1.23,0.728,0.29,0.439,0.557,1.194,1.401,0.757,0.658,0.722,1.23,0.728,0.29,0.439,0.557,84.9,V
1.194,1.401,0.757,0.658,0.722,1.23,0.728,0.29,0.439,0.557,1.194,1.401,0.757,0.658,0.722,1.23,0.728,0.29,0.439,0.557,84.9,V
1.194,1.401,0.757,0.658,0.722,1.23,0.728,0.29,0.439,0.557,1.194,1.401,0.757,0.658,0.722,1.23,0.728,0.29,0.439,0.557,84.9,V
1.194,1.401,0.757,0.658,0.722,1.23,0.728,0.29,0.439,0.557,1.194,1.401,0.757,0.658,0.722,1.23,0.728,0.29,0.439,0.557,84.9,V
1.194,1.401,0.757,0.658,0.722,1.23,0.728,0.29,0.439,0.557,1.194,1.401,0.757,0.658,0.722,1.23,0.728,0.29,0.439,0.557,84.9,V
2.224,3.278,0.848,0.835,2.304,1.127,0.323,0.166,0.157,1.013,2.224,3.278,0.848,0.835,2.304,1.127,0.323,0.166,0.157,1.013,24.331,W
2.161,3.099,0.762,0.736,2.177,1.138,0.332,0.164,0.17,0.996,2.161,3.099,0.762,0.736,2.177,1.138,0.332,0.164,0.17,0.996,23.345,W
2.201,3.108,0.777,0.707,2.137,1.156,0.311,0.156,0.156,1.024,2.201,3.108,0.777,0.707,2.137,1.156,0.311,0.156,0.156,1.024,24.739,W
2.117,3.089,0.822,0.778,2.171,1.127,0.331,0.179,0.153,0.987,2.117,3.089,0.822,0.778,2.171,1.127,0.331,0.179,0.153,0.987,25.318,W
2.241,3.183,0.783,0.815,2.341,1.086,0.34,0.166,0.175,0.96,2.241,3.183,0.783,0.815,2.341,1.086,0.34,0.166,0.175,0.96,26.306,W
2.169,3.066,0.786,0.743,2.178,1.118,0.338,0.166,0.172,0.986,2.169,3.066,0.786,0.743,2.178,1.118,0.338,0.166,0.172,0.986,24.331,W
2.186,3.126,0.803,0.788,2.237,1.108,0.327,0.169,0.159,0.976,2.186,3.126,0.803,0.788,2.237,1.108,0.327,0.169,0.159,0.976,23.087,W
2.176,3.105,0.787,0.746,2.177,1.134,0.333,0.172,0.162,1.001,2.176,3.105,0.787,0.746,2.177,1.134,0.333,0.172,0.162,1.001,24.515,W
2.13,3.091,0.785,0.777,2.175,1.124,0.336,0.171,0.167,0.991,2.13,3.091,0.785,0.777,2.175,1.124,0.336,0.171,0.167,0.991,26.306,W
2.151,3.053,0.777,0.737,2.159,1.124,0.33,0.172,0.16,0.982,2.151,3.053,0.777,0.737,2.159,1.124,0.33,0.172,0.16,0.982,23.345,W
2.224,3.194,0.767,0.716,2.234,1.155,0.322,0.161,0.162,1.016,2.224,3.194,0.767,0.716,2.234,1.155,0.322,0.161,0.162,1.016,24.515,W
2.182,3.068,0.791,0.719,2.191,1.117,0.319,0.158,0.161,0.975,2.182,3.068,0.791,0.719,2.191,1.117,0.319,0.158,0.161,0.975,23.195,W
2.104,3.041,0.758,0.707,2.134,1.145,0.331,0.166,0.167,0.984,2.104,3.041,0.758,0.707,2.134,1.145,0.331,0.166,0.167,0.984,23.537,W
2.166,3.092,0.797,0.79,2.19,1.107,0.326,0.16,0.167,0.984,2.166,3.092,0.797,0.79,2.19,1.107,0.326,0.16,0.167,0.984,24.331,W
2.175,3.111,0.769,0.72,2.178,1.145,0.316,0.156,0.161,0.996,2.175,3.111,0.769,0.72,2.178,1.145,0.316,0.156,0.161,0.996,26.926,W
2.145,3.13,0.778,0.797,2.198,1.128,0.339,0.166,0.175,0.997,2.145,3.13,0.778,0.797,2.198,1.128,0.339,0.166,0.175,0.997,26.683,W
2.115,3.054,0.787,0.78,2.139,1.125,0.321,0.164,0.16,0.98,2.115,3.054,0.787,0.78,2.139,1.125,0.321,0.164,0.16,0.98,24.515,W
2.167,3.139,0.799,0.806,2.169,1.135,0.309,0.148,0.164,1.004,2.167,3.139,0.799,0.806,2.169,1.135,0.309,0.148,0.164,1.004,26.683,W
2.182,3.094,0.802,0.8,2.13,1.125,0.307,0.145,0.164,1.008,2.182,3.094,0.802,0.8,2.13,1.125,0.307,0.145,0.164,1.008,27.659,W
2.089,3.04,0.785,0.757,2.053,1.159,0.314,0.146,0.169,1.017,2.089,3.04,0.785,0.757,2.053,1.159,0.314,0.146,0.169,1.017,27.459,W
2.06,2.951,0.792,0.758,1.989,1.146,0.326,0.154,0.173,1.011,2.06,2.951,0.792,0.758,1.989,1.146,0.326,0.154,0.173,1.011,26.476,W
1.145,1.835,0.824,0.693,0.616,2.35,0.629,0.305,0.326,1.774,1.145,1.835,0.824,0.693,0.616,2.35,0.629,0.305,0.326,1.774,67.119,X
1.171,1.909,0.825,0.709,0.624,2.455,0.644,0.306,0.339,1.84,1.171,1.909,0.825,0.709,0.624,2.455,0.644,0.306,0.339,1.84,50.99,X
1.171,1.909,0.825,0.709,0.624,2.455,0.644,0.306,0.339,1.84,1.171,1.909,0.825,0.709,0.624,2.455,0.644,0.306,0.339,1.84,50.99,X
1.206,1.922,0.805,0.698,0.666,2.391,0.608,0.288,0.329,1.834,1.206,1.922,0.805,0.698,0.666,2.391,0.608,0.288,0.329,1.834,27.803,X
1.211,1.949,0.827,0.681,0.661,2.37,0.62,0.304,0.316,1.786,1.211,1.949,0.827,0.681,0.661,2.37,0.62,0.304,0.316,1.786,30.887,X
1.208,1.93,0.83,0.7,0.627,2.442,0.645,0.314,0.331,1.82,1.208,1.93,0.83,0.7,0.627,2.442,0.645,0.314,0.331,1.82,22.561,X
1.225,1.919,0.822,0.703,0.642,2.374,0.636,0.303,0.335,1.758,1.225,1.919,0.822,0.703,0.642,2.374,0.636,0.303,0.335,1.758,25.179,X
1.138,1.845,0.833,0.731,0.594,2.44,0.634,0.299,0.338,1.835,1.138,1.845,0.833,0.731,0.594,2.44,0.634,0.299,0.338,1.835,29.833,X
1.227,1.942,0.818,0.694,0.647,2.363,0.632,0.301,0.333,1.747,1.227,1.942,0.818,0.694,0.647,2.363,0.632,0.301,0.333,1.747,32.249,X
1.167,1.891,0.816,0.695,0.591,2.502,0.654,0.31,0.349,1.885,1.167,1.891,0.816,0.695,0.591,2.502,0.654,0.31,0.349,1.885,27.074,X
1.211,1.903,0.824,0.701,0.634,2.366,0.64,0.317,0.326,1.747,1.211,1.903,0.824,0.701,0.634,2.366,0.64,0.317,0.326,1.747,39.598,X
1.173,1.879,0.827,0.7,0.597,2.464,0.648,0.316,0.335,1.852,1.173,1.879,0.827,0.7,0.597,2.464,0.648,0.316,0.335,1.852,37.202,X
1.24,1.926,0.822,0.716,0.651,2.314,0.596,0.273,0.326,1.735,1.24,1.926,0.822,0.716,0.651,2.314,0.596,0.273,0.326,1.735,21.095,X
1.261,1.916,0.833,0.725,0.657,2.296,0.589,0.28,0.311,1.724,1.261,1.916,0.833,0.725,0.657,2.296,0.589,0.28,0.311,1.724,33.242,X
1.164,1.837,0.821,0.702,0.601,2.379,0.633,0.293,0.342,1.789,1.164,1.837,0.821,0.702,0.601,2.379,0.633,0.293,0.342,1.789,21.213,X
1.191,1.911,0.818,0.687,0.642,2.339,0.624,0.311,0.318,1.744,1.191,1.911,0.818,0.687,0.642,2.339,0.624,0.311,0.318,1.744,52.402,X
1.143,1.826,0.804,0.699,0.603,2.342,0.625,0.269,0.362,1.764,1.143,1.826,0.804,0.699,0.603,2.342,0.625,0.269,0.362,1.764,29.682,X
1.206,1.914,0.829,0.706,0.614,2.442,0.634,0.306,0.329,1.833,1.206,1.914,0.829,0.706,0.614,2.442,0.634,0.306,0.329,1.833,31.89,X
1.171,1.871,0.833,0.73,0.598,2.414,0.618,0.292,0.33,1.818,1.171,1.871,0.833,0.73,0.598,2.414,0.618,0.292,0.33,1.818,22.023,X
1.177,1.887,0.831,0.744,0.577,2.52,0.609,0.29,0.331,1.934,1.177,1.887,0.831,0.744,0.577,2.52,0.609,0.29,0.331,1.934,20.881,X
1.198,1.911,0.814,0.706,0.639,2.371,0.608,0.267,0.343,1.795,1.198,1.911,0.814,0.706,0.639,2.371,0.608,0.267,0.343,1.795,24.187,X
2.633,3.782,0.863,1.089,2.559,1.139,0.333,0.192,0.148,1.107,2.633,3.782,0.863,1.089,2.559,1.139,0.333,0.192,0.148,1.107,210.602,Y
2.574,3.662,0.819,1.014,2.479,1.146,0.322,0.186,0.148,1.094,2.574,3.662,0.819,1.014,2.479,1.146,0.322,0.186,0.148,1.094,210.761,Y
2.565,3.656,0.813,1.017,2.473,1.145,0.329,0.193,0.149,1.098,2.565,3.656,0.813,1.017,2.473,1.145,0.329,0.193,0.149,1.098,207.483,Y
2.628,3.755,0.85,1.063,2.553,1.139,0.339,0.198,0.147,1.103,2.628,3.755,0.85,1.063,2.553,1.139,0.339,0.198,0.147,1.103,211.747,Y
2.471,3.529,0.835,0.989,2.376,1.147,0.333,0.198,0.142,1.088,2.471,3.529,0.835,0.989,2.376,1.147,0.333,0.198,0.142,1.088,211.436,Y
2.711,3.872,0.871,1.096,2.633,1.139,0.327,0.19,0.142,1.111,2.711,3.872,0.871,1.096,2.633,1.139,0.327,0.19,0.142,1.111,210.447,Y
2.58,3.715,0.857,1.08,2.458,1.149,0.33,0.19,0.15,1.127,2.58,3.715,0.857,1.08,2.458,1.149,0.33,0.19,0.15,1.127,210.297,Y
2.622,3.746,0.841,1.047,2.537,1.146,0.329,0.199,0.138,1.104,2.622,3.746,0.841,1.047,2.537,1.146,0.329,0.199,0.138,1.104,210.447,Y
2.59,3.735,0.863,1.072,2.518,1.145,0.336,0.194,0.148,1.107,2.59,3.735,0.863,1.072,2.518,1.145,0.336,0.194,0.148,1.107,210.447,Y
2.506,3.599,0.823,1.007,2.398,1.159,0.338,0.195,0.153,1.109,2.506,3.599,0.823,1.007,2.398,1.159,0.338,0.195,0.153,1.109,210.447,Y
2.633,3.768,0.857,1.097,2.558,1.133,0.34,0.202,0.146,1.104,2.633,3.768,0.857,1.097,2.558,1.133,0.34,0.202,0.146,1.104,212.276,Y
2.582,3.695,0.825,1.025,2.495,1.149,0.319,0.184,0.147,1.099,2.582,3.695,0.825,1.025,2.495,1.149,0.319,0.184,0.147,1.099,214.255,Y
2.602,3.768,0.826,1.024,2.516,1.171,0.329,0.195,0.144,1.123,2.602,3.768,0.826,1.024,2.516,1.171,0.329,0.195,0.144,1.123,211.287,Y
2.475,3.57,0.828,1.009,2.401,1.151,0.341,0.196,0.152,1.093,2.475,3.57,0.828,1.009,2.401,1.151,0.341,0.196,0.152,1.093,209.308,Y
2.574,3.677,0.855,1.023,2.467,1.151,0.321,0.183,0.144,1.105,2.574,3.677,0.855,1.023,2.467,1.151,0.321,0.183,0.144,1.105,212.424,Y
2.607,3.716,0.838,1.075,2.493,1.138,0.342,0.209,0.143,1.117,2.607,3.716,0.838,1.075,2.493,1.138,0.342,0.209,0.143,1.117,211.142,Y
2.643,3.761,0.848,1.033,2.549,1.148,0.322,0.186,0.142,1.104,2.643,3.761,0.848,1.033,2.549,1.148,0.322,0.186,0.142,1.104,212.132,Y
2.65,3.793,0.856,1.106,2.599,1.126,0.34,0.202,0.146,1.096,2.65,3.793,0.856,1.106,2.599,1.126,0.34,0.202,0.146,1.096,212.276,Y
2.591,3.731,0.834,1.033,2.501,1.157,0.328,0.188,0.149,1.114,2.591,3.731,0.834,1.033,2.501,1.157,0.328,0.188,0.149,1.114,212.424,Y
2.6,3.744,0.84,1.067,2.516,1.149,0.327,0.19,0.148,1.109,2.6,3.744,0.84,1.067,2.516,1.149,0.327,0.19,0.148,1.109,212.276,Y
2.675,3.805,0.863,1.085,2.583,1.135,0.321,0.182,0.147,1.105,2.675,3.805,0.863,1.085,2.583,1.135,0.321,0.182,0.147,1.105,213.974,Y
0.588,0.957,0.883,0.661,0.453,0.901,0.921,0.634,0.288,0.153,0.588,0.957,0.883,0.661,0.453,0.901,0.921,0.634,0.288,0.153,94.921,Z
0.583,0.958,0.884,0.664,0.448,0.909,0.921,0.622,0.298,0.163,0.583,0.958,0.884,0.664,0.448,0.909,0.921,0.622,0.298,0.163,93.381,Z
0.591,0.957,0.894,0.685,0.463,0.852,0.859,0.587,0.271,0.159,0.591,0.957,0.894,0.685,0.463,0.852,0.859,0.587,0.271,0.159,94.112,Z
0.583,0.962,0.884,0.68,0.471,0.86,0.865,0.585,0.281,0.141,0.583,0.962,0.884,0.68,0.471,0.86,0.865,0.585,0.281,0.141,92.698,Z
0.579,0.958,0.895,0.678,0.459,0.873,0.88,0.605,0.275,0.158,0.579,0.958,0.895,0.678,0.459,0.873,0.88,0.605,0.275,0.158,94.795,Z
0.574,0.957,0.885,0.673,0.455,0.887,0.901,0.607,0.294,0.151,0.574,0.957,0.885,0.673,0.455,0.887,0.901,0.607,0.294,0.151,97,Z
0.576,0.948,0.891,0.671,0.46,0.859,0.892,0.614,0.278,0.162,0.576,0.948,0.891,0.671,0.46,0.859,0.892,0.614,0.278,0.162,92.763,Z
0.573,0.958,0.884,0.673,0.454,0.885,0.899,0.611,0.289,0.151,0.573,0.958,0.884,0.673,0.454,0.885,0.899,0.611,0.289,0.151,94.048,Z
0.587,0.977,0.891,0.674,0.469,0.897,0.869,0.607,0.262,0.14,0.587,0.977,0.891,0.674,0.469,0.897,0.869,0.607,0.262,0.14,92.698,Z
0.584,0.953,0.89,0.675,0.448,0.865,0.896,0.605,0.292,0.151,0.584,0.953,0.89,0.675,0.448,0.865,0.896,0.605,0.292,0.151,95.483,Z
0.575,0.958,0.886,0.668,0.449,0.908,0.928,0.648,0.282,0.146,0.575,0.958,0.886,0.668,0.449,0.908,0.928,0.648,0.282,0.146,97,Z
0.569,0.958,0.894,0.677,0.452,0.889,0.897,0.626,0.271,0.162,0.569,0.958,0.894,0.677,0.452,0.889,0.897,0.626,0.271,0.162,93.349,Z
0.578,0.963,0.892,0.681,0.449,0.868,0.879,0.611,0.269,0.138,0.578,0.963,0.892,0.681,0.449,0.868,0.879,0.611,0.269,0.138,95.776,Z
0.577,0.959,0.888,0.67,0.441,0.896,0.912,0.625,0.287,0.156,0.577,0.959,0.888,0.67,0.441,0.896,0.912,0.625,0.287,0.156,91.285,Z
0.574,0.959,0.892,0.669,0.438,0.906,0.927,0.642,0.285,0.148,0.574,0.959,0.892,0.669,0.438,0.906,0.927,0.642,0.285,0.148,93.381,Z
0.571,0.954,0.888,0.678,0.435,0.873,0.904,0.608,0.296,0.156,0.571,0.954,0.888,0.678,0.435,0.873,0.904,0.608,0.296,0.156,93.381,Z
0.561,0.953,0.888,0.675,0.438,0.892,0.922,0.625,0.297,0.157,0.561,0.953,0.888,0.675,0.438,0.892,0.922,0.625,0.297,0.157,94.048,Z
0.558,0.958,0.888,0.67,0.442,0.901,0.917,0.623,0.294,0.157,0.558,0.958,0.888,0.67,0.442,0.901,0.917,0.623,0.294,0.157,90.51,Z
0.566,0.949,0.888,0.672,0.431,0.892,0.932,0.635,0.297,0.165,0.566,0.949,0.888,0.672,0.431,0.892,0.932,0.635,0.297,0.165,90.554,Z
0.557,0.954,0.887,0.677,0.431,0.904,0.926,0.619,0.307,0.168,0.557,0.954,0.887,0.677,0.431,0.904,0.926,0.619,0.307,0.168,91.22,Z
0.563,0.953,0.893,0.677,0.435,0.892,0.922,0.635,0.286,0.157,0.563,0.953,0.893,0.677,0.435,0.892,0.922,0.635,0.286,0.157,91.935,Z
1.699,1.1,0.915,0.839,1.34,0.505,0.352,0.195,0.157,0.155,1.699,1.1,0.915,0.839,1.34,0.505,0.352,0.195,0.157,0.155,23.022,A
1.728,1.139,0.906,0.804,1.369,0.549,0.375,0.217,0.159,0.174,1.728,1.139,0.906,0.804,1.369,0.549,0.375,0.217,0.159,0.174,25.179,A
1.717,1.063,0.895,0.803,1.379,0.504,0.36,0.2,0.161,0.155,1.717,1.063,0.895,0.803,1.379,0.504,0.36,0.2,0.161,0.155,28,A
1.735,1.111,0.905,0.831,1.367,0.542,0.382,0.203,0.18,0.161,1.735,1.111,0.905,0.831,1.367,0.542,0.382,0.203,0.18,0.161,26,A
1.726,1.107,0.898,0.783,1.379,0.506,0.345,0.189,0.157,0.167,1.726,1.107,0.898,0.783,1.379,0.506,0.345,0.189,0.157,0.167,25,A
1.804,1.108,0.931,0.842,1.478,0.505,0.356,0.194,0.165,0.15,1.804,1.108,0.931,0.842,1.478,0.505,0.356,0.194,0.165,0.15,24.021,A
1.765,1.088,0.888,0.788,1.427,0.498,0.357,0.204,0.153,0.147,1.765,1.088,0.888,0.788,1.427,0.498,0.357,0.204,0.153,0.147,23,A
1.826,1.126,0.935,0.837,1.468,0.498,0.322,0.178,0.148,0.178,1.826,1.126,0.935,0.837,1.468,0.498,0.322,0.178,0.148,0.178,19,A
1.753,1.115,0.895,0.794,1.396,0.516,0.349,0.202,0.147,0.171,1.753,1.115,0.895,0.794,1.396,0.516,0.349,0.202,0.147,0.171,24.083,A
1.759,1.115,0.94,0.855,1.328,0.515,0.336,0.206,0.131,0.18,1.759,1.115,0.94,0.855,1.328,0.515,0.336,0.206,0.131,0.18,22,A
1.719,1.095,0.908,0.784,1.363,0.497,0.364,0.214,0.153,0.135,1.719,1.095,0.908,0.784,1.363,0.497,0.364,0.214,0.153,0.135,21.024,A
1.892,1.158,0.948,0.893,1.52,0.522,0.342,0.197,0.148,0.179,1.892,1.158,0.948,0.893,1.52,0.522,0.342,0.197,0.148,0.179,22,A
1.811,1.115,0.914,0.846,1.488,0.505,0.346,0.198,0.148,0.161,1.811,1.115,0.914,0.846,1.488,0.505,0.346,0.198,0.148,0.161,20,A
1.765,1.088,0.909,0.826,1.392,0.49,0.343,0.19,0.153,0.15,1.765,1.088,0.909,0.826,1.392,0.49,0.343,0.19,0.153,0.15,21.024,A
1.67,1.082,0.893,0.823,1.276,0.546,0.389,0.205,0.185,0.162,1.67,1.082,0.893,0.823,1.276,0.546,0.389,0.205,0.185,0.162,27.074,A
1.8,1.11,0.906,0.801,1.436,0.491,0.343,0.193,0.152,0.149,1.8,1.11,0.906,0.801,1.436,0.491,0.343,0.193,0.152,0.149,20.1,A
1.784,1.11,0.903,0.813,1.487,0.516,0.373,0.213,0.161,0.144,1.784,1.11,0.903,0.813,1.487,0.516,0.373,0.213,0.161,0.144,23.087,A
1.736,1.076,0.921,0.848,1.356,0.475,0.329,0.176,0.153,0.15,1.736,1.076,0.921,0.848,1.356,0.475,0.329,0.176,0.153,0.15,23,A
1.727,1.092,0.915,0.819,1.386,0.503,0.344,0.194,0.152,0.164,1.727,1.092,0.915,0.819,1.386,0.503,0.344,0.194,0.152,0.164,21.095,A
1.636,1.121,0.916,0.841,1.186,0.603,0.391,0.209,0.182,0.215,1.636,1.121,0.916,0.841,1.186,0.603,0.391,0.209,0.182,0.215,35,A
1.805,1.088,0.925,0.821,1.469,0.51,0.353,0.207,0.149,0.164,1.805,1.088,0.925,0.821,1.469,0.51,0.353,0.207,0.149,0.164,21.095,A
1.805,1.133,0.925,0.817,1.375,0.523,0.362,0.206,0.159,0.162,1.805,1.133,0.925,0.817,1.375,0.523,0.362,0.206,0.159,0.162,29.069,A
1.647,1.075,0.912,0.81,1.212,0.538,0.391,0.22,0.173,0.152,1.647,1.075,0.912,0.81,1.212,0.538,0.391,0.22,0.173,0.152,31.016,A
1.717,1.064,0.915,0.795,1.333,0.493,0.349,0.194,0.158,0.156,1.717,1.064,0.915,0.795,1.333,0.493,0.349,0.194,0.158,0.156,25,A
1.693,1.103,0.912,0.834,1.308,0.53,0.373,0.214,0.16,0.158,1.693,1.103,0.912,0.834,1.308,0.53,0.373,0.214,0.16,0.158,30.017,A
1.755,1.085,0.936,0.832,1.34,0.497,0.344,0.205,0.142,0.157,1.755,1.085,0.936,0.832,1.34,0.497,0.344,0.205,0.142,0.157,24,A
1.767,1.106,0.93,0.823,1.361,0.489,0.336,0.186,0.155,0.155,1.767,1.106,0.93,0.823,1.361,0.489,0.336,0.186,0.155,0.155,22,A
1.786,1.11,0.931,0.843,1.4,0.497,0.344,0.207,0.138,0.153,1.786,1.11,0.931,0.843,1.4,0.497,0.344,0.207,0.138,0.153,23.022,A
1.72,1.111,0.937,0.845,1.352,0.53,0.358,0.204,0.158,0.173,1.72,1.111,0.937,0.845,1.352,0.53,0.358,0.204,0.158,0.173,24.083,A
1.801,1.126,0.934,0.849,1.398,0.489,0.332,0.195,0.139,0.157,1.801,1.126,0.934,0.849,1.398,0.489,0.332,0.195,0.139,0.157,23.022,A
1.795,1.087,0.918,0.814,1.434,0.506,0.373,0.21,0.167,0.136,1.795,1.087,0.918,0.814,1.434,0.506,0.373,0.21,0.167,0.136,24,A
1.796,1.119,0.903,0.779,1.444,0.506,0.351,0.193,0.161,0.159,1.796,1.119,0.903,0.779,1.444,0.506,0.351,0.193,0.161,0.159,23,A
1.715,1.12,0.936,0.823,1.374,0.54,0.362,0.215,0.151,0.181,1.715,1.12,0.936,0.823,1.374,0.54,0.362,0.215,0.151,0.181,24,A
1.713,1.106,0.909,0.83,1.322,0.534,0.376,0.215,0.161,0.159,1.713,1.106,0.909,0.83,1.322,0.534,0.376,0.215,0.161,0.159,28.018,A
1.677,1.077,0.908,0.799,1.272,0.494,0.355,0.194,0.163,0.144,1.677,1.077,0.908,0.799,1.272,0.494,0.355,0.194,0.163,0.144,21.095,A
1.794,1.13,0.929,0.848,1.407,0.511,0.352,0.197,0.157,0.159,1.794,1.13,0.929,0.848,1.407,0.511,0.352,0.197,0.157,0.159,25.02,A
1.726,1.109,0.914,0.795,1.365,0.505,0.345,0.198,0.15,0.163,1.726,1.109,0.914,0.795,1.365,0.505,0.345,0.198,0.15,0.163,22,A
1.684,1.106,0.93,0.809,1.303,0.546,0.386,0.23,0.161,0.161,1.684,1.106,0.93,0.809,1.303,0.546,0.386,0.23,0.161,0.161,28.018,A
1.65,1.061,0.916,0.811,1.288,0.546,0.398,0.225,0.176,0.158,1.65,1.061,0.916,0.811,1.288,0.546,0.398,0.225,0.176,0.158,31.016,A
1.62,1.082,0.912,0.818,1.238,0.549,0.391,0.212,0.182,0.163,1.62,1.082,0.912,0.818,1.238,0.549,0.391,0.212,0.182,0.163,27.019,A
1.801,1.118,0.931,0.831,1.426,0.509,0.344,0.196,0.152,0.167,1.801,1.118,0.931,0.831,1.426,0.509,0.344,0.196,0.152,0.167,23.022,A
1.678,1.095,0.902,0.808,1.263,0.519,0.357,0.185,0.173,0.166,1.678,1.095,0.902,0.808,1.263,0.519,0.357,0.185,0.173,0.166,34.059,A
1.728,1.082,0.914,0.815,1.346,0.49,0.345,0.194,0.153,0.15,1.728,1.082,0.914,0.815,1.346,0.49,0.345,0.194,0.153,0.15,21,A
1.705,1.098,0.906,0.8,1.292,0.531,0.387,0.224,0.164,0.146,1.705,1.098,0.906,0.8,1.292,0.531,0.387,0.224,0.164,0.146,26.019,A
1.794,1.114,0.95,0.839,1.397,0.508,0.352,0.217,0.14,0.157,1.794,1.114,0.95,0.839,1.397,0.508,0.352,0.217,0.14,0.157,25.02,A
1.753,1.088,0.909,0.806,1.369,0.501,0.353,0.199,0.156,0.153,1.753,1.088,0.909,0.806,1.369,0.501,0.353,0.199,0.156,0.153,26,A
1.671,1.086,0.918,0.831,1.293,0.534,0.37,0.2,0.172,0.169,1.671,1.086,0.918,0.831,1.293,0.534,0.37,0.2,0.172,0.169,24.021,A
1.796,1.091,0.903,0.797,1.417,0.481,0.339,0.177,0.164,0.147,1.796,1.091,0.903,0.797,1.417,0.481,0.339,0.177,0.164,0.147,18,A
1.691,1.097,0.896,0.827,1.307,0.527,0.373,0.196,0.177,0.156,1.691,1.097,0.896,0.827,1.307,0.527,0.373,0.196,0.177,0.156,26.019,A
1.733,1.078,0.909,0.838,1.384,0.524,0.367,0.202,0.166,0.164,1.733,1.078,0.909,0.838,1.384,0.524,0.367,0.202,0.166,0.164,22.023,A
0.9,0.977,1.016,1.015,0.117,0.899,1,0.807,0.237,0.237,0.9,0.977,1.016,1.015,0.117,0.899,1,0.807,0.237,0.237,17.117,B
0.885,0.967,1.005,0.986,0.105,0.744,0.846,0.707,0.164,0.329,0.885,0.967,1.005,0.986,0.105,0.744,0.846,0.707,0.164,0.329,17.464,B
0.894,0.978,0.989,0.992,0.099,0.62,0.784,0.555,0.248,0.277,0.894,0.978,0.989,0.992,0.099,0.62,0.784,0.555,0.248,0.277,19.647,B
0.91,0.973,1,0.981,0.087,0.5,0.844,0.844,0,0.439,0.91,0.973,1,0.981,0.087,0.5,0.844,0.844,0,0.439,17.117,B
0.894,0.978,0.999,0.973,0.086,0.762,1,0.707,0.316,0.316,0.894,0.978,0.999,0.973,0.086,0.762,1,0.707,0.316,0.316,19.235,B
0.902,0.978,1,0.974,0.087,0.439,0.693,0.693,0,0.31,0.902,0.978,1,0.974,0.087,0.439,0.693,0.693,0,0.31,16.031,B
0.875,0.962,0.994,0.974,0.11,0.307,0.542,0.434,0.108,0.391,0.875,0.962,0.994,0.974,0.11,0.307,0.542,0.434,0.108,0.391,17.029,B
0.88,0.978,0.994,0.974,0.103,0.635,0.833,0.717,0.118,0.264,0.88,0.978,0.994,0.974,0.103,0.635,0.833,0.717,0.118,0.264,18.111,B
0.91,0.973,1.011,0.992,0.094,0.543,0.81,0.779,0.128,0.405,0.91,0.973,1.011,0.992,0.094,0.543,0.81,0.779,0.128,0.405,18.439,B
0.903,0.984,1.011,0.997,0.103,0.589,0.635,0.601,0.118,0.167,0.903,0.984,1.011,0.997,0.103,0.589,0.635,0.601,0.118,0.167,19.026,B
0.873,0.973,0.989,0.957,0.095,0.384,0.573,0.528,0.128,0.286,0.873,0.973,0.989,0.957,0.095,0.384,0.573,0.528,0.128,0.286,20.224,B
0.899,0.984,1,0.984,0.096,0.286,0.384,0.384,0,0.181,0.899,0.984,1,0.984,0.096,0.286,0.384,0.384,0,0.181,18.682,B
0.873,0.973,1,0.963,0.094,0.256,0.653,0.653,0,0.405,0.873,0.973,1,0.963,0.094,0.256,0.653,0.653,0,0.405,19.416,B
0.88,0.967,1,0.979,0.111,0.542,0.66,0.434,0.243,0.307,0.88,0.967,1,0.979,0.111,0.542,0.66,0.434,0.243,0.307,21.095,B
0.904,0.989,1,0.985,0.088,0.447,0.424,0.424,0,0.141,0.904,0.989,1,0.985,0.088,0.447,0.424,0.424,0,0.141,18.248,B
0.897,0.984,0.995,0.969,0.089,0.416,0.572,0.439,0.139,0.196,0.897,0.984,0.995,0.969,0.089,0.416,0.572,0.439,0.139,0.196,18.439,B
0.888,0.978,0.989,0.973,0.096,0.128,0.405,0.384,0.128,0.286,0.888,0.978,0.989,0.973,0.096,0.128,0.405,0.384,0.128,0.286,18.248,B
0.9,0.984,0.994,0.968,0.078,0.796,0.937,0.781,0.156,0.221,0.9,0.984,0.994,0.968,0.078,0.796,0.937,0.781,0.156,0.221,18.439,B
0.884,0.984,1,0.963,0.086,0.316,0.51,0.51,0,0.2,0.884,0.984,1,0.963,0.086,0.316,0.51,0.51,0,0.2,16.492,B
0.911,0.984,1,0.99,0.1,0.175,0.248,0.248,0,0.175,0.911,0.984,1,0.99,0.1,0.175,0.248,0.248,0,0.175,16.279,B
0.902,0.984,0.995,0.979,0.099,0.392,0.496,0.372,0.124,0.175,0.902,0.984,0.995,0.979,0.099,0.392,0.496,0.372,0.124,0.175,16.279,B
0.889,0.973,1,0.991,0.115,0.243,0.447,0.447,0,0.343,0.889,0.973,1,0.991,0.115,0.243,0.447,0.447,0,0.343,17.464,B
0.898,0.967,1,0.957,0.102,0.243,0.542,0.542,0,0.343,0.898,0.967,1,0.957,0.102,0.243,0.542,0.542,0,0.343,15.133,B
0.895,0.984,1,0.974,0.109,0.224,0.354,0.354,0,0.158,0.895,0.984,1,0.974,0.109,0.224,0.354,0.354,0,0.158,16.031,B
0.878,0.972,1,0.979,0.114,0.153,0.243,0.243,0,0.243,0.878,0.972,1,0.979,0.114,0.153,0.243,0.243,0,0.243,17.263,B
0.902,0.989,1.011,0.974,0.115,0.316,0.333,0.38,0.105,0.105,0.902,0.989,1.011,0.974,0.115,0.316,0.333,0.38,0.105,0.105,12.166,B
0.922,0.983,1.005,0.985,0.085,0.333,0.447,0.596,0.149,0.211,0.922,0.983,1.005,0.985,0.085,0.333,0.447,0.596,0.149,0.211,14.318,B
0.879,0.967,0.984,0.963,0.096,0.405,0.653,0.512,0.181,0.362,0.879,0.967,0.984,0.963,0.096,0.405,0.653,0.512,0.181,0.362,18.439,B
0.888,0.979,0.995,0.969,0.109,0.224,0.461,0.354,0.112,0.25,0.888,0.979,0.995,0.969,0.109,0.224,0.461,0.354,0.112,0.25,16.125,B
0.898,0.973,0.99,0.986,0.106,0.329,0.593,0.368,0.232,0.368,0.898,0.973,0.99,0.986,0.106,0.329,0.593,0.368,0.232,0.368,16.031,B
0.886,0.978,0.983,0.968,0.088,0.283,0.583,0.424,0.2,0.316,0.886,0.978,0.983,0.968,0.088,0.283,0.583,0.424,0.2,0.316,18.682,B
0.891,0.989,1,0.98,0.106,0.479,0.465,0.465,0,0.116,0.891,0.989,1,0.98,0.106,0.479,0.465,0.465,0,0.116,16.492,B
0.895,0.978,0.989,0.973,0.1,0.124,0.392,0.372,0.124,0.277,0.895,0.978,0.989,0.973,0.1,0.124,0.392,0.372,0.124,0.277,15.524,B
0.886,0.984,0.995,0.973,0.121,0.203,0.321,0.227,0.102,0.144,0.886,0.984,0.995,0.973,0.121,0.203,0.321,0.227,0.102,0.144,14.142,B
0.927,0.977,0.994,0.972,0.091,0.447,0.707,0.566,0.141,0.316,0.927,0.977,0.994,0.972,0.091,0.447,0.707,0.566,0.141,0.316,13.601,B
0.898,0.972,0.994,0.978,0.131,0.135,0.383,0.287,0.096,0.303,0.898,0.972,0.994,0.978,0.131,0.135,0.383,0.287,0.096,0.303,15.033,B
0.907,0.978,0.994,0.979,0.108,0.262,0.468,0.351,0.117,0.262,0.907,0.978,0.994,0.979,0.108,0.262,0.468,0.351,0.117,0.262,16.125,B
0.882,0.978,1,0.945,0.084,0.422,0.745,0.745,0,0.333,0.882,0.978,1,0.945,0.084,0.422,0.745,0.745,0,0.333,18.439,B
0.907,0.984,1.011,0.985,0.1,0.277,0.372,0.392,0.124,0.175,0.907,0.984,1.011,0.985,0.1,0.277,0.372,0.392,0.124,0.175,15.133,B
0.874,0.979,1,0.969,0.104,0.236,0.486,0.486,0,0.264,0.874,0.979,1,0.969,0.104,0.236,0.486,0.486,0,0.264,16.492,B
0.909,0.983,1,0.966,0.116,0.156,0.312,0.312,0,0.156,0.909,0.983,1,0.966,0.116,0.156,0.312,0.312,0,0.156,14.318,B
0.878,0.962,1.006,0.974,0.104,0.333,0.589,0.486,0.167,0.425,0.878,0.962,1.006,0.974,0.104,0.333,0.589,0.486,0.167,0.425,18.682,B
0.897,0.977,1.006,0.985,0.1,0.462,0.653,0.512,0.181,0.286,0.897,0.977,1.006,0.985,0.1,0.462,0.653,0.512,0.181,0.286,16.031,B
0.887,0.972,1.005,0.967,0.1,0.392,0.744,0.632,0.175,0.392,0.887,0.972,1.005,0.967,0.1,0.392,0.744,0.632,0.175,0.392,18.439,B
0.893,0.967,1.006,0.973,0.101,0.175,0.392,0.511,0.124,0.351,0.893,0.967,1.006,0.973,0.101,0.175,0.392,0.511,0.124,0.351,14.142,B
0.896,0.96,1.006,0.968,0.109,0.422,0.702,0.597,0.166,0.422,0.896,0.96,1.006,0.968,0.109,0.422,0.702,0.597,0.166,0.422,13,B
0.883,0.972,1.006,0.967,0.113,0.112,0.461,0.403,0.158,0.354,0.883,0.972,1.006,0.967,0.113,0.112,0.461,0.403,0.158,0.354,15.133,B
0.908,0.961,1.011,0.979,0.109,0.262,0.468,0.483,0.117,0.422,0.908,0.961,1.011,0.979,0.109,0.262,0.468,0.483,0.117,0.422,12,B
0.892,0.961,1.011,0.966,0.108,0.117,0.331,0.422,0.117,0.422,0.892,0.961,1.011,0.966,0.108,0.117,0.331,0.422,0.117,0.422,15.297,B
0.894,0.967,1.015,0.988,0.12,0.237,0.106,0.335,0.318,0.3,0.894,0.967,1.015,0.988,0.12,0.237,0.106,0.335,0.318,0.3,15.033,B
0.893,0.984,1.011,0.973,0.101,0.124,0.392,0.447,0.124,0.372,0.893,0.984,1.011,0.973,0.101,0.124,0.392,0.447,0.124,0.372,15.033,B
0.729,0.99,0.977,0.88,0.712,0.262,0.234,0.175,0.063,0.055,0.729,0.99,0.977,0.88,0.712,0.262,0.234,0.175,0.063,0.055,1.414,C
0.729,0.99,0.977,0.88,0.712,0.262,0.234,0.175,0.063,0.055,0.729,0.99,0.977,0.88,0.712,0.262,0.234,0.175,0.063,0.055,1.414,C
0.729,0.99,0.977,0.88,0.712,0.262,0.234,0.175,0.063,0.055,0.729,0.99,0.977,0.88,0.712,0.262,0.234,0.175,0.063,0.055,1.414,C
0.729,0.99,0.977,0.88,0.712,0.262,0.234,0.175,0.063,0.055,0.729,0.99,0.977,0.88,0.712,0.262,0.234,0.175,0.063,0.055,1.414,C
0.729,0.99,0.977,0.88,0.712,0.262,0.234,0.175,0.063,0.055,0.729,0.99,0.977,0.88,0.712,0.262,0.234,0.175,0.063,0.055,1.414,C
0.729,0.99,0.977,0.88,0.712,0.262,0.234,0.175,0.063,0.055,0.729,0.99,0.977,0.88,0.712,0.262,0.234,0.175,0.063,0.055,1.414,C
0.729,0.99,0.977,0.88,0.712,0.262,0.234,0.175,0.063,0.055,0.729,0.99,0.977,0.88,0.712,0.262,0.234,0.175,0.063,0.055,1.414,C
0.729,0.99,0.977,0.88,0.712,0.262,0.234,0.175,0.063,0.055,0.729,0.99,0.977,0.88,0.712,0.262,0.234,0.175,0.063,0.055,1.414,C
0.729,0.99,0.977,0.88,0.712,0.262,0.234,0.175,0.063,0.055,0.729,0.99,0.977,0.88,0.712,0.262,0.234,0.175,0.063,0.055,1.414,C
0.729,0.99,0.977,0.88,0.712,0.262,0.234,0.175,0.063,0.055,0.729,0.99,0.977,0.88,0.712,0.262,0.234,0.175,0.063,0.055,1.414,C
0.729,0.99,0.977,0.88,0.712,0.262,0.234,0.175,0.063,0.055,0.729,0.99,0.977,0.88,0.712,0.262,0.234,0.175,0.063,0.055,1.414,C
0.729,0.99,0.977,0.88,0.712,0.262,0.234,0.175,0.063,0.055,0.729,0.99,0.977,0.88,0.712,0.262,0.234,0.175,0.063,0.055,1.414,C
0.729,0.99,0.977,0.88,0.712,0.262,0.234,0.175,0.063,0.055,0.729,0.99,0.977,0.88,0.712,0.262,0.234,0.175,0.063,0.055,1.414,C
0.729,0.99,0.977,0.88,0.712,0.262,0.234,0.175,0.063,0.055,0.729,0.99,0.977,0.88,0.712,0.262,0.234,0.175,0.063,0.055,1.414,C
0.729,0.99,0.977,0.88,0.712,0.262,0.234,0.175,0.063,0.055,0.729,0.99,0.977,0.88,0.712,0.262,0.234,0.175,0.063,0.055,1.414,C
0.729,0.99,0.977,0.88,0.712,0.262,0.234,0.175,0.063,0.055,0.729,0.99,0.977,0.88,0.712,0.262,0.234,0.175,0.063,0.055,1.414,C
0.729,0.99,0.977,0.88,0.712,0.262,0.234,0.175,0.063,0.055,0.729,0.99,0.977,0.88,0.712,0.262,0.234,0.175,0.063,0.055,1.414,C
0.729,0.99,0.977,0.88,0.712,0.262,0.234,0.175,0.063,0.055,0.729,0.99,0.977,0.88,0.712,0.262,0.234,0.175,0.063,0.055,1.414,C
0.729,0.99,0.977,0.88,0.712,0.262,0.234,0.175,0.063,0.055,0.729,0.99,0.977,0.88,0.712,0.262,0.234,0.175,0.063,0.055,1.414,C
0.729,0.99,0.977,0.88,0.712,0.262,0.234,0.175,0.063,0.055,0.729,0.99,0.977,0.88,0.712,0.262,0.234,0.175,0.063,0.055,1.414,C
0.729,0.99,0.977,0.88,0.712,0.262,0.234,0.175,0.063,0.055,0.729,0.99,0.977,0.88,0.712,0.262,0.234,0.175,0.063,0.055,1.414,C
0.729,0.99,0.977,0.88,0.712,0.262,0.234,0.175,0.063,0.055,0.729,0.99,0.977,0.88,0.712,0.262,0.234,0.175,0.063,0.055,1.414,C
0.729,0.99,0.977,0.88,0.712,0.262,0.234,0.175,0.063,0.055,0.729,0.99,0.977,0.88,0.712,0.262,0.234,0.175,0.063,0.055,1.414,C
0.729,0.99,0.977,0.88,0.712,0.262,0.234,0.175,0.063,0.055,0.729,0.99,0.977,0.88,0.712,0.262,0.234,0.175,0.063,0.055,1.414,C
0.729,0.99,0.977,0.88,0.712,0.262,0.234,0.175,0.063,0.055,0.729,0.99,0.977,0.88,0.712,0.262,0.234,0.175,0.063,0.055,1.414,C
0.729,0.99,0.977,0.88,0.712,0.262,0.234,0.175,0.063,0.055,0.729,0.99,0.977,0.88,0.712,0.262,0.234,0.175,0.063,0.055,1.414,C
0.729,0.99,0.977,0.88,0.712,0.262,0.234,0.175,0.063,0.055,0.729,0.99,0.977,0.88,0.712,0.262,0.234,0.175,0.063,0.055,1.414,C
0.729,0.99,0.977,0.88,0.712,0.262,0.234,0.175,0.063,0.055,0.729,0.99,0.977,0.88,0.712,0.262,0.234,0.175,0.063,0.055,1.414,C
0.729,0.99,0.977,0.88,0.712,0.262,0.234,0.175,0.063,0.055,0.729,0.99,0.977,0.88,0.712,0.262,0.234,0.175,0.063,0.055,1.414,C
0.729,0.99,0.977,0.88,0.712,0.262,0.234,0.175,0.063,0.055,0.729,0.99,0.977,0.88,0.712,0.262,0.234,0.175,0.063,0.055,1.414,C
0.729,0.99,0.977,0.88,0.712,0.262,0.234,0.175,0.063,0.055,0.729,0.99,0.977,0.88,0.712,0.262,0.234,0.175,0.063,0.055,1.414,C
0.729,0.99,0.977,0.88,0.712,0.262,0.234,0.175,0.063,0.055,0.729,0.99,0.977,0.88,0.712,0.262,0.234,0.175,0.063,0.055,1.414,C
0.729,0.99,0.977,0.88,0.712,0.262,0.234,0.175,0.063,0.055,0.729,0.99,0.977,0.88,0.712,0.262,0.234,0.175,0.063,0.055,1.414,C
0.729,0.99,0.977,0.88,0.712,0.262,0.234,0.175,0.063,0.055,0.729,0.99,0.977,0.88,0.712,0.262,0.234,0.175,0.063,0.055,1.414,C
0.729,0.99,0.977,0.88,0.712,0.262,0.234,0.175,0.063,0.055,0.729,0.99,0.977,0.88,0.712,0.262,0.234,0.175,0.063,0.055,1.414,C
0.729,0.99,0.977,0.88,0.712,0.262,0.234,0.175,0.063,0.055,0.729,0.99,0.977,0.88,0.712,0.262,0.234,0.175,0.063,0.055,1.414,C
0.729,0.99,0.977,0.88,0.712,0.262,0.234,0.175,0.063,0.055,0.729,0.99,0.977,0.88,0.712,0.262,0.234,0.175,0.063,0.055,1.414,C
0.729,0.99,0.977,0.88,0.712,0.262,0.234,0.175,0.063,0.055,0.729,0.99,0.977,0.88,0.712,0.262,0.234,0.175,0.063,0.055,1.414,C
0.729,0.99,0.977,0.88,0.712,0.262,0.234,0.175,0.063,0.055,0.729,0.99,0.977,0.88,0.712,0.262,0.234,0.175,0.063,0.055,1.414,C
0.729,0.99,0.977,0.88,0.712,0.262,0.234,0.175,0.063,0.055,0.729,0.99,0.977,0.88,0.712,0.262,0.234,0.175,0.063,0.055,1.414,C
0.729,0.99,0.977,0.88,0.712,0.262,0.234,0.175,0.063,0.055,0.729,0.99,0.977,0.88,0.712,0.262,0.234,0.175,0.063,0.055,1.414,C
0.729,0.99,0.977,0.88,0.712,0.262,0.234,0.175,0.063,0.055,0.729,0.99,0.977,0.88,0.712,0.262,0.234,0.175,0.063,0.055,1.414,C
0.729,0.99,0.977,0.88,0.712,0.262,0.234,0.175,0.063,0.055,0.729,0.99,0.977,0.88,0.712,0.262,0.234,0.175,0.063,0.055,1.414,C
0.729,0.99,0.977,0.88,0.712,0.262,0.234,0.175,0.063,0.055,0.729,0.99,0.977,0.88,0.712,0.262,0.234,0.175,0.063,0.055,1.414,C
0.729,0.99,0.977,0.88,0.712,0.262,0.234,0.175,0.063,0.055,0.729,0.99,0.977,0.88,0.712,0.262,0.234,0.175,0.063,0.055,1.414,C
0.729,0.99,0.977,0.88,0.712,0.262,0.234,0.175,0.063,0.055,0.729,0.99,0.977,0.88,0.712,0.262,0.234,0.175,0.063,0.055,1.414,C
0.729,0.99,0.977,0.88,0.712,0.262,0.234,0.175,0.063,0.055,0.729,0.99,0.977,0.88,0.712,0.262,0.234,0.175,0.063,0.055,1.414,C
0.729,0.99,0.977,0.88,0.712,0.262,0.234,0.175,0.063,0.055,0.729,0.99,0.977,0.88,0.712,0.262,0.234,0.175,0.063,0.055,1.414,C
0.729,0.99,0.977,0.88,0.712,0.262,0.234,0.175,0.063,0.055,0.729,0.99,0.977,0.88,0.712,0.262,0.234,0.175,0.063,0.055,1.414,C
0.729,0.99,0.977,0.88,0.712,0.262,0.234,0.175,0.063,0.055,0.729,0.99,0.977,0.88,0.712,0.262,0.234,0.175,0.063,0.055,1.414,C
0.729,0.99,0.977,0.88,0.712,0.262,0.234,0.175,0.063,0.055,0.729,0.99,0.977,0.88,0.712,0.262,0.234,0.175,0.063,0.055,1.414,C
1.613,2.422,0.778,0.864,0.925,1.771,0.549,0.252,0.349,1.565,1.613,2.422,0.778,0.864,0.925,1.771,0.549,0.252,0.349,1.565,23.601,D
1.307,2.229,0.792,0.812,0.752,1.965,0.606,0.247,0.391,1.662,1.307,2.229,0.792,0.812,0.752,1.965,0.606,0.247,0.391,1.662,11.402,D
0.655,1.036,0.405,0.387,0.361,1.887,1.778,0.35,1.647,0.116,0.655,1.036,0.405,0.387,0.361,1.887,1.778,0.35,1.647,0.116,16.279,D
1.484,2.228,0.74,0.837,0.819,1.797,0.57,0.256,0.409,1.52,1.484,2.228,0.74,0.837,0.819,1.797,0.57,0.256,0.409,1.52,22.825,D
0.544,0.896,0.35,0.347,0.307,1.951,2.21,0.347,2.119,0.506,0.544,0.896,0.35,0.347,0.307,1.951,2.21,0.347,2.119,0.506,5.831,D
1.353,2.042,0.764,0.76,0.752,1.781,0.627,0.286,0.381,1.418,1.353,2.042,0.764,0.76,0.752,1.781,0.627,0.286,0.381,1.418,19.849,D
1.326,2.25,0.802,0.848,0.721,2.03,0.65,0.252,0.435,1.772,1.326,2.25,0.802,0.848,0.721,2.03,0.65,0.252,0.435,1.772,13.038,D
1.245,2.049,0.753,0.75,0.694,1.95,0.67,0.253,0.451,1.543,1.245,2.049,0.753,0.75,0.694,1.95,0.67,0.253,0.451,1.543,13.892,D
1.535,2.191,0.775,0.802,0.848,1.706,0.525,0.224,0.343,1.426,1.535,2.191,0.775,0.802,0.848,1.706,0.525,0.224,0.343,1.426,26.077,D
1.208,2.273,0.795,0.827,0.672,2.248,0.701,0.286,0.452,1.933,1.208,2.273,0.795,0.827,0.672,2.248,0.701,0.286,0.452,1.933,7.616,D
1.322,2.262,0.771,0.802,0.73,2.088,0.678,0.266,0.45,1.772,1.322,2.262,0.771,0.802,0.73,2.088,0.678,0.266,0.45,1.772,15.232,D
1.382,2.208,0.79,0.82,0.792,1.842,0.602,0.274,0.366,1.554,1.382,2.208,0.79,0.82,0.792,1.842,0.602,0.274,0.366,1.554,17.029,D
1.229,2.182,0.787,0.821,0.73,1.985,0.599,0.256,0.391,1.626,1.229,2.182,0.787,0.821,0.73,1.985,0.599,0.256,0.391,1.626,7.81,D
1.396,2.234,0.79,0.814,0.814,1.809,0.572,0.233,0.369,1.556,1.396,2.234,0.79,0.814,0.814,1.809,0.572,0.233,0.369,1.556,15,D
0.63,0.935,0.363,0.353,0.357,1.769,1.887,0.295,1.785,0.361,0.63,0.935,0.363,0.353,0.357,1.769,1.887,0.295,1.785,0.361,18.601,D
1.584,2.29,0.802,0.85,0.907,1.662,0.494,0.197,0.332,1.44,1.584,2.29,0.802,0.85,0.907,1.662,0.494,0.197,0.332,1.44,24.207,D
1.552,2.305,0.818,0.854,0.933,1.641,0.49,0.208,0.306,1.414,1.552,2.305,0.818,0.854,0.933,1.641,0.49,0.208,0.306,1.414,21.932,D
1.172,1.862,0.688,0.722,0.652,1.858,0.72,0.312,0.522,1.337,1.172,1.862,0.688,0.722,0.652,1.858,0.72,0.312,0.522,1.337,13.601,D
1.484,2.022,0.776,0.772,0.856,1.549,0.567,0.241,0.349,1.214,1.484,2.022,0.776,0.772,0.856,1.549,0.567,0.241,0.349,1.214,25.612,D
1.332,2.154,0.715,0.771,0.702,2.049,0.665,0.271,0.486,1.676,1.332,2.154,0.715,0.771,0.702,2.049,0.665,0.271,0.486,1.676,19.235,D
1.244,1.909,0.702,0.722,0.705,1.799,0.689,0.283,0.481,1.302,1.244,1.909,0.702,0.722,0.705,1.799,0.689,0.283,0.481,1.302,15.62,D
1.249,2.143,0.82,0.803,0.741,1.908,0.628,0.27,0.37,1.563,1.249,2.143,0.82,0.803,0.741,1.908,0.628,0.27,0.37,1.563,9.899,D
1.228,2.241,0.808,0.797,0.677,2.204,0.671,0.277,0.412,1.874,1.228,2.241,0.808,0.797,0.677,2.204,0.671,0.277,0.412,1.874,7.211,D
1.212,2.321,0.762,0.812,0.725,2.169,0.648,0.254,0.451,1.853,1.212,2.321,0.762,0.812,0.725,2.169,0.648,0.254,0.451,1.853,5.657,D
1.395,2.216,0.784,0.825,0.843,1.741,0.553,0.222,0.369,1.461,1.395,2.216,0.784,0.825,0.843,1.741,0.553,0.222,0.369,1.461,17.029,D
1.39,2.261,0.813,0.858,0.745,1.975,0.623,0.283,0.379,1.722,1.39,2.261,0.813,0.858,0.745,1.975,0.623,0.283,0.379,1.722,15.811,D
1.449,2.209,0.797,0.797,0.832,1.779,0.6,0.26,0.358,1.49,1.449,2.209,0.797,0.797,0.832,1.779,0.6,0.26,0.358,1.49,20.616,D
1.237,2.255,0.784,0.846,0.722,2.075,0.703,0.295,0.456,1.773,1.237,2.255,0.784,0.846,0.722,2.075,0.703,0.295,0.456,1.773,9.434,D
1.363,2.204,0.801,0.808,0.792,1.853,0.576,0.232,0.366,1.537,1.363,2.204,0.801,0.808,0.792,1.853,0.576,0.232,0.366,1.537,15.556,D
1.41,2.057,0.79,0.817,0.786,1.707,0.568,0.237,0.368,1.349,1.41,2.057,0.79,0.817,0.786,1.707,0.568,0.237,0.368,1.349,14.866,D
1.458,2.112,0.753,0.762,0.833,1.681,0.576,0.242,0.372,1.376,1.458,2.112,0.753,0.762,0.833,1.681,0.576,0.242,0.372,1.376,22.672,D
1.535,2.274,0.786,0.818,0.859,1.751,0.505,0.19,0.351,1.508,1.535,2.274,0.786,0.818,0.859,1.751,0.505,0.19,0.351,1.508,22.804,D
1.277,2.232,0.777,0.784,0.685,2.167,0.624,0.247,0.417,1.839,1.277,2.232,0.777,0.784,0.685,2.167,0.624,0.247,0.417,1.839,11.662,D
1.248,2.195,0.768,0.805,0.672,2.128,0.657,0.257,0.457,1.83,1.248,2.195,0.768,0.805,0.672,2.128,0.657,0.257,0.457,1.83,9.22,D
1.454,2.063,0.768,0.781,0.822,1.639,0.565,0.263,0.346,1.315,1.454,2.063,0.768,0.781,0.822,1.639,0.565,0.263,0.346,1.315,18.385,D
1.619,2.302,0.785,0.825,0.95,1.629,0.5,0.209,0.324,1.393,1.619,2.302,0.785,0.825,0.95,1.629,0.5,0.209,0.324,1.393,25.612,D
1.431,2.322,0.794,0.844,0.806,1.897,0.573,0.228,0.385,1.68,1.431,2.322,0.794,0.844,0.806,1.897,0.573,0.228,0.385,1.68,15.62,D
1.221,2.231,0.786,0.805,0.658,2.231,0.671,0.28,0.435,1.917,1.221,2.231,0.786,0.805,0.658,2.231,0.671,0.28,0.435,1.917,7.211,D
1.284,2.277,0.798,0.844,0.721,2.085,0.64,0.298,0.391,1.798,1.284,2.277,0.798,0.844,0.721,2.085,0.64,0.298,0.391,1.798,8.602,D
1.345,2.257,0.825,0.863,0.765,1.927,0.592,0.251,0.37,1.662,1.345,2.257,0.825,0.863,0.765,1.927,0.592,0.251,0.37,1.662,12.042,D
1.307,2.124,0.794,0.816,0.739,1.903,0.636,0.273,0.395,1.53,1.307,2.124,0.794,0.816,0.739,1.903,0.636,0.273,0.395,1.53,12.806,D
1.277,2.125,0.772,0.803,0.716,1.948,0.651,0.261,0.434,1.596,1.277,2.125,0.772,0.803,0.716,1.948,0.651,0.261,0.434,1.596,10.63,D
1.232,2.081,0.802,0.819,0.715,1.9,0.581,0.242,0.377,1.513,1.232,2.081,0.802,0.819,0.715,1.9,0.581,0.242,0.377,1.513,6.403,D
1.32,2.259,0.777,0.797,0.719,2.088,0.632,0.264,0.41,1.804,1.32,2.259,0.777,0.797,0.719,2.088,0.632,0.264,0.41,1.804,12.042,D
1.62,2.337,0.777,0.823,0.931,1.711,0.526,0.245,0.322,1.458,1.62,2.337,0.777,0.823,0.931,1.711,0.526,0.245,0.322,1.458,27.785,D
1.169,1.899,0.718,0.731,0.642,1.885,0.712,0.292,0.497,1.448,1.169,1.899,0.718,0.731,0.642,1.885,0.712,0.292,0.497,1.448,10.817,D
1.234,2.168,0.802,0.805,0.687,2.083,0.651,0.263,0.413,1.718,1.234,2.168,0.802,0.805,0.687,2.083,0.651,0.263,0.413,1.718,10,D
1.541,2.316,0.809,0.862,0.844,1.802,0.51,0.218,0.334,1.574,1.541,2.316,0.809,0.862,0.844,1.802,0.51,0.218,0.334,1.574,20.616,D
1.468,2.337,0.818,0.836,0.84,1.851,0.53,0.21,0.34,1.618,1.468,2.337,0.818,0.836,0.84,1.851,0.53,0.21,0.34,1.618,15.62,D
1.423,2.223,0.784,0.808,0.857,1.723,0.533,0.198,0.363,1.453,1.423,2.223,0.784,0.808,0.857,1.723,0.533,0.198,0.363,1.453,17.029,D
1.406,2.202,0.779,0.813,0.8,1.803,0.577,0.231,0.385,1.539,1.406,2.202,0.779,0.813,0.8,1.803,0.577,0.231,0.385,1.539,17.804,D
1.229,1.499,0.745,0.66,0.848,1.063,0.607,0.251,0.363,0.625,1.229,1.499,0.745,0.66,0.848,1.063,0.607,0.251,0.363,0.625,27.731,E
1.229,1.499,0.745,0.66,0.848,1.063,0.607,0.251,0.363,0.625,1.229,1.499,0.745,0.66,0.848,1.063,0.607,0.251,0.363,0.625,27.731,E
1.229,1.499,0.745,0.66,0.848,1.063,0.607,0.251,0.363,0.625,1.229,1.499,0.745,0.66,0.848,1.063,0.607,0.251,0.363,0.625,27.731,E
1.229,1.499,0.745,0.66,0.848,1.063,0.607,0.251,0.363,0.625,1.229,1.499,0.745,0.66,0.848,1.063,0.607,0.251,0.363,0.625,27.731,E
1.229,1.499,0.745,0.66,0.848,1.063,0.607,0.251,0.363,0.625,1.229,1.499,0.745,0.66,0.848,1.063,0.607,0.251,0.363,0.625,27.731,E
1.229,1.499,0.745,0.66,0.848,1.063,0.607,0.251,0.363,0.625,1.229,1.499,0.745,0.66,0.848,1.063,0.607,0.251,0.363,0.625,27.731,E
1.229,1.499,0.745,0.66,0.848,1.063,0.607,0.251,0.363,0.625,1.229,1.499,0.745,0.66,0.848,1.063,0.607,0.251,0.363,0.625,27.731,E
1.229,1.499,0.745,0.66,0.848,1.063,0.607,0.251,0.363,0.625,1.229,1.499,0.745,0.66,0.848,1.063,0.607,0.251,0.363,0.625,27.731,E
1.229,1.499,0.745,0.66,0.848,1.063,0.607,0.251,0.363,0.625,1.229,1.499,0.745,0.66,0.848,1.063,0.607,0.251,0.363,0.625,27.731,E
1.229,1.499,0.745,0.66,0.848,1.063,0.607,0.251,0.363,0.625,1.229,1.499,0.745,0.66,0.848,1.063,0.607,0.251,0.363,0.625,27.731,E
1.229,1.499,0.745,0.66,0.848,1.063,0.607,0.251,0.363,0.625,1.229,1.499,0.745,0.66,0.848,1.063,0.607,0.251,0.363,0.625,27.731,E
1.229,1.499,0.745,0.66,0.848,1.063,0.607,0.251,0.363,0.625,1.229,1.499,0.745,0.66,0.848,1.063,0.607,0.251,0.363,0.625,27.731,E
1.229,1.499,0.745,0.66,0.848,1.063,0.607,0.251,0.363,0.625,1.229,1.499,0.745,0.66,0.848,1.063,0.607,0.251,0.363,0.625,27.731,E
1.229,1.499,0.745,0.66,0.848,1.063,0.607,0.251,0.363,0.625,1.229,1.499,0.745,0.66,0.848,1.063,0.607,0.251,0.363,0.625,27.731,E
1.229,1.499,0.745,0.66,0.848,1.063,0.607,0.251,0.363,0.625,1.229,1.499,0.745,0.66,0.848,1.063,0.607,0.251,0.363,0.625,27.731,E
1.229,1.499,0.745,0.66,0.848,1.063,0.607,0.251,0.363,0.625,1.229,1.499,0.745,0.66,0.848,1.063,0.607,0.251,0.363,0.625,27.731,E
1.229,1.499,0.745,0.66,0.848,1.063,0.607,0.251,0.363,0.625,1.229,1.499,0.745,0.66,0.848,1.063,0.607,0.251,0.363,0.625,27.731,E
1.229,1.499,0.745,0.66,0.848,1.063,0.607,0.251,0.363,0.625,1.229,1.499,0.745,0.66,0.848,1.063,0.607,0.251,0.363,0.625,27.731,E
1.229,1.499,0.745,0.66,0.848,1.063,0.607,0.251,0.363,0.625,1.229,1.499,0.745,0.66,0.848,1.063,0.607,0.251,0.363,0.625,27.731,E
1.229,1.499,0.745,0.66,0.848,1.063,0.607,0.251,0.363,0.625,1.229,1.499,0.745,0.66,0.848,1.063,0.607,0.251,0.363,0.625,27.731,E
1.229,1.499,0.745,0.66,0.848,1.063,0.607,0.251,0.363,0.625,1.229,1.499,0.745,0.66,0.848,1.063,0.607,0.251,0.363,0.625,27.731,E
1.229,1.499,0.745,0.66,0.848,1.063,0.607,0.251,0.363,0.625,1.229,1.499,0.745,0.66,0.848,1.063,0.607,0.251,0.363,0.625,27.731,E
1.229,1.499,0.745,0.66,0.848,1.063,0.607,0.251,0.363,0.625,1.229,1.499,0.745,0.66,0.848,1.063,0.607,0.251,0.363,0.625,27.731,E
1.229,1.499,0.745,0.66,0.848,1.063,0.607,0.251,0.363,0.625,1.229,1.499,0.745,0.66,0.848,1.063,0.607,0.251,0.363,0.625,27.731,E
1.229,1.499,0.745,0.66,0.848,1.063,0.607,0.251,0.363,0.625,1.229,1.499,0.745,0.66,0.848,1.063,0.607,0.251,0.363,0.625,27.731,E
1.229,1.499,0.745,0.66,0.848,1.063,0.607,0.251,0.363,0.625,1.229,1.499,0.745,0.66,0.848,1.063,0.607,0.251,0.363,0.625,27.731,E
1.229,1.499,0.745,0.66,0.848,1.063,0.607,0.251,0.363,0.625,1.229,1.499,0.745,0.66,0.848,1.063,0.607,0.251,0.363,0.625,27.731,E
1.229,1.499,0.745,0.66,0.848,1.063,0.607,0.251,0.363,0.625,1.229,1.499,0.745,0.66,0.848,1.063,0.607,0.251,0.363,0.625,27.731,E
1.229,1.499,0.745,0.66,0.848,1.063,0.607,0.251,0.363,0.625,1.229,1.499,0.745,0.66,0.848,1.063,0.607,0.251,0.363,0.625,27.731,E
1.229,1.499,0.745,0.66,0.848,1.063,0.607,0.251,0.363,0.625,1.229,1.499,0.745,0.66,0.848,1.063,0.607,0.251,0.363,0.625,27.731,E
1.229,1.499,0.745,0.66,0.848,1.063,0.607,0.251,0.363,0.625,1.229,1.499,0.745,0.66,0.848,1.063,0.607,0.251,0.363,0.625,27.731,E
1.229,1.499,0.745,0.66,0.848,1.063,0.607,0.251,0.363,0.625,1.229,1.499,0.745,0.66,0.848,1.063,0.607,0.251,0.363,0.625,27.731,E
1.229,1.499,0.745,0.66,0.848,1.063,0.607,0.251,0.363,0.625,1.229,1.499,0.745,0.66,0.848,1.063,0.607,0.251,0.363,0.625,27.731,E
1.229,1.499,0.745,0.66,0.848,1.063,0.607,0.251,0.363,0.625,1.229,1.499,0.745,0.66,0.848,1.063,0.607,0.251,0.363,0.625,27.731,E
1.229,1.499,0.745,0.66,0.848,1.063,0.607,0.251,0.363,0.625,1.229,1.499,0.745,0.66,0.848,1.063,0.607,0.251,0.363,0.625,27.731,E
1.229,1.499,0.745,0.66,0.848,1.063,0.607,0.251,0.363,0.625,1.229,1.499,0.745,0.66,0.848,1.063,0.607,0.251,0.363,0.625,27.731,E
1.229,1.499,0.745,0.66,0.848,1.063,0.607,0.251,0.363,0.625,1.229,1.499,0.745,0.66,0.848,1.063,0.607,0.251,0.363,0.625,27.731,E
1.229,1.499,0.745,0.66,0.848,1.063,0.607,0.251,0.363,0.625,1.229,1.499,0.745,0.66,0.848,1.063,0.607,0.251,0.363,0.625,27.731,E
1.229,1.499,0.745,0.66,0.848,1.063,0.607,0.251,0.363,0.625,1.229,1.499,0.745,0.66,0.848,1.063,0.607,0.251,0.363,0.625,27.731,E
1.229,1.499,0.745,0.66,0.848,1.063,0.607,0.251,0.363,0.625,1.229,1.499,0.745,0.66,0.848,1.063,0.607,0.251,0.363,0.625,27.731,E
1.229,1.499,0.745,0.66,0.848,1.063,0.607,0.251,0.363,0.625,1.229,1.499,0.745,0.66,0.848,1.063,0.607,0.251,0.363,0.625,27.731,E
1.229,1.499,0.745,0.66,0.848,1.063,0.607,0.251,0.363,0.625,1.229,1.499,0.745,0.66,0.848,1.063,0.607,0.251,0.363,0.625,27.731,E
1.229,1.499,0.745,0.66,0.848,1.063,0.607,0.251,0.363,0.625,1.229,1.499,0.745,0.66,0.848,1.063,0.607,0.251,0.363,0.625,27.731,E
1.229,1.499,0.745,0.66,0.848,1.063,0.607,0.251,0.363,0.625,1.229,1.499,0.745,0.66,0.848,1.063,0.607,0.251,0.363,0.625,27.731,E
1.229,1.499,0.745,0.66,0.848,1.063,0.607,0.251,0.363,0.625,1.229,1.499,0.745,0.66,0.848,1.063,0.607,0.251,0.363,0.625,27.731,E
1.229,1.499,0.745,0.66,0.848,1.063,0.607,0.251,0.363,0.625,1.229,1.499,0.745,0.66,0.848,1.063,0.607,0.251,0.363,0.625,27.731,E
1.229,1.499,0.745,0.66,0.848,1.063,0.607,0.251,0.363,0.625,1.229,1.499,0.745,0.66,0.848,1.063,0.607,0.251,0.363,0.625,27.731,E
1.229,1.499,0.745,0.66,0.848,1.063,0.607,0.251,0.363,0.625,1.229,1.499,0.745,0.66,0.848,1.063,0.607,0.251,0.363,0.625,27.731,E
1.229,1.499,0.745,0.66,0.848,1.063,0.607,0.251,0.363,0.625,1.229,1.499,0.745,0.66,0.848,1.063,0.607,0.251,0.363,0.625,27.731,E
1.229,1.499,0.745,0.66,0.848,1.063,0.607,0.251,0.363,0.625,1.229,1.499,0.745,0.66,0.848,1.063,0.607,0.251,0.363,0.625,27.731,E
1.229,1.499,0.745,0.66,0.848,1.063,0.607,0.251,0.363,0.625,1.229,1.499,0.745,0.66,0.848,1.063,0.607,0.251,0.363,0.625,27.731,E
0.818,1.298,0.733,0.579,0.249,3.045,1.761,0.63,1.144,1.312,0.818,1.298,0.733,0.579,0.249,3.045,1.761,0.63,1.144,1.312,34.409,F
0.86,1.381,0.766,0.612,0.248,3.406,1.62,0.632,0.997,1.934,0.86,1.381,0.766,0.612,0.248,3.406,1.62,0.632,0.997,1.934,36.401,F
0.886,1.466,0.761,0.626,0.262,3.547,1.452,0.517,0.947,2.336,0.886,1.466,0.761,0.626,0.262,3.547,1.452,0.517,0.947,2.336,34.986,F
0.886,1.466,0.761,0.626,0.262,3.547,1.452,0.517,0.947,2.336,0.886,1.466,0.761,0.626,0.262,3.547,1.452,0.517,0.947,2.336,34.986,F
0.844,1.435,0.697,0.563,0.283,3.356,1.844,0.495,1.422,1.548,0.844,1.435,0.697,0.563,0.283,3.356,1.844,0.495,1.422,1.548,35.805,F
0.909,1.45,0.758,0.64,0.272,3.371,1.518,0.51,1.009,1.868,0.909,1.45,0.758,0.64,0.272,3.371,1.518,0.51,1.009,1.868,31.064,F
0.872,1.376,0.67,0.54,0.336,2.727,1.414,0.398,1.018,1.473,0.872,1.376,0.67,0.54,0.336,2.727,1.414,0.398,1.018,1.473,29.732,F
0.857,1.285,0.78,0.604,0.261,2.98,1.619,0.673,1.045,1.508,0.857,1.285,0.78,0.604,0.261,2.98,1.619,0.673,1.045,1.508,29.732,F
0.687,1.178,0.68,0.621,0.152,4.509,2.701,0.513,2.207,2.246,0.687,1.178,0.68,0.621,0.152,4.509,2.701,0.513,2.207,2.246,41.4,F
0.947,1.45,0.631,0.521,0.429,2.315,1.132,0.261,0.871,1.335,0.947,1.45,0.631,0.521,0.429,2.315,1.132,0.261,0.871,1.335,32.202,F
0.947,1.45,0.631,0.521,0.429,2.315,1.132,0.261,0.871,1.335,0.947,1.45,0.631,0.521,0.429,2.315,1.132,0.261,0.871,1.335,32.202,F
0.82,1.338,0.713,0.564,0.257,3.211,1.79,0.589,1.229,1.448,0.82,1.338,0.713,0.564,0.257,3.211,1.79,0.589,1.229,1.448,34.059,F
0.717,1.286,0.593,0.591,0.195,4.074,2.237,0.407,2.101,2.055,0.717,1.286,0.593,0.591,0.195,4.074,2.237,0.407,2.101,2.055,45.343,F
0.936,1.443,0.715,0.568,0.373,2.597,1.203,0.402,0.805,1.533,0.936,1.443,0.715,0.568,0.373,2.597,1.203,0.402,0.805,1.533,28.018,F
0.936,1.443,0.715,0.568,0.373,2.597,1.203,0.402,0.805,1.533,0.936,1.443,0.715,0.568,0.373,2.597,1.203,0.402,0.805,1.533,28.018,F
0.705,1.201,0.583,0.481,0.23,3.478,2.676,0.525,2.168,0.874,0.705,1.201,0.583,0.481,0.23,3.478,2.676,0.525,2.168,0.874,34.205,F
0.705,1.201,0.583,0.481,0.23,3.478,2.676,0.525,2.168,0.874,0.705,1.201,0.583,0.481,0.23,3.478,2.676,0.525,2.168,0.874,34.205,F
0.705,1.201,0.583,0.481,0.23,3.478,2.676,0.525,2.168,0.874,0.705,1.201,0.583,0.481,0.23,3.478,2.676,0.525,2.168,0.874,34.205,F
0.806,1.347,0.668,0.566,0.241,3.496,1.998,0.499,1.498,1.498,0.806,1.347,0.668,0.566,0.241,3.496,1.998,0.499,1.498,1.498,34.409,F
0.908,1.437,0.784,0.663,0.26,3.471,1.414,0.481,0.956,2.173,0.908,1.437,0.784,0.663,0.26,3.471,1.414,0.481,0.956,2.173,30.61,F
0.767,1.189,0.753,0.602,0.184,3.736,2.451,0.846,1.697,1.365,0.767,1.189,0.753,0.602,0.184,3.736,2.451,0.846,1.697,1.365,34.713,F
0.767,1.189,0.753,0.602,0.184,3.736,2.451,0.846,1.697,1.365,0.767,1.189,0.753,0.602,0.184,3.736,2.451,0.846,1.697,1.365,34.713,F
0.843,1.406,0.687,0.579,0.263,3.371,1.874,0.427,1.492,1.544,0.843,1.406,0.687,0.579,0.263,3.371,1.874,0.427,1.492,1.544,33.422,F
0.863,1.365,0.753,0.621,0.244,3.434,1.621,0.556,1.072,2.001,0.863,1.365,0.753,0.621,0.244,3.434,1.621,0.556,1.072,2.001,32.202,F
0.81,1.235,0.788,0.637,0.178,3.945,2.377,0.883,1.592,1.601,0.81,1.235,0.788,0.637,0.178,3.945,2.377,0.883,1.592,1.601,33.422,F
0.758,1.168,0.816,0.66,0.153,4.443,2.946,1.026,2.321,1.547,0.758,1.168,0.816,0.66,0.153,4.443,2.946,1.026,2.321,1.547,31.623,F
0.758,1.168,0.816,0.66,0.153,4.443,2.946,1.026,2.321,1.547,0.758,1.168,0.816,0.66,0.153,4.443,2.946,1.026,2.321,1.547,31.623,F
0.913,1.622,0.66,0.624,0.289,3.721,1.443,0.332,1.201,2.282,0.913,1.622,0.66,0.624,0.289,3.721,1.443,0.332,1.201,2.282,36.359,F
1.071,1.692,0.725,0.604,0.468,2.486,0.868,0.275,0.595,1.688,1.071,1.692,0.725,0.604,0.468,2.486,0.868,0.275,0.595,1.688,30.61,F
0.99,1.567,0.772,0.645,0.348,2.918,1.079,0.407,0.675,1.902,0.99,1.567,0.772,0.645,0.348,2.918,1.079,0.407,0.675,1.902,30.61,F
0.717,1.162,0.537,0.483,0.239,3.135,2.323,0.329,2.015,0.903,0.717,1.162,0.537,0.483,0.239,3.135,2.323,0.329,2.015,0.903,34.205,F
0.877,1.428,0.681,0.634,0.258,3.512,1.478,0.236,1.259,2.251,0.877,1.428,0.681,0.634,0.258,3.512,1.478,0.236,1.259,2.251,31.401,F
0.785,1.188,0.695,0.567,0.22,3.167,2.181,0.591,1.661,1.02,0.785,1.188,0.695,0.567,0.22,3.167,2.181,0.591,1.661,1.02,28.425,F
0.681,1.082,0.688,0.589,0.151,4.054,3.272,0.664,2.788,0.875,0.681,1.082,0.688,0.589,0.151,4.054,3.272,0.664,2.788,0.875,34.828,F
0.835,1.26,0.815,0.64,0.223,3.344,1.76,0.786,1.148,1.786,0.835,1.26,0.815,0.64,0.223,3.344,1.76,0.786,1.148,1.786,29.069,F
0.835,1.26,0.815,0.64,0.223,3.344,1.76,0.786,1.148,1.786,0.835,1.26,0.815,0.64,0.223,3.344,1.76,0.786,1.148,1.786,29.069,F
0.927,1.526,0.75,0.576,0.351,2.851,1.271,0.506,0.777,1.593,0.927,1.526,0.75,0.576,0.351,2.851,1.271,0.506,0.777,1.593,33.601,F
0.774,1.202,0.818,0.666,0.112,5.761,3.532,1.459,2.184,2.285,0.774,1.202,0.818,0.666,0.112,5.761,3.532,1.459,2.184,2.285,30,F
0.774,1.202,0.818,0.666,0.112,5.761,3.532,1.459,2.184,2.285,0.774,1.202,0.818,0.666,0.112,5.761,3.532,1.459,2.184,2.285,30,F
0.774,1.202,0.818,0.666,0.112,5.761,3.532,1.459,2.184,2.285,0.774,1.202,0.818,0.666,0.112,5.761,3.532,1.459,2.184,2.285,30,F
0.922,1.48,0.693,0.571,0.351,2.77,1.289,0.38,0.909,1.515,0.922,1.48,0.693,0.571,0.351,2.77,1.289,0.38,0.909,1.515,32.202,F
0.936,1.483,0.769,0.618,0.324,2.975,1.198,0.468,0.738,2.008,0.936,1.483,0.769,0.618,0.324,2.975,1.198,0.468,0.738,2.008,28.32,F
0.936,1.483,0.769,0.618,0.324,2.975,1.198,0.468,0.738,2.008,0.936,1.483,0.769,0.618,0.324,2.975,1.198,0.468,0.738,2.008,28.32,F
0.798,1.318,0.62,0.467,0.331,2.68,1.672,0.481,1.194,1.024,0.798,1.318,0.62,0.467,0.331,2.68,1.672,0.481,1.194,1.024,35.609,F
0.668,1.093,0.69,0.567,0.114,5.462,4.487,1.237,3.283,1,0.668,1.093,0.69,0.567,0.114,5.462,4.487,1.237,3.283,1,34.205,F
0.909,1.431,0.758,0.66,0.268,3.321,1.366,0.408,0.959,2.074,0.909,1.431,0.758,0.66,0.268,3.321,1.366,0.408,0.959,2.074,32.65,F
0.799,1.272,0.664,0.569,0.25,3.221,1.83,0.382,1.476,1.606,0.799,1.272,0.664,0.569,0.25,3.221,1.83,0.382,1.476,1.606,31.241,F
0.799,1.272,0.664,0.569,0.25,3.221,1.83,0.382,1.476,1.606,0.799,1.272,0.664,0.569,0.25,3.221,1.83,0.382,1.476,1.606,31.241,F
0.799,1.272,0.664,0.569,0.25,3.221,1.83,0.382,1.476,1.606,0.799,1.272,0.664,0.569,0.25,3.221,1.83,0.382,1.476,1.606,31.241,F
0.926,1.532,0.763,0.599,0.327,3.049,1.242,0.501,0.751,1.946,0.926,1.532,0.763,0.599,0.327,3.049,1.242,0.501,0.751,1.946,35,F
0.989,1.617,0.808,0.645,0.345,3.027,1.052,0.483,0.569,2.467,0.989,1.617,0.808,0.645,0.345,3.027,1.052,0.483,0.569,2.467,34.205,F
1.4,1.1,0.836,0.784,0.719,0.944,0.625,0.297,0.334,0.336,1.4,1.1,0.836,0.784,0.719,0.944,0.625,0.297,0.334,0.336,99.156,G
1.499,1.134,0.872,0.805,0.807,0.902,0.609,0.283,0.326,0.295,1.499,1.134,0.872,0.805,0.807,0.902,0.609,0.283,0.326,0.295,99.825,G
1.537,1.151,0.884,0.83,0.819,0.908,0.587,0.26,0.327,0.323,1.537,1.151,0.884,0.83,0.819,0.908,0.587,0.26,0.327,0.323,97.673,G
1.456,1.115,0.857,0.809,0.764,0.931,0.632,0.288,0.346,0.303,1.456,1.115,0.857,0.809,0.764,0.931,0.632,0.288,0.346,0.303,94.763,G
1.258,1.083,0.817,0.75,0.648,1.012,0.716,0.312,0.407,0.32,1.258,1.083,0.817,0.75,0.648,1.012,0.716,0.312,0.407,0.32,94.763,G
1.521,1.142,0.877,0.814,0.831,0.902,0.588,0.283,0.305,0.317,1.521,1.142,0.877,0.814,0.831,0.902,0.588,0.283,0.305,0.317,102.069,G
1.526,1.137,0.893,0.828,0.819,0.903,0.6,0.292,0.308,0.304,1.526,1.137,0.893,0.828,0.819,0.903,0.6,0.292,0.308,0.304,99.905,G
1.47,1.123,0.852,0.82,0.779,0.938,0.627,0.294,0.336,0.315,1.47,1.123,0.852,0.82,0.779,0.938,0.627,0.294,0.336,0.315,96.26,G
1.483,1.13,0.87,0.83,0.774,0.977,0.621,0.318,0.306,0.362,1.483,1.13,0.87,0.83,0.774,0.977,0.621,0.318,0.306,0.362,99.905,G
1.469,1.091,0.841,0.792,0.786,0.88,0.614,0.286,0.331,0.277,1.469,1.091,0.841,0.792,0.786,0.88,0.614,0.286,0.331,0.277,102.069,G
1.469,1.094,0.877,0.81,0.771,0.934,0.619,0.298,0.321,0.331,1.469,1.094,0.877,0.81,0.771,0.934,0.619,0.298,0.321,0.331,105.646,G
1.461,1.133,0.871,0.82,0.788,0.951,0.62,0.295,0.325,0.335,1.461,1.133,0.871,0.82,0.788,0.951,0.62,0.295,0.325,0.335,98.494,G
1.459,1.088,0.862,0.799,0.786,0.885,0.618,0.294,0.324,0.279,1.459,1.088,0.862,0.799,0.786,0.885,0.618,0.294,0.324,0.279,99.725,G
1.36,1.062,0.806,0.746,0.737,0.899,0.647,0.3,0.355,0.285,1.36,1.062,0.806,0.746,0.737,0.899,0.647,0.3,0.355,0.285,98.412,G
1.496,1.137,0.867,0.797,0.824,0.931,0.61,0.294,0.316,0.326,1.496,1.137,0.867,0.797,0.824,0.931,0.61,0.294,0.316,0.326,91.351,G
1.459,1.104,0.862,0.799,0.786,0.891,0.618,0.294,0.324,0.28,1.459,1.104,0.862,0.799,0.786,0.891,0.618,0.294,0.324,0.28,97.622,G
1.287,1.067,0.817,0.767,0.649,0.995,0.703,0.304,0.407,0.321,1.287,1.067,0.817,0.767,0.649,0.995,0.703,0.304,0.407,0.321,94.048,G
1.488,1.131,0.875,0.833,0.803,0.962,0.627,0.299,0.329,0.339,1.488,1.131,0.875,0.833,0.803,0.962,0.627,0.299,0.329,0.339,104.35,G
1.431,1.133,0.848,0.797,0.788,0.932,0.639,0.301,0.339,0.296,1.431,1.133,0.848,0.797,0.788,0.932,0.639,0.301,0.339,0.296,88.391,G
1.493,1.114,0.855,0.788,0.819,0.903,0.592,0.271,0.322,0.324,1.493,1.114,0.855,0.788,0.819,0.903,0.592,0.271,0.322,0.324,91.22,G
1.497,1.146,0.876,0.806,0.814,0.914,0.588,0.294,0.294,0.329,1.497,1.146,0.876,0.806,0.814,0.914,0.588,0.294,0.294,0.329,96.938,G
1.393,1.091,0.841,0.789,0.735,0.917,0.634,0.282,0.354,0.297,1.393,1.091,0.841,0.789,0.735,0.917,0.634,0.282,0.354,0.297,86.279,G
1.493,1.137,0.857,0.785,0.809,0.881,0.578,0.274,0.304,0.308,1.493,1.137,0.857,0.785,0.809,0.881,0.578,0.274,0.304,0.308,94.069,G
1.453,1.119,0.856,0.803,0.777,0.906,0.602,0.271,0.332,0.31,1.453,1.119,0.856,0.803,0.777,0.906,0.602,0.271,0.332,0.31,89.107,G
1.245,1.041,0.793,0.726,0.638,0.95,0.713,0.301,0.421,0.287,1.245,1.041,0.793,0.726,0.638,0.95,0.713,0.301,0.421,0.287,89.14,G
1.442,1.113,0.854,0.798,0.776,0.9,0.614,0.3,0.315,0.292,1.442,1.113,0.854,0.798,0.776,0.9,0.614,0.3,0.315,0.292,103.078,G
1.452,1.124,0.849,0.808,0.756,0.938,0.627,0.294,0.336,0.315,1.452,1.124,0.849,0.808,0.756,0.938,0.627,0.294,0.336,0.315,100.005,G
1.464,1.114,0.864,0.805,0.785,0.913,0.606,0.277,0.33,0.315,1.464,1.114,0.864,0.805,0.785,0.913,0.606,0.277,0.33,0.315,98.082,G
1.49,1.128,0.86,0.822,0.811,0.942,0.614,0.291,0.325,0.334,1.49,1.128,0.86,0.822,0.811,0.942,0.614,0.291,0.325,0.334,99.489,G
1.49,1.116,0.86,0.799,0.809,0.903,0.607,0.289,0.318,0.304,1.49,1.116,0.86,0.799,0.809,0.903,0.607,0.289,0.318,0.304,100.005,G
1.433,1.11,0.867,0.793,0.771,0.942,0.637,0.307,0.33,0.315,1.433,1.11,0.867,0.793,0.771,0.942,0.637,0.307,0.33,0.315,95.525,G
1.477,1.116,0.879,0.818,0.791,0.919,0.614,0.295,0.319,0.31,1.477,1.116,0.879,0.818,0.791,0.919,0.614,0.295,0.319,0.31,89.805,G
1.424,1.13,0.861,0.796,0.746,0.96,0.642,0.306,0.336,0.322,1.424,1.13,0.861,0.796,0.746,0.96,0.642,0.306,0.336,0.322,90.521,G
1.409,1.115,0.867,0.807,0.725,0.929,0.63,0.287,0.343,0.303,1.409,1.115,0.867,0.807,0.725,0.929,0.63,0.287,0.343,0.303,95.483,G
1.432,1.138,0.874,0.798,0.856,0.894,0.598,0.27,0.33,0.3,1.432,1.138,0.874,0.798,0.856,0.894,0.598,0.27,0.33,0.3,85.796,G
1.469,1.112,0.864,0.804,0.792,0.906,0.609,0.29,0.319,0.305,1.469,1.112,0.864,0.804,0.792,0.906,0.609,0.29,0.319,0.305,91.241,G
1.376,1.119,0.839,0.754,0.745,0.984,0.669,0.319,0.351,0.327,1.376,1.119,0.839,0.754,0.745,0.984,0.669,0.319,0.351,0.327,94.048,G
1.498,1.136,0.879,0.811,0.796,0.91,0.598,0.299,0.299,0.315,1.498,1.136,0.879,0.811,0.796,0.91,0.598,0.299,0.299,0.315,99.086,G
1.52,1.14,0.889,0.809,0.826,0.916,0.609,0.277,0.335,0.309,1.52,1.14,0.889,0.809,0.826,0.916,0.609,0.277,0.335,0.309,95.483,G
1.408,1.111,0.835,0.775,0.752,0.892,0.612,0.272,0.342,0.288,1.408,1.111,0.835,0.775,0.752,0.892,0.612,0.272,0.342,0.288,99.156,G
1.511,1.12,0.873,0.813,0.812,0.912,0.609,0.27,0.339,0.308,1.511,1.12,0.873,0.813,0.812,0.912,0.609,0.27,0.339,0.308,102.533,G
1.509,1.125,0.883,0.831,0.82,0.939,0.612,0.294,0.318,0.333,1.509,1.125,0.883,0.831,0.82,0.939,0.612,0.294,0.318,0.333,96.876,G
1.501,1.127,0.87,0.813,0.808,0.897,0.592,0.293,0.3,0.309,1.501,1.127,0.87,0.813,0.808,0.897,0.592,0.293,0.3,0.309,97.622,G
1.442,1.117,0.871,0.801,0.788,0.951,0.627,0.302,0.325,0.334,1.442,1.117,0.871,0.801,0.788,0.951,0.627,0.302,0.325,0.334,94.048,G
1.479,1.123,0.873,0.82,0.802,0.911,0.609,0.313,0.297,0.306,1.479,1.123,0.873,0.82,0.802,0.911,0.609,0.313,0.297,0.306,104.005,G
1.477,1.128,0.887,0.859,0.78,0.969,0.642,0.306,0.336,0.328,1.477,1.128,0.887,0.859,0.78,0.969,0.642,0.306,0.336,0.328,101.823,G
1.495,1.142,0.886,0.831,0.817,0.946,0.614,0.319,0.295,0.335,1.495,1.142,0.886,0.831,0.817,0.946,0.614,0.319,0.295,0.335,101.833,G
1.465,1.126,0.867,0.812,0.774,0.938,0.627,0.299,0.329,0.315,1.465,1.126,0.867,0.812,0.774,0.938,0.627,0.299,0.329,0.315,104.652,G
1.474,1.133,0.892,0.838,0.776,0.961,0.624,0.324,0.3,0.34,1.474,1.133,0.892,0.838,0.776,0.961,0.624,0.324,0.3,0.34,105.361,G
1.45,1.114,0.89,0.824,0.78,0.936,0.642,0.313,0.33,0.298,1.45,1.114,0.89,0.824,0.78,0.936,0.642,0.313,0.33,0.298,106.066,G
1.478,1.127,0.867,0.819,0.805,0.948,0.641,0.318,0.324,0.31,1.478,1.127,0.867,0.819,0.805,0.948,0.641,0.318,0.324,0.31,103.238,G
0.779,0.935,1.015,0.981,0.518,0.861,0.583,0.313,0.287,0.326,0.779,0.935,1.015,0.981,0.518,0.861,0.583,0.313,0.287,0.326,97.144,H
0.779,0.935,1.015,0.981,0.518,0.861,0.583,0.313,0.287,0.326,0.779,0.935,1.015,0.981,0.518,0.861,0.583,0.313,0.287,0.326,97.144,H
0.779,0.935,1.015,0.981,0.518,0.861,0.583,0.313,0.287,0.326,0.779,0.935,1.015,0.981,0.518,0.861,0.583,0.313,0.287,0.326,97.144,H
0.779,0.935,1.015,0.981,0.518,0.861,0.583,0.313,0.287,0.326,0.779,0.935,1.015,0.981,0.518,0.861,0.583,0.313,0.287,0.326,97.144,H
0.779,0.935,1.015,0.981,0.518,0.861,0.583,0.313,0.287,0.326,0.779,0.935,1.015,0.981,0.518,0.861,0.583,0.313,0.287,0.326,97.144,H
0.779,0.935,1.015,0.981,0.518,0.861,0.583,0.313,0.287,0.326,0.779,0.935,1.015,0.981,0.518,0.861,0.583,0.313,0.287,0.326,97.144,H
0.779,0.935,1.015,0.981,0.518,0.861,0.583,0.313,0.287,0.326,0.779,0.935,1.015,0.981,0.518,0.861,0.583,0.313,0.287,0.326,97.144,H
0.779,0.935,1.015,0.981,0.518,0.861,0.583,0.313,0.287,0.326,0.779,0.935,1.015,0.981,0.518,0.861,0.583,0.313,0.287,0.326,97.144,H
0.779,0.935,1.015,0.981,0.518,0.861,0.583,0.313,0.287,0.326,0.779,0.935,1.015,0.981,0.518,0.861,0.583,0.313,0.287,0.326,97.144,H
0.779,0.935,1.015,0.981,0.518,0.861,0.583,0.313,0.287,0.326,0.779,0.935,1.015,0.981,0.518,0.861,0.583,0.313,0.287,0.326,97.144,H
0.779,0.935,1.015,0.981,0.518,0.861,0.583,0.313,0.287,0.326,0.779,0.935,1.015,0.981,0.518,0.861,0.583,0.313,0.287,0.326,97.144,H
0.779,0.935,1.015,0.981,0.518,0.861,0.583,0.313,0.287,0.326,0.779,0.935,1.015,0.981,0.518,0.861,0.583,0.313,0.287,0.326,97.144,H
0.779,0.935,1.015,0.981,0.518,0.861,0.583,0.313,0.287,0.326,0.779,0.935,1.015,0.981,0.518,0.861,0.583,0.313,0.287,0.326,97.144,H
0.779,0.935,1.015,0.981,0.518,0.861,0.583,0.313,0.287,0.326,0.779,0.935,1.015,0.981,0.518,0.861,0.583,0.313,0.287,0.326,97.144,H
0.779,0.935,1.015,0.981,0.518,0.861,0.583,0.313,0.287,0.326,0.779,0.935,1.015,0.981,0.518,0.861,0.583,0.313,0.287,0.326,97.144,H
0.779,0.935,1.015,0.981,0.518,0.861,0.583,0.313,0.287,0.326,0.779,0.935,1.015,0.981,0.518,0.861,0.583,0.313,0.287,0.326,97.144,H
0.779,0.935,1.015,0.981,0.518,0.861,0.583,0.313,0.287,0.326,0.779,0.935,1.015,0.981,0.518,0.861,0.583,0.313,0.287,0.326,97.144,H
0.779,0.935,1.015,0.981,0.518,0.861,0.583,0.313,0.287,0.326,0.779,0.935,1.015,0.981,0.518,0.861,0.583,0.313,0.287,0.326,97.144,H
0.779,0.935,1.015,0.981,0.518,0.861,0.583,0.313,0.287,0.326,0.779,0.935,1.015,0.981,0.518,0.861,0.583,0.313,0.287,0.326,97.144,H
0.779,0.935,1.015,0.981,0.518,0.861,0.583,0.313,0.287,0.326,0.779,0.935,1.015,0.981,0.518,0.861,0.583,0.313,0.287,0.326,97.144,H
0.779,0.935,1.015,0.981,0.518,0.861,0.583,0.313,0.287,0.326,0.779,0.935,1.015,0.981,0.518,0.861,0.583,0.313,0.287,0.326,97.144,H
0.779,0.935,1.015,0.981,0.518,0.861,0.583,0.313,0.287,0.326,0.779,0.935,1.015,0.981,0.518,0.861,0.583,0.313,0.287,0.326,97.144,H
0.779,0.935,1.015,0.981,0.518,0.861,0.583,0.313,0.287,0.326,0.779,0.935,1.015,0.981,0.518,0.861,0.583,0.313,0.287,0.326,97.144,H
0.779,0.935,1.015,0.981,0.518,0.861,0.583,0.313,0.287,0.326,0.779,0.935,1.015,0.981,0.518,0.861,0.583,0.313,0.287,0.326,97.144,H
0.779,0.935,1.015,0.981,0.518,0.861,0.583,0.313,0.287,0.326,0.779,0.935,1.015,0.981,0.518,0.861,0.583,0.313,0.287,0.326,97.144,H
0.779,0.935,1.015,0.981,0.518,0.861,0.583,0.313,0.287,0.326,0.779,0.935,1.015,0.981,0.518,0.861,0.583,0.313,0.287,0.326,97.144,H
0.779,0.935,1.015,0.981,0.518,0.861,0.583,0.313,0.287,0.326,0.779,0.935,1.015,0.981,0.518,0.861,0.583,0.313,0.287,0.326,97.144,H
0.779,0.935,1.015,0.981,0.518,0.861,0.583,0.313,0.287,0.326,0.779,0.935,1.015,0.981,0.518,0.861,0.583,0.313,0.287,0.326,97.144,H
0.779,0.935,1.015,0.981,0.518,0.861,0.583,0.313,0.287,0.326,0.779,0.935,1.015,0.981,0.518,0.861,0.583,0.313,0.287,0.326,97.144,H
0.779,0.935,1.015,0.981,0.518,0.861,0.583,0.313,0.287,0.326,0.779,0.935,1.015,0.981,0.518,0.861,0.583,0.313,0.287,0.326,97.144,H
0.779,0.935,1.015,0.981,0.518,0.861,0.583,0.313,0.287,0.326,0.779,0.935,1.015,0.981,0.518,0.861,0.583,0.313,0.287,0.326,97.144,H
0.779,0.935,1.015,0.981,0.518,0.861,0.583,0.313,0.287,0.326,0.779,0.935,1.015,0.981,0.518,0.861,0.583,0.313,0.287,0.326,97.144,H
0.779,0.935,1.015,0.981,0.518,0.861,0.583,0.313,0.287,0.326,0.779,0.935,1.015,0.981,0.518,0.861,0.583,0.313,0.287,0.326,97.144,H
0.779,0.935,1.015,0.981,0.518,0.861,0.583,0.313,0.287,0.326,0.779,0.935,1.015,0.981,0.518,0.861,0.583,0.313,0.287,0.326,97.144,H
0.779,0.935,1.015,0.981,0.518,0.861,0.583,0.313,0.287,0.326,0.779,0.935,1.015,0.981,0.518,0.861,0.583,0.313,0.287,0.326,97.144,H
0.779,0.935,1.015,0.981,0.518,0.861,0.583,0.313,0.287,0.326,0.779,0.935,1.015,0.981,0.518,0.861,0.583,0.313,0.287,0.326,97.144,H
0.779,0.935,1.015,0.981,0.518,0.861,0.583,0.313,0.287,0.326,0.779,0.935,1.015,0.981,0.518,0.861,0.583,0.313,0.287,0.326,97.144,H
0.779,0.935,1.015,0.981,0.518,0.861,0.583,0.313,0.287,0.326,0.779,0.935,1.015,0.981,0.518,0.861,0.583,0.313,0.287,0.326,97.144,H
0.779,0.935,1.015,0.981,0.518,0.861,0.583,0.313,0.287,0.326,0.779,0.935,1.015,0.981,0.518,0.861,0.583,0.313,0.287,0.326,97.144,H
0.779,0.935,1.015,0.981,0.518,0.861,0.583,0.313,0.287,0.326,0.779,0.935,1.015,0.981,0.518,0.861,0.583,0.313,0.287,0.326,97.144,H
0.779,0.935,1.015,0.981,0.518,0.861,0.583,0.313,0.287,0.326,0.779,0.935,1.015,0.981,0.518,0.861,0.583,0.313,0.287,0.326,97.144,H
0.779,0.935,1.015,0.981,0.518,0.861,0.583,0.313,0.287,0.326,0.779,0.935,1.015,0.981,0.518,0.861,0.583,0.313,0.287,0.326,97.144,H
0.779,0.935,1.015,0.981,0.518,0.861,0.583,0.313,0.287,0.326,0.779,0.935,1.015,0.981,0.518,0.861,0.583,0.313,0.287,0.326,97.144,H
0.779,0.935,1.015,0.981,0.518,0.861,0.583,0.313,0.287,0.326,0.779,0.935,1.015,0.981,0.518,0.861,0.583,0.313,0.287,0.326,97.144,H
0.779,0.935,1.015,0.981,0.518,0.861,0.583,0.313,0.287,0.326,0.779,0.935,1.015,0.981,0.518,0.861,0.583,0.313,0.287,0.326,97.144,H
0.779,0.935,1.015,0.981,0.518,0.861,0.583,0.313,0.287,0.326,0.779,0.935,1.015,0.981,0.518,0.861,0.583,0.313,0.287,0.326,97.144,H
0.779,0.935,1.015,0.981,0.518,0.861,0.583,0.313,0.287,0.326,0.779,0.935,1.015,0.981,0.518,0.861,0.583,0.313,0.287,0.326,97.144,H
0.779,0.935,1.015,0.981,0.518,0.861,0.583,0.313,0.287,0.326,0.779,0.935,1.015,0.981,0.518,0.861,0.583,0.313,0.287,0.326,97.144,H
0.779,0.935,1.015,0.981,0.518,0.861,0.583,0.313,0.287,0.326,0.779,0.935,1.015,0.981,0.518,0.861,0.583,0.313,0.287,0.326,97.144,H
0.779,0.935,1.015,0.981,0.518,0.861,0.583,0.313,0.287,0.326,0.779,0.935,1.015,0.981,0.518,0.861,0.583,0.313,0.287,0.326,97.144,H
0.779,0.935,1.015,0.981,0.518,0.861,0.583,0.313,0.287,0.326,0.779,0.935,1.015,0.981,0.518,0.861,0.583,0.313,0.287,0.326,97.144,H
2.172,1.293,0.792,2.457,1.783,0.945,0.928,0.941,0.214,0.205,2.172,1.293,0.792,2.457,1.783,0.945,0.928,0.941,0.214,0.205,3.606,I
2.172,1.293,0.792,2.457,1.783,0.945,0.928,0.941,0.214,0.205,2.172,1.293,0.792,2.457,1.783,0.945,0.928,0.941,0.214,0.205,3.606,I
2.172,1.293,0.792,2.457,1.783,0.945,0.928,0.941,0.214,0.205,2.172,1.293,0.792,2.457,1.783,0.945,0.928,0.941,0.214,0.205,3.606,I
2.172,1.293,0.792,2.457,1.783,0.945,0.928,0.941,0.214,0.205,2.172,1.293,0.792,2.457,1.783,0.945,0.928,0.941,0.214,0.205,3.606,I
2.172,1.293,0.792,2.457,1.783,0.945,0.928,0.941,0.214,0.205,2.172,1.293,0.792,2.457,1.783,0.945,0.928,0.941,0.214,0.205,3.606,I
2.172,1.293,0.792,2.457,1.783,0.945,0.928,0.941,0.214,0.205,2.172,1.293,0.792,2.457,1.783,0.945,0.928,0.941,0.214,0.205,3.606,I
2.172,1.293,0.792,2.457,1.783,0.945,0.928,0.941,0.214,0.205,2.172,1.293,0.792,2.457,1.783,0.945,0.928,0.941,0.214,0.205,3.606,I
2.172,1.293,0.792,2.457,1.783,0.945,0.928,0.941,0.214,0.205,2.172,1.293,0.792,2.457,1.783,0.945,0.928,0.941,0.214,0.205,3.606,I
2.172,1.293,0.792,2.457,1.783,0.945,0.928,0.941,0.214,0.205,2.172,1.293,0.792,2.457,1.783,0.945,0.928,0.941,0.214,0.205,3.606,I
2.172,1.293,0.792,2.457,1.783,0.945,0.928,0.941,0.214,0.205,2.172,1.293,0.792,2.457,1.783,0.945,0.928,0.941,0.214,0.205,3.606,I
2.172,1.293,0.792,2.457,1.783,0.945,0.928,0.941,0.214,0.205,2.172,1.293,0.792,2.457,1.783,0.945,0.928,0.941,0.214,0.205,3.606,I
2.172,1.293,0.792,2.457,1.783,0.945,0.928,0.941,0.214,0.205,2.172,1.293,0.792,2.457,1.783,0.945,0.928,0.941,0.214,0.205,3.606,I
2.172,1.293,0.792,2.457,1.783,0.945,0.928,0.941,0.214,0.205,2.172,1.293,0.792,2.457,1.783,0.945,0.928,0.941,0.214,0.205,3.606,I
2.172,1.293,0.792,2.457,1.783,0.945,0.928,0.941,0.214,0.205,2.172,1.293,0.792,2.457,1.783,0.945,0.928,0.941,0.214,0.205,3.606,I
2.172,1.293,0.792,2.457,1.783,0.945,0.928,0.941,0.214,0.205,2.172,1.293,0.792,2.457,1.783,0.945,0.928,0.941,0.214,0.205,3.606,I
2.172,1.293,0.792,2.457,1.783,0.945,0.928,0.941,0.214,0.205,2.172,1.293,0.792,2.457,1.783,0.945,0.928,0.941,0.214,0.205,3.606,I
2.172,1.293,0.792,2.457,1.783,0.945,0.928,0.941,0.214,0.205,2.172,1.293,0.792,2.457,1.783,0.945,0.928,0.941,0.214,0.205,3.606,I
2.172,1.293,0.792,2.457,1.783,0.945,0.928,0.941,0.214,0.205,2.172,1.293,0.792,2.457,1.783,0.945,0.928,0.941,0.214,0.205,3.606,I
2.172,1.293,0.792,2.457,1.783,0.945,0.928,0.941,0.214,0.205,2.172,1.293,0.792,2.457,1.783,0.945,0.928,0.941,0.214,0.205,3.606,I
2.172,1.293,0.792,2.457,1.783,0.945,0.928,0.941,0.214,0.205,2.172,1.293,0.792,2.457,1.783,0.945,0.928,0.941,0.214,0.205,3.606,I
2.172,1.293,0.792,2.457,1.783,0.945,0.928,0.941,0.214,0.205,2.172,1.293,0.792,2.457,1.783,0.945,0.928,0.941,0.214,0.205,3.606,I
2.172,1.293,0.792,2.457,1.783,0.945,0.928,0.941,0.214,0.205,2.172,1.293,0.792,2.457,1.783,0.945,0.928,0.941,0.214,0.205,3.606,I
2.172,1.293,0.792,2.457,1.783,0.945,0.928,0.941,0.214,0.205,2.172,1.293,0.792,2.457,1.783,0.945,0.928,0.941,0.214,0.205,3.606,I
2.172,1.293,0.792,2.457,1.783,0.945,0.928,0.941,0.214,0.205,2.172,1.293,0.792,2.457,1.783,0.945,0.928,0.941,0.214,0.205,3.606,I
2.172,1.293,0.792,2.457,1.783,0.945,0.928,0.941,0.214,0.205,2.172,1.293,0.792,2.457,1.783,0.945,0.928,0.941,0.214,0.205,3.606,I
2.172,1.293,0.792,2.457,1.783,0.945,0.928,0.941,0.214,0.205,2.172,1.293,0.792,2.457,1.783,0.945,0.928,0.941,0.214,0.205,3.606,I
2.172,1.293,0.792,2.457,1.783,0.945,0.928,0.941,0.214,0.205,2.172,1.293,0.792,2.457,1.783,0.945,0.928,0.941,0.214,0.205,3.606,I
2.172,1.293,0.792,2.457,1.783,0.945,0.928,0.941,0.214,0.205,2.172,1.293,0.792,2.457,1.783,0.945,0.928,0.941,0.214,0.205,3.606,I
2.172,1.293,0.792,2.457,1.783,0.945,0.928,0.941,0.214,0.205,2.172,1.293,0.792,2.457,1.783,0.945,0.928,0.941,0.214,0.205,3.606,I
2.172,1.293,0.792,2.457,1.783,0.945,0.928,0.941,0.214,0.205,2.172,1.293,0.792,2.457,1.783,0.945,0.928,0.941,0.214,0.205,3.606,I
2.172,1.293,0.792,2.457,1.783,0.945,0.928,0.941,0.214,0.205,2.172,1.293,0.792,2.457,1.783,0.945,0.928,0.941,0.214,0.205,3.606,I
2.172,1.293,0.792,2.457,1.783,0.945,0.928,0.941,0.214,0.205,2.172,1.293,0.792,2.457,1.783,0.945,0.928,0.941,0.214,0.205,3.606,I
2.172,1.293,0.792,2.457,1.783,0.945,0.928,0.941,0.214,0.205,2.172,1.293,0.792,2.457,1.783,0.945,0.928,0.941,0.214,0.205,3.606,I
2.172,1.293,0.792,2.457,1.783,0.945,0.928,0.941,0.214,0.205,2.172,1.293,0.792,2.457,1.783,0.945,0.928,0.941,0.214,0.205,3.606,I
2.172,1.293,0.792,2.457,1.783,0.945,0.928,0.941,0.214,0.205,2.172,1.293,0.792,2.457,1.783,0.945,0.928,0.941,0.214,0.205,3.606,I
2.172,1.293,0.792,2.457,1.783,0.945,0.928,0.941,0.214,0.205,2.172,1.293,0.792,2.457,1.783,0.945,0.928,0.941,0.214,0.205,3.606,I
2.172,1.293,0.792,2.457,1.783,0.945,0.928,0.941,0.214,0.205,2.172,1.293,0.792,2.457,1.783,0.945,0.928,0.941,0.214,0.205,3.606,I
2.172,1.293,0.792,2.457,1.783,0.945,0.928,0.941,0.214,0.205,2.172,1.293,0.792,2.457,1.783,0.945,0.928,0.941,0.214,0.205,3.606,I
2.172,1.293,0.792,2.457,1.783,0.945,0.928,0.941,0.214,0.205,2.172,1.293,0.792,2.457,1.783,0.945,0.928,0.941,0.214,0.205,3.606,I
2.172,1.293,0.792,2.457,1.783,0.945,0.928,0.941,0.214,0.205,2.172,1.293,0.792,2.457,1.783,0.945,0.928,0.941,0.214,0.205,3.606,I
2.172,1.293,0.792,2.457,1.783,0.945,0.928,0.941,0.214,0.205,2.172,1.293,0.792,2.457,1.783,0.945,0.928,0.941,0.214,0.205,3.606,I
2.172,1.293,0.792,2.457,1.783,0.945,0.928,0.941,0.214,0.205,2.172,1.293,0.792,2.457,1.783,0.945,0.928,0.941,0.214,0.205,3.606,I
2.172,1.293,0.792,2.457,1.783,0.945,0.928,0.941,0.214,0.205,2.172,1.293,0.792,2.457,1.783,0.945,0.928,0.941,0.214,0.205,3.606,I
2.172,1.293,0.792,2.457,1.783,0.945,0.928,0.941,0.214,0.205,2.172,1.293,0.792,2.457,1.783,0.945,0.928,0.941,0.214,0.205,3.606,I
2.172,1.293,0.792,2.457,1.783,0.945,0.928,0.941,0.214,0.205,2.172,1.293,0.792,2.457,1.783,0.945,0.928,0.941,0.214,0.205,3.606,I
2.172,1.293,0.792,2.457,1.783,0.945,0.928,0.941,0.214,0.205,2.172,1.293,0.792,2.457,1.783,0.945,0.928,0.941,0.214,0.205,3.606,I
2.172,1.293,0.792,2.457,1.783,0.945,0.928,0.941,0.214,0.205,2.172,1.293,0.792,2.457,1.783,0.945,0.928,0.941,0.214,0.205,3.606,I
2.172,1.293,0.792,2.457,1.783,0.945,0.928,0.941,0.214,0.205,2.172,1.293,0.792,2.457,1.783,0.945,0.928,0.941,0.214,0.205,3.606,I
2.172,1.293,0.792,2.457,1.783,0.945,0.928,0.941,0.214,0.205,2.172,1.293,0.792,2.457,1.783,0.945,0.928,0.941,0.214,0.205,3.606,I
2.172,1.293,0.792,2.457,1.783,0.945,0.928,0.941,0.214,0.205,2.172,1.293,0.792,2.457,1.783,0.945,0.928,0.941,0.214,0.205,3.606,I
2.172,1.293,0.792,2.457,1.783,0.945,0.928,0.941,0.214,0.205,2.172,1.293,0.792,2.457,1.783,0.945,0.928,0.941,0.214,0.205,3.606,I
2.048,2.845,0.692,0.768,2.297,1.102,0.317,0.124,0.205,0.818,2.048,2.845,0.692,0.768,2.297,1.102,0.317,0.124,0.205,0.818,261.297,J
2.048,2.845,0.692,0.768,2.297,1.102,0.317,0.124,0.205,0.818,2.048,2.845,0.692,0.768,2.297,1.102,0.317,0.124,0.205,0.818,261.297,J
2.048,2.845,0.692,0.768,2.297,1.102,0.317,0.124,0.205,0.818,2.048,2.845,0.692,0.768,2.297,1.102,0.317,0.124,0.205,0.818,261.297,J
2.048,2.845,0.692,0.768,2.297,1.102,0.317,0.124,0.205,0.818,2.048,2.845,0.692,0.768,2.297,1.102,0.317,0.124,0.205,0.818,261.297,J
2.048,2.845,0.692,0.768,2.297,1.102,0.317,0.124,0.205,0.818,2.048,2.845,0.692,0.768,2.297,1.102,0.317,0.124,0.205,0.818,261.297,J
2.048,2.845,0.692,0.768,2.297,1.102,0.317,0.124,0.205,0.818,2.048,2.845,0.692,0.768,2.297,1.102,0.317,0.124,0.205,0.818,261.297,J
2.048,2.845,0.692,0.768,2.297,1.102,0.317,0.124,0.205,0.818,2.048,2.845,0.692,0.768,2.297,1.102,0.317,0.124,0.205,0.818,261.297,J
2.048,2.845,0.692,0.768,2.297,1.102,0.317,0.124,0.205,0.818,2.048,2.845,0.692,0.768,2.297,1.102,0.317,0.124,0.205,0.818,261.297,J
2.048,2.845,0.692,0.768,2.297,1.102,0.317,0.124,0.205,0.818,2.048,2.845,0.692,0.768,2.297,1.102,0.317,0.124,0.205,0.818,261.297,J
2.048,2.845,0.692,0.768,2.297,1.102,0.317,0.124,0.205,0.818,2.048,2.845,0.692,0.768,2.297,1.102,0.317,0.124,0.205,0.818,261.297,J
2.048,2.845,0.692,0.768,2.297,1.102,0.317,0.124,0.205,0.818,2.048,2.845,0.692,0.768,2.297,1.102,0.317,0.124,0.205,0.818,261.297,J
2.048,2.845,0.692,0.768,2.297,1.102,0.317,0.124,0.205,0.818,2.048,2.845,0.692,0.768,2.297,1.102,0.317,0.124,0.205,0.818,261.297,J
2.048,2.845,0.692,0.768,2.297,1.102,0.317,0.124,0.205,0.818,2.048,2.845,0.692,0.768,2.297,1.102,0.317,0.124,0.205,0.818,261.297,J
2.048,2.845,0.692,0.768,2.297,1.102,0.317,0.124,0.205,0.818,2.048,2.845,0.692,0.768,2.297,1.102,0.317,0.124,0.205,0.818,261.297,J
2.048,2.845,0.692,0.768,2.297,1.102,0.317,0.124,0.205,0.818,2.048,2.845,0.692,0.768,2.297,1.102,0.317,0.124,0.205,0.818,261.297,J
2.048,2.845,0.692,0.768,2.297,1.102,0.317,0.124,0.205,0.818,2.048,2.845,0.692,0.768,2.297,1.102,0.317,0.124,0.205,0.818,261.297,J
2.048,2.845,0.692,0.768,2.297,1.102,0.317,0.124,0.205,0.818,2.048,2.845,0.692,0.768,2.297,1.102,0.317,0.124,0.205,0.818,261.297,J
2.048,2.845,0.692,0.768,2.297,1.102,0.317,0.124,0.205,0.818,2.048,2.845,0.692,0.768,2.297,1.102,0.317,0.124,0.205,0.818,261.297,J
2.048,2.845,0.692,0.768,2.297,1.102,0.317,0.124,0.205,0.818,2.048,2.845,0.692,0.768,2.297,1.102,0.317,0.124,0.205,0.818,261.297,J
2.048,2.845,0.692,0.768,2.297,1.102,0.317,0.124,0.205,0.818,2.048,2.845,0.692,0.768,2.297,1.102,0.317,0.124,0.205,0.818,261.297,J
2.048,2.845,0.692,0.768,2.297,1.102,0.317,0.124,0.205,0.818,2.048,2.845,0.692,0.768,2.297,1.102,0.317,0.124,0.205,0.818,261.297,J
2.048,2.845,0.692,0.768,2.297,1.102,0.317,0.124,0.205,0.818,2.048,2.845,0.692,0.768,2.297,1.102,0.317,0.124,0.205,0.818,261.297,J
2.048,2.845,0.692,0.768,2.297,1.102,0.317,0.124,0.205,0.818,2.048,2.845,0.692,0.768,2.297,1.102,0.317,0.124,0.205,0.818,261.297,J
2.048,2.845,0.692,0.768,2.297,1.102,0.317,0.124,0.205,0.818,2.048,2.845,0.692,0.768,2.297,1.102,0.317,0.124,0.205,0.818,261.297,J
2.048,2.845,0.692,0.768,2.297,1.102,0.317,0.124,0.205,0.818,2.048,2.845,0.692,0.768,2.297,1.102,0.317,0.124,0.205,0.818,261.297,J
2.048,2.845,0.692,0.768,2.297,1.102,0.317,0.124,0.205,0.818,2.048,2.845,0.692,0.768,2.297,1.102,0.317,0.124,0.205,0.818,261.297,J
2.048,2.845,0.692,0.768,2.297,1.102,0.317,0.124,0.205,0.818,2.048,2.845,0.692,0.768,2.297,1.102,0.317,0.124,0.205,0.818,261.297,J
2.048,2.845,0.692,0.768,2.297,1.102,0.317,0.124,0.205,0.818,2.048,2.845,0.692,0.768,2.297,1.102,0.317,0.124,0.205,0.818,261.297,J
2.048,2.845,0.692,0.768,2.297,1.102,0.317,0.124,0.205,0.818,2.048,2.845,0.692,0.768,2.297,1.102,0.317,0.124,0.205,0.818,261.297,J
2.048,2.845,0.692,0.768,2.297,1.102,0.317,0.124,0.205,0.818,2.048,2.845,0.692,0.768,2.297,1.102,0.317,0.124,0.205,0.818,261.297,J
2.048,2.845,0.692,0.768,2.297,1.102,0.317,0.124,0.205,0.818,2.048,2.845,0.692,0.768,2.297,1.102,0.317,0.124,0.205,0.818,261.297,J
2.048,2.845,0.692,0.768,2.297,1.102,0.317,0.124,0.205,0.818,2.048,2.845,0.692,0.768,2.297,1.102,0.317,0.124,0.205,0.818,261.297,J
2.048,2.845,0.692,0.768,2.297,1.102,0.317,0.124,0.205,0.818,2.048,2.845,0.692,0.768,2.297,1.102,0.317,0.124,0.205,0.818,261.297,J
2.048,2.845,0.692,0.768,2.297,1.102,0.317,0.124,0.205,0.818,2.048,2.845,0.692,0.768,2.297,1.102,0.317,0.124,0.205,0.818,261.297,J
2.048,2.845,0.692,0.768,2.297,1.102,0.317,0.124,0.205,0.818,2.048,2.845,0.692,0.768,2.297,1.102,0.317,0.124,0.205,0.818,261.297,J
2.048,2.845,0.692,0.768,2.297,1.102,0.317,0.124,0.205,0.818,2.048,2.845,0.692,0.768,2.297,1.102,0.317,0.124,0.205,0.818,261.297,J
2.048,2.845,0.692,0.768,2.297,1.102,0.317,0.124,0.205,0.818,2.048,2.845,0.692,0.768,2.297,1.102,0.317,0.124,0.205,0.818,261.297,J
2.048,2.845,0.692,0.768,2.297,1.102,0.317,0.124,0.205,0.818,2.048,2.845,0.692,0.768,2.297,1.102,0.317,0.124,0.205,0.818,261.297,J
2.048,2.845,0.692,0.768,2.297,1.102,0.317,0.124,0.205,0.818,2.048,2.845,0.692,0.768,2.297,1.102,0.317,0.124,0.205,0.818,261.297,J
2.048,2.845,0.692,0.768,2.297,1.102,0.317,0.124,0.205,0.818,2.048,2.845,0.692,0.768,2.297,1.102,0.317,0.124,0.205,0.818,261.297,J
2.048,2.845,0.692,0.768,2.297,1.102,0.317,0.124,0.205,0.818,2.048,2.845,0.692,0.768,2.297,1.102,0.317,0.124,0.205,0.818,261.297,J
2.048,2.845,0.692,0.768,2.297,1.102,0.317,0.124,0.205,0.818,2.048,2.845,0.692,0.768,2.297,1.102,0.317,0.124,0.205,0.818,261.297,J
2.048,2.845,0.692,0.768,2.297,1.102,0.317,0.124,0.205,0.818,2.048,2.845,0.692,0.768,2.297,1.102,0.317,0.124,0.205,0.818,261.297,J
2.048,2.845,0.692,0.768,2.297,1.102,0.317,0.124,0.205,0.818,2.048,2.845,0.692,0.768,2.297,1.102,0.317,0.124,0.205,0.818,261.297,J
2.048,2.845,0.692,0.768,2.297,1.102,0.317,0.124,0.205,0.818,2.048,2.845,0.692,0.768,2.297,1.102,0.317,0.124,0.205,0.818,261.297,J
2.048,2.845,0.692,0.768,2.297,1.102,0.317,0.124,0.205,0.818,2.048,2.845,0.692,0.768,2.297,1.102,0.317,0.124,0.205,0.818,261.297,J
2.048,2.845,0.692,0.768,2.297,1.102,0.317,0.124,0.205,0.818,2.048,2.845,0.692,0.768,2.297,1.102,0.317,0.124,0.205,0.818,261.297,J
2.048,2.845,0.692,0.768,2.297,1.102,0.317,0.124,0.205,0.818,2.048,2.845,0.692,0.768,2.297,1.102,0.317,0.124,0.205,0.818,261.297,J
2.048,2.845,0.692,0.768,2.297,1.102,0.317,0.124,0.205,0.818,2.048,2.845,0.692,0.768,2.297,1.102,0.317,0.124,0.205,0.818,261.297,J
2.048,2.845,0.692,0.768,2.297,1.102,0.317,0.124,0.205,0.818,2.048,2.845,0.692,0.768,2.297,1.102,0.317,0.124,0.205,0.818,261.297,J
2.048,2.845,0.692,0.768,2.297,1.102,0.317,0.124,0.205,0.818,2.048,2.845,0.692,0.768,2.297,1.102,0.317,0.124,0.205,0.818,261.297,J
1.555,1.618,0.73,0.521,1.055,1.064,0.455,0.198,0.258,0.645,1.555,1.618,0.73,0.521,1.055,1.064,0.455,0.198,0.258,0.645,41.869,K
1.457,1.791,0.78,0.603,0.917,1.432,0.457,0.199,0.261,1.017,1.457,1.791,0.78,0.603,0.917,1.432,0.457,0.199,0.261,1.017,43.863,K
1.491,1.668,0.731,0.545,1.003,1.22,0.493,0.199,0.297,0.741,1.491,1.668,0.731,0.545,1.003,1.22,0.493,0.199,0.297,0.741,38.419,K
1.536,1.698,0.726,0.499,1.067,1.163,0.475,0.213,0.264,0.719,1.536,1.698,0.726,0.499,1.067,1.163,0.475,0.213,0.264,0.719,38.897,K
1.345,1.641,0.717,0.509,0.867,1.366,0.577,0.246,0.332,0.825,1.345,1.641,0.717,0.509,0.867,1.366,0.577,0.246,0.332,0.825,34.409,K
1.518,1.653,0.74,0.527,1.049,1.136,0.467,0.208,0.263,0.691,1.518,1.653,0.74,0.527,1.049,1.136,0.467,0.208,0.263,0.691,42.45,K
1.46,1.547,0.762,0.558,0.974,1.08,0.484,0.22,0.266,0.602,1.46,1.547,0.762,0.558,0.974,1.08,0.484,0.22,0.266,0.602,38.419,K
1.489,1.739,0.692,0.499,1.043,1.281,0.491,0.188,0.303,0.863,1.489,1.739,0.692,0.499,1.043,1.281,0.491,0.188,0.303,0.863,41.037,K
1.509,1.747,0.743,0.528,1.029,1.251,0.477,0.217,0.262,0.79,1.509,1.747,0.743,0.528,1.029,1.251,0.477,0.217,0.262,0.79,41.012,K
1.398,1.661,0.713,0.487,0.972,1.287,0.558,0.246,0.313,0.746,1.398,1.661,0.713,0.487,0.972,1.287,0.558,0.246,0.313,0.746,41.231,K
1.477,1.69,0.721,0.501,1.02,1.238,0.51,0.224,0.288,0.75,1.477,1.69,0.721,0.501,1.02,1.238,0.51,0.224,0.288,0.75,39.699,K
1.346,1.593,0.715,0.513,0.877,1.301,0.588,0.241,0.352,0.719,1.346,1.593,0.715,0.513,0.877,1.301,0.588,0.241,0.352,0.719,33.422,K
1.512,1.657,0.701,0.524,1.034,1.154,0.471,0.175,0.297,0.714,1.512,1.657,0.701,0.524,1.034,1.154,0.471,0.175,0.297,0.714,39.598,K
1.479,1.901,0.691,0.458,1.067,1.424,0.528,0.223,0.311,0.922,1.479,1.901,0.691,0.458,1.067,1.424,0.528,0.223,0.311,0.922,39.825,K
1.391,1.719,0.718,0.505,0.972,1.341,0.544,0.228,0.323,0.813,1.391,1.719,0.718,0.505,0.972,1.341,0.544,0.228,0.323,0.813,39.661,K
1.162,1.816,0.682,0.454,0.716,2.02,0.776,0.322,0.456,1.353,1.162,1.816,0.682,0.454,0.716,2.02,0.776,0.322,0.456,1.353,21.587,K
1.534,1.649,0.767,0.57,1.002,1.135,0.445,0.205,0.24,0.704,1.534,1.649,0.767,0.57,1.002,1.135,0.445,0.205,0.24,0.704,38.21,K
1.414,1.723,0.694,0.483,0.969,1.339,0.545,0.221,0.325,0.832,1.414,1.723,0.694,0.483,0.969,1.339,0.545,0.221,0.325,0.832,37.643,K
1.575,1.826,0.742,0.555,1.107,1.258,0.423,0.184,0.239,0.875,1.575,1.826,0.742,0.555,1.107,1.258,0.423,0.184,0.239,0.875,41.773,K
1.286,1.756,0.743,0.554,0.786,1.628,0.603,0.257,0.345,1.04,1.286,1.756,0.743,0.554,0.786,1.628,0.603,0.257,0.345,1.04,32.65,K
1.535,1.793,0.742,0.55,1.034,1.276,0.448,0.191,0.258,0.86,1.535,1.793,0.742,0.55,1.034,1.276,0.448,0.191,0.258,0.86,41.725,K
1.609,1.714,0.741,0.565,1.119,1.101,0.415,0.173,0.242,0.696,1.609,1.714,0.741,0.565,1.119,1.101,0.415,0.173,0.242,0.696,43.139,K
1.413,1.942,0.756,0.56,0.888,1.671,0.523,0.228,0.299,1.175,1.413,1.942,0.756,0.56,0.888,1.671,0.523,0.228,0.299,1.175,28.601,K
1.321,1.525,0.664,0.444,0.884,1.254,0.633,0.25,0.385,0.658,1.321,1.525,0.664,0.444,0.884,1.254,0.633,0.25,0.385,0.658,5.385,K
1.544,1.656,0.699,0.497,1.08,1.129,0.477,0.194,0.283,0.684,1.544,1.656,0.699,0.497,1.08,1.129,0.477,0.194,0.283,0.684,34.713,K
1.287,1.614,0.706,0.549,0.773,1.487,0.605,0.209,0.397,0.933,1.287,1.614,0.706,0.549,0.773,1.487,0.605,0.209,0.397,0.933,27.803,K
1.455,1.387,0.687,0.499,1.018,0.913,0.498,0.189,0.31,0.458,1.455,1.387,0.687,0.499,1.018,0.913,0.498,0.189,0.31,0.458,40.311,K
1.397,1.511,0.73,0.501,0.934,1.131,0.55,0.251,0.3,0.599,1.397,1.511,0.73,0.501,0.934,1.131,0.55,0.251,0.3,0.599,33.287,K
1.409,1.623,0.711,0.492,0.949,1.232,0.541,0.234,0.307,0.722,1.409,1.623,0.711,0.492,0.949,1.232,0.541,0.234,0.307,0.722,39.051,K
1.501,1.555,0.717,0.535,1.006,1.077,0.478,0.19,0.288,0.623,1.501,1.555,0.717,0.535,1.006,1.077,0.478,0.19,0.288,0.623,33.971,K
1.188,1.743,0.713,0.514,0.69,1.888,0.726,0.298,0.427,1.212,1.188,1.743,0.713,0.514,0.69,1.888,0.726,0.298,0.427,1.212,23.087,K
1.37,1.75,0.729,0.564,0.851,1.522,0.53,0.199,0.333,1.055,1.37,1.75,0.729,0.564,0.851,1.522,0.53,0.199,0.333,1.055,35.805,K
1.626,1.443,0.741,0.514,1.14,0.827,0.427,0.2,0.228,0.415,1.626,1.443,0.741,0.514,1.14,0.827,0.427,0.2,0.228,0.415,42.45,K
1.473,1.729,0.715,0.511,1.035,1.279,0.5,0.21,0.29,0.814,1.473,1.729,0.715,0.511,1.035,1.279,0.5,0.21,0.29,0.814,39.205,K
1.341,1.373,0.704,0.532,0.825,1.039,0.571,0.208,0.364,0.485,1.341,1.373,0.704,0.532,0.825,1.039,0.571,0.208,0.364,0.485,32.45,K
1.508,1.701,0.697,0.503,1.039,1.209,0.481,0.188,0.293,0.794,1.508,1.701,0.697,0.503,1.039,1.209,0.481,0.188,0.293,0.794,40.311,K
1.526,1.629,0.699,0.487,1.073,1.098,0.48,0.2,0.281,0.666,1.526,1.629,0.699,0.487,1.073,1.098,0.48,0.2,0.281,0.666,43.139,K
1.541,1.675,0.702,0.501,1.061,1.132,0.473,0.19,0.285,0.68,1.541,1.675,0.702,0.501,1.061,1.132,0.473,0.19,0.285,0.68,40.311,K
1.332,1.823,0.74,0.568,0.768,1.763,0.586,0.236,0.35,1.222,1.332,1.823,0.74,0.568,0.768,1.763,0.586,0.236,0.35,1.222,17.029,K
1.526,1.736,0.693,0.509,1.073,1.197,0.48,0.184,0.296,0.725,1.526,1.736,0.693,0.509,1.073,1.197,0.48,0.184,0.296,0.725,33.422,K
1.538,1.747,0.725,0.498,1.068,1.198,0.475,0.214,0.261,0.742,1.538,1.747,0.725,0.498,1.068,1.198,0.475,0.214,0.261,0.742,44.598,K
1.352,1.789,0.7,0.487,0.887,1.54,0.588,0.242,0.349,1.004,1.352,1.789,0.7,0.487,0.887,1.54,0.588,0.242,0.349,1.004,34.132,K
1.321,1.607,0.714,0.515,0.82,1.371,0.596,0.243,0.355,0.811,1.321,1.607,0.714,0.515,0.82,1.371,0.596,0.243,0.355,0.811,28.653,K
1.267,1.43,0.704,0.497,0.772,1.229,0.653,0.271,0.384,0.601,1.267,1.43,0.704,0.497,0.772,1.229,0.653,0.271,0.384,0.601,23.324,K
1.273,1.646,0.7,0.488,0.806,1.495,0.637,0.263,0.377,0.944,1.273,1.646,0.7,0.488,0.806,1.495,0.637,0.263,0.377,0.944,29.967,K
1.308,1.509,0.7,0.519,0.815,1.287,0.603,0.23,0.373,0.734,1.308,1.509,0.7,0.519,0.815,1.287,0.603,0.23,0.373,0.734,25.554,K
1.34,1.633,0.725,0.568,0.801,1.425,0.553,0.205,0.349,0.923,1.34,1.633,0.725,0.568,0.801,1.425,0.553,0.205,0.349,0.923,28.601,K
1.413,1.621,0.703,0.504,0.95,1.239,0.532,0.214,0.319,0.753,1.413,1.621,0.703,0.504,0.95,1.239,0.532,0.214,0.319,0.753,38.949,K
1.331,1.68,0.674,0.484,0.867,1.449,0.598,0.219,0.381,0.946,1.331,1.68,0.674,0.484,0.867,1.449,0.598,0.219,0.381,0.946,34.059,K
1.504,1.431,0.73,0.527,0.995,0.936,0.481,0.204,0.278,0.474,1.504,1.431,0.73,0.527,0.995,0.936,0.481,0.204,0.278,0.474,39.623,K
1.237,1.636,0.688,0.493,0.774,1.554,0.672,0.258,0.415,0.924,1.237,1.636,0.688,0.493,0.774,1.554,0.672,0.258,0.415,0.924,29.547,K
1.729,1.367,0.725,0.65,1.333,0.618,0.385,0.16,0.235,0.277,1.729,1.367,0.725,0.65,1.333,0.618,0.385,0.16,0.235,0.277,359.562,L
1.729,1.367,0.725,0.65,1.333,0.618,0.385,0.16,0.235,0.277,1.729,1.367,0.725,0.65,1.333,0.618,0.385,0.16,0.235,0.277,359.562,L
1.729,1.367,0.725,0.65,1.333,0.618,0.385,0.16,0.235,0.277,1.729,1.367,0.725,0.65,1.333,0.618,0.385,0.16,0.235,0.277,359.562,L
1.729,1.367,0.725,0.65,1.333,0.618,0.385,0.16,0.235,0.277,1.729,1.367,0.725,0.65,1.333,0.618,0.385,0.16,0.235,0.277,359.562,L
1.729,1.367,0.725,0.65,1.333,0.618,0.385,0.16,0.235,0.277,1.729,1.367,0.725,0.65,1.333,0.618,0.385,0.16,0.235,0.277,359.562,L
1.729,1.367,0.725,0.65,1.333,0.618,0.385,0.16,0.235,0.277,1.729,1.367,0.725,0.65,1.333,0.618,0.385,0.16,0.235,0.277,359.562,L
1.729,1.367,0.725,0.65,1.333,0.618,0.385,0.16,0.235,0.277,1.729,1.367,0.725,0.65,1.333,0.618,0.385,0.16,0.235,0.277,359.562,L
1.729,1.367,0.725,0.65,1.333,0.618,0.385,0.16,0.235,0.277,1.729,1.367,0.725,0.65,1.333,0.618,0.385,0.16,0.235,0.277,359.562,L
1.729,1.367,0.725,0.65,1.333,0.618,0.385,0.16,0.235,0.277,1.729,1.367,0.725,0.65,1.333,0.618,0.385,0.16,0.235,0.277,359.562,L
1.729,1.367,0.725,0.65,1.333,0.618,0.385,0.16,0.235,0.277,1.729,1.367,0.725,0.65,1.333,0.618,0.385,0.16,0.235,0.277,359.562,L
1.729,1.367,0.725,0.65,1.333,0.618,0.385,0.16,0.235,0.277,1.729,1.367,0.725,0.65,1.333,0.618,0.385,0.16,0.235,0.277,359.562,L
1.729,1.367,0.725,0.65,1.333,0.618,0.385,0.16,0.235,0.277,1.729,1.367,0.725,0.65,1.333,0.618,0.385,0.16,0.235,0.277,359.562,L
1.729,1.367,0.725,0.65,1.333,0.618,0.385,0.16,0.235,0.277,1.729,1.367,0.725,0.65,1.333,0.618,0.385,0.16,0.235,0.277,359.562,L
1.729,1.367,0.725,0.65,1.333,0.618,0.385,0.16,0.235,0.277,1.729,1.367,0.725,0.65,1.333,0.618,0.385,0.16,0.235,0.277,359.562,L
1.729,1.367,0.725,0.65,1.333,0.618,0.385,0.16,0.235,0.277,1.729,1.367,0.725,0.65,1.333,0.618,0.385,0.16,0.235,0.277,359.562,L
1.729,1.367,0.725,0.65,1.333,0.618,0.385,0.16,0.235,0.277,1.729,1.367,0.725,0.65,1.333,0.618,0.385,0.16,0.235,0.277,359.562,L
1.729,1.367,0.725,0.65,1.333,0.618,0.385,0.16,0.235,0.277,1.729,1.367,0.725,0.65,1.333,0.618,0.385,0.16,0.235,0.277,359.562,L
1.729,1.367,0.725,0.65,1.333,0.618,0.385,0.16,0.235,0.277,1.729,1.367,0.725,0.65,1.333,0.618,0.385,0.16,0.235,0.277,359.562,L
1.729,1.367,0.725,0.65,1.333,0.618,0.385,0.16,0.235,0.277,1.729,1.367,0.725,0.65,1.333,0.618,0.385,0.16,0.235,0.277,359.562,L
1.729,1.367,0.725,0.65,1.333,0.618,0.385,0.16,0.235,0.277,1.729,1.367,0.725,0.65,1.333,0.618,0.385,0.16,0.235,0.277,359.562,L
1.729,1.367,0.725,0.65,1.333,0.618,0.385,0.16,0.235,0.277,1.729,1.367,0.725,0.65,1.333,0.618,0.385,0.16,0.235,0.277,359.562,L
1.729,1.367,0.725,0.65,1.333,0.618,0.385,0.16,0.235,0.277,1.729,1.367,0.725,0.65,1.333,0.618,0.385,0.16,0.235,0.277,359.562,L
1.729,1.367,0.725,0.65,1.333,0.618,0.385,0.16,0.235,0.277,1.729,1.367,0.725,0.65,1.333,0.618,0.385,0.16,0.235,0.277,359.562,L
1.729,1.367,0.725,0.65,1.333,0.618,0.385,0.16,0.235,0.277,1.729,1.367,0.725,0.65,1.333,0.618,0.385,0.16,0.235,0.277,359.562,L
1.729,1.367,0.725,0.65,1.333,0.618,0.385,0.16,0.235,0.277,1.729,1.367,0.725,0.65,1.333,0.618,0.385,0.16,0.235,0.277,359.562,L
1.729,1.367,0.725,0.65,1.333,0.618,0.385,0.16,0.235,0.277,1.729,1.367,0.725,0.65,1.333,0.618,0.385,0.16,0.235,0.277,359.562,L
1.729,1.367,0.725,0.65,1.333,0.618,0.385,0.16,0.235,0.277,1.729,1.367,0.725,0.65,1.333,0.618,0.385,0.16,0.235,0.277,359.562,L
1.729,1.367,0.725,0.65,1.333,0.618,0.385,0.16,0.235,0.277,1.729,1.367,0.725,0.65,1.333,0.618,0.385,0.16,0.235,0.277,359.562,L
1.729,1.367,0.725,0.65,1.333,0.618,0.385,0.16,0.235,0.277,1.729,1.367,0.725,0.65,1.333,0.618,0.385,0.16,0.235,0.277,359.562,L
1.729,1.367,0.725,0.65,1.333,0.618,0.385,0.16,0.235,0.277,1.729,1.367,0.725,0.65,1.333,0.618,0.385,0.16,0.235,0.277,359.562,L
1.729,1.367,0.725,0.65,1.333,0.618,0.385,0.16,0.235,0.277,1.729,1.367,0.725,0.65,1.333,0.618,0.385,0.16,0.235,0.277,359.562,L
1.729,1.367,0.725,0.65,1.333,0.618,0.385,0.16,0.235,0.277,1.729,1.367,0.725,0.65,1.333,0.618,0.385,0.16,0.235,0.277,359.562,L
1.729,1.367,0.725,0.65,1.333,0.618,0.385,0.16,0.235,0.277,1.729,1.367,0.725,0.65,1.333,0.618,0.385,0.16,0.235,0.277,359.562,L
1.729,1.367,0.725,0.65,1.333,0.618,0.385,0.16,0.235,0.277,1.729,1.367,0.725,0.65,1.333,0.618,0.385,0.16,0.235,0.277,359.562,L
1.729,1.367,0.725,0.65,1.333,0.618,0.385,0.16,0.235,0.277,1.729,1.367,0.725,0.65,1.333,0.618,0.385,0.16,0.235,0.277,359.562,L
1.729,1.367,0.725,0.65,1.333,0.618,0.385,0.16,0.235,0.277,1.729,1.367,0.725,0.65,1.333,0.618,0.385,0.16,0.235,0.277,359.562,L
1.729,1.367,0.725,0.65,1.333,0.618,0.385,0.16,0.235,0.277,1.729,1.367,0.725,0.65,1.333,0.618,0.385,0.16,0.235,0.277,359.562,L
1.729,1.367,0.725,0.65,1.333,0.618,0.385,0.16,0.235,0.277,1.729,1.367,0.725,0.65,1.333,0.618,0.385,0.16,0.235,0.277,359.562,L
1.729,1.367,0.725,0.65,1.333,0.618,0.385,0.16,0.235,0.277,1.729,1.367,0.725,0.65,1.333,0.618,0.385,0.16,0.235,0.277,359.562,L
1.729,1.367,0.725,0.65,1.333,0.618,0.385,0.16,0.235,0.277,1.729,1.367,0.725,0.65,1.333,0.618,0.385,0.16,0.235,0.277,359.562,L
1.729,1.367,0.725,0.65,1.333,0.618,0.385,0.16,0.235,0.277,1.729,1.367,0.725,0.65,1.333,0.618,0.385,0.16,0.235,0.277,359.562,L
1.729,1.367,0.725,0.65,1.333,0.618,0.385,0.16,0.235,0.277,1.729,1.367,0.725,0.65,1.333,0.618,0.385,0.16,0.235,0.277,359.562,L
1.729,1.367,0.725,0.65,1.333,0.618,0.385,0.16,0.235,0.277,1.729,1.367,0.725,0.65,1.333,0.618,0.385,0.16,0.235,0.277,359.562,L
1.729,1.367,0.725,0.65,1.333,0.618,0.385,0.16,0.235,0.277,1.729,1.367,0.725,0.65,1.333,0.618,0.385,0.16,0.235,0.277,359.562,L
1.729,1.367,0.725,0.65,1.333,0.618,0.385,0.16,0.235,0.277,1.729,1.367,0.725,0.65,1.333,0.618,0.385,0.16,0.235,0.277,359.562,L
1.729,1.367,0.725,0.65,1.333,0.618,0.385,0.16,0.235,0.277,1.729,1.367,0.725,0.65,1.333,0.618,0.385,0.16,0.235,0.277,359.562,L
1.729,1.367,0.725,0.65,1.333,0.618,0.385,0.16,0.235,0.277,1.729,1.367,0.725,0.65,1.333,0.618,0.385,0.16,0.235,0.277,359.562,L
1.729,1.367,0.725,0.65,1.333,0.618,0.385,0.16,0.235,0.277,1.729,1.367,0.725,0.65,1.333,0.618,0.385,0.16,0.235,0.277,359.562,L
1.729,1.367,0.725,0.65,1.333,0.618,0.385,0.16,0.235,0.277,1.729,1.367,0.725,0.65,1.333,0.618,0.385,0.16,0.235,0.277,359.562,L
1.729,1.367,0.725,0.65,1.333,0.618,0.385,0.16,0.235,0.277,1.729,1.367,0.725,0.65,1.333,0.618,0.385,0.16,0.235,0.277,359.562,L
1.729,1.367,0.725,0.65,1.333,0.618,0.385,0.16,0.235,0.277,1.729,1.367,0.725,0.65,1.333,0.618,0.385,0.16,0.235,0.277,359.562,L
0.474,0.964,0.945,0.343,0.137,4.867,4.869,4.391,1.481,1.645,0.474,0.964,0.945,0.343,0.137,4.867,4.869,4.391,1.481,1.645,80.808,M
0.46,0.976,0.969,0.312,0.184,4.011,3.92,3.623,1.006,1.083,0.46,0.976,0.969,0.312,0.184,4.011,3.92,3.623,1.006,1.083,82.329,M
0.477,0.979,0.95,0.353,0.141,4.924,4.772,4.261,1.548,1.477,0.477,0.979,0.95,0.353,0.141,4.924,4.772,4.261,1.548,1.477,83.096,M
0.474,0.975,0.971,0.327,0.147,4.703,4.641,4.382,1.296,1.597,0.474,0.975,0.971,0.327,0.147,4.703,4.641,4.382,1.296,1.597,87.115,M
0.485,0.982,0.944,0.348,0.156,4.494,4.33,3.835,1.495,1.388,0.485,0.982,0.944,0.348,0.156,4.494,4.33,3.835,1.495,1.388,82.329,M
0.487,0.985,0.936,0.34,0.192,3.812,3.625,3.148,1.063,1.156,0.487,0.985,0.936,0.34,0.192,3.812,3.625,3.148,1.063,1.156,82.219,M
0.473,0.986,0.956,0.356,0.15,4.732,4.463,4.027,1.197,1.65,0.473,0.986,0.956,0.356,0.15,4.732,4.463,4.027,1.197,1.65,83.241,M
0.506,0.996,0.958,0.342,0.181,3.977,3.731,3.409,1.132,1.437,0.506,0.996,0.958,0.342,0.181,3.977,3.731,3.409,1.132,1.437,80.92,M
0.473,0.972,0.969,0.313,0.186,3.915,3.847,3.562,1.043,1.123,0.473,0.972,0.969,0.313,0.186,3.915,3.847,3.562,1.043,1.123,82.329,M
0.474,0.963,0.956,0.346,0.155,4.665,4.454,3.978,1.504,1.856,0.474,0.963,0.956,0.346,0.155,4.665,4.454,3.978,1.504,1.856,85.147,M
0.487,0.976,0.934,0.353,0.166,4.099,4.008,3.521,1.075,1.259,0.487,0.976,0.934,0.353,0.166,4.099,4.008,3.521,1.075,1.259,76.694,M
0.48,0.984,0.943,0.347,0.15,4.661,4.472,3.982,1.421,1.563,0.48,0.984,0.943,0.347,0.15,4.661,4.472,3.982,1.421,1.563,82.462,M
0.488,0.978,0.955,0.305,0.195,3.767,3.682,3.344,1.08,1.101,0.488,0.978,0.955,0.305,0.195,3.767,3.682,3.344,1.08,1.101,85.041,M
0.47,0.969,0.95,0.306,0.173,4.143,4.116,3.726,1.241,1.235,0.47,0.969,0.95,0.306,0.173,4.143,4.116,3.726,1.241,1.235,85.913,M
0.498,1.045,0.805,0.392,0.127,5.799,5.117,3.334,2.122,1.425,0.498,1.045,0.805,0.392,0.127,5.799,5.117,3.334,2.122,1.425,85.276,M
0.462,0.979,0.958,0.315,0.153,4.677,4.595,4.209,1.32,1.318,0.462,0.979,0.958,0.315,0.153,4.677,4.595,4.209,1.32,1.318,85.276,M
0.481,0.964,0.951,0.338,0.15,4.489,4.5,4.081,1.363,1.374,0.481,0.964,0.951,0.338,0.15,4.489,4.5,4.081,1.363,1.374,83.738,M
0.478,0.969,0.949,0.335,0.15,4.604,4.563,4.102,1.294,1.325,0.478,0.969,0.949,0.335,0.15,4.604,4.563,4.102,1.294,1.325,85.913,M
0.531,0.969,0.949,0.348,0.21,3.177,3.162,2.863,0.959,0.997,0.531,0.969,0.949,0.348,0.21,3.177,3.162,2.863,0.959,0.997,72.346,M
0.477,0.982,0.939,0.366,0.142,4.864,4.632,4.046,1.399,1.625,0.477,0.982,0.939,0.366,0.142,4.864,4.632,4.046,1.399,1.625,84.024,M
0.47,0.975,0.958,0.317,0.169,4.317,4.196,3.818,1.173,1.343,0.47,0.975,0.958,0.317,0.169,4.317,4.196,3.818,1.173,1.343,86.052,M
0.524,1.012,0.659,0.383,0.171,4.146,3.784,1.68,2.128,1.263,0.524,1.012,0.659,0.383,0.171,4.146,3.784,1.68,2.128,1.263,79.649,M
0.475,0.994,0.937,0.355,0.135,5.195,4.952,4.341,1.493,1.469,0.475,0.994,0.937,0.355,0.135,5.195,4.952,4.341,1.493,1.469,87.006,M
0.454,0.981,0.934,0.363,0.103,6.801,6.464,5.608,1.603,2.22,0.454,0.981,0.934,0.363,0.103,6.801,6.464,5.608,1.603,2.22,94.81,M
0.481,0.992,0.943,0.358,0.141,4.95,4.727,4.169,1.422,1.385,0.481,0.992,0.943,0.358,0.141,4.95,4.727,4.169,1.422,1.385,84.024,M
0.517,1.055,0.818,0.401,0.156,4.788,4.05,2.695,1.731,1.637,0.517,1.055,0.818,0.401,0.156,4.788,4.05,2.695,1.731,1.637,84.812,M
0.476,0.972,0.985,0.318,0.16,4.384,4.324,4.164,1.186,1.543,0.476,0.972,0.985,0.318,0.16,4.384,4.324,4.164,1.186,1.543,88.238,M
0.469,0.978,0.936,0.367,0.137,4.993,4.857,4.21,1.383,1.306,0.469,0.978,0.936,0.367,0.137,4.993,4.857,4.21,1.383,1.306,83.006,M
0.498,0.968,0.958,0.363,0.172,3.958,3.839,3.487,1.037,1.419,0.498,0.968,0.958,0.363,0.172,3.958,3.839,3.487,1.037,1.419,80.43,M
0.467,1.003,0.852,0.369,0.122,5.897,5.463,4.064,1.68,1.725,0.467,1.003,0.852,0.369,0.122,5.897,5.463,4.064,1.68,1.725,87.801,M
0.463,1.003,0.921,0.367,0.124,5.791,5.377,4.528,1.623,1.715,0.463,1.003,0.921,0.367,0.124,5.791,5.377,4.528,1.623,1.715,86.4,M
0.469,0.992,0.929,0.374,0.139,5.236,4.846,4.101,1.381,1.649,0.469,0.992,0.929,0.374,0.139,5.236,4.846,4.101,1.381,1.649,88.238,M
0.491,0.981,0.938,0.388,0.149,4.632,4.362,3.763,1.26,1.54,0.491,0.981,0.938,0.388,0.149,4.632,4.362,3.763,1.26,1.54,84.812,M
0.509,1.01,0.692,0.373,0.18,4.058,3.704,1.86,1.887,1.195,0.509,1.01,0.692,0.373,0.18,4.058,3.704,1.86,1.887,1.195,83.241,M
0.515,1.025,0.942,0.391,0.14,5.071,4.57,3.945,1.62,1.403,0.515,1.025,0.942,0.391,0.14,5.071,4.57,3.945,1.62,1.403,83.869,M
0.493,0.986,0.946,0.379,0.143,4.855,4.584,4.007,1.414,1.48,0.493,0.986,0.946,0.379,0.143,4.855,4.584,4.007,1.414,1.48,84.646,M
0.493,1.002,0.887,0.385,0.158,4.547,4.19,3.283,1.265,1.294,0.493,1.002,0.887,0.385,0.158,4.547,4.19,3.283,1.265,1.294,84.024,M
0.489,1,0.603,0.368,0.166,4.353,4.03,1.532,2.501,1.35,0.489,1,0.603,0.368,0.166,4.353,4.03,1.532,2.501,1.35,84.202,M
0.488,0.971,0.958,0.345,0.146,4.544,4.544,4.199,1.385,1.378,0.488,0.971,0.958,0.345,0.146,4.544,4.544,4.199,1.385,1.378,82.462,M
0.49,1.002,0.855,0.385,0.142,5.096,4.664,3.364,1.898,1.534,0.49,1.002,0.855,0.385,0.142,5.096,4.664,3.364,1.898,1.534,84.812,M
0.471,0.968,0.954,0.341,0.171,4.29,4.087,3.668,0.982,1.569,0.471,0.968,0.954,0.341,0.171,4.29,4.087,3.668,0.982,1.569,85.428,M
0.482,1.006,0.875,0.386,0.133,5.301,4.889,3.733,1.621,1.472,0.482,1.006,0.875,0.386,0.133,5.301,4.889,3.733,1.621,1.472,84.202,M
0.489,0.979,0.927,0.381,0.146,4.648,4.465,3.787,1.275,1.348,0.489,0.979,0.927,0.381,0.146,4.648,4.465,3.787,1.275,1.348,82.006,M
0.481,1.006,0.854,0.386,0.143,4.999,4.581,3.332,1.7,1.441,0.481,1.006,0.854,0.386,0.143,4.999,4.581,3.332,1.7,1.441,86.4,M
0.511,0.992,0.937,0.376,0.175,4.019,3.81,3.24,1.347,1.006,0.511,0.992,0.937,0.376,0.175,4.019,3.81,3.24,1.347,1.006,82.462,M
0.49,0.988,0.913,0.374,0.143,4.976,4.668,3.851,1.348,1.497,0.49,0.988,0.913,0.374,0.143,4.976,4.668,3.851,1.348,1.497,87.459,M
0.481,0.97,0.939,0.363,0.162,4.206,4.098,3.585,1.114,1.304,0.481,0.97,0.939,0.363,0.162,4.206,4.098,3.585,1.114,1.304,81.4,M
0.491,0.982,0.962,0.364,0.149,4.598,4.435,4.02,1.44,1.307,0.491,0.982,0.962,0.364,0.149,4.598,4.435,4.02,1.44,1.307,82.62,M
0.473,0.962,0.96,0.349,0.141,4.824,4.772,4.35,1.388,1.58,0.473,0.962,0.96,0.349,0.141,4.824,4.772,4.35,1.388,1.58,84.812,M
0.483,0.986,0.924,0.381,0.128,5.362,5.065,4.259,1.777,1.71,0.483,0.986,0.924,0.381,0.128,5.362,5.065,4.259,1.777,1.71,84.024,M
0.539,1.042,0.523,0.389,0.217,3.462,3.054,0.781,2.28,0.864,0.539,1.042,0.523,0.389,0.217,3.462,3.054,0.781,2.28,0.864,79.812,M
0.509,0.976,0.529,0.479,0.204,3.704,3.146,0.618,2.571,1.498,0.509,0.976,0.529,0.479,0.204,3.704,3.146,0.618,2.571,1.498,91.679,N
0.487,0.976,0.507,0.453,0.195,3.869,3.27,0.62,2.708,1.771,0.487,0.976,0.507,0.453,0.195,3.869,3.27,0.62,2.708,1.771,91.679,N
0.5,0.957,0.508,0.452,0.199,3.831,3.225,0.645,2.643,1.952,0.5,0.957,0.508,0.452,0.199,3.831,3.225,0.645,2.643,1.952,93.606,N
0.491,0.967,0.504,0.455,0.208,3.505,3.101,0.601,2.562,1.353,0.491,0.967,0.504,0.455,0.208,3.505,3.101,0.601,2.562,1.353,91.049,N
0.507,0.987,0.528,0.473,0.245,3.15,2.641,0.554,2.127,1.283,0.507,0.987,0.528,0.473,0.245,3.15,2.641,0.554,2.127,1.283,86.833,N
0.504,0.951,0.502,0.449,0.183,4.097,3.471,0.656,2.886,2.17,0.504,0.951,0.502,0.449,0.183,4.097,3.471,0.656,2.886,2.17,94.921,N
0.508,0.973,0.508,0.454,0.227,3.529,2.861,0.585,2.332,1.836,0.508,0.973,0.508,0.454,0.227,3.529,2.861,0.585,2.332,1.836,90.785,N
0.496,0.998,0.508,0.446,0.228,3.47,2.878,0.579,2.338,1.506,0.496,0.998,0.508,0.446,0.228,3.47,2.878,0.579,2.338,1.506,89.644,N
0.501,0.976,0.516,0.449,0.212,3.477,3.063,0.639,2.462,1.312,0.501,0.976,0.516,0.449,0.212,3.477,3.063,0.639,2.462,1.312,91.548,N
0.506,0.957,0.519,0.459,0.238,3.164,2.671,0.543,2.17,1.573,0.506,0.957,0.519,0.459,0.238,3.164,2.671,0.543,2.17,1.573,86.052,N
0.489,0.982,0.516,0.45,0.193,3.833,3.341,0.708,2.684,1.471,0.489,0.982,0.516,0.45,0.193,3.833,3.341,0.708,2.684,1.471,94.493,N
0.492,0.945,0.522,0.46,0.218,3.476,2.902,0.638,2.329,1.891,0.492,0.945,0.522,0.46,0.218,3.476,2.902,0.638,2.329,1.891,89.811,N
0.5,0.994,0.519,0.447,0.254,3.038,2.56,0.541,2.047,1.268,0.5,0.994,0.519,0.447,0.254,3.038,2.56,0.541,2.047,1.268,86.215,N
0.476,0.964,0.491,0.44,0.228,3.253,2.82,0.526,2.358,1.501,0.476,0.964,0.491,0.44,0.228,3.253,2.82,0.526,2.358,1.501,88.408,N
0.5,0.975,0.524,0.465,0.276,2.795,2.337,0.49,1.882,1.261,0.5,0.975,0.524,0.465,0.276,2.795,2.337,0.49,1.882,1.261,83.235,N
0.497,0.979,0.509,0.438,0.197,3.782,3.289,0.685,2.651,1.559,0.497,0.979,0.509,0.438,0.197,3.782,3.289,0.685,2.651,1.559,92.957,N
0.512,1.011,0.541,0.474,0.264,2.931,2.424,0.539,1.912,1.114,0.512,1.011,0.541,0.474,0.264,2.931,2.424,0.539,1.912,1.114,85.604,N
0.515,1.013,0.537,0.474,0.228,3.4,2.789,0.581,2.237,1.329,0.515,1.013,0.537,0.474,0.228,3.4,2.789,0.581,2.237,1.329,88.408,N
0.509,0.976,0.502,0.443,0.224,3.384,2.88,0.57,2.361,1.54,0.509,0.976,0.502,0.443,0.224,3.384,2.88,0.57,2.361,1.54,89.376,N
0.508,0.981,0.51,0.456,0.189,4.085,3.35,0.643,2.768,2.031,0.508,0.981,0.51,0.456,0.189,4.085,3.35,0.643,2.768,2.031,93.606,N
0.493,0.977,0.509,0.453,0.208,3.562,3.042,0.59,2.511,1.58,0.493,0.977,0.509,0.453,0.208,3.562,3.042,0.59,2.511,1.58,89.499,N
0.511,0.986,0.519,0.457,0.221,3.375,2.846,0.55,2.335,1.472,0.511,0.986,0.519,0.457,0.221,3.375,2.846,0.55,2.335,1.472,87.321,N
0.505,0.972,0.528,0.466,0.242,3.023,2.589,0.544,2.091,1.313,0.505,0.972,0.528,0.466,0.242,3.023,2.589,0.544,2.091,1.313,87.006,N
0.508,0.984,0.534,0.463,0.23,3.299,2.73,0.553,2.2,1.538,0.508,0.984,0.534,0.463,0.23,3.299,2.73,0.553,2.2,1.538,88.238,N
0.5,0.95,0.515,0.455,0.212,3.648,3.02,0.607,2.46,1.993,0.5,0.95,0.515,0.455,0.212,3.648,3.02,0.607,2.46,1.993,91.679,N
0.46,0.983,0.482,0.432,0.211,3.596,3.124,0.603,2.597,1.448,0.46,0.983,0.482,0.432,0.211,3.596,3.124,0.603,2.597,1.448,90.604,N
0.495,0.959,0.519,0.469,0.224,3.443,2.802,0.562,2.303,1.856,0.495,0.959,0.519,0.469,0.224,3.443,2.802,0.562,2.303,1.856,87.618,N
0.501,0.984,0.494,0.437,0.183,4.076,3.53,0.669,2.927,1.675,0.501,0.984,0.494,0.437,0.183,4.076,3.53,0.669,2.927,1.675,92.195,N
0.494,0.961,0.505,0.452,0.227,3.168,2.779,0.537,2.306,1.4,0.494,0.961,0.505,0.452,0.227,3.168,2.779,0.537,2.306,1.4,87.618,N
0.506,0.972,0.527,0.472,0.214,3.525,2.929,0.577,2.398,1.674,0.506,0.972,0.527,0.472,0.214,3.525,2.929,0.577,2.398,1.674,90.427,N
0.516,0.968,0.51,0.456,0.219,3.41,2.89,0.554,2.388,1.61,0.516,0.968,0.51,0.456,0.219,3.41,2.89,0.554,2.388,1.61,88.617,N
0.483,0.977,0.515,0.451,0.184,4.013,3.454,0.682,2.818,1.715,0.483,0.977,0.515,0.451,0.184,4.013,3.454,0.682,2.818,1.715,92.617,N
0.499,0.972,0.513,0.46,0.201,3.606,3.114,0.603,2.575,1.545,0.499,0.972,0.513,0.46,0.201,3.606,3.114,0.603,2.575,1.545,89.644,N
0.514,0.97,0.524,0.453,0.208,3.574,3.058,0.598,2.481,1.613,0.514,0.97,0.524,0.453,0.208,3.574,3.058,0.598,2.481,1.613,88.865,N
0.484,0.968,0.499,0.435,0.181,4.085,3.591,0.707,2.938,1.731,0.484,0.968,0.499,0.435,0.181,4.085,3.591,0.707,2.938,1.731,93.862,N
0.506,0.981,0.52,0.475,0.22,3.379,2.83,0.543,2.35,1.478,0.506,0.981,0.52,0.475,0.22,3.379,2.83,0.543,2.35,1.478,86.833,N
0.504,0.958,0.507,0.459,0.206,3.519,3.058,0.597,2.537,1.592,0.504,0.958,0.507,0.459,0.206,3.519,3.058,0.597,2.537,1.592,88.865,N
0.531,0.958,0.525,0.456,0.23,3.189,2.708,0.55,2.195,1.619,0.531,0.958,0.525,0.456,0.23,3.189,2.708,0.55,2.195,1.619,86.683,N
0.516,0.995,0.519,0.452,0.213,3.531,3.075,0.617,2.482,1.2,0.516,0.995,0.519,0.452,0.213,3.531,3.075,0.617,2.482,1.2,89.499,N
0.523,0.971,0.497,0.434,0.227,3.185,2.835,0.534,2.343,1.283,0.523,0.971,0.497,0.434,0.227,3.185,2.835,0.534,2.343,1.283,86.556,N
0.502,0.97,0.515,0.456,0.183,4.025,3.462,0.653,2.853,1.772,0.502,0.97,0.515,0.456,0.183,4.025,3.462,0.653,2.853,1.772,91.049,N
0.518,0.982,0.53,0.481,0.223,3.265,2.849,0.573,2.325,1.131,0.518,0.982,0.53,0.481,0.223,3.265,2.849,0.573,2.325,1.131,86.215,N
0.524,0.96,0.535,0.48,0.229,3.42,2.722,0.537,2.223,1.898,0.524,0.96,0.535,0.48,0.229,3.42,2.722,0.537,2.223,1.898,85.428,N
0.517,0.998,0.519,0.451,0.197,3.83,3.232,0.661,2.614,1.57,0.517,0.998,0.519,0.451,0.197,3.83,3.232,0.661,2.614,1.57,89.499,N
0.499,0.981,0.505,0.447,0.197,3.732,3.23,0.601,2.678,1.537,0.499,0.981,0.505,0.447,0.197,3.732,3.23,0.601,2.678,1.537,89.022,N
0.489,0.966,0.508,0.444,0.197,3.651,3.228,0.598,2.668,1.536,0.489,0.966,0.508,0.444,0.197,3.651,3.228,0.598,2.668,1.536,89.811,N
0.525,0.96,0.515,0.452,0.229,3.297,2.804,0.531,2.3,1.586,0.525,0.96,0.515,0.452,0.229,3.297,2.804,0.531,2.3,1.586,84.504,N
0.505,0.973,0.513,0.454,0.19,3.844,3.35,0.632,2.761,1.564,0.505,0.973,0.513,0.454,0.19,3.844,3.35,0.632,2.761,1.564,91.049,N
0.525,0.998,0.529,0.478,0.215,3.532,3.009,0.597,2.45,1.221,0.525,0.998,0.529,0.478,0.215,3.532,3.009,0.597,2.45,1.221,88.091,N
0.498,0.964,0.501,0.437,0.227,3.23,2.84,0.591,2.309,1.414,0.498,0.964,0.501,0.437,0.227,3.23,2.84,0.591,2.309,1.414,86.052,N
0.527,0.976,0.532,0.468,0.237,3.192,2.707,0.564,2.171,1.351,0.527,0.976,0.532,0.468,0.237,3.192,2.707,0.564,2.171,1.351,84.024,N
0.693,0.935,1.023,0.936,0.243,0.362,0.326,0.362,0.202,0.326,0.693,0.935,1.023,0.936,0.243,0.362,0.326,0.362,0.202,0.326,16.763,O
0.693,0.935,1.023,0.936,0.243,0.362,0.326,0.362,0.202,0.326,0.693,0.935,1.023,0.936,0.243,0.362,0.326,0.362,0.202,0.326,16.763,O
0.693,0.935,1.023,0.936,0.243,0.362,0.326,0.362,0.202,0.326,0.693,0.935,1.023,0.936,0.243,0.362,0.326,0.362,0.202,0.326,16.763,O
0.733,0.966,1,0.899,0.249,0.277,0.416,0.416,0,0.139,0.733,0.966,1,0.899,0.249,0.277,0.416,0.416,0,0.139,20,O
0.733,0.966,1,0.899,0.249,0.277,0.416,0.416,0,0.139,0.733,0.966,1,0.899,0.249,0.277,0.416,0.416,0,0.139,20,O
0.733,0.966,1,0.899,0.249,0.277,0.416,0.416,0,0.139,0.733,0.966,1,0.899,0.249,0.277,0.416,0.416,0,0.139,20,O
0.733,0.966,1,0.899,0.249,0.277,0.416,0.416,0,0.139,0.733,0.966,1,0.899,0.249,0.277,0.416,0.416,0,0.139,20,O
0.733,0.966,1,0.899,0.249,0.277,0.416,0.416,0,0.139,0.733,0.966,1,0.899,0.249,0.277,0.416,0.416,0,0.139,20,O
0.733,0.966,1,0.899,0.249,0.277,0.416,0.416,0,0.139,0.733,0.966,1,0.899,0.249,0.277,0.416,0.416,0,0.139,20,O
0.686,0.978,1.023,0.92,0.285,0.233,0.282,0.379,0.113,0.113,0.686,0.978,1.023,0.92,0.285,0.233,0.282,0.379,0.113,0.113,21.932,O
0.686,0.978,1.023,0.92,0.285,0.233,0.282,0.379,0.113,0.113,0.686,0.978,1.023,0.92,0.285,0.233,0.282,0.379,0.113,0.113,21.932,O
0.747,0.944,1.032,0.942,0.259,0.175,0.256,0.351,0.186,0.224,0.747,0.944,1.032,0.942,0.259,0.175,0.256,0.351,0.186,0.224,26.926,O
0.747,0.944,1.032,0.942,0.259,0.175,0.256,0.351,0.186,0.224,0.747,0.944,1.032,0.942,0.259,0.175,0.256,0.351,0.186,0.224,26.926,O
0.747,0.944,1.032,0.942,0.259,0.175,0.256,0.351,0.186,0.224,0.747,0.944,1.032,0.942,0.259,0.175,0.256,0.351,0.186,0.224,26.926,O
0.747,0.944,1.032,0.942,0.259,0.175,0.256,0.351,0.186,0.224,0.747,0.944,1.032,0.942,0.259,0.175,0.256,0.351,0.186,0.224,26.926,O
0.747,0.944,1.032,0.942,0.259,0.175,0.256,0.351,0.186,0.224,0.747,0.944,1.032,0.942,0.259,0.175,0.256,0.351,0.186,0.224,26.926,O
0.728,0.968,1.012,0.913,0.206,0.269,0.422,0.477,0.075,0.167,0.728,0.968,1.012,0.913,0.206,0.269,0.422,0.477,0.075,0.167,22.847,O
0.728,0.968,1.012,0.913,0.206,0.269,0.422,0.477,0.075,0.167,0.728,0.968,1.012,0.913,0.206,0.269,0.422,0.477,0.075,0.167,22.847,O
0.728,0.968,1.012,0.913,0.206,0.269,0.422,0.477,0.075,0.167,0.728,0.968,1.012,0.913,0.206,0.269,0.422,0.477,0.075,0.167,22.847,O
0.728,0.968,1.012,0.913,0.206,0.269,0.422,0.477,0.075,0.167,0.728,0.968,1.012,0.913,0.206,0.269,0.422,0.477,0.075,0.167,22.847,O
0.697,0.956,0.979,0.922,0.274,0.128,0.286,0.236,0.115,0.162,0.697,0.956,0.979,0.922,0.274,0.128,0.286,0.236,0.115,0.162,20.809,O
0.697,0.956,0.979,0.922,0.274,0.128,0.286,0.236,0.115,0.162,0.697,0.956,0.979,0.922,0.274,0.128,0.286,0.236,0.115,0.162,20.809,O
0.697,0.956,0.979,0.922,0.274,0.128,0.286,0.236,0.115,0.162,0.697,0.956,0.979,0.922,0.274,0.128,0.286,0.236,0.115,0.162,20.809,O
0.697,0.956,0.979,0.922,0.274,0.128,0.286,0.236,0.115,0.162,0.697,0.956,0.979,0.922,0.274,0.128,0.286,0.236,0.115,0.162,20.809,O
0.697,0.956,0.979,0.922,0.274,0.128,0.286,0.236,0.115,0.162,0.697,0.956,0.979,0.922,0.274,0.128,0.286,0.236,0.115,0.162,20.809,O
0.697,0.956,0.979,0.922,0.274,0.128,0.286,0.236,0.115,0.162,0.697,0.956,0.979,0.922,0.274,0.128,0.286,0.236,0.115,0.162,20.809,O
0.697,0.956,0.979,0.922,0.274,0.128,0.286,0.236,0.115,0.162,0.697,0.956,0.979,0.922,0.274,0.128,0.286,0.236,0.115,0.162,20.809,O
0.697,0.956,0.979,0.922,0.274,0.128,0.286,0.236,0.115,0.162,0.697,0.956,0.979,0.922,0.274,0.128,0.286,0.236,0.115,0.162,20.809,O
0.697,0.956,0.979,0.922,0.274,0.128,0.286,0.236,0.115,0.162,0.697,0.956,0.979,0.922,0.274,0.128,0.286,0.236,0.115,0.162,20.809,O
0.697,0.956,0.979,0.922,0.274,0.128,0.286,0.236,0.115,0.162,0.697,0.956,0.979,0.922,0.274,0.128,0.286,0.236,0.115,0.162,20.809,O
0.697,0.956,0.979,0.922,0.274,0.128,0.286,0.236,0.115,0.162,0.697,0.956,0.979,0.922,0.274,0.128,0.286,0.236,0.115,0.162,20.809,O
0.697,0.956,0.979,0.922,0.274,0.128,0.286,0.236,0.115,0.162,0.697,0.956,0.979,0.922,0.274,0.128,0.286,0.236,0.115,0.162,20.809,O
0.697,0.956,0.979,0.922,0.274,0.128,0.286,0.236,0.115,0.162,0.697,0.956,0.979,0.922,0.274,0.128,0.286,0.236,0.115,0.162,20.809,O
0.697,0.956,0.979,0.922,0.274,0.128,0.286,0.236,0.115,0.162,0.697,0.956,0.979,0.922,0.274,0.128,0.286,0.236,0.115,0.162,20.809,O
0.697,0.956,0.979,0.922,0.274,0.128,0.286,0.236,0.115,0.162,0.697,0.956,0.979,0.922,0.274,0.128,0.286,0.236,0.115,0.162,20.809,O
0.697,0.956,0.979,0.922,0.274,0.128,0.286,0.236,0.115,0.162,0.697,0.956,0.979,0.922,0.274,0.128,0.286,0.236,0.115,0.162,20.809,O
0.697,0.956,0.979,0.922,0.274,0.128,0.286,0.236,0.115,0.162,0.697,0.956,0.979,0.922,0.274,0.128,0.286,0.236,0.115,0.162,20.809,O
0.697,0.956,0.979,0.922,0.274,0.128,0.286,0.236,0.115,0.162,0.697,0.956,0.979,0.922,0.274,0.128,0.286,0.236,0.115,0.162,20.809,O
0.697,0.956,0.979,0.922,0.274,0.128,0.286,0.236,0.115,0.162,0.697,0.956,0.979,0.922,0.274,0.128,0.286,0.236,0.115,0.162,20.809,O
0.856,0.856,1.202,1.419,0.691,1,0.784,0.451,0.347,0.232,0.856,0.856,1.202,1.419,0.691,1,0.784,0.451,0.347,0.232,140.911,O
0.856,0.856,1.202,1.419,0.691,1,0.784,0.451,0.347,0.232,0.856,0.856,1.202,1.419,0.691,1,0.784,0.451,0.347,0.232,140.911,O
0.856,0.856,1.202,1.419,0.691,1,0.784,0.451,0.347,0.232,0.856,0.856,1.202,1.419,0.691,1,0.784,0.451,0.347,0.232,140.911,O
0.856,0.856,1.202,1.419,0.691,1,0.784,0.451,0.347,0.232,0.856,0.856,1.202,1.419,0.691,1,0.784,0.451,0.347,0.232,140.911,O
0.856,0.856,1.202,1.419,0.691,1,0.784,0.451,0.347,0.232,0.856,0.856,1.202,1.419,0.691,1,0.784,0.451,0.347,0.232,140.911,O
0.856,0.856,1.202,1.419,0.691,1,0.784,0.451,0.347,0.232,0.856,0.856,1.202,1.419,0.691,1,0.784,0.451,0.347,0.232,140.911,O
0.856,0.856,1.202,1.419,0.691,1,0.784,0.451,0.347,0.232,0.856,0.856,1.202,1.419,0.691,1,0.784,0.451,0.347,0.232,140.911,O
0.856,0.856,1.202,1.419,0.691,1,0.784,0.451,0.347,0.232,0.856,0.856,1.202,1.419,0.691,1,0.784,0.451,0.347,0.232,140.911,O
0.856,0.856,1.202,1.419,0.691,1,0.784,0.451,0.347,0.232,0.856,0.856,1.202,1.419,0.691,1,0.784,0.451,0.347,0.232,140.911,O
0.856,0.856,1.202,1.419,0.691,1,0.784,0.451,0.347,0.232,0.856,0.856,1.202,1.419,0.691,1,0.784,0.451,0.347,0.232,140.911,O
0.714,0.946,0.999,0.922,0.256,0.271,0.369,0.327,0.086,0.219,0.714,0.946,0.999,0.922,0.256,0.271,0.369,0.327,0.086,0.219,26.907,O
1.753,2.269,0.801,0.841,1.129,1.319,0.358,0.144,0.245,1.133,1.753,2.269,0.801,0.841,1.129,1.319,0.358,0.144,0.245,1.133,37.643,P
1.613,2.23,0.79,0.822,0.925,1.566,0.413,0.172,0.287,1.344,1.613,2.23,0.79,0.822,0.925,1.566,0.413,0.172,0.287,1.344,38.013,P
1.775,2.331,0.845,0.868,1.118,1.354,0.317,0.128,0.208,1.194,1.775,2.331,0.845,0.868,1.118,1.354,0.317,0.128,0.208,1.194,36.235,P
1.886,2.446,0.83,0.929,1.236,1.283,0.33,0.175,0.202,1.178,1.886,2.446,0.83,0.929,1.236,1.283,0.33,0.175,0.202,1.178,36.797,P
1.635,2.198,0.811,0.814,1.056,1.36,0.4,0.17,0.248,1.151,1.635,2.198,0.811,0.814,1.056,1.36,0.4,0.17,0.248,1.151,34.828,P
1.535,2.219,0.835,0.882,0.892,1.542,0.358,0.167,0.243,1.374,1.535,2.219,0.835,0.882,0.892,1.542,0.358,0.167,0.243,1.374,28.844,P
1.798,2.35,0.817,0.881,1.195,1.304,0.348,0.162,0.222,1.133,1.798,2.35,0.817,0.881,1.195,1.304,0.348,0.162,0.222,1.133,37.537,P
1.751,2.271,0.793,0.835,1.095,1.345,0.371,0.164,0.246,1.186,1.751,2.271,0.793,0.835,1.095,1.345,0.371,0.164,0.246,1.186,37.643,P
1.785,2.406,0.829,0.87,1.148,1.391,0.316,0.147,0.202,1.227,1.785,2.406,0.829,0.87,1.148,1.391,0.316,0.147,0.202,1.227,37.014,P
1.773,2.394,0.85,0.943,1.016,1.47,0.28,0.148,0.204,1.374,1.773,2.394,0.85,0.943,1.016,1.47,0.28,0.148,0.204,1.374,37.202,P
1.809,2.337,0.85,0.888,1.148,1.315,0.298,0.147,0.18,1.167,1.809,2.337,0.85,0.888,1.148,1.315,0.298,0.147,0.18,1.167,37.643,P
1.809,2.399,0.844,0.906,1.153,1.339,0.31,0.138,0.207,1.221,1.809,2.399,0.844,0.906,1.153,1.339,0.31,0.138,0.207,1.221,36.878,P
1.708,2.211,0.818,0.824,1.115,1.28,0.334,0.137,0.218,1.097,1.708,2.211,0.818,0.824,1.115,1.28,0.334,0.137,0.218,1.097,37.537,P
1.541,2.353,0.797,0.81,0.926,1.693,0.437,0.153,0.307,1.497,1.541,2.353,0.797,0.81,0.926,1.693,0.437,0.153,0.307,1.497,30.887,P
1.771,2.323,0.841,0.91,1.061,1.367,0.308,0.139,0.217,1.256,1.771,2.323,0.841,0.91,1.061,1.367,0.308,0.139,0.217,1.256,37.537,P
1.718,2.33,0.806,0.835,1.088,1.443,0.323,0.132,0.227,1.222,1.718,2.33,0.806,0.835,1.088,1.443,0.323,0.132,0.227,1.222,38.275,P
1.682,2.286,0.815,0.848,1.021,1.446,0.352,0.155,0.235,1.272,1.682,2.286,0.815,0.848,1.021,1.446,0.352,0.155,0.235,1.272,36.401,P
1.75,2.283,0.822,0.822,1.159,1.309,0.358,0.16,0.214,1.119,1.75,2.283,0.822,0.822,1.159,1.309,0.358,0.16,0.214,1.119,38.21,P
1.779,2.371,0.789,0.818,1.198,1.353,0.328,0.122,0.235,1.148,1.779,2.371,0.789,0.818,1.198,1.353,0.328,0.122,0.235,1.148,38.288,P
1.787,2.376,0.815,0.866,1.115,1.396,0.329,0.139,0.229,1.243,1.787,2.376,0.815,0.866,1.115,1.396,0.329,0.139,0.229,1.243,37.643,P
1.805,2.366,0.784,0.843,1.211,1.309,0.341,0.156,0.229,1.136,1.805,2.366,0.784,0.843,1.211,1.309,0.341,0.156,0.229,1.136,37.537,P
1.782,2.343,0.835,0.85,1.115,1.375,0.317,0.128,0.208,1.213,1.782,2.343,0.835,0.85,1.115,1.375,0.317,0.128,0.208,1.213,36.235,P
1.728,2.344,0.815,0.883,1.039,1.454,0.368,0.172,0.246,1.307,1.728,2.344,0.815,0.883,1.039,1.454,0.368,0.172,0.246,1.307,37.443,P
1.854,2.366,0.826,0.86,1.236,1.264,0.317,0.162,0.185,1.113,1.854,2.366,0.826,0.86,1.236,1.264,0.317,0.162,0.185,1.113,37.483,P
1.793,2.352,0.825,0.834,1.195,1.326,0.331,0.132,0.215,1.135,1.793,2.352,0.825,0.834,1.195,1.326,0.331,0.132,0.215,1.135,38.288,P
1.811,2.34,0.825,0.834,1.224,1.289,0.324,0.129,0.21,1.098,1.811,2.34,0.825,0.834,1.224,1.289,0.324,0.129,0.21,1.098,39.623,P
1.773,2.249,0.83,0.841,1.104,1.312,0.299,0.125,0.198,1.136,1.773,2.249,0.83,0.841,1.104,1.312,0.299,0.125,0.198,1.136,38.288,P
1.742,2.283,0.79,0.813,1.169,1.309,0.386,0.148,0.259,1.114,1.742,2.283,0.79,0.813,1.169,1.309,0.386,0.148,0.259,1.114,38.21,P
1.689,2.205,0.785,0.772,1.13,1.309,0.386,0.145,0.254,1.085,1.689,2.205,0.785,0.772,1.13,1.309,0.386,0.145,0.254,1.085,38.288,P
1.725,2.28,0.827,0.834,1.154,1.316,0.364,0.163,0.217,1.114,1.725,2.28,0.827,0.834,1.154,1.316,0.364,0.163,0.217,1.114,36.878,P
1.765,2.3,0.807,0.823,1.156,1.327,0.338,0.151,0.214,1.13,1.765,2.3,0.807,0.823,1.156,1.327,0.338,0.151,0.214,1.13,39.699,P
1.695,2.283,0.777,0.778,1.114,1.389,0.384,0.138,0.266,1.169,1.695,2.283,0.777,0.778,1.114,1.389,0.384,0.138,0.266,1.169,37.202,P
1.728,2.254,0.802,0.867,1.018,1.386,0.301,0.141,0.232,1.243,1.728,2.254,0.802,0.867,1.018,1.386,0.301,0.141,0.232,1.243,39.825,P
1.73,2.256,0.807,0.8,1.169,1.321,0.368,0.145,0.234,1.076,1.73,2.256,0.807,0.8,1.169,1.321,0.368,0.145,0.234,1.076,37.802,P
1.753,2.269,0.804,0.813,1.107,1.353,0.348,0.156,0.22,1.157,1.753,2.269,0.804,0.813,1.107,1.353,0.348,0.156,0.22,1.157,39.051,P
1.769,2.299,0.794,0.814,1.16,1.335,0.369,0.152,0.241,1.13,1.769,2.299,0.794,0.814,1.16,1.335,0.369,0.152,0.241,1.13,40.46,P
1.783,2.354,0.813,0.902,1.07,1.392,0.287,0.135,0.229,1.27,1.783,2.354,0.813,0.902,1.07,1.392,0.287,0.135,0.229,1.27,38.419,P
1.878,2.418,0.816,0.883,1.235,1.304,0.316,0.133,0.22,1.151,1.878,2.418,0.816,0.883,1.235,1.304,0.316,0.133,0.22,1.151,39.699,P
1.782,2.317,0.784,0.81,1.123,1.377,0.36,0.145,0.247,1.189,1.782,2.317,0.784,0.81,1.123,1.377,0.36,0.145,0.247,1.189,39.825,P
1.811,2.366,0.815,0.831,1.187,1.337,0.343,0.149,0.215,1.161,1.811,2.366,0.815,0.831,1.187,1.337,0.343,0.149,0.215,1.161,38.949,P
1.797,2.363,0.788,0.821,1.202,1.339,0.37,0.166,0.234,1.146,1.797,2.363,0.788,0.821,1.202,1.339,0.37,0.166,0.234,1.146,38.288,P
1.782,2.333,0.794,0.814,1.191,1.326,0.359,0.148,0.234,1.129,1.782,2.333,0.794,0.814,1.191,1.326,0.359,0.148,0.234,1.129,38.288,P
1.669,2.246,0.811,0.93,0.903,1.483,0.366,0.208,0.269,1.407,1.669,2.246,0.811,0.93,0.903,1.483,0.366,0.208,0.269,1.407,37.802,P
1.794,2.267,0.807,0.79,1.225,1.265,0.354,0.168,0.202,1.039,1.794,2.267,0.807,0.79,1.225,1.265,0.354,0.168,0.202,1.039,40.361,P
1.771,2.278,0.767,0.79,1.2,1.297,0.361,0.146,0.246,1.071,1.771,2.278,0.767,0.79,1.2,1.297,0.361,0.146,0.246,1.071,38.949,P
1.739,2.374,0.805,0.807,1.126,1.442,0.345,0.141,0.225,1.224,1.739,2.374,0.805,0.807,1.126,1.442,0.345,0.141,0.225,1.224,38.601,P
1.787,2.377,0.823,0.868,1.087,1.413,0.306,0.142,0.208,1.28,1.787,2.377,0.823,0.868,1.087,1.413,0.306,0.142,0.208,1.28,39.205,P
1.721,2.282,0.822,0.805,1.135,1.348,0.355,0.148,0.218,1.136,1.721,2.282,0.822,0.805,1.135,1.348,0.355,0.148,0.218,1.136,38.897,P
1.769,2.374,0.831,0.851,1.118,1.403,0.305,0.128,0.202,1.231,1.769,2.374,0.831,0.851,1.118,1.403,0.305,0.128,0.202,1.231,37.802,P
1.784,2.363,0.839,0.81,1.16,1.363,0.349,0.148,0.207,1.2,1.784,2.363,0.839,0.81,1.16,1.363,0.349,0.148,0.207,1.2,37.537,P
1.742,2.332,0.819,0.842,1.069,1.439,0.354,0.135,0.242,1.255,1.742,2.332,0.819,0.842,1.069,1.439,0.354,0.135,0.242,1.255,40.497,P
1.317,2.417,0.781,0.688,0.878,2.034,0.657,0.318,0.342,1.67,1.317,2.417,0.781,0.688,0.878,2.034,0.657,0.318,0.342,1.67,44.944,Q
1.193,2.16,0.65,0.645,0.878,1.838,0.771,0.276,0.515,1.388,1.193,2.16,0.65,0.645,0.878,1.838,0.771,0.276,0.515,1.388,45.177,Q
1.197,2.146,0.641,0.566,0.842,1.931,0.787,0.299,0.501,1.479,1.197,2.146,0.641,0.566,0.842,1.931,0.787,0.299,0.501,1.479,46.648,Q
1.322,2.472,0.732,0.697,0.922,2.006,0.612,0.263,0.365,1.625,1.322,2.472,0.732,0.697,0.922,2.006,0.612,0.263,0.365,1.625,50,Q
1.466,2.749,0.744,0.772,1.089,1.939,0.609,0.264,0.36,1.636,1.466,2.749,0.744,0.772,1.089,1.939,0.609,0.264,0.36,1.636,47.434,Q
1.315,2.296,0.782,0.775,0.983,1.705,0.641,0.254,0.391,1.338,1.315,2.296,0.782,0.775,0.983,1.705,0.641,0.254,0.391,1.338,44.418,Q
1.323,2.409,0.741,0.666,0.917,1.985,0.667,0.282,0.388,1.582,1.323,2.409,0.741,0.666,0.917,1.985,0.667,0.282,0.388,1.582,44.944,Q
1.386,2.517,0.664,0.671,1.031,1.904,0.668,0.251,0.434,1.514,1.386,2.517,0.664,0.671,1.031,1.904,0.668,0.251,0.434,1.514,44.944,Q
1.265,2.302,0.683,0.637,0.932,1.892,0.747,0.292,0.461,1.467,1.265,2.302,0.683,0.637,0.932,1.892,0.747,0.292,0.461,1.467,47.434,Q
1.418,2.607,0.725,0.716,1.042,1.935,0.625,0.29,0.351,1.569,1.418,2.607,0.725,0.716,1.042,1.935,0.625,0.29,0.351,1.569,47.802,Q
1.342,2.405,0.711,0.745,1.026,1.74,0.685,0.33,0.38,1.435,1.342,2.405,0.711,0.745,1.026,1.74,0.685,0.33,0.38,1.435,45.618,Q
1.396,2.598,0.727,0.745,1.093,1.831,0.667,0.302,0.376,1.513,1.396,2.598,0.727,0.745,1.093,1.831,0.667,0.302,0.376,1.513,48.26,Q
1.407,2.515,0.74,0.728,0.942,1.971,0.626,0.286,0.361,1.662,1.407,2.515,0.74,0.728,0.942,1.971,0.626,0.286,0.361,1.662,50.22,Q
1.41,2.592,0.754,0.754,1.044,1.89,0.645,0.283,0.369,1.562,1.41,2.592,0.754,0.754,1.044,1.89,0.645,0.283,0.369,1.562,44.418,Q
1.336,2.503,0.686,0.689,1.053,1.866,0.707,0.293,0.425,1.479,1.336,2.503,0.686,0.689,1.053,1.866,0.707,0.293,0.425,1.479,47.202,Q
1.239,2.279,0.671,0.659,0.942,1.861,0.745,0.268,0.488,1.402,1.239,2.279,0.671,0.659,0.942,1.861,0.745,0.268,0.488,1.402,44.777,Q
1.344,2.378,0.703,0.728,1.025,1.749,0.629,0.279,0.378,1.366,1.344,2.378,0.703,0.728,1.025,1.749,0.629,0.279,0.378,1.366,47.17,Q
1.364,2.482,0.708,0.741,1.053,1.819,0.716,0.302,0.426,1.457,1.364,2.482,0.708,0.741,1.053,1.819,0.716,0.302,0.426,1.457,42.942,Q
1.288,2.407,0.744,0.772,0.971,1.861,0.727,0.318,0.421,1.488,1.288,2.407,0.744,0.772,0.971,1.861,0.727,0.318,0.421,1.488,46.872,Q
1.236,2.195,0.748,0.695,0.891,1.821,0.712,0.294,0.421,1.372,1.236,2.195,0.748,0.695,0.891,1.821,0.712,0.294,0.421,1.372,44.944,Q
1.357,2.496,0.752,0.678,0.906,2.067,0.614,0.269,0.352,1.694,1.357,2.496,0.752,0.678,0.906,2.067,0.614,0.269,0.352,1.694,44.102,Q
1.336,2.456,0.759,0.792,0.99,1.84,0.676,0.294,0.395,1.502,1.336,2.456,0.759,0.792,0.99,1.84,0.676,0.294,0.395,1.502,46.043,Q
1.372,2.48,0.716,0.676,1.003,1.901,0.661,0.274,0.394,1.521,1.372,2.48,0.716,0.676,1.003,1.901,0.661,0.274,0.394,1.521,46.615,Q
1.418,2.618,0.764,0.695,1.017,1.973,0.61,0.282,0.331,1.634,1.418,2.618,0.764,0.695,1.017,1.973,0.61,0.282,0.331,1.634,45.486,Q
1.38,2.557,0.716,0.7,0.995,1.976,0.668,0.262,0.414,1.61,1.38,2.557,0.716,0.7,0.995,1.976,0.668,0.262,0.414,1.61,42.485,Q
1.131,2.047,0.656,0.584,0.804,1.914,0.763,0.271,0.504,1.333,1.131,2.047,0.656,0.584,0.804,1.914,0.763,0.271,0.504,1.333,46.615,Q
1.478,2.654,0.743,0.751,1.099,1.841,0.641,0.287,0.362,1.565,1.478,2.654,0.743,0.751,1.099,1.841,0.641,0.287,0.362,1.565,45.651,Q
1.269,2.348,0.641,0.589,0.924,1.966,0.714,0.235,0.487,1.54,1.269,2.348,0.641,0.589,0.924,1.966,0.714,0.235,0.487,1.54,47.17,Q
1.236,2.254,0.719,0.681,0.934,1.836,0.666,0.261,0.413,1.353,1.236,2.254,0.719,0.681,0.934,1.836,0.666,0.261,0.413,1.353,48.021,Q
1.457,2.657,0.737,0.806,1.033,1.9,0.624,0.308,0.351,1.65,1.457,2.657,0.737,0.806,1.033,1.9,0.624,0.308,0.351,1.65,47.434,Q
1.394,2.543,0.722,0.748,1.052,1.828,0.667,0.28,0.401,1.523,1.394,2.543,0.722,0.748,1.052,1.828,0.667,0.28,0.401,1.523,47.17,Q
1.263,2.234,0.745,0.713,0.963,1.716,0.686,0.248,0.439,1.32,1.263,2.234,0.745,0.713,0.963,1.716,0.686,0.248,0.439,1.32,45.177,Q
1.358,2.547,0.744,0.726,0.963,1.996,0.627,0.291,0.352,1.634,1.358,2.547,0.744,0.726,0.963,1.996,0.627,0.291,0.352,1.634,46.648,Q
1.394,2.608,0.765,0.791,1.027,1.931,0.676,0.318,0.369,1.598,1.394,2.608,0.765,0.791,1.027,1.931,0.676,0.318,0.369,1.598,46.325,Q
1.402,2.615,0.769,0.723,0.861,2.237,0.587,0.262,0.339,1.928,1.402,2.615,0.769,0.723,0.861,2.237,0.587,0.262,0.339,1.928,49.679,Q
1.338,2.444,0.75,0.746,0.95,1.916,0.671,0.318,0.368,1.555,1.338,2.444,0.75,0.746,0.95,1.916,0.671,0.318,0.368,1.555,46.872,Q
1.394,2.554,0.749,0.752,1.032,1.877,0.654,0.276,0.385,1.543,1.394,2.554,0.749,0.752,1.032,1.877,0.654,0.276,0.385,1.543,46.615,Q
1.304,2.424,0.746,0.724,0.853,2.061,0.7,0.281,0.429,1.751,1.304,2.424,0.746,0.724,0.853,2.061,0.7,0.281,0.429,1.751,48.6,Q
1.365,2.506,0.665,0.669,0.982,1.95,0.661,0.235,0.447,1.598,1.365,2.506,0.665,0.669,0.982,1.95,0.661,0.235,0.447,1.598,43.909,Q
1.312,2.336,0.677,0.656,0.951,1.85,0.696,0.276,0.436,1.478,1.312,2.336,0.677,0.656,0.951,1.85,0.696,0.276,0.436,1.478,45.277,Q
1.269,2.257,0.721,0.664,0.896,1.866,0.715,0.3,0.421,1.472,1.269,2.257,0.721,0.664,0.896,1.866,0.715,0.3,0.421,1.472,47.434,Q
1.429,2.522,0.669,0.628,1.053,1.861,0.622,0.235,0.398,1.511,1.429,2.522,0.669,0.628,1.053,1.861,0.622,0.235,0.398,1.511,47.17,Q
1.286,2.287,0.583,0.605,1.005,1.788,0.738,0.266,0.504,1.35,1.286,2.287,0.583,0.605,1.005,1.788,0.738,0.266,0.504,1.35,45.277,Q
1.388,2.561,0.763,0.783,1.033,1.833,0.633,0.286,0.359,1.56,1.388,2.561,0.763,0.783,1.033,1.833,0.633,0.286,0.359,1.56,46.648,Q
1.446,2.532,0.742,0.774,1.054,1.785,0.603,0.264,0.359,1.486,1.446,2.532,0.742,0.774,1.054,1.785,0.603,0.264,0.359,1.486,48.415,Q
1.304,2.43,0.742,0.77,0.926,1.922,0.694,0.278,0.433,1.588,1.304,2.43,0.742,0.77,0.926,1.922,0.694,0.278,0.433,1.588,45.486,Q
1.299,2.352,0.692,0.701,0.877,1.947,0.676,0.262,0.445,1.616,1.299,2.352,0.692,0.701,0.877,1.947,0.676,0.262,0.445,1.616,46.141,Q
1.439,2.574,0.71,0.655,1.008,1.963,0.588,0.22,0.374,1.606,1.439,2.574,0.71,0.655,1.008,1.963,0.588,0.22,0.374,1.606,43.909,Q
1.309,2.385,0.701,0.673,0.937,1.929,0.62,0.222,0.412,1.494,1.309,2.385,0.701,0.673,0.937,1.929,0.62,0.222,0.412,1.494,43.382,Q
1.458,2.715,0.737,0.762,1.032,2.006,0.625,0.285,0.36,1.697,1.458,2.715,0.737,0.762,1.032,2.006,0.625,0.285,0.36,1.697,45.486,Q
1.261,2.338,0.668,0.683,0.961,1.846,0.732,0.246,0.5,1.454,1.261,2.338,0.668,0.683,0.961,1.846,0.732,0.246,0.5,1.454,45.651,Q
1.039,1.566,0.495,0.371,0.741,1.615,0.91,0.252,0.685,0.947,1.039,1.566,0.495,0.371,0.741,1.615,0.91,0.252,0.685,0.947,74.733,R
1.108,1.762,0.68,0.503,0.7,1.798,0.827,0.34,0.489,1.359,1.108,1.762,0.68,0.503,0.7,1.798,0.827,0.34,0.489,1.359,77.078,R
1.108,1.762,0.68,0.503,0.7,1.798,0.827,0.34,0.489,1.359,1.108,1.762,0.68,0.503,0.7,1.798,0.827,0.34,0.489,1.359,77.078,R
0.784,1.159,0.598,0.356,0.452,2.052,1.496,0.536,1.046,0.994,0.784,1.159,0.598,0.356,0.452,2.052,1.496,0.536,1.046,0.994,49.396,R
0.963,1.161,0.53,0.356,0.617,1.325,1.045,0.287,0.765,0.493,0.963,1.161,0.53,0.356,0.617,1.325,1.045,0.287,0.765,0.493,46.065,R
0.885,1.183,0.565,0.372,0.522,1.711,1.211,0.378,0.882,1.014,0.885,1.183,0.565,0.372,0.522,1.711,1.211,0.378,0.882,1.014,49.649,R
0.884,1.238,0.597,0.366,0.518,1.788,1.224,0.467,0.818,1.066,0.884,1.238,0.597,0.366,0.518,1.788,1.224,0.467,0.818,1.066,52.802,R
0.914,1.307,0.529,0.359,0.556,1.789,1.153,0.321,0.858,1.086,0.914,1.307,0.529,0.359,0.556,1.789,1.153,0.321,0.858,1.086,50.537,R
0.849,1.261,0.589,0.405,0.488,1.82,1.219,0.402,0.863,0.965,0.849,1.261,0.589,0.405,0.488,1.82,1.219,0.402,0.863,0.965,71.169,R
0.877,1.337,0.523,0.355,0.615,1.61,1.069,0.307,0.776,0.926,0.877,1.337,0.523,0.355,0.615,1.61,1.069,0.307,0.776,0.926,82.565,R
1.13,1.671,0.565,0.397,0.806,1.59,0.83,0.316,0.541,1.309,1.13,1.671,0.565,0.397,0.806,1.59,0.83,0.316,0.541,1.309,82.462,R
1.258,1.717,0.637,0.442,0.919,1.394,0.706,0.275,0.43,0.935,1.258,1.717,0.637,0.442,0.919,1.394,0.706,0.275,0.43,0.935,76.158,R
1.187,1.759,0.659,0.475,0.826,1.559,0.725,0.299,0.431,1.048,1.187,1.759,0.659,0.475,0.826,1.559,0.725,0.299,0.431,1.048,78.746,R
1.166,1.912,0.693,0.516,0.788,1.771,0.687,0.3,0.398,1.283,1.166,1.912,0.693,0.516,0.788,1.771,0.687,0.3,0.398,1.283,80.654,R
1.166,1.912,0.693,0.516,0.788,1.771,0.687,0.3,0.398,1.283,1.166,1.912,0.693,0.516,0.788,1.771,0.687,0.3,0.398,1.283,80.654,R
0.846,1.159,0.505,0.333,0.528,1.757,1.28,0.327,0.99,1.051,0.846,1.159,0.505,0.333,0.528,1.757,1.28,0.327,0.99,1.051,46.519,R
0.838,1.259,0.413,0.254,0.588,1.737,1.27,0.277,1.014,0.666,0.838,1.259,0.413,0.254,0.588,1.737,1.27,0.277,1.014,0.666,43.324,R
0.839,1.261,0.51,0.278,0.56,1.805,1.288,0.441,0.928,0.911,0.839,1.261,0.51,0.278,0.56,1.805,1.288,0.441,0.928,0.911,51.894,R
0.84,1.198,0.555,0.356,0.489,1.861,1.319,0.41,0.927,1.134,0.84,1.198,0.555,0.356,0.489,1.861,1.319,0.41,0.927,1.134,46.141,R
0.816,1.222,0.5,0.322,0.497,1.842,1.366,0.379,1.017,0.836,0.816,1.222,0.5,0.322,0.497,1.842,1.366,0.379,1.017,0.836,56.462,R
1.001,1.333,0.538,0.331,0.698,1.542,0.968,0.355,0.684,1.311,1.001,1.333,0.538,0.331,0.698,1.542,0.968,0.355,0.684,1.311,80.056,R
1.092,1.548,0.511,0.307,0.818,1.525,0.861,0.268,0.598,0.913,1.092,1.548,0.511,0.307,0.818,1.525,0.861,0.268,0.598,0.913,72.014,R
1.095,1.724,0.505,0.332,0.864,1.612,0.878,0.272,0.607,1.234,1.095,1.724,0.505,0.332,0.864,1.612,0.878,0.272,0.607,1.234,78.39,R
1.243,1.906,0.578,0.391,0.983,1.543,0.719,0.263,0.457,1.143,1.243,1.906,0.578,0.391,0.983,1.543,0.719,0.263,0.457,1.143,80.623,R
1.243,1.906,0.578,0.391,0.983,1.543,0.719,0.263,0.457,1.143,1.243,1.906,0.578,0.391,0.983,1.543,0.719,0.263,0.457,1.143,80.623,R
0.79,1.202,0.467,0.3,0.489,1.941,1.438,0.342,1.122,0.914,0.79,1.202,0.467,0.3,0.489,1.941,1.438,0.342,1.122,0.914,54.083,R
0.9,1.196,0.579,0.328,0.575,1.691,1.17,0.45,0.738,1.522,0.9,1.196,0.579,0.328,0.575,1.691,1.17,0.45,0.738,1.522,53,R
1.008,1.596,0.408,0.227,0.83,1.659,0.976,0.258,0.721,1.348,1.008,1.596,0.408,0.227,0.83,1.659,0.976,0.258,0.721,1.348,79.057,R
1.006,1.452,0.574,0.379,0.658,1.641,0.979,0.336,0.65,1.041,1.006,1.452,0.574,0.379,0.658,1.641,0.979,0.336,0.65,1.041,64.405,R
1.132,1.641,0.683,0.468,0.731,1.616,0.784,0.338,0.447,1.196,1.132,1.641,0.683,0.468,0.731,1.616,0.784,0.338,0.447,1.196,74.324,R
1.162,1.694,0.685,0.488,0.723,1.676,0.743,0.293,0.45,1.163,1.162,1.694,0.685,0.488,0.723,1.676,0.743,0.293,0.45,1.163,67.779,R
1.09,1.953,0.654,0.465,0.766,1.944,0.771,0.311,0.466,1.434,1.09,1.953,0.654,0.465,0.766,1.944,0.771,0.311,0.466,1.434,79.076,R
1.104,1.623,0.712,0.487,0.717,1.603,0.735,0.333,0.404,1.089,1.104,1.623,0.712,0.487,0.717,1.603,0.735,0.333,0.404,1.089,81.025,R
1.209,1.756,0.703,0.513,0.817,1.522,0.665,0.286,0.381,1.05,1.209,1.756,0.703,0.513,0.817,1.522,0.665,0.286,0.381,1.05,84.758,R
1.156,2.062,0.616,0.47,0.779,2.095,0.748,0.247,0.508,1.884,1.156,2.062,0.616,0.47,0.779,2.095,0.748,0.247,0.508,1.884,81.939,R
1.156,2.062,0.616,0.47,0.779,2.095,0.748,0.247,0.508,1.884,1.156,2.062,0.616,0.47,0.779,2.095,0.748,0.247,0.508,1.884,81.939,R
0.819,1.165,0.577,0.362,0.459,1.967,1.398,0.478,0.982,1.29,0.819,1.165,0.577,0.362,0.459,1.967,1.398,0.478,0.982,1.29,48.466,R
0.843,1.226,0.492,0.294,0.549,1.739,1.287,0.373,0.932,0.87,0.843,1.226,0.492,0.294,0.549,1.739,1.287,0.373,0.932,0.87,48.765,R
0.847,1.175,0.568,0.331,0.518,1.746,1.294,0.466,0.87,1.005,0.847,1.175,0.568,0.331,0.518,1.746,1.294,0.466,0.87,1.005,49.193,R
0.781,1.099,0.522,0.333,0.471,1.701,1.417,0.422,1.025,1.012,0.781,1.099,0.522,0.333,0.471,1.701,1.417,0.422,1.025,1.012,64.622,R
0.864,1.452,0.587,0.387,0.585,1.821,1.091,0.405,0.707,1.023,0.864,1.452,0.587,0.387,0.585,1.821,1.091,0.405,0.707,1.023,70.605,R
1.005,1.509,0.707,0.457,0.667,1.585,0.866,0.41,0.456,1.081,1.005,1.509,0.707,0.457,0.667,1.585,0.866,0.41,0.456,1.081,81.271,R
0.934,1.517,0.559,0.405,0.632,1.765,0.984,0.298,0.701,1.124,0.934,1.517,0.559,0.405,0.632,1.765,0.984,0.298,0.701,1.124,80.281,R
0.99,1.539,0.709,0.477,0.639,1.664,0.868,0.411,0.461,1.05,0.99,1.539,0.709,0.477,0.639,1.664,0.868,0.411,0.461,1.05,76.538,R
0.955,1.552,0.612,0.465,0.593,1.84,0.962,0.344,0.656,1.247,0.955,1.552,0.612,0.465,0.593,1.84,0.962,0.344,0.656,1.247,78.109,R
1.199,1.868,0.696,0.51,0.821,1.656,0.661,0.286,0.381,1.146,1.199,1.868,0.696,0.51,0.821,1.656,0.661,0.286,0.381,1.146,79.712,R
1.078,1.904,0.613,0.461,0.702,2.061,0.866,0.303,0.572,1.643,1.078,1.904,0.613,0.461,0.702,2.061,0.866,0.303,0.572,1.643,77.201,R
1.078,1.904,0.613,0.461,0.702,2.061,0.866,0.303,0.572,1.643,1.078,1.904,0.613,0.461,0.702,2.061,0.866,0.303,0.572,1.643,77.201,R
0.826,1.169,0.471,0.287,0.548,1.66,1.301,0.372,1.006,0.844,0.826,1.169,0.471,0.287,0.548,1.66,1.301,0.372,1.006,0.844,62.394,R
0.949,1.378,0.374,0.255,0.73,1.565,1.036,0.208,0.857,1.105,0.949,1.378,0.374,0.255,0.73,1.565,1.036,0.208,0.857,1.105,73.41,R
0.868,1.415,0.496,0.337,0.607,1.79,1.126,0.312,0.831,1.143,0.868,1.415,0.496,0.337,0.607,1.79,1.126,0.312,0.831,1.143,80.777,R
1.205,1.182,1.179,1.957,1.558,1.024,0.907,0.681,0.227,0.178,1.205,1.182,1.179,1.957,1.558,1.024,0.907,0.681,0.227,0.178,123.762,S
1.259,1.202,1.299,2.076,1.65,1.029,0.926,0.663,0.274,0.173,1.259,1.202,1.299,2.076,1.65,1.029,0.926,0.663,0.274,0.173,113.225,S
1.174,1.232,1.167,1.994,1.531,1.021,0.91,0.675,0.236,0.207,1.174,1.232,1.167,1.994,1.531,1.021,0.91,0.675,0.236,0.207,123.357,S
1.262,1.191,1.269,2.113,1.667,1.042,0.928,0.687,0.248,0.178,1.262,1.191,1.269,2.113,1.667,1.042,0.928,0.687,0.248,0.178,104.809,S
1.25,1.183,1.226,2.039,1.573,1.043,0.93,0.674,0.256,0.179,1.25,1.183,1.226,2.039,1.573,1.043,0.93,0.674,0.256,0.179,115.248,S
1.262,1.189,1.228,2.016,1.589,1.023,0.913,0.666,0.25,0.177,1.262,1.189,1.228,2.016,1.589,1.023,0.913,0.666,0.25,0.177,124.664,S
1.181,1.189,1.173,2.038,1.68,1.019,0.905,0.683,0.222,0.17,1.181,1.189,1.173,2.038,1.68,1.019,0.905,0.683,0.222,0.17,128.55,S
1.259,1.234,1.246,2.083,1.613,1.025,0.932,0.68,0.255,0.19,1.259,1.234,1.246,2.083,1.613,1.025,0.932,0.68,0.255,0.19,125.634,S
1.264,1.191,1.279,2.156,1.659,1.044,0.934,0.685,0.254,0.182,1.264,1.191,1.279,2.156,1.659,1.044,0.934,0.685,0.254,0.182,120.83,S
1.244,1.169,1.276,2.017,1.634,1.021,0.912,0.645,0.275,0.161,1.244,1.169,1.276,2.017,1.634,1.021,0.912,0.645,0.275,0.161,106.042,S
1.223,1.231,1.203,2.004,1.625,1.019,0.919,0.669,0.252,0.182,1.223,1.231,1.203,2.004,1.625,1.019,0.919,0.669,0.252,0.182,109.636,S
1.228,1.158,1.265,2.089,1.655,1.043,0.922,0.654,0.27,0.169,1.228,1.158,1.265,2.089,1.655,1.043,0.922,0.654,0.27,0.169,114.018,S
1.223,1.18,1.228,2.006,1.612,1.017,0.921,0.68,0.246,0.157,1.223,1.18,1.228,2.006,1.612,1.017,0.921,0.68,0.246,0.157,114.56,S
1.221,1.179,1.207,1.951,1.566,1.017,0.919,0.669,0.253,0.159,1.221,1.179,1.207,1.951,1.566,1.017,0.919,0.669,0.253,0.159,123.693,S
1.27,1.246,1.254,2.076,1.716,1.023,0.925,0.676,0.256,0.181,1.27,1.246,1.254,2.076,1.716,1.023,0.925,0.676,0.256,0.181,105.622,S
1.276,1.208,1.209,2.092,1.696,1.04,0.958,0.713,0.248,0.154,1.276,1.208,1.209,2.092,1.696,1.04,0.958,0.713,0.248,0.154,118.36,S
1.322,1.191,1.357,2.205,1.825,1.037,0.93,0.666,0.282,0.16,1.322,1.191,1.357,2.205,1.825,1.037,0.93,0.666,0.282,0.16,104.695,S
1.199,1.207,1.15,1.929,1.517,1.02,0.905,0.683,0.221,0.191,1.199,1.207,1.15,1.929,1.517,1.02,0.905,0.683,0.221,0.191,108.78,S
1.248,1.144,1.31,2.166,1.774,1.044,0.933,0.682,0.264,0.148,1.248,1.144,1.31,2.166,1.774,1.044,0.933,0.682,0.264,0.148,105.759,S
1.25,1.201,1.269,2.017,1.583,1.049,0.941,0.686,0.266,0.178,1.25,1.201,1.269,2.017,1.583,1.049,0.941,0.686,0.266,0.178,103.092,S
1.278,1.192,1.141,2.049,1.615,1.036,0.943,0.723,0.22,0.162,1.278,1.192,1.141,2.049,1.615,1.036,0.943,0.723,0.22,0.162,106.626,S
1.256,1.144,1.269,2.196,1.777,1.028,0.923,0.692,0.236,0.147,1.256,1.144,1.269,2.196,1.777,1.028,0.923,0.692,0.236,0.147,126.301,S
1.279,1.241,1.226,2.11,1.663,1.037,0.941,0.707,0.237,0.187,1.279,1.241,1.226,2.11,1.663,1.037,0.941,0.707,0.237,0.187,104.695,S
1.247,1.211,1.206,2.128,1.762,1.035,0.951,0.705,0.247,0.151,1.247,1.211,1.206,2.128,1.762,1.035,0.951,0.705,0.247,0.151,116.927,S
1.289,1.184,1.248,2.154,1.748,1.045,0.938,0.715,0.23,0.161,1.289,1.184,1.248,2.154,1.748,1.045,0.938,0.715,0.23,0.161,110.44,S
1.256,1.219,1.236,2.1,1.629,1.038,0.952,0.703,0.251,0.173,1.256,1.219,1.236,2.1,1.629,1.038,0.952,0.703,0.251,0.173,107.703,S
1.318,1.168,1.323,2.163,1.79,1.03,0.93,0.679,0.268,0.146,1.318,1.168,1.323,2.163,1.79,1.03,0.93,0.679,0.268,0.146,101.4,S
1.214,1.158,1.194,2.073,1.703,1.028,0.909,0.692,0.218,0.162,1.214,1.158,1.194,2.073,1.703,1.028,0.909,0.692,0.218,0.162,105.906,S
1.273,1.216,1.245,2.112,1.763,1.027,0.924,0.69,0.24,0.167,1.273,1.216,1.245,2.112,1.763,1.027,0.924,0.69,0.24,0.167,122.809,S
1.22,1.215,1.227,2.041,1.638,1.031,0.917,0.689,0.233,0.186,1.22,1.215,1.227,2.041,1.638,1.031,0.917,0.689,0.233,0.186,99.202,S
1.243,1.219,1.197,2.045,1.659,1.024,0.93,0.715,0.22,0.17,1.243,1.219,1.197,2.045,1.659,1.024,0.93,0.715,0.22,0.17,99.985,S
1.266,1.188,1.246,2.142,1.668,1.025,0.937,0.689,0.25,0.16,1.266,1.188,1.246,2.142,1.668,1.025,0.937,0.689,0.25,0.16,98.412,S
1.263,1.167,1.184,2.075,1.653,1.016,0.93,0.706,0.224,0.145,1.263,1.167,1.184,2.075,1.653,1.016,0.93,0.706,0.224,0.145,105.948,S
1.213,1.213,1.154,2.061,1.692,1,0.911,0.703,0.208,0.164,1.213,1.213,1.154,2.061,1.692,1,0.911,0.703,0.208,0.164,100.717,S
1.279,1.188,1.226,2.104,1.716,1.031,0.934,0.71,0.23,0.156,1.279,1.188,1.226,2.104,1.716,1.031,0.934,0.71,0.23,0.156,97.165,S
1.31,1.263,1.227,2.189,1.717,1.018,0.942,0.725,0.22,0.187,1.31,1.263,1.227,2.189,1.717,1.018,0.942,0.725,0.22,0.187,103.16,S
1.253,1.253,1.226,2.092,1.659,1,0.92,0.684,0.237,0.187,1.253,1.253,1.226,2.092,1.659,1,0.92,0.684,0.237,0.187,105.688,S
1.213,1.169,1.218,2.037,1.685,1.016,0.908,0.687,0.226,0.156,1.213,1.169,1.218,2.037,1.685,1.016,0.908,0.687,0.226,0.156,108.467,S
1.211,1.211,1.228,2.011,1.608,1,0.912,0.67,0.247,0.17,1.211,1.211,1.228,2.011,1.608,1,0.912,0.67,0.247,0.17,100.896,S
1.239,1.202,1.174,2.098,1.67,1.036,0.934,0.725,0.209,0.171,1.239,1.202,1.174,2.098,1.67,1.036,0.934,0.725,0.209,0.171,100.717,S
1.211,1.155,1.203,2.092,1.705,1.029,0.93,0.701,0.231,0.144,1.211,1.155,1.203,2.092,1.705,1.029,0.93,0.701,0.231,0.144,108.167,S
1.253,1.221,1.193,2.105,1.742,1.004,0.914,0.699,0.217,0.165,1.253,1.221,1.193,2.105,1.742,1.004,0.914,0.699,0.217,0.165,130.541,S
1.285,1.24,1.265,2.165,1.743,1.017,0.943,0.691,0.257,0.167,1.285,1.24,1.265,2.165,1.743,1.017,0.943,0.691,0.257,0.167,109.444,S
1.213,1.176,1.193,2.104,1.729,1.035,0.927,0.71,0.218,0.157,1.213,1.176,1.193,2.104,1.729,1.035,0.927,0.71,0.218,0.157,102.357,S
1.213,1.221,1.205,2.067,1.657,1.019,0.914,0.681,0.234,0.183,1.213,1.221,1.205,2.067,1.657,1.019,0.914,0.681,0.234,0.183,100.045,S
1.226,1.226,1.181,2.073,1.588,1,0.916,0.707,0.209,0.187,1.226,1.226,1.181,2.073,1.588,1,0.916,0.707,0.209,0.187,101.966,S
1.268,1.219,1.216,2.114,1.691,1.047,0.956,0.732,0.229,0.167,1.268,1.219,1.216,2.114,1.691,1.047,0.956,0.732,0.229,0.167,97.252,S
1.243,1.219,1.151,2.067,1.691,1.023,0.931,0.72,0.211,0.167,1.243,1.219,1.151,2.067,1.691,1.023,0.931,0.72,0.211,0.167,117.444,S
1.215,1.183,1.195,2.066,1.696,1.004,0.893,0.678,0.216,0.169,1.215,1.183,1.195,2.066,1.696,1.004,0.893,0.678,0.216,0.169,100.424,S
1.28,1.268,1.223,2.205,1.775,1.012,0.939,0.711,0.229,0.18,1.28,1.268,1.223,2.205,1.775,1.012,0.939,0.711,0.229,0.18,98.717,S
1.217,1.206,1.233,1.987,1.648,1.012,0.907,0.65,0.261,0.17,1.217,1.206,1.233,1.987,1.648,1.012,0.907,0.65,0.261,0.17,106.231,S
0.947,1.939,0.824,0.747,0.536,2.757,0.892,0.407,0.487,1.885,0.947,1.939,0.824,0.747,0.536,2.757,0.892,0.407,0.487,1.885,68.264,T
0.964,1.983,0.854,0.79,0.509,3.012,0.889,0.396,0.493,2.14,0.964,1.983,0.854,0.79,0.509,3.012,0.889,0.396,0.493,2.14,68.6,T
0.976,2.082,0.88,0.819,0.594,2.776,0.75,0.361,0.39,2.042,0.976,2.082,0.88,0.819,0.594,2.776,0.75,0.361,0.39,2.042,63.812,T
0.948,1.972,0.839,0.758,0.539,2.83,0.907,0.403,0.504,1.946,0.948,1.972,0.839,0.758,0.539,2.83,0.907,0.403,0.504,1.946,64.14,T
0.983,1.956,0.849,0.797,0.545,2.768,0.864,0.416,0.451,1.929,0.983,1.956,0.849,0.797,0.545,2.768,0.864,0.416,0.451,1.929,69.836,T
0.926,1.979,0.866,0.805,0.531,2.898,0.863,0.422,0.442,2.054,0.926,1.979,0.866,0.805,0.531,2.898,0.863,0.422,0.442,2.054,60.828,T
0.906,1.897,0.837,0.762,0.509,2.902,0.949,0.426,0.523,1.964,0.906,1.897,0.837,0.762,0.509,2.902,0.949,0.426,0.523,1.964,74.793,T
0.945,2.049,0.859,0.789,0.583,2.772,0.786,0.404,0.384,1.999,0.945,2.049,0.859,0.789,0.583,2.772,0.786,0.404,0.384,1.999,61.4,T
1.006,2.013,0.884,0.815,0.559,2.852,0.808,0.404,0.404,2.057,1.006,2.013,0.884,0.815,0.559,2.852,0.808,0.404,0.404,2.057,69.318,T
1.009,2.056,0.884,0.804,0.618,2.611,0.751,0.371,0.381,1.881,1.009,2.056,0.884,0.804,0.618,2.611,0.751,0.371,0.381,1.881,68.797,T
0.943,2.108,0.902,0.853,0.54,3.051,0.827,0.414,0.414,2.264,0.943,2.108,0.902,0.853,0.54,3.051,0.827,0.414,0.414,2.264,68.447,T
0.972,2.065,0.872,0.802,0.559,2.944,0.809,0.369,0.44,2.146,0.972,2.065,0.872,0.802,0.559,2.944,0.809,0.369,0.44,2.146,74.095,T
0.986,2.021,0.875,0.81,0.602,2.685,0.744,0.376,0.368,1.948,0.986,2.021,0.875,0.81,0.602,2.685,0.744,0.376,0.368,1.948,66.731,T
0.952,2.018,0.871,0.827,0.556,2.86,0.811,0.382,0.43,2.067,0.952,2.018,0.871,0.827,0.556,2.86,0.811,0.382,0.43,2.067,73.573,T
0.956,1.945,0.888,0.83,0.559,2.698,0.77,0.37,0.4,1.942,0.956,1.945,0.888,0.83,0.559,2.698,0.77,0.37,0.4,1.942,76.158,T
0.962,2.047,0.888,0.834,0.557,2.9,0.784,0.377,0.407,2.133,0.962,2.047,0.888,0.834,0.557,2.9,0.784,0.377,0.407,2.133,62.266,T
0.932,2.018,0.85,0.776,0.506,3.13,0.856,0.398,0.459,2.278,0.932,2.018,0.85,0.776,0.506,3.13,0.856,0.398,0.459,2.278,73.355,T
0.946,1.997,0.883,0.832,0.51,2.996,0.84,0.411,0.43,2.183,0.946,1.997,0.883,0.832,0.51,2.996,0.84,0.411,0.43,2.183,65.863,T
0.966,2.052,0.858,0.79,0.576,2.85,0.805,0.392,0.414,2.055,0.966,2.052,0.858,0.79,0.576,2.85,0.805,0.392,0.414,2.055,75.664,T
0.942,2.035,0.863,0.806,0.583,2.754,0.757,0.355,0.404,2.007,0.942,2.035,0.863,0.806,0.583,2.754,0.757,0.355,0.404,2.007,59.481,T
0.97,2.014,0.87,0.8,0.568,2.776,0.801,0.386,0.415,1.99,0.97,2.014,0.87,0.8,0.568,2.776,0.801,0.386,0.415,1.99,73.062,T
0.931,1.971,0.874,0.813,0.488,3.084,0.877,0.406,0.472,2.226,0.931,1.971,0.874,0.813,0.488,3.084,0.877,0.406,0.472,2.226,70.831,T
0.943,1.993,0.875,0.795,0.556,2.815,0.814,0.388,0.426,2.012,0.943,1.993,0.875,0.795,0.556,2.815,0.814,0.388,0.426,2.012,71.344,T
0.92,2.051,0.866,0.801,0.561,2.899,0.782,0.4,0.385,2.125,0.92,2.051,0.866,0.801,0.561,2.899,0.782,0.4,0.385,2.125,62.434,T
0.999,2.035,0.871,0.811,0.559,2.823,0.796,0.368,0.428,2.048,0.999,2.035,0.871,0.811,0.559,2.823,0.796,0.368,0.428,2.048,71.868,T
0.982,2.095,0.894,0.892,0.575,2.843,0.798,0.389,0.414,2.104,0.982,2.095,0.894,0.892,0.575,2.843,0.798,0.389,0.414,2.104,72.945,T
0.933,2.022,0.849,0.791,0.549,2.887,0.886,0.418,0.469,2.029,0.933,2.022,0.849,0.791,0.549,2.887,0.886,0.418,0.469,2.029,64.07,T
0.958,1.987,0.89,0.814,0.545,2.782,0.811,0.4,0.411,1.996,0.958,1.987,0.89,0.814,0.545,2.782,0.811,0.4,0.411,1.996,74.947,T
0.964,2.039,0.888,0.846,0.559,2.849,0.781,0.382,0.4,2.093,0.964,2.039,0.888,0.846,0.559,2.849,0.781,0.382,0.4,2.093,73.246,T
0.971,2.098,0.904,0.849,0.541,3.021,0.746,0.394,0.352,2.295,0.971,2.098,0.904,0.849,0.541,3.021,0.746,0.394,0.352,2.295,78.032,T
0.915,2.03,0.875,0.81,0.588,2.742,0.762,0.386,0.377,1.99,0.915,2.03,0.875,0.81,0.588,2.742,0.762,0.386,0.377,1.99,67.424,T
0.98,2.073,0.884,0.843,0.588,2.772,0.761,0.372,0.39,2.038,0.98,2.073,0.884,0.843,0.588,2.772,0.761,0.372,0.39,2.038,58.592,T
0.983,2.136,0.903,0.848,0.583,2.887,0.807,0.418,0.389,2.125,0.983,2.136,0.903,0.848,0.583,2.887,0.807,0.418,0.389,2.125,77.175,T
0.965,2.117,0.889,0.833,0.573,2.919,0.743,0.377,0.367,2.193,0.965,2.117,0.889,0.833,0.573,2.919,0.743,0.377,0.367,2.193,68.264,T
1.009,2.144,0.889,0.835,0.596,2.839,0.806,0.403,0.403,2.078,1.009,2.144,0.889,0.835,0.596,2.839,0.806,0.403,0.403,2.078,65.863,T
1.012,2.087,0.922,0.892,0.573,2.777,0.75,0.396,0.354,2.087,1.012,2.087,0.922,0.892,0.573,2.777,0.75,0.396,0.354,2.087,79.322,T
0.968,2.056,0.876,0.813,0.596,2.734,0.763,0.386,0.378,1.986,0.968,2.056,0.876,0.813,0.596,2.734,0.763,0.386,0.378,1.986,62.426,T
0.95,2.047,0.884,0.855,0.56,2.833,0.799,0.399,0.403,2.072,0.95,2.047,0.884,0.855,0.56,2.833,0.799,0.399,0.403,2.072,64.9,T
1.017,2.078,0.914,0.871,0.546,2.921,0.761,0.403,0.359,2.2,1.017,2.078,0.914,0.871,0.546,2.921,0.761,0.403,0.359,2.2,59.942,T
0.925,2.1,0.88,0.851,0.572,2.875,0.803,0.401,0.405,2.114,0.925,2.1,0.88,0.851,0.572,2.875,0.803,0.401,0.405,2.114,75.293,T
0.983,2.043,0.867,0.817,0.596,2.694,0.744,0.348,0.397,1.965,0.983,2.043,0.867,0.817,0.596,2.694,0.744,0.348,0.397,1.965,69.642,T
0.986,2.083,0.888,0.825,0.578,2.839,0.784,0.392,0.392,2.079,0.986,2.083,0.888,0.825,0.578,2.839,0.784,0.392,0.392,2.079,73.783,T
0.965,2.031,0.863,0.806,0.588,2.691,0.751,0.352,0.401,1.955,0.965,2.031,0.863,0.806,0.588,2.691,0.751,0.352,0.401,1.955,61.587,T
0.977,2.014,0.883,0.815,0.535,2.9,0.86,0.41,0.451,2.072,0.977,2.014,0.883,0.815,0.535,2.9,0.86,0.41,0.451,2.072,74.095,T
0.935,2.03,0.884,0.83,0.585,2.708,0.781,0.396,0.386,1.953,0.935,2.03,0.884,0.83,0.585,2.708,0.781,0.396,0.386,1.953,67.801,T
0.974,2.069,0.884,0.839,0.554,2.887,0.795,0.389,0.407,2.126,0.974,2.069,0.884,0.839,0.554,2.887,0.795,0.389,0.407,2.126,73.43,T
0.971,2.058,0.875,0.803,0.563,2.854,0.847,0.403,0.444,2.039,0.971,2.058,0.875,0.803,0.563,2.854,0.847,0.403,0.444,2.039,72.945,T
0.947,2.036,0.892,0.836,0.562,2.873,0.745,0.357,0.388,2.137,0.947,2.036,0.892,0.836,0.562,2.873,0.745,0.357,0.388,2.137,66.573,T
0.95,2.052,0.846,0.806,0.569,2.838,0.823,0.379,0.449,2.038,0.95,2.052,0.846,0.806,0.569,2.838,0.823,0.379,0.449,2.038,73.783,T
0.989,2.055,0.9,0.845,0.594,2.694,0.656,0.314,0.343,2.048,0.989,2.055,0.9,0.845,0.594,2.694,0.656,0.314,0.343,2.048,62.682,T
0.952,2.039,0.892,0.841,0.561,2.84,0.77,0.37,0.4,2.091,0.952,2.039,0.892,0.841,0.561,2.84,0.77,0.37,0.4,2.091,74.33,T
1.862,1.003,1.061,1.124,2.052,0.452,0.271,0.122,0.151,0.184,1.862,1.003,1.061,1.124,2.052,0.452,0.271,0.122,0.151,0.184,99.02,U
1.862,1.003,1.061,1.124,2.052,0.452,0.271,0.122,0.151,0.184,1.862,1.003,1.061,1.124,2.052,0.452,0.271,0.122,0.151,0.184,99.02,U
1.862,1.003,1.061,1.124,2.052,0.452,0.271,0.122,0.151,0.184,1.862,1.003,1.061,1.124,2.052,0.452,0.271,0.122,0.151,0.184,99.02,U
1.862,1.003,1.061,1.124,2.052,0.452,0.271,0.122,0.151,0.184,1.862,1.003,1.061,1.124,2.052,0.452,0.271,0.122,0.151,0.184,99.02,U
1.862,1.003,1.061,1.124,2.052,0.452,0.271,0.122,0.151,0.184,1.862,1.003,1.061,1.124,2.052,0.452,0.271,0.122,0.151,0.184,99.02,U
1.862,1.003,1.061,1.124,2.052,0.452,0.271,0.122,0.151,0.184,1.862,1.003,1.061,1.124,2.052,0.452,0.271,0.122,0.151,0.184,99.02,U
1.862,1.003,1.061,1.124,2.052,0.452,0.271,0.122,0.151,0.184,1.862,1.003,1.061,1.124,2.052,0.452,0.271,0.122,0.151,0.184,99.02,U
1.862,1.003,1.061,1.124,2.052,0.452,0.271,0.122,0.151,0.184,1.862,1.003,1.061,1.124,2.052,0.452,0.271,0.122,0.151,0.184,99.02,U
1.862,1.003,1.061,1.124,2.052,0.452,0.271,0.122,0.151,0.184,1.862,1.003,1.061,1.124,2.052,0.452,0.271,0.122,0.151,0.184,99.02,U
1.862,1.003,1.061,1.124,2.052,0.452,0.271,0.122,0.151,0.184,1.862,1.003,1.061,1.124,2.052,0.452,0.271,0.122,0.151,0.184,99.02,U
1.862,1.003,1.061,1.124,2.052,0.452,0.271,0.122,0.151,0.184,1.862,1.003,1.061,1.124,2.052,0.452,0.271,0.122,0.151,0.184,99.02,U
1.862,1.003,1.061,1.124,2.052,0.452,0.271,0.122,0.151,0.184,1.862,1.003,1.061,1.124,2.052,0.452,0.271,0.122,0.151,0.184,99.02,U
1.862,1.003,1.061,1.124,2.052,0.452,0.271,0.122,0.151,0.184,1.862,1.003,1.061,1.124,2.052,0.452,0.271,0.122,0.151,0.184,99.02,U
1.862,1.003,1.061,1.124,2.052,0.452,0.271,0.122,0.151,0.184,1.862,1.003,1.061,1.124,2.052,0.452,0.271,0.122,0.151,0.184,99.02,U
1.862,1.003,1.061,1.124,2.052,0.452,0.271,0.122,0.151,0.184,1.862,1.003,1.061,1.124,2.052,0.452,0.271,0.122,0.151,0.184,99.02,U
1.862,1.003,1.061,1.124,2.052,0.452,0.271,0.122,0.151,0.184,1.862,1.003,1.061,1.124,2.052,0.452,0.271,0.122,0.151,0.184,99.02,U
1.862,1.003,1.061,1.124,2.052,0.452,0.271,0.122,0.151,0.184,1.862,1.003,1.061,1.124,2.052,0.452,0.271,0.122,0.151,0.184,99.02,U
1.862,1.003,1.061,1.124,2.052,0.452,0.271,0.122,0.151,0.184,1.862,1.003,1.061,1.124,2.052,0.452,0.271,0.122,0.151,0.184,99.02,U
1.862,1.003,1.061,1.124,2.052,0.452,0.271,0.122,0.151,0.184,1.862,1.003,1.061,1.124,2.052,0.452,0.271,0.122,0.151,0.184,99.02,U
1.862,1.003,1.061,1.124,2.052,0.452,0.271,0.122,0.151,0.184,1.862,1.003,1.061,1.124,2.052,0.452,0.271,0.122,0.151,0.184,99.02,U
1.862,1.003,1.061,1.124,2.052,0.452,0.271,0.122,0.151,0.184,1.862,1.003,1.061,1.124,2.052,0.452,0.271,0.122,0.151,0.184,99.02,U
1.862,1.003,1.061,1.124,2.052,0.452,0.271,0.122,0.151,0.184,1.862,1.003,1.061,1.124,2.052,0.452,0.271,0.122,0.151,0.184,99.02,U
1.862,1.003,1.061,1.124,2.052,0.452,0.271,0.122,0.151,0.184,1.862,1.003,1.061,1.124,2.052,0.452,0.271,0.122,0.151,0.184,99.02,U
1.862,1.003,1.061,1.124,2.052,0.452,0.271,0.122,0.151,0.184,1.862,1.003,1.061,1.124,2.052,0.452,0.271,0.122,0.151,0.184,99.02,U
1.862,1.003,1.061,1.124,2.052,0.452,0.271,0.122,0.151,0.184,1.862,1.003,1.061,1.124,2.052,0.452,0.271,0.122,0.151,0.184,99.02,U
1.862,1.003,1.061,1.124,2.052,0.452,0.271,0.122,0.151,0.184,1.862,1.003,1.061,1.124,2.052,0.452,0.271,0.122,0.151,0.184,99.02,U
1.862,1.003,1.061,1.124,2.052,0.452,0.271,0.122,0.151,0.184,1.862,1.003,1.061,1.124,2.052,0.452,0.271,0.122,0.151,0.184,99.02,U
1.862,1.003,1.061,1.124,2.052,0.452,0.271,0.122,0.151,0.184,1.862,1.003,1.061,1.124,2.052,0.452,0.271,0.122,0.151,0.184,99.02,U
1.862,1.003,1.061,1.124,2.052,0.452,0.271,0.122,0.151,0.184,1.862,1.003,1.061,1.124,2.052,0.452,0.271,0.122,0.151,0.184,99.02,U
1.862,1.003,1.061,1.124,2.052,0.452,0.271,0.122,0.151,0.184,1.862,1.003,1.061,1.124,2.052,0.452,0.271,0.122,0.151,0.184,99.02,U
1.862,1.003,1.061,1.124,2.052,0.452,0.271,0.122,0.151,0.184,1.862,1.003,1.061,1.124,2.052,0.452,0.271,0.122,0.151,0.184,99.02,U
1.862,1.003,1.061,1.124,2.052,0.452,0.271,0.122,0.151,0.184,1.862,1.003,1.061,1.124,2.052,0.452,0.271,0.122,0.151,0.184,99.02,U
1.862,1.003,1.061,1.124,2.052,0.452,0.271,0.122,0.151,0.184,1.862,1.003,1.061,1.124,2.052,0.452,0.271,0.122,0.151,0.184,99.02,U
1.862,1.003,1.061,1.124,2.052,0.452,0.271,0.122,0.151,0.184,1.862,1.003,1.061,1.124,2.052,0.452,0.271,0.122,0.151,0.184,99.02,U
1.862,1.003,1.061,1.124,2.052,0.452,0.271,0.122,0.151,0.184,1.862,1.003,1.061,1.124,2.052,0.452,0.271,0.122,0.151,0.184,99.02,U
1.862,1.003,1.061,1.124,2.052,0.452,0.271,0.122,0.151,0.184,1.862,1.003,1.061,1.124,2.052,0.452,0.271,0.122,0.151,0.184,99.02,U
1.862,1.003,1.061,1.124,2.052,0.452,0.271,0.122,0.151,0.184,1.862,1.003,1.061,1.124,2.052,0.452,0.271,0.122,0.151,0.184,99.02,U
1.862,1.003,1.061,1.124,2.052,0.452,0.271,0.122,0.151,0.184,1.862,1.003,1.061,1.124,2.052,0.452,0.271,0.122,0.151,0.184,99.02,U
1.862,1.003,1.061,1.124,2.052,0.452,0.271,0.122,0.151,0.184,1.862,1.003,1.061,1.124,2.052,0.452,0.271,0.122,0.151,0.184,99.02,U
1.862,1.003,1.061,1.124,2.052,0.452,0.271,0.122,0.151,0.184,1.862,1.003,1.061,1.124,2.052,0.452,0.271,0.122,0.151,0.184,99.02,U
1.862,1.003,1.061,1.124,2.052,0.452,0.271,0.122,0.151,0.184,1.862,1.003,1.061,1.124,2.052,0.452,0.271,0.122,0.151,0.184,99.02,U
1.862,1.003,1.061,1.124,2.052,0.452,0.271,0.122,0.151,0.184,1.862,1.003,1.061,1.124,2.052,0.452,0.271,0.122,0.151,0.184,99.02,U
1.862,1.003,1.061,1.124,2.052,0.452,0.271,0.122,0.151,0.184,1.862,1.003,1.061,1.124,2.052,0.452,0.271,0.122,0.151,0.184,99.02,U
1.862,1.003,1.061,1.124,2.052,0.452,0.271,0.122,0.151,0.184,1.862,1.003,1.061,1.124,2.052,0.452,0.271,0.122,0.151,0.184,99.02,U
1.862,1.003,1.061,1.124,2.052,0.452,0.271,0.122,0.151,0.184,1.862,1.003,1.061,1.124,2.052,0.452,0.271,0.122,0.151,0.184,99.02,U
1.862,1.003,1.061,1.124,2.052,0.452,0.271,0.122,0.151,0.184,1.862,1.003,1.061,1.124,2.052,0.452,0.271,0.122,0.151,0.184,99.02,U
1.862,1.003,1.061,1.124,2.052,0.452,0.271,0.122,0.151,0.184,1.862,1.003,1.061,1.124,2.052,0.452,0.271,0.122,0.151,0.184,99.02,U
1.862,1.003,1.061,1.124,2.052,0.452,0.271,0.122,0.151,0.184,1.862,1.003,1.061,1.124,2.052,0.452,0.271,0.122,0.151,0.184,99.02,U
1.862,1.003,1.061,1.124,2.052,0.452,0.271,0.122,0.151,0.184,1.862,1.003,1.061,1.124,2.052,0.452,0.271,0.122,0.151,0.184,99.02,U
1.862,1.003,1.061,1.124,2.052,0.452,0.271,0.122,0.151,0.184,1.862,1.003,1.061,1.124,2.052,0.452,0.271,0.122,0.151,0.184,99.02,U
1.862,1.003,1.061,1.124,2.052,0.452,0.271,0.122,0.151,0.184,1.862,1.003,1.061,1.124,2.052,0.452,0.271,0.122,0.151,0.184,99.02,U
0.396,0.97,0.373,0.323,0.141,4.965,4.793,1.015,4.731,3.318,0.396,0.97,0.373,0.323,0.141,4.965,4.793,1.015,4.731,3.318,1.414,V
0.396,0.97,0.373,0.323,0.141,4.965,4.793,1.015,4.731,3.318,0.396,0.97,0.373,0.323,0.141,4.965,4.793,1.015,4.731,3.318,1.414,V
0.396,0.97,0.373,0.323,0.141,4.965,4.793,1.015,4.731,3.318,0.396,0.97,0.373,0.323,0.141,4.965,4.793,1.015,4.731,3.318,1.414,V
0.396,0.97,0.373,0.323,0.141,4.965,4.793,1.015,4.731,3.318,0.396,0.97,0.373,0.323,0.141,4.965,4.793,1.015,4.731,3.318,1.414,V
0.396,0.97,0.373,0.323,0.141,4.965,4.793,1.015,4.731,3.318,0.396,0.97,0.373,0.323,0.141,4.965,4.793,1.015,4.731,3.318,1.414,V
0.396,0.97,0.373,0.323,0.141,4.965,4.793,1.015,4.731,3.318,0.396,0.97,0.373,0.323,0.141,4.965,4.793,1.015,4.731,3.318,1.414,V
0.396,0.97,0.373,0.323,0.141,4.965,4.793,1.015,4.731,3.318,0.396,0.97,0.373,0.323,0.141,4.965,4.793,1.015,4.731,3.318,1.414,V
0.396,0.97,0.373,0.323,0.141,4.965,4.793,1.015,4.731,3.318,0.396,0.97,0.373,0.323,0.141,4.965,4.793,1.015,4.731,3.318,1.414,V
0.396,0.97,0.373,0.323,0.141,4.965,4.793,1.015,4.731,3.318,0.396,0.97,0.373,0.323,0.141,4.965,4.793,1.015,4.731,3.318,1.414,V
0.396,0.97,0.373,0.323,0.141,4.965,4.793,1.015,4.731,3.318,0.396,0.97,0.373,0.323,0.141,4.965,4.793,1.015,4.731,3.318,1.414,V
0.396,0.97,0.373,0.323,0.141,4.965,4.793,1.015,4.731,3.318,0.396,0.97,0.373,0.323,0.141,4.965,4.793,1.015,4.731,3.318,1.414,V
0.396,0.97,0.373,0.323,0.141,4.965,4.793,1.015,4.731,3.318,0.396,0.97,0.373,0.323,0.141,4.965,4.793,1.015,4.731,3.318,1.414,V
0.396,0.97,0.373,0.323,0.141,4.965,4.793,1.015,4.731,3.318,0.396,0.97,0.373,0.323,0.141,4.965,4.793,1.015,4.731,3.318,1.414,V
0.396,0.97,0.373,0.323,0.141,4.965,4.793,1.015,4.731,3.318,0.396,0.97,0.373,0.323,0.141,4.965,4.793,1.015,4.731,3.318,1.414,V
0.396,0.97,0.373,0.323,0.141,4.965,4.793,1.015,4.731,3.318,0.396,0.97,0.373,0.323,0.141,4.965,4.793,1.015,4.731,3.318,1.414,V
0.396,0.97,0.373,0.323,0.141,4.965,4.793,1.015,4.731,3.318,0.396,0.97,0.373,0.323,0.141,4.965,4.793,1.015,4.731,3.318,1.414,V
0.396,0.97,0.373,0.323,0.141,4.965,4.793,1.015,4.731,3.318,0.396,0.97,0.373,0.323,0.141,4.965,4.793,1.015,4.731,3.318,1.414,V
0.396,0.97,0.373,0.323,0.141,4.965,4.793,1.015,4.731,3.318,0.396,0.97,0.373,0.323,0.141,4.965,4.793,1.015,4.731,3.318,1.414,V
0.396,0.97,0.373,0.323,0.141,4.965,4.793,1.015,4.731,3.318,0.396,0.97,0.373,0.323,0.141,4.965,4.793,1.015,4.731,3.318,1.414,V
0.396,0.97,0.373,0.323,0.141,4.965,4.793,1.015,4.731,3.318,0.396,0.97,0.373,0.323,0.141,4.965,4.793,1.015,4.731,3.318,1.414,V
0.396,0.97,0.373,0.323,0.141,4.965,4.793,1.015,4.731,3.318,0.396,0.97,0.373,0.323,0.141,4.965,4.793,1.015,4.731,3.318,1.414,V
0.396,0.97,0.373,0.323,0.141,4.965,4.793,1.015,4.731,3.318,0.396,0.97,0.373,0.323,0.141,4.965,4.793,1.015,4.731,3.318,1.414,V
0.396,0.97,0.373,0.323,0.141,4.965,4.793,1.015,4.731,3.318,0.396,0.97,0.373,0.323,0.141,4.965,4.793,1.015,4.731,3.318,1.414,V
0.396,0.97,0.373,0.323,0.141,4.965,4.793,1.015,4.731,3.318,0.396,0.97,0.373,0.323,0.141,4.965,4.793,1.015,4.731,3.318,1.414,V
0.396,0.97,0.373,0.323,0.141,4.965,4.793,1.015,4.731,3.318,0.396,0.97,0.373,0.323,0.141,4.965,4.793,1.015,4.731,3.318,1.414,V
0.396,0.97,0.373,0.323,0.141,4.965,4.793,1.015,4.731,3.318,0.396,0.97,0.373,0.323,0.141,4.965,4.793,1.015,4.731,3.318,1.414,V
0.396,0.97,0.373,0.323,0.141,4.965,4.793,1.015,4.731,3.318,0.396,0.97,0.373,0.323,0.141,4.965,4.793,1.015,4.731,3.318,1.414,V
0.396,0.97,0.373,0.323,0.141,4.965,4.793,1.015,4.731,3.318,0.396,0.97,0.373,0.323,0.141,4.965,4.793,1.015,4.731,3.318,1.414,V
0.396,0.97,0.373,0.323,0.141,4.965,4.793,1.015,4.731,3.318,0.396,0.97,0.373,0.323,0.141,4.965,4.793,1.015,4.731,3.318,1.414,V
0.396,0.97,0.373,0.323,0.141,4.965,4.793,1.015,4.731,3.318,0.396,0.97,0.373,0.323,0.141,4.965,4.793,1.015,4.731,3.318,1.414,V
0.396,0.97,0.373,0.323,0.141,4.965,4.793,1.015,4.731,3.318,0.396,0.97,0.373,0.323,0.141,4.965,4.793,1.015,4.731,3.318,1.414,V
0.396,0.97,0.373,0.323,0.141,4.965,4.793,1.015,4.731,3.318,0.396,0.97,0.373,0.323,0.141,4.965,4.793,1.015,4.731,3.318,1.414,V
0.396,0.97,0.373,0.323,0.141,4.965,4.793,1.015,4.731,3.318,0.396,0.97,0.373,0.323,0.141,4.965,4.793,1.015,4.731,3.318,1.414,V
0.396,0.97,0.373,0.323,0.141,4.965,4.793,1.015,4.731,3.318,0.396,0.97,0.373,0.323,0.141,4.965,4.793,1.015,4.731,3.318,1.414,V
0.396,0.97,0.373,0.323,0.141,4.965,4.793,1.015,4.731,3.318,0.396,0.97,0.373,0.323,0.141,4.965,4.793,1.015,4.731,3.318,1.414,V
0.396,0.97,0.373,0.323,0.141,4.965,4.793,1.015,4.731,3.318,0.396,0.97,0.373,0.323,0.141,4.965,4.793,1.015,4.731,3.318,1.414,V
0.396,0.97,0.373,0.323,0.141,4.965,4.793,1.015,4.731,3.318,0.396,0.97,0.373,0.323,0.141,4.965,4.793,1.015,4.731,3.318,1.414,V
0.396,0.97,0.373,0.323,0.141,4.965,4.793,1.015,4.731,3.318,0.396,0.97,0.373,0.323,0.141,4.965,4.793,1.015,4.731,3.318,1.414,V
0.396,0.97,0.373,0.323,0.141,4.965,4.793,1.015,4.731,3.318,0.396,0.97,0.373,0.323,0.141,4.965,4.793,1.015,4.731,3.318,1.414,V
0.396,0.97,0.373,0.323,0.141,4.965,4.793,1.015,4.731,3.318,0.396,0.97,0.373,0.323,0.141,4.965,4.793,1.015,4.731,3.318,1.414,V
0.396,0.97,0.373,0.323,0.141,4.965,4.793,1.015,4.731,3.318,0.396,0.97,0.373,0.323,0.141,4.965,4.793,1.015,4.731,3.318,1.414,V
0.396,0.97,0.373,0.323,0.141,4.965,4.793,1.015,4.731,3.318,0.396,0.97,0.373,0.323,0.141,4.965,4.793,1.015,4.731,3.318,1.414,V
0.396,0.97,0.373,0.323,0.141,4.965,4.793,1.015,4.731,3.318,0.396,0.97,0.373,0.323,0.141,4.965,4.793,1.015,4.731,3.318,1.414,V
0.396,0.97,0.373,0.323,0.141,4.965,4.793,1.015,4.731,3.318,0.396,0.97,0.373,0.323,0.141,4.965,4.793,1.015,4.731,3.318,1.414,V
0.396,0.97,0.373,0.323,0.141,4.965,4.793,1.015,4.731,3.318,0.396,0.97,0.373,0.323,0.141,4.965,4.793,1.015,4.731,3.318,1.414,V
0.396,0.97,0.373,0.323,0.141,4.965,4.793,1.015,4.731,3.318,0.396,0.97,0.373,0.323,0.141,4.965,4.793,1.015,4.731,3.318,1.414,V
0.396,0.97,0.373,0.323,0.141,4.965,4.793,1.015,4.731,3.318,0.396,0.97,0.373,0.323,0.141,4.965,4.793,1.015,4.731,3.318,1.414,V
0.396,0.97,0.373,0.323,0.141,4.965,4.793,1.015,4.731,3.318,0.396,0.97,0.373,0.323,0.141,4.965,4.793,1.015,4.731,3.318,1.414,V
0.396,0.97,0.373,0.323,0.141,4.965,4.793,1.015,4.731,3.318,0.396,0.97,0.373,0.323,0.141,4.965,4.793,1.015,4.731,3.318,1.414,V
0.396,0.97,0.373,0.323,0.141,4.965,4.793,1.015,4.731,3.318,0.396,0.97,0.373,0.323,0.141,4.965,4.793,1.015,4.731,3.318,1.414,V
0.396,0.97,0.373,0.323,0.141,4.965,4.793,1.015,4.731,3.318,0.396,0.97,0.373,0.323,0.141,4.965,4.793,1.015,4.731,3.318,1.414,V
1.276,1.81,0.504,0.489,1.035,1.279,0.562,0.166,0.481,0.883,1.276,1.81,0.504,0.489,1.035,1.279,0.562,0.166,0.481,0.883,17.72,W
1.371,1.95,0.5,0.46,1.127,1.323,0.54,0.18,0.444,0.95,1.371,1.95,0.5,0.46,1.127,1.323,0.54,0.18,0.444,0.95,17.72,W
1.299,1.826,0.455,0.49,1.076,1.244,0.545,0.213,0.508,0.869,1.299,1.826,0.455,0.49,1.076,1.244,0.545,0.213,0.508,0.869,16.763,W
1.321,1.851,0.536,0.517,1.063,1.255,0.525,0.202,0.437,0.914,1.321,1.851,0.536,0.517,1.063,1.255,0.525,0.202,0.437,0.914,17.088,W
1.287,1.81,0.521,0.507,1.039,1.256,0.539,0.188,0.461,0.876,1.287,1.81,0.521,0.507,1.039,1.256,0.539,0.188,0.461,0.876,16.763,W
1.285,1.854,0.501,0.497,1.027,1.323,0.558,0.175,0.486,0.941,1.285,1.854,0.501,0.497,1.027,1.323,0.558,0.175,0.486,0.941,19.313,W
1.36,1.878,0.501,0.492,1.11,1.249,0.519,0.167,0.45,0.897,1.36,1.878,0.501,0.492,1.11,1.249,0.519,0.167,0.45,0.897,16.492,W
1.417,1.966,0.554,0.536,1.151,1.244,0.481,0.198,0.388,0.944,1.417,1.966,0.554,0.536,1.151,1.244,0.481,0.198,0.388,0.944,17.464,W
1.339,1.896,0.494,0.492,1.104,1.273,0.529,0.17,0.459,0.914,1.339,1.896,0.494,0.492,1.104,1.273,0.529,0.17,0.459,0.914,17.088,W
1.339,1.882,0.5,0.485,1.078,1.296,0.528,0.159,0.464,0.923,1.339,1.882,0.5,0.485,1.078,1.296,0.528,0.159,0.464,0.923,15.811,W
1.321,1.87,0.478,0.473,1.054,1.326,0.546,0.156,0.495,0.941,1.321,1.87,0.478,0.473,1.054,1.326,0.546,0.156,0.495,0.941,17.72,W
1.343,1.898,0.522,0.524,1.085,1.268,0.523,0.207,0.441,0.943,1.343,1.898,0.522,0.524,1.085,1.268,0.523,0.207,0.441,0.943,17.464,W
1.297,1.812,0.436,0.453,1.084,1.256,0.575,0.198,0.521,0.861,1.297,1.812,0.436,0.453,1.084,1.256,0.575,0.198,0.521,0.861,17.72,W
1.367,1.887,0.499,0.473,1.122,1.261,0.527,0.182,0.447,0.898,1.367,1.887,0.499,0.473,1.122,1.261,0.527,0.182,0.447,0.898,16.492,W
1.299,1.797,0.486,0.492,1.011,1.29,0.553,0.194,0.511,0.922,1.299,1.797,0.486,0.492,1.011,1.29,0.553,0.194,0.511,0.922,15.811,W
1.2,1.688,0.46,0.441,0.948,1.315,0.633,0.175,0.571,0.863,1.2,1.688,0.46,0.441,0.948,1.315,0.633,0.175,0.571,0.863,17.72,W
1.199,1.685,0.458,0.451,0.998,1.24,0.611,0.22,0.547,0.787,1.199,1.685,0.458,0.451,0.998,1.24,0.611,0.22,0.547,0.787,16.763,W
1.354,1.921,0.507,0.501,1.075,1.322,0.514,0.158,0.458,0.971,1.354,1.921,0.507,0.501,1.075,1.322,0.514,0.158,0.458,0.971,17.088,W
1.334,1.877,0.521,0.511,1.063,1.285,0.521,0.185,0.451,0.933,1.334,1.877,0.521,0.511,1.063,1.285,0.521,0.185,0.451,0.933,16.763,W
1.301,1.823,0.492,0.496,1.042,1.273,0.539,0.18,0.488,0.895,1.301,1.823,0.492,0.496,1.042,1.273,0.539,0.18,0.488,0.895,16.492,W
1.361,1.906,0.534,0.525,1.1,1.256,0.506,0.156,0.427,0.934,1.361,1.906,0.534,0.525,1.1,1.256,0.506,0.156,0.427,0.934,16.492,W
1.342,1.875,0.537,0.532,1.044,1.285,0.509,0.158,0.444,0.961,1.342,1.875,0.537,0.532,1.044,1.285,0.509,0.158,0.444,0.961,17.72,W
1.352,1.885,0.514,0.492,1.11,1.257,0.519,0.184,0.438,0.898,1.352,1.885,0.514,0.492,1.11,1.257,0.519,0.184,0.438,0.898,16.492,W
1.388,1.925,0.529,0.533,1.112,1.252,0.493,0.189,0.423,0.945,1.388,1.925,0.529,0.533,1.112,1.252,0.493,0.189,0.423,0.945,14.866,W
1.29,1.793,0.48,0.459,1.063,1.256,0.57,0.172,0.49,0.859,1.29,1.793,0.48,0.459,1.063,1.256,0.57,0.172,0.49,0.859,16.492,W
1.381,1.921,0.507,0.501,1.159,1.229,0.516,0.203,0.425,0.9,1.381,1.921,0.507,0.501,1.159,1.229,0.516,0.203,0.425,0.9,14.56,W
1.353,1.868,0.507,0.473,1.095,1.273,0.529,0.172,0.451,0.898,1.353,1.868,0.507,0.473,1.095,1.273,0.529,0.172,0.451,0.898,16.492,W
1.321,1.851,0.479,0.479,1.094,1.256,0.548,0.18,0.476,0.888,1.321,1.851,0.479,0.479,1.094,1.256,0.548,0.18,0.476,0.888,16.492,W
1.333,1.891,0.486,0.512,1.089,1.268,0.52,0.177,0.472,0.924,1.333,1.891,0.486,0.512,1.089,1.268,0.52,0.177,0.472,0.924,17.72,W
1.393,1.943,0.525,0.486,1.159,1.258,0.509,0.161,0.411,0.911,1.393,1.943,0.525,0.486,1.159,1.258,0.509,0.161,0.411,0.911,15.524,W
1.39,1.94,0.523,0.514,1.129,1.264,0.511,0.18,0.423,0.954,1.39,1.94,0.523,0.514,1.129,1.264,0.511,0.18,0.423,0.954,16.763,W
1.259,1.734,0.505,0.481,1.003,1.249,0.563,0.172,0.493,0.832,1.259,1.734,0.505,0.481,1.003,1.249,0.563,0.172,0.493,0.832,15.524,W
1.353,1.864,0.521,0.473,1.085,1.282,0.53,0.167,0.441,0.904,1.353,1.864,0.521,0.473,1.085,1.282,0.53,0.167,0.441,0.904,16.279,W
1.333,1.912,0.574,0.532,1.058,1.305,0.505,0.186,0.403,0.962,1.333,1.912,0.574,0.532,1.058,1.305,0.505,0.186,0.403,0.962,19.313,W
1.327,1.845,0.501,0.504,1.098,1.224,0.529,0.189,0.455,0.872,1.327,1.845,0.501,0.504,1.098,1.224,0.529,0.189,0.455,0.872,15.524,W
1.346,1.885,0.515,0.492,1.099,1.268,0.524,0.173,0.441,0.906,1.346,1.885,0.515,0.492,1.099,1.268,0.524,0.173,0.441,0.906,18.248,W
1.308,1.845,0.515,0.465,1.079,1.281,0.558,0.184,0.45,0.888,1.308,1.845,0.515,0.465,1.079,1.281,0.558,0.184,0.45,0.888,17.464,W
1.374,1.923,0.512,0.525,1.191,1.187,0.516,0.198,0.413,0.869,1.374,1.923,0.512,0.525,1.191,1.187,0.516,0.198,0.413,0.869,16.763,W
1.346,1.881,0.5,0.486,1.1,1.269,0.524,0.169,0.454,0.906,1.346,1.881,0.5,0.486,1.1,1.269,0.524,0.169,0.454,0.906,17.263,W
1.309,1.86,0.487,0.44,1.071,1.326,0.572,0.155,0.48,0.914,1.309,1.86,0.487,0.44,1.071,1.326,0.572,0.155,0.48,0.914,17.72,W
1.329,1.842,0.507,0.497,1.075,1.252,0.534,0.191,0.459,0.899,1.329,1.842,0.507,0.497,1.075,1.252,0.534,0.191,0.459,0.899,15.811,W
1.284,1.802,0.451,0.447,1.074,1.264,0.581,0.178,0.511,0.861,1.284,1.802,0.451,0.447,1.074,1.264,0.581,0.178,0.511,0.861,17.464,W
1.322,1.855,0.516,0.498,1.09,1.247,0.538,0.182,0.445,0.898,1.322,1.855,0.516,0.498,1.09,1.247,0.538,0.182,0.445,0.898,16.763,W
1.213,1.707,0.469,0.487,0.995,1.229,0.592,0.178,0.534,0.821,1.213,1.707,0.469,0.487,0.995,1.229,0.592,0.178,0.534,0.821,17.263,W
1.316,1.869,0.501,0.506,1.029,1.324,0.531,0.141,0.485,0.962,1.316,1.869,0.501,0.506,1.029,1.324,0.531,0.141,0.485,0.962,18.682,W
1.328,1.841,0.494,0.51,1.094,1.22,0.528,0.184,0.463,0.873,1.328,1.841,0.494,0.51,1.094,1.22,0.528,0.184,0.463,0.873,15.297,W
1.328,1.854,0.543,0.506,1.039,1.298,0.523,0.166,0.44,0.933,1.328,1.854,0.543,0.506,1.039,1.298,0.523,0.166,0.44,0.933,17.464,W
1.352,1.885,0.509,0.492,1.094,1.274,0.516,0.142,0.45,0.908,1.352,1.885,0.509,0.492,1.094,1.274,0.516,0.142,0.45,0.908,15.524,W
1.296,1.815,0.478,0.466,1.064,1.269,0.558,0.18,0.491,0.879,1.296,1.815,0.478,0.466,1.064,1.269,0.558,0.18,0.491,0.879,15.811,W
1.266,1.789,0.507,0.489,1.034,1.259,0.561,0.184,0.476,0.869,1.266,1.789,0.507,0.489,1.034,1.259,0.561,0.184,0.476,0.869,16.763,W
1.301,1.845,0.538,0.509,1.074,1.247,0.534,0.176,0.432,0.889,1.301,1.845,0.538,0.509,1.074,1.247,0.534,0.176,0.432,0.889,14.56,W
1.343,2.257,0.838,0.682,0.666,2.478,0.482,0.236,0.247,2.042,1.343,2.257,0.838,0.682,0.666,2.478,0.482,0.236,0.247,2.042,20.518,X
1.316,2.202,0.861,0.707,0.631,2.509,0.479,0.252,0.227,2.059,1.316,2.202,0.861,0.707,0.631,2.509,0.479,0.252,0.227,2.059,30.48,X
1.46,2.361,0.85,0.688,0.78,2.24,0.407,0.21,0.198,1.862,1.46,2.361,0.85,0.688,0.78,2.24,0.407,0.21,0.198,1.862,26.249,X
1.345,2.305,0.853,0.668,0.696,2.47,0.493,0.277,0.217,1.999,1.345,2.305,0.853,0.668,0.696,2.47,0.493,0.277,0.217,1.999,29.698,X
1.409,2.21,0.837,0.684,0.732,2.188,0.439,0.21,0.232,1.78,1.409,2.21,0.837,0.684,0.732,2.188,0.439,0.21,0.232,1.78,21.26,X
1.422,2.287,0.851,0.71,0.72,2.298,0.422,0.205,0.218,1.885,1.422,2.287,0.851,0.71,0.72,2.298,0.422,0.205,0.218,1.885,23.409,X
1.318,2.193,0.846,0.687,0.655,2.433,0.484,0.248,0.237,1.997,1.318,2.193,0.846,0.687,0.655,2.433,0.484,0.248,0.237,1.997,29.732,X
1.533,2.336,0.853,0.672,0.87,1.992,0.385,0.212,0.173,1.628,1.533,2.336,0.853,0.672,0.87,1.992,0.385,0.212,0.173,1.628,17.205,X
1.302,2.214,0.842,0.663,0.651,2.498,0.531,0.284,0.247,1.997,1.302,2.214,0.842,0.663,0.651,2.498,0.531,0.284,0.247,1.997,26.907,X
1.314,2.254,0.837,0.663,0.669,2.489,0.517,0.265,0.253,1.999,1.314,2.254,0.837,0.663,0.669,2.489,0.517,0.265,0.253,1.999,26.833,X
1.345,2.265,0.856,0.678,0.684,2.432,0.481,0.265,0.217,1.982,1.345,2.265,0.856,0.678,0.684,2.432,0.481,0.265,0.217,1.982,26.173,X
1.547,2.295,0.851,0.696,0.863,1.943,0.362,0.182,0.183,1.599,1.547,2.295,0.851,0.696,0.863,1.943,0.362,0.182,0.183,1.599,12.207,X
1.359,2.293,0.851,0.674,0.695,2.437,0.483,0.259,0.226,1.975,1.359,2.293,0.851,0.674,0.695,2.437,0.483,0.259,0.226,1.975,25,X
1.33,2.212,0.837,0.663,0.68,2.377,0.505,0.259,0.248,1.9,1.33,2.212,0.837,0.663,0.68,2.377,0.505,0.259,0.248,1.9,24.207,X
1.439,2.214,0.845,0.678,0.764,2.083,0.423,0.218,0.206,1.697,1.439,2.214,0.845,0.678,0.764,2.083,0.423,0.218,0.206,1.697,20.809,X
1.29,2.236,0.844,0.673,0.637,2.569,0.521,0.273,0.248,2.088,1.29,2.236,0.844,0.673,0.637,2.569,0.521,0.273,0.248,2.088,31.828,X
1.431,2.284,0.856,0.696,0.748,2.224,0.418,0.22,0.198,1.826,1.431,2.284,0.856,0.696,0.748,2.224,0.418,0.22,0.198,1.826,26.249,X
1.316,2.227,0.844,0.676,0.652,2.485,0.501,0.258,0.244,2.03,1.316,2.227,0.844,0.676,0.652,2.485,0.501,0.258,0.244,2.03,25.612,X
1.365,2.244,0.84,0.686,0.697,2.348,0.465,0.227,0.239,1.903,1.365,2.244,0.84,0.686,0.697,2.348,0.465,0.227,0.239,1.903,28.284,X
1.347,2.194,0.854,0.685,0.672,2.352,0.476,0.252,0.229,1.911,1.347,2.194,0.854,0.685,0.672,2.352,0.476,0.252,0.229,1.911,26.907,X
1.322,2.217,0.844,0.689,0.655,2.453,0.485,0.242,0.242,1.999,1.322,2.217,0.844,0.689,0.655,2.453,0.485,0.242,0.242,1.999,28.844,X
1.448,2.276,0.838,0.682,0.773,2.153,0.415,0.203,0.213,1.772,1.448,2.276,0.838,0.682,0.773,2.153,0.415,0.203,0.213,1.772,23.431,X
1.326,2.256,0.83,0.661,0.677,2.452,0.506,0.253,0.253,1.983,1.326,2.256,0.83,0.661,0.677,2.452,0.506,0.253,0.253,1.983,28.16,X
1.389,2.27,0.859,0.684,0.719,2.308,0.449,0.247,0.202,1.885,1.389,2.27,0.859,0.684,0.719,2.308,0.449,0.247,0.202,1.885,19.235,X
1.29,2.201,0.84,0.686,0.632,2.528,0.513,0.25,0.263,2.042,1.29,2.201,0.84,0.686,0.632,2.528,0.513,0.25,0.263,2.042,33.242,X
1.359,2.176,0.83,0.678,0.695,2.273,0.472,0.225,0.247,1.839,1.359,2.176,0.83,0.678,0.695,2.273,0.472,0.225,0.247,1.839,26.249,X
1.415,2.325,0.835,0.69,0.736,2.318,0.432,0.205,0.227,1.906,1.415,2.325,0.835,0.69,0.736,2.318,0.432,0.205,0.227,1.906,24.042,X
1.348,2.277,0.854,0.663,0.7,2.399,0.494,0.277,0.221,1.925,1.348,2.277,0.854,0.663,0.7,2.399,0.494,0.277,0.221,1.925,28.425,X
1.309,2.22,0.857,0.686,0.642,2.509,0.505,0.271,0.237,2.026,1.309,2.22,0.857,0.686,0.642,2.509,0.505,0.271,0.237,2.026,27.019,X
1.352,2.353,0.849,0.671,0.7,2.509,0.481,0.255,0.231,2.053,1.352,2.353,0.849,0.671,0.7,2.509,0.481,0.255,0.231,2.053,27.857,X
1.331,2.204,0.84,0.673,0.669,2.377,0.493,0.249,0.248,1.917,1.331,2.204,0.84,0.673,0.669,2.377,0.493,0.249,0.248,1.917,28.178,X
1.393,2.231,0.84,0.669,0.739,2.227,0.462,0.237,0.227,1.789,1.393,2.231,0.84,0.669,0.739,2.227,0.462,0.237,0.227,1.789,24.207,X
1.375,2.24,0.844,0.673,0.711,2.302,0.467,0.245,0.222,1.868,1.375,2.24,0.844,0.673,0.711,2.302,0.467,0.245,0.222,1.868,12.369,X
1.443,2.21,0.827,0.655,0.798,2.021,0.436,0.218,0.218,1.614,1.443,2.21,0.827,0.655,0.798,2.021,0.436,0.218,0.218,1.614,29.53,X
1.459,2.319,0.854,0.655,0.81,2.115,0.429,0.246,0.184,1.711,1.459,2.319,0.854,0.655,0.81,2.115,0.429,0.246,0.184,1.711,26.627,X
1.363,2.259,0.84,0.669,0.703,2.363,0.483,0.247,0.237,1.903,1.363,2.259,0.84,0.669,0.703,2.363,0.483,0.247,0.237,1.903,16.492,X
1.528,2.276,0.839,0.665,0.867,1.912,0.388,0.2,0.189,1.551,1.528,2.276,0.839,0.665,0.867,1.912,0.388,0.2,0.189,1.551,14.142,X
1.434,2.251,0.829,0.653,0.785,2.115,0.444,0.227,0.218,1.715,1.434,2.251,0.829,0.653,0.785,2.115,0.444,0.227,0.218,1.715,17.692,X
1.436,2.239,0.849,0.673,0.768,2.117,0.432,0.237,0.197,1.709,1.436,2.239,0.849,0.673,0.768,2.117,0.432,0.237,0.197,1.709,22.023,X
1.355,2.3,0.841,0.666,0.704,2.416,0.482,0.253,0.23,1.962,1.355,2.3,0.841,0.666,0.704,2.416,0.482,0.253,0.23,1.962,26,X
1.49,2.342,0.852,0.674,0.827,2.117,0.41,0.22,0.192,1.722,1.49,2.342,0.852,0.674,0.827,2.117,0.41,0.22,0.192,1.722,19.416,X
1.392,2.281,0.844,0.672,0.744,2.263,0.449,0.235,0.214,1.844,1.392,2.281,0.844,0.672,0.744,2.263,0.449,0.235,0.214,1.844,26.249,X
1.516,2.27,0.841,0.688,0.84,1.961,0.375,0.184,0.192,1.613,1.516,2.27,0.841,0.688,0.84,1.961,0.375,0.184,0.192,1.613,8.602,X
1.531,2.302,0.845,0.669,0.882,1.932,0.38,0.204,0.177,1.58,1.531,2.302,0.845,0.669,0.882,1.932,0.38,0.204,0.177,1.58,28.636,X
1.459,2.325,0.843,0.66,0.806,2.146,0.428,0.235,0.195,1.742,1.459,2.325,0.843,0.66,0.806,2.146,0.428,0.235,0.195,1.742,23.022,X
1.5,2.345,0.856,0.678,0.831,2.084,0.396,0.218,0.178,1.706,1.5,2.345,0.856,0.678,0.831,2.084,0.396,0.218,0.178,1.706,19.849,X
1.401,2.231,0.828,0.67,0.739,2.206,0.452,0.22,0.233,1.793,1.401,2.231,0.828,0.67,0.739,2.206,0.452,0.22,0.233,1.793,24.042,X
1.491,2.262,0.844,0.693,0.815,2.015,0.383,0.187,0.196,1.659,1.491,2.262,0.844,0.693,0.815,2.015,0.383,0.187,0.196,1.659,18.439,X
1.499,2.295,0.863,0.67,0.84,2.007,0.395,0.231,0.164,1.644,1.499,2.295,0.863,0.67,0.84,2.007,0.395,0.231,0.164,1.644,10.296,X
1.439,2.272,0.827,0.654,0.798,2.108,0.44,0.22,0.22,1.692,1.439,2.272,0.827,0.654,0.798,2.108,0.44,0.22,0.22,1.692,27.803,X
1.352,2.285,0.841,0.649,0.722,2.355,0.493,0.27,0.224,1.895,1.352,2.285,0.841,0.649,0.722,2.355,0.493,0.27,0.224,1.895,28.284,X
1.274,2.245,0.784,0.621,0.724,2.451,0.566,0.268,0.304,1.921,1.274,2.245,0.784,0.621,0.724,2.451,0.566,0.268,0.304,1.921,122.102,Y
1.267,2.202,0.791,0.63,0.715,2.439,0.566,0.285,0.295,1.915,1.267,2.202,0.791,0.63,0.715,2.439,0.566,0.285,0.295,1.915,122.147,Y
1.283,2.301,0.805,0.619,0.755,2.456,0.545,0.299,0.259,1.962,1.283,2.301,0.805,0.619,0.755,2.456,0.545,0.299,0.259,1.962,119.269,Y
1.303,2.198,0.808,0.631,0.761,2.296,0.512,0.264,0.254,1.856,1.303,2.198,0.808,0.631,0.761,2.296,0.512,0.264,0.254,1.856,119.038,Y
1.278,2.25,0.805,0.627,0.719,2.476,0.55,0.277,0.276,1.982,1.278,2.25,0.805,0.627,0.719,2.476,0.55,0.277,0.276,1.982,122.147,Y
1.266,2.231,0.787,0.647,0.719,2.478,0.542,0.255,0.301,1.984,1.266,2.231,0.787,0.647,0.719,2.478,0.542,0.255,0.301,1.984,121.103,Y
1.232,2.208,0.791,0.615,0.692,2.55,0.596,0.298,0.306,2.016,1.232,2.208,0.791,0.615,0.692,2.55,0.596,0.298,0.306,2.016,124.258,Y
1.292,2.268,0.801,0.637,0.697,2.577,0.567,0.286,0.289,2.05,1.292,2.268,0.801,0.637,0.697,2.577,0.567,0.286,0.289,2.05,126.194,Y
1.27,2.204,0.787,0.606,0.712,2.45,0.588,0.294,0.301,1.914,1.27,2.204,0.787,0.606,0.712,2.45,0.588,0.294,0.301,1.914,122.147,Y
1.297,2.26,0.786,0.622,0.747,2.4,0.53,0.252,0.287,1.936,1.297,2.26,0.786,0.622,0.747,2.4,0.53,0.252,0.287,1.936,119.206,Y
1.296,2.281,0.801,0.598,0.758,2.412,0.562,0.301,0.265,1.899,1.296,2.281,0.801,0.598,0.758,2.412,0.562,0.301,0.265,1.899,120.204,Y
1.263,2.199,0.791,0.615,0.73,2.395,0.566,0.282,0.29,1.883,1.263,2.199,0.791,0.615,0.73,2.395,0.566,0.282,0.29,1.883,119.269,Y
1.29,2.204,0.783,0.606,0.744,2.343,0.562,0.266,0.298,1.83,1.29,2.204,0.783,0.606,0.744,2.343,0.562,0.266,0.298,1.83,120.104,Y
1.286,2.324,0.798,0.61,0.726,2.53,0.559,0.282,0.28,2.022,1.286,2.324,0.798,0.61,0.726,2.53,0.559,0.282,0.28,2.022,121.264,Y
1.273,2.233,0.798,0.615,0.713,2.456,0.571,0.282,0.291,1.928,1.273,2.233,0.798,0.615,0.713,2.456,0.571,0.282,0.291,1.928,119.269,Y
1.274,2.236,0.798,0.612,0.722,2.433,0.575,0.292,0.286,1.89,1.274,2.236,0.798,0.612,0.722,2.433,0.575,0.292,0.286,1.89,120.204,Y
1.28,2.204,0.805,0.625,0.716,2.4,0.55,0.277,0.276,1.903,1.28,2.204,0.805,0.625,0.716,2.4,0.55,0.277,0.276,1.903,121.202,Y
1.28,2.233,0.816,0.651,0.71,2.456,0.545,0.278,0.269,1.938,1.28,2.233,0.816,0.651,0.71,2.456,0.545,0.278,0.269,1.938,120.15,Y
1.279,2.19,0.779,0.614,0.749,2.313,0.557,0.264,0.3,1.796,1.279,2.19,0.779,0.614,0.749,2.313,0.557,0.264,0.3,1.796,117.273,Y
1.258,2.193,0.794,0.609,0.716,2.41,0.591,0.293,0.299,1.851,1.258,2.193,0.794,0.609,0.716,2.41,0.591,0.293,0.299,1.851,121.149,Y
1.267,2.144,0.798,0.6,0.745,2.268,0.581,0.297,0.284,1.723,1.267,2.144,0.798,0.6,0.745,2.268,0.581,0.297,0.284,1.723,119.151,Y
1.294,2.211,0.797,0.613,0.751,2.311,0.565,0.288,0.279,1.767,1.294,2.211,0.797,0.613,0.751,2.311,0.565,0.288,0.279,1.767,119.105,Y
1.283,2.257,0.811,0.644,0.728,2.45,0.556,0.286,0.273,1.912,1.283,2.257,0.811,0.644,0.728,2.45,0.556,0.286,0.273,1.912,120.337,Y
1.268,2.243,0.811,0.604,0.721,2.455,0.594,0.323,0.272,1.886,1.268,2.243,0.811,0.604,0.721,2.455,0.594,0.323,0.272,1.886,122.102,Y
1.304,2.305,0.799,0.588,0.774,2.394,0.574,0.297,0.277,1.849,1.304,2.305,0.799,0.588,0.774,2.394,0.574,0.297,0.277,1.849,122.037,Y
1.263,2.213,0.815,0.628,0.703,2.46,0.576,0.304,0.273,1.914,1.263,2.213,0.815,0.628,0.703,2.46,0.576,0.304,0.273,1.914,122.037,Y
1.269,2.199,0.806,0.618,0.705,2.459,0.6,0.308,0.292,1.884,1.269,2.199,0.806,0.618,0.705,2.459,0.6,0.308,0.292,1.884,127.004,Y
1.292,2.239,0.811,0.606,0.763,2.349,0.566,0.307,0.259,1.817,1.292,2.239,0.811,0.606,0.763,2.349,0.566,0.307,0.259,1.817,123.016,Y
1.271,2.239,0.81,0.606,0.741,2.416,0.595,0.322,0.273,1.842,1.271,2.239,0.81,0.606,0.741,2.416,0.595,0.322,0.273,1.842,124.036,Y
1.257,2.238,0.81,0.61,0.686,2.575,0.611,0.316,0.295,1.999,1.257,2.238,0.81,0.61,0.686,2.575,0.611,0.316,0.295,1.999,129.016,Y
1.277,2.289,0.806,0.6,0.731,2.506,0.598,0.317,0.282,1.934,1.277,2.289,0.806,0.6,0.731,2.506,0.598,0.317,0.282,1.934,126.016,Y
1.255,2.264,0.815,0.614,0.686,2.603,0.599,0.318,0.282,2.045,1.255,2.264,0.815,0.614,0.686,2.603,0.599,0.318,0.282,2.045,126.016,Y
1.26,2.29,0.794,0.589,0.712,2.566,0.608,0.311,0.297,2.004,1.26,2.29,0.794,0.589,0.712,2.566,0.608,0.311,0.297,2.004,127.016,Y
1.276,2.264,0.824,0.603,0.729,2.458,0.585,0.323,0.263,1.904,1.276,2.264,0.824,0.603,0.729,2.458,0.585,0.323,0.263,1.904,124.064,Y
1.255,2.25,0.815,0.613,0.678,2.577,0.599,0.318,0.282,2.014,1.255,2.25,0.815,0.613,0.678,2.577,0.599,0.318,0.282,2.014,125.144,Y
1.297,2.227,0.815,0.612,0.729,2.416,0.578,0.314,0.265,1.87,1.297,2.227,0.815,0.612,0.729,2.416,0.578,0.314,0.265,1.87,128.004,Y
1.247,2.252,0.793,0.59,0.717,2.508,0.619,0.317,0.302,1.917,1.247,2.252,0.793,0.59,0.717,2.508,0.619,0.317,0.302,1.917,123.102,Y
1.264,2.227,0.81,0.624,0.689,2.52,0.6,0.308,0.292,1.939,1.264,2.227,0.81,0.624,0.689,2.52,0.6,0.308,0.292,1.939,126.063,Y
1.255,2.266,0.81,0.608,0.705,2.55,0.61,0.323,0.287,1.963,1.255,2.266,0.81,0.608,0.705,2.55,0.61,0.323,0.287,1.963,125.016,Y
1.272,2.255,0.815,0.633,0.69,2.561,0.578,0.297,0.282,2.014,1.272,2.255,0.815,0.633,0.69,2.561,0.578,0.297,0.282,2.014,126.063,Y
1.25,2.217,0.814,0.615,0.704,2.476,0.601,0.318,0.283,1.899,1.25,2.217,0.814,0.615,0.704,2.476,0.601,0.318,0.283,1.899,122.262,Y
1.274,2.243,0.818,0.619,0.711,2.482,0.583,0.317,0.267,1.926,1.274,2.243,0.818,0.619,0.711,2.482,0.583,0.317,0.267,1.926,124.016,Y
1.297,2.241,0.818,0.619,0.736,2.403,0.564,0.306,0.258,1.868,1.297,2.241,0.818,0.619,0.736,2.403,0.564,0.306,0.258,1.868,124.036,Y
1.262,2.283,0.811,0.604,0.701,2.577,0.611,0.332,0.28,1.991,1.262,2.283,0.811,0.604,0.701,2.577,0.611,0.332,0.28,1.991,125.1,Y
1.208,2.194,0.81,0.626,0.616,2.77,0.676,0.347,0.329,2.112,1.208,2.194,0.81,0.626,0.616,2.77,0.676,0.347,0.329,2.112,129.062,Y
1.263,2.241,0.793,0.606,0.741,2.411,0.595,0.305,0.293,1.835,1.263,2.241,0.793,0.606,0.741,2.411,0.595,0.305,0.293,1.835,121.103,Y
1.273,2.308,0.811,0.642,0.68,2.683,0.592,0.304,0.291,2.11,1.273,2.308,0.811,0.642,0.68,2.683,0.592,0.304,0.291,2.11,128.098,Y
1.291,2.217,0.815,0.629,0.704,2.462,0.579,0.306,0.274,1.907,1.291,2.217,0.815,0.629,0.704,2.462,0.579,0.306,0.274,1.907,128.062,Y
1.304,2.232,0.818,0.619,0.763,2.325,0.561,0.312,0.25,1.785,1.304,2.232,0.818,0.619,0.763,2.325,0.561,0.312,0.25,1.785,121.066,Y
1.302,2.322,0.803,0.615,0.744,2.511,0.586,0.301,0.285,1.942,1.302,2.322,0.803,0.615,0.744,2.511,0.586,0.301,0.285,1.942,125.036,Y
1.275,2.23,0.806,0.636,0.676,2.57,0.605,0.302,0.305,1.978,1.275,2.23,0.806,0.636,0.676,2.57,0.605,0.302,0.305,1.978,129.004,Y
0.619,0.923,0.947,0.789,0.186,0.746,1.134,0.851,0.283,0.465,0.619,0.923,0.947,0.789,0.186,0.746,1.134,0.851,0.283,0.465,52.393,Z
0.63,0.858,0.964,0.807,0.208,0.588,0.943,0.764,0.189,0.811,0.63,0.858,0.964,0.807,0.208,0.588,0.943,0.764,0.189,0.811,52.173,Z
0.618,0.884,0.945,0.783,0.197,0.898,1.139,0.84,0.306,0.784,0.618,0.884,0.945,0.783,0.197,0.898,1.139,0.84,0.306,0.784,52.393,Z
0.643,0.896,0.955,0.803,0.196,0.583,1.006,0.78,0.228,0.611,0.643,0.896,0.955,0.803,0.196,0.583,1.006,0.78,0.228,0.611,47.127,Z
0.679,0.94,0.937,0.768,0.152,1.211,1.537,1.122,0.415,0.505,0.679,0.94,0.937,0.768,0.152,1.211,1.537,1.122,0.415,0.505,46.615,Z
0.637,0.931,0.947,0.761,0.165,1.071,1.456,1.13,0.327,0.481,0.637,0.931,0.947,0.761,0.165,1.071,1.456,1.13,0.327,0.481,50.596,Z
0.589,0.922,0.956,0.805,0.235,0.556,0.836,0.644,0.192,0.371,0.589,0.922,0.956,0.805,0.235,0.556,0.836,0.644,0.192,0.371,55.785,Z
0.597,0.905,0.964,0.821,0.252,0.451,0.722,0.577,0.146,0.428,0.597,0.905,0.964,0.821,0.252,0.451,0.722,0.577,0.146,0.428,54.818,Z
0.582,0.929,0.954,0.817,0.272,0.501,0.697,0.518,0.18,0.285,0.582,0.929,0.954,0.817,0.272,0.501,0.697,0.518,0.18,0.285,56.921,Z
0.688,0.925,0.929,0.728,0.15,1.439,1.838,1.357,0.483,0.633,0.688,0.925,0.929,0.728,0.15,1.439,1.838,1.357,0.483,0.633,46.615,Z
0.635,0.89,0.954,0.818,0.207,0.608,0.885,0.658,0.236,0.692,0.635,0.89,0.954,0.818,0.207,0.608,0.885,0.658,0.236,0.692,50.961,Z
0.613,0.906,0.946,0.794,0.208,0.672,1.004,0.736,0.272,0.539,0.613,0.906,0.946,0.794,0.208,0.672,1.004,0.736,0.272,0.539,52.393,Z
0.628,0.948,0.947,0.794,0.204,0.765,1.011,0.75,0.263,0.277,0.628,0.948,0.947,0.794,0.204,0.765,1.011,0.75,0.263,0.277,50.695,Z
0.611,0.938,0.946,0.783,0.197,0.808,1.098,0.826,0.274,0.347,0.611,0.938,0.946,0.783,0.197,0.808,1.098,0.826,0.274,0.347,53.16,Z
0.583,0.938,0.954,0.818,0.265,0.491,0.694,0.519,0.175,0.261,0.583,0.938,0.954,0.818,0.265,0.491,0.694,0.519,0.175,0.261,55.082,Z
0.628,0.93,0.947,0.778,0.191,0.833,1.164,0.889,0.277,0.395,0.628,0.93,0.947,0.778,0.191,0.833,1.164,0.889,0.277,0.395,52.924,Z
0.631,0.889,0.955,0.822,0.234,0.462,0.772,0.573,0.204,0.542,0.631,0.889,0.955,0.822,0.234,0.462,0.772,0.573,0.204,0.542,55.362,Z
0.657,0.915,0.946,0.804,0.191,0.667,1.034,0.745,0.292,0.498,0.657,0.915,0.946,0.804,0.191,0.667,1.034,0.745,0.292,0.498,52.924,Z
0.639,0.872,0.964,0.801,0.189,0.581,1.051,0.857,0.196,0.809,0.639,0.872,0.964,0.801,0.189,0.581,1.051,0.857,0.196,0.809,51.078,Z
0.617,0.93,0.954,0.8,0.211,0.673,0.955,0.736,0.219,0.385,0.617,0.93,0.954,0.8,0.211,0.673,0.955,0.736,0.219,0.385,50.289,Z
0.617,0.946,0.936,0.761,0.186,1.018,1.288,0.944,0.346,0.331,0.617,0.946,0.936,0.761,0.186,1.018,1.288,0.944,0.346,0.331,54.424,Z
0.632,0.946,0.954,0.807,0.205,0.707,0.943,0.717,0.228,0.3,0.632,0.946,0.954,0.807,0.205,0.707,0.943,0.717,0.228,0.3,57.009,Z
0.675,0.938,0.946,0.809,0.182,0.743,1.055,0.757,0.3,0.381,0.675,0.938,0.946,0.809,0.182,0.743,1.055,0.757,0.3,0.381,48.847,Z
0.626,0.946,0.954,0.817,0.222,0.592,0.828,0.622,0.211,0.278,0.626,0.946,0.954,0.817,0.222,0.592,0.828,0.622,0.211,0.278,54.129,Z
0.631,0.939,0.955,0.81,0.209,0.655,0.907,0.689,0.219,0.347,0.631,0.939,0.955,0.81,0.209,0.655,0.907,0.689,0.219,0.347,53.141,Z
0.629,0.92,0.954,0.818,0.223,0.509,0.822,0.615,0.207,0.386,0.629,0.92,0.954,0.818,0.223,0.509,0.822,0.615,0.207,0.386,51.923,Z
0.606,0.929,0.945,0.79,0.207,0.725,1.022,0.749,0.277,0.374,0.606,0.929,0.945,0.79,0.207,0.725,1.022,0.749,0.277,0.374,53.852,Z
0.57,0.888,0.954,0.808,0.256,0.483,0.759,0.573,0.191,0.524,0.57,0.888,0.954,0.808,0.256,0.483,0.759,0.573,0.191,0.524,57.974,Z
0.675,0.938,0.945,0.754,0.156,1.214,1.579,1.233,0.349,0.443,0.675,0.938,0.945,0.754,0.156,1.214,1.579,1.233,0.349,0.443,50.99,Z
0.588,0.903,0.981,0.854,0.282,0.277,0.524,0.455,0.072,0.377,0.588,0.903,0.981,0.854,0.282,0.277,0.524,0.455,0.072,0.377,56.515,Z
0.579,0.904,0.963,0.814,0.249,0.5,0.757,0.605,0.153,0.465,0.579,0.904,0.963,0.814,0.249,0.5,0.757,0.605,0.153,0.465,57.723,Z
0.61,0.928,0.936,0.789,0.194,0.746,1.095,0.761,0.334,0.389,0.61,0.928,0.936,0.789,0.194,0.746,1.095,0.761,0.334,0.389,52.953,Z
0.604,0.911,0.954,0.798,0.226,0.61,0.909,0.696,0.219,0.455,0.604,0.911,0.954,0.798,0.226,0.61,0.909,0.696,0.219,0.455,54.818,Z
0.637,0.912,0.944,0.805,0.203,0.709,0.983,0.697,0.288,0.531,0.637,0.912,0.944,0.805,0.203,0.709,0.983,0.697,0.288,0.531,53.141,Z
0.616,0.903,0.954,0.809,0.22,0.53,0.873,0.663,0.211,0.518,0.616,0.903,0.954,0.809,0.22,0.53,0.873,0.663,0.211,0.518,53.141,Z
0.617,0.946,0.954,0.816,0.234,0.571,0.788,0.59,0.2,0.248,0.617,0.946,0.954,0.816,0.234,0.571,0.788,0.59,0.2,0.248,54.571,Z
0.558,0.891,0.955,0.821,0.275,0.451,0.662,0.491,0.175,0.496,0.558,0.891,0.955,0.821,0.275,0.451,0.662,0.491,0.175,0.496,62.801,Z
0.619,0.92,0.937,0.775,0.195,0.807,1.17,0.844,0.327,0.439,0.619,0.92,0.937,0.775,0.195,0.807,1.17,0.844,0.327,0.439,55.027,Z
0.587,0.905,0.954,0.809,0.238,0.539,0.808,0.614,0.194,0.497,0.587,0.905,0.954,0.809,0.238,0.539,0.808,0.614,0.194,0.497,58.464,Z
0.558,0.937,0.963,0.815,0.265,0.516,0.706,0.563,0.144,0.282,0.558,0.937,0.963,0.815,0.265,0.516,0.706,0.563,0.144,0.282,58.052,Z
0.617,0.936,0.963,0.824,0.225,0.519,0.781,0.616,0.169,0.313,0.617,0.936,0.963,0.824,0.225,0.519,0.781,0.616,0.169,0.313,51.923,Z
0.566,0.921,0.963,0.827,0.267,0.435,0.649,0.511,0.14,0.368,0.566,0.921,0.963,0.827,0.267,0.435,0.649,0.511,0.14,0.368,59.034,Z
0.61,0.947,0.955,0.802,0.218,0.694,0.919,0.714,0.207,0.262,0.61,0.947,0.955,0.802,0.218,0.694,0.919,0.714,0.207,0.262,57.585,Z
0.591,0.928,0.946,0.82,0.248,0.46,0.731,0.514,0.218,0.3,0.591,0.928,0.946,0.82,0.248,0.46,0.731,0.514,0.218,0.3,57.009,Z
0.675,0.938,0.954,0.809,0.193,0.716,0.998,0.758,0.24,0.358,0.675,0.938,0.954,0.809,0.193,0.716,0.998,0.758,0.24,0.358,48.754,Z
0.646,0.92,0.945,0.761,0.14,1.231,1.715,1.312,0.414,0.674,0.646,0.92,0.945,0.761,0.14,1.231,1.715,1.312,0.414,0.674,47.074,Z
0.604,0.947,0.955,0.802,0.23,0.639,0.863,0.668,0.2,0.263,0.604,0.947,0.955,0.802,0.23,0.639,0.863,0.668,0.2,0.263,54.781,Z
0.68,0.912,0.954,0.807,0.182,0.716,1.069,0.812,0.257,0.588,0.68,0.912,0.954,0.807,0.182,0.716,1.069,0.812,0.257,0.588,48.847,Z
0.589,0.903,0.963,0.836,0.27,0.383,0.614,0.472,0.15,0.421,0.589,0.903,0.963,0.836,0.27,0.383,0.614,0.472,0.15,0.421,57.009,Z
0.581,0.938,0.946,0.821,0.272,0.446,0.67,0.47,0.2,0.23,0.581,0.938,0.946,0.821,0.272,0.446,0.67,0.47,0.2,0.23,56.303,Z
0.609,0.929,0.963,0.827,0.248,0.459,0.704,0.554,0.151,0.313,0.609,0.929,0.963,0.827,0.248,0.459,0.704,0.554,0.151,0.313,54.406,Z
1.901,1.221,0.761,0.833,1.411,0.57,0.376,0.195,0.218,0.197,1.901,1.221,0.761,0.833,1.411,0.57,0.376,0.195,0.218,0.197,17.117,A
1.853,1.219,0.82,0.873,1.347,0.595,0.393,0.203,0.208,0.208,1.853,1.219,0.82,0.873,1.347,0.595,0.393,0.203,0.208,0.208,19.416,A
1.866,1.219,0.818,0.873,1.369,0.586,0.387,0.18,0.223,0.205,1.866,1.219,0.818,0.873,1.369,0.586,0.387,0.18,0.223,0.205,16.279,A
1.721,1.214,0.795,0.858,1.17,0.641,0.415,0.208,0.244,0.232,1.721,1.214,0.795,0.858,1.17,0.641,0.415,0.208,0.244,0.232,22.561,A
1.793,1.231,0.792,0.866,1.271,0.631,0.396,0.198,0.232,0.24,1.793,1.231,0.792,0.866,1.271,0.631,0.396,0.198,0.232,0.24,19.647,A
1.932,1.262,0.819,0.903,1.417,0.586,0.363,0.184,0.205,0.232,1.932,1.262,0.819,0.903,1.417,0.586,0.363,0.184,0.205,0.232,18.248,A
1.881,1.241,0.797,0.913,1.387,0.583,0.381,0.207,0.214,0.214,1.881,1.241,0.797,0.913,1.387,0.583,0.381,0.207,0.214,0.214,17.263,A
1.855,1.224,0.799,0.844,1.35,0.585,0.368,0.178,0.213,0.22,1.855,1.224,0.799,0.844,1.35,0.585,0.368,0.178,0.213,0.22,18.248,A
1.773,1.209,0.857,0.903,1.24,0.587,0.373,0.174,0.213,0.222,1.773,1.209,0.857,0.903,1.24,0.587,0.373,0.174,0.213,0.222,18.682,A
1.881,1.217,0.825,0.94,1.372,0.578,0.383,0.209,0.206,0.206,1.881,1.217,0.825,0.94,1.372,0.578,0.383,0.209,0.206,0.206,17.263,A
1.89,1.231,0.792,0.893,1.347,0.589,0.369,0.192,0.219,0.226,1.89,1.231,0.792,0.893,1.347,0.589,0.369,0.192,0.219,0.226,18.111,A
1.986,1.297,0.825,0.91,1.468,0.576,0.334,0.179,0.183,0.253,1.986,1.297,0.825,0.91,1.468,0.576,0.334,0.179,0.183,0.253,16.279,A
1.842,1.212,0.799,0.896,1.297,0.577,0.374,0.194,0.222,0.211,1.842,1.212,0.799,0.896,1.297,0.577,0.374,0.194,0.222,0.211,18.439,A
1.877,1.234,0.813,0.912,1.349,0.597,0.383,0.19,0.224,0.224,1.877,1.234,0.813,0.912,1.349,0.597,0.383,0.19,0.224,0.224,16.492,A
1.922,1.225,0.858,0.928,1.467,0.568,0.363,0.19,0.186,0.211,1.922,1.225,0.858,0.928,1.467,0.568,0.363,0.19,0.186,0.211,15.524,A
1.817,1.214,0.819,0.884,1.272,0.584,0.378,0.171,0.232,0.213,1.817,1.214,0.819,0.884,1.272,0.584,0.378,0.171,0.232,0.213,17.72,A
1.956,1.266,0.853,0.9,1.418,0.57,0.334,0.175,0.173,0.243,1.956,1.266,0.853,0.9,1.418,0.57,0.334,0.175,0.173,0.243,16.125,A
1.946,1.262,0.819,0.911,1.463,0.585,0.371,0.197,0.199,0.225,1.946,1.262,0.819,0.911,1.463,0.585,0.371,0.197,0.199,0.225,17.464,A
1.842,1.224,0.825,0.902,1.319,0.606,0.387,0.205,0.207,0.225,1.842,1.224,0.825,0.902,1.319,0.606,0.387,0.205,0.207,0.225,18.248,A
1.805,1.214,0.847,0.941,1.243,0.607,0.403,0.221,0.209,0.218,1.805,1.214,0.847,0.941,1.243,0.607,0.403,0.221,0.209,0.218,19.647,A
1.917,1.243,0.82,0.919,1.376,0.558,0.359,0.188,0.204,0.214,1.917,1.243,0.82,0.919,1.376,0.558,0.359,0.188,0.204,0.214,15.297,A
1.893,1.231,0.847,0.893,1.376,0.577,0.362,0.179,0.195,0.221,1.893,1.231,0.847,0.893,1.376,0.577,0.362,0.179,0.195,0.221,16.279,A
1.931,1.256,0.847,0.893,1.414,0.567,0.352,0.175,0.19,0.225,1.931,1.256,0.847,0.893,1.414,0.567,0.352,0.175,0.19,0.225,17.263,A
1.901,1.221,0.788,0.88,1.357,0.561,0.363,0.189,0.215,0.205,1.901,1.221,0.788,0.88,1.357,0.561,0.363,0.189,0.215,0.205,17.263,A
1.954,1.264,0.812,0.889,1.422,0.579,0.359,0.162,0.22,0.23,1.954,1.264,0.812,0.889,1.422,0.579,0.359,0.162,0.22,0.23,17.117,A
1.882,1.2,0.852,0.917,1.326,0.554,0.343,0.165,0.197,0.216,1.882,1.2,0.852,0.917,1.326,0.554,0.343,0.165,0.197,0.216,16.492,A
1.968,1.264,0.813,0.917,1.428,0.571,0.355,0.186,0.202,0.228,1.968,1.264,0.813,0.917,1.428,0.571,0.355,0.186,0.202,0.228,16.279,A
1.951,1.266,0.834,0.936,1.4,0.591,0.377,0.188,0.213,0.231,1.951,1.266,0.834,0.936,1.4,0.591,0.377,0.188,0.213,0.231,18.111,A
1.982,1.264,0.813,0.95,1.459,0.572,0.365,0.207,0.197,0.224,1.982,1.264,0.813,0.95,1.459,0.572,0.365,0.207,0.197,0.224,15.297,A
1.805,1.214,0.847,0.941,1.243,0.607,0.403,0.221,0.209,0.218,1.805,1.214,0.847,0.941,1.243,0.607,0.403,0.221,0.209,0.218,18.439,A
1.877,1.258,0.815,0.933,1.312,0.594,0.371,0.203,0.212,0.24,1.877,1.258,0.815,0.933,1.312,0.594,0.371,0.203,0.212,0.24,17.464,A
1.943,1.26,0.805,0.948,1.411,0.588,0.388,0.201,0.228,0.22,1.943,1.26,0.805,0.948,1.411,0.588,0.388,0.201,0.228,0.22,20.396,A
1.944,1.264,0.813,0.917,1.413,0.577,0.359,0.188,0.204,0.231,1.944,1.264,0.813,0.917,1.413,0.577,0.359,0.188,0.204,0.231,16.279,A
1.893,1.244,0.822,0.914,1.338,0.588,0.349,0.193,0.192,0.246,1.893,1.244,0.822,0.914,1.338,0.588,0.349,0.193,0.192,0.246,17.263,A
1.851,1.206,0.788,0.876,1.319,0.591,0.381,0.188,0.231,0.213,1.851,1.206,0.788,0.876,1.319,0.591,0.381,0.188,0.231,0.213,16.125,A
1.914,1.221,0.788,0.912,1.387,0.562,0.372,0.21,0.211,0.201,1.914,1.221,0.788,0.912,1.387,0.562,0.372,0.21,0.211,0.201,15.297,A
2.036,1.312,0.838,0.936,1.467,0.571,0.334,0.186,0.175,0.255,2.036,1.312,0.838,0.936,1.467,0.571,0.334,0.186,0.175,0.255,17.117,A
1.901,1.234,0.842,0.933,1.327,0.583,0.367,0.193,0.201,0.228,1.901,1.234,0.842,0.933,1.327,0.583,0.367,0.193,0.201,0.228,17.117,A
1.944,1.227,0.813,0.944,1.397,0.554,0.361,0.197,0.206,0.206,1.944,1.227,0.813,0.944,1.397,0.554,0.361,0.197,0.206,0.206,17.263,A
1.958,1.264,0.841,0.923,1.459,0.577,0.366,0.196,0.189,0.224,1.958,1.264,0.841,0.923,1.459,0.577,0.366,0.196,0.189,0.224,17.464,A
1.882,1.2,0.852,0.922,1.349,0.564,0.357,0.182,0.194,0.212,1.882,1.2,0.852,0.922,1.349,0.564,0.357,0.182,0.194,0.212,17.263,A
1.877,1.258,0.845,0.933,1.312,0.594,0.371,0.215,0.184,0.24,1.877,1.258,0.845,0.933,1.312,0.594,0.371,0.215,0.184,0.24,18.439,A
1.901,1.247,0.842,0.933,1.327,0.603,0.367,0.193,0.201,0.246,1.901,1.247,0.842,0.933,1.327,0.603,0.367,0.193,0.201,0.246,17.263,A
1.905,1.221,0.869,0.907,1.372,0.549,0.357,0.178,0.187,0.203,1.905,1.221,0.869,0.907,1.372,0.549,0.357,0.178,0.187,0.203,16.279,A
1.859,1.213,0.852,0.922,1.335,0.589,0.36,0.183,0.196,0.233,1.859,1.213,0.852,0.922,1.335,0.589,0.36,0.183,0.196,0.233,17.464,A
1.914,1.258,0.842,0.907,1.364,0.577,0.359,0.183,0.195,0.231,1.914,1.258,0.842,0.907,1.364,0.577,0.359,0.183,0.195,0.231,17.117,A
1.928,1.234,0.815,0.907,1.387,0.562,0.353,0.185,0.201,0.218,1.928,1.234,0.815,0.907,1.387,0.562,0.353,0.185,0.201,0.218,16.279,A
1.824,1.236,0.837,0.898,1.278,0.625,0.4,0.214,0.206,0.234,1.824,1.236,0.837,0.898,1.278,0.625,0.4,0.214,0.206,0.234,19.416,A
1.928,1.247,0.842,0.907,1.387,0.581,0.353,0.18,0.192,0.235,1.928,1.247,0.842,0.907,1.387,0.581,0.353,0.18,0.192,0.235,16.279,A
1.902,1.223,0.837,0.894,1.36,0.549,0.357,0.182,0.194,0.203,1.902,1.223,0.837,0.894,1.36,0.549,0.357,0.182,0.194,0.203,16.279,A
0.879,0.997,0.997,0.935,0.066,1.414,1.265,1,0.447,0.283,0.879,0.997,0.997,0.935,0.066,1.414,1.265,1,0.447,0.283,19.235,B
0.856,0.997,0.986,0.935,0.091,1.286,1.152,0.869,0.286,0.202,0.856,0.997,0.986,0.935,0.091,1.286,1.152,0.869,0.286,0.202,17.72,B
0.867,0.997,0.985,0.957,0.107,0.884,0.75,0.5,0.25,0.177,0.867,0.997,0.985,0.957,0.107,0.884,0.75,0.5,0.25,0.177,20.881,B
0.858,0.971,0.96,0.939,0.124,0.869,0.949,0.537,0.435,0.236,0.858,0.971,0.96,0.939,0.124,0.869,0.949,0.537,0.435,0.236,20.224,B
0.869,0.989,0.985,0.943,0.095,1.14,1.131,0.849,0.283,0.141,0.869,0.989,0.985,0.943,0.095,1.14,1.131,0.849,0.283,0.141,21.19,B
0.874,0.989,0.988,0.953,0.093,1.178,1.152,0.714,0.452,0.143,0.874,0.989,0.988,0.953,0.093,1.178,1.152,0.714,0.452,0.143,18.028,B
0.839,0.997,0.971,0.944,0.109,1.098,0.97,0.485,0.485,0.171,0.839,0.997,0.971,0.944,0.109,1.098,0.97,0.485,0.485,0.171,18.248,B
0.869,0.978,0.974,0.936,0.098,1.266,1.236,0.971,0.307,0.275,0.869,0.978,0.974,0.936,0.098,1.266,1.236,0.971,0.307,0.275,21.024,B
0.855,0.981,0.966,0.936,0.094,1.152,1.286,0.869,0.452,0.202,0.855,0.981,0.966,0.936,0.094,1.152,1.286,0.869,0.452,0.202,21.19,B
0.857,0.986,0.96,0.938,0.093,1.457,1.286,0.728,0.589,0.319,0.857,0.986,0.96,0.938,0.093,1.457,1.286,0.728,0.589,0.319,17.029,B
0.856,0.982,0.978,0.942,0.119,1,1.09,0.767,0.325,0.153,0.856,0.982,0.978,0.942,0.119,1,1.09,0.767,0.325,0.153,19.026,B
0.892,0.978,0.966,0.929,0.078,1.749,1.715,1.213,0.542,0.343,0.892,0.978,0.966,0.929,0.078,1.749,1.715,1.213,0.542,0.343,17.72,B
0.848,0.986,0.96,0.92,0.092,1.562,1.421,0.849,0.583,0.316,0.848,0.986,0.96,0.92,0.092,1.562,1.421,0.849,0.583,0.316,21.587,B
0.848,0.979,0.96,0.932,0.105,1.265,1.24,0.754,0.511,0.248,0.848,0.979,0.96,0.932,0.105,1.265,1.24,0.754,0.511,0.248,19.925,B
0.856,0.987,0.977,0.942,0.094,1.304,1.131,0.707,0.424,0.316,0.856,0.987,0.977,0.942,0.094,1.304,1.131,0.707,0.424,0.316,18.028,B
0.857,0.989,0.985,0.943,0.093,1.14,1.131,0.849,0.283,0.141,0.857,0.989,0.985,0.943,0.093,1.14,1.131,0.849,0.283,0.141,19.105,B
0.882,0.989,0.971,0.926,0.071,1.671,1.682,0.947,0.743,0.186,0.882,0.989,0.971,0.926,0.071,1.671,1.682,0.947,0.743,0.186,16.492,B
0.856,0.971,0.966,0.935,0.093,1.178,1.286,0.869,0.452,0.319,0.856,0.971,0.966,0.935,0.093,1.178,1.286,0.869,0.452,0.319,17.117,B
0.856,0.989,0.959,0.928,0.093,1.421,1.414,0.86,0.583,0.141,0.856,0.989,0.959,0.928,0.093,1.421,1.414,0.86,0.583,0.141,17.464,B
0.862,0.989,0.966,0.953,0.124,1.132,1.106,0.826,0.343,0.108,0.862,0.989,0.966,0.953,0.124,1.132,1.106,0.826,0.343,0.108,23.409,B
0.856,0.989,0.97,0.929,0.094,1.421,1.414,0.849,0.566,0.141,0.856,0.989,0.97,0.929,0.094,1.421,1.414,0.849,0.566,0.141,18.682,B
0.872,0.989,0.977,0.958,0.109,1.177,1.144,0.784,0.372,0.124,0.872,0.989,0.977,0.958,0.109,1.177,1.144,0.784,0.372,0.124,15.033,B
0.841,0.986,0.975,0.949,0.118,1.153,1,0.804,0.247,0.247,0.841,0.986,0.975,0.949,0.118,1.153,1,0.804,0.247,0.247,19.105,B
0.891,0.986,0.967,0.939,0.088,1.52,1.342,0.907,0.471,0.333,0.891,0.986,0.967,0.939,0.088,1.52,1.342,0.907,0.471,0.333,17.029,B
0.89,0.989,0.977,0.928,0.079,1.724,1.715,1.2,0.514,0.171,0.89,0.989,0.977,0.928,0.079,1.724,1.715,1.2,0.514,0.171,17,B
0.821,0.981,0.97,0.924,0.121,0.889,1.006,0.567,0.444,0.157,0.821,0.981,0.97,0.924,0.121,0.889,1.006,0.567,0.444,0.157,20.025,B
0.853,0.989,0.978,0.939,0.094,0.99,1,0.583,0.424,0.141,0.853,0.989,0.978,0.939,0.094,0.99,1,0.583,0.424,0.141,19,B
0.848,0.989,0.988,0.94,0.106,1.275,1.256,0.875,0.395,0.125,0.848,0.989,0.988,0.94,0.106,1.275,1.256,0.875,0.395,0.125,23.537,B
0.841,0.989,0.977,0.929,0.095,1.421,1.414,0.99,0.424,0.141,0.841,0.989,0.977,0.929,0.095,1.421,1.414,0.99,0.424,0.141,21.024,B
0.846,0.997,0.963,0.93,0.106,1.37,1.24,0.62,0.62,0.175,0.846,0.997,0.963,0.93,0.106,1.37,1.24,0.62,0.62,0.175,19.105,B
0.879,0.986,0.971,0.926,0.089,1.498,1.35,0.76,0.596,0.333,0.879,0.986,0.971,0.926,0.089,1.498,1.35,0.76,0.596,0.333,17.72,B
0.84,0.978,0.959,0.923,0.127,1.179,1.16,0.745,0.435,0.211,0.84,0.978,0.959,0.923,0.127,1.179,1.16,0.745,0.435,0.211,20.025,B
0.87,0.986,0.977,0.924,0.085,1.589,1.432,0.962,0.474,0.354,0.87,0.986,0.977,0.924,0.085,1.589,1.432,0.962,0.474,0.354,21.84,B
0.883,0.989,0.958,0.928,0.073,1.866,1.857,1.13,0.766,0.186,0.883,0.989,0.958,0.928,0.073,1.866,1.857,1.13,0.766,0.186,21.541,B
0.837,0.979,0.951,0.917,0.093,1.436,1.436,0.714,0.728,0.286,0.837,0.979,0.951,0.917,0.093,1.436,1.436,0.714,0.728,0.286,21.213,B
0.844,0.989,0.981,0.94,0.12,1.126,1.11,0.663,0.455,0.11,0.844,0.989,0.981,0.94,0.12,1.126,1.11,0.663,0.455,0.11,20.1,B
0.89,0.989,0.966,0.94,0.091,1.52,1.498,1.085,0.471,0.149,0.89,0.989,0.966,0.94,0.091,1.52,1.498,1.085,0.471,0.149,16,B
0.846,0.979,0.978,0.938,0.095,1.266,1.236,0.824,0.412,0.275,0.846,0.979,0.978,0.938,0.095,1.266,1.236,0.824,0.412,0.275,16,B
0.873,0.986,0.97,0.936,0.103,1.624,1.45,0.928,0.525,0.294,0.873,0.986,0.97,0.936,0.103,1.624,1.45,0.928,0.525,0.294,20.616,B
0.863,0.989,0.987,0.942,0.112,1.383,1.356,0.978,0.383,0.121,0.863,0.989,0.987,0.942,0.112,1.383,1.356,0.978,0.383,0.121,16,B
0.837,0.971,0.978,0.927,0.104,1.008,1.132,0.76,0.375,0.28,0.837,0.971,0.978,0.927,0.104,1.008,1.132,0.76,0.375,0.28,18.248,B
0.865,0.979,0.982,0.935,0.112,1.334,1.293,0.819,0.483,0.234,0.865,0.979,0.982,0.935,0.112,1.334,1.293,0.819,0.483,0.234,20.616,B
0.882,0.978,0.978,0.949,0.096,1.303,1.244,0.836,0.412,0.275,0.882,0.978,0.978,0.949,0.096,1.303,1.244,0.836,0.412,0.275,16.125,B
0.875,0.989,0.985,0.944,0.08,1.344,1.333,1,0.333,0.167,0.875,0.989,0.985,0.944,0.08,1.344,1.333,1,0.333,0.167,17.72,B
0.856,0.979,0.977,0.929,0.094,1.442,1.414,0.99,0.424,0.283,0.856,0.979,0.977,0.929,0.094,1.442,1.414,0.99,0.424,0.283,19.026,B
0.826,0.979,0.974,0.93,0.108,1.237,1.213,0.978,0.271,0.243,0.826,0.979,0.974,0.93,0.108,1.237,1.213,0.978,0.271,0.243,20.616,B
0.88,0.987,0.978,0.948,0.079,1.74,1.509,1.014,0.5,0.373,0.88,0.987,0.978,0.948,0.079,1.74,1.509,1.014,0.5,0.373,17.029,B
0.856,0.986,0.961,0.923,0.078,1.5,1.374,0.687,0.687,0.373,0.856,0.986,0.961,0.923,0.078,1.5,1.374,0.687,0.687,0.373,17,B
0.853,0.997,0.981,0.933,0.092,1.738,1.578,1,0.589,0.202,0.853,0.997,0.981,0.933,0.092,1.738,1.578,1,0.589,0.202,18.248,B
0.881,0.986,0.977,0.941,0.102,1.497,1.32,0.928,0.394,0.294,0.881,0.986,0.977,0.941,0.102,1.497,1.32,0.928,0.394,0.294,22.804,B
0.846,0.995,0.959,0.921,0.08,2.162,1.808,1.162,0.678,0.465,0.846,0.995,0.959,0.921,0.08,2.162,1.808,1.162,0.678,0.465,18.111,B
0.704,0.96,0.987,0.866,0.716,0.144,0.205,0.178,0.034,0.06,0.704,0.96,0.987,0.866,0.716,0.144,0.205,0.178,0.034,0.06,2,C
0.704,0.96,0.987,0.866,0.716,0.144,0.205,0.178,0.034,0.06,0.704,0.96,0.987,0.866,0.716,0.144,0.205,0.178,0.034,0.06,2,C
0.662,0.988,0.912,0.77,0.756,0.321,0.333,0.227,0.117,0.017,0.662,0.988,0.912,0.77,0.756,0.321,0.333,0.227,0.117,0.017,4.472,C
0.717,0.961,0.984,0.88,0.723,0.166,0.222,0.168,0.067,0.059,0.717,0.961,0.984,0.88,0.723,0.166,0.222,0.168,0.067,0.059,0,C
0.717,0.961,0.984,0.88,0.723,0.166,0.222,0.168,0.067,0.059,0.717,0.961,0.984,0.88,0.723,0.166,0.222,0.168,0.067,0.059,0,C
0.634,1.006,0.949,0.762,0.648,0.398,0.4,0.306,0.097,0.031,0.634,1.006,0.949,0.762,0.648,0.398,0.4,0.306,0.097,0.031,12.083,C
0.72,1,0.94,0.774,0.695,0.367,0.367,0.261,0.11,0,0.72,1,0.94,0.774,0.695,0.367,0.367,0.261,0.11,0,1,C
0.72,1,0.94,0.774,0.695,0.367,0.367,0.261,0.11,0,0.72,1,0.94,0.774,0.695,0.367,0.367,0.261,0.11,0,1,C
0.705,0.977,0.92,0.752,0.699,0.34,0.367,0.263,0.117,0.037,0.705,0.977,0.92,0.752,0.699,0.34,0.367,0.263,0.117,0.037,4,C
0.727,0.968,0.964,0.832,0.717,0.241,0.283,0.217,0.067,0.046,0.727,0.968,0.964,0.832,0.717,0.241,0.283,0.217,0.067,0.046,1,C
0.727,0.968,0.964,0.832,0.717,0.241,0.283,0.217,0.067,0.046,0.727,0.968,0.964,0.832,0.717,0.241,0.283,0.217,0.067,0.046,1,C
0.735,1,0.958,0.811,0.752,0.268,0.268,0.22,0.057,0,0.735,1,0.958,0.811,0.752,0.268,0.268,0.22,0.057,0,5,C
0.715,0.967,0.978,0.864,0.727,0.2,0.241,0.175,0.083,0.046,0.715,0.967,0.978,0.864,0.727,0.2,0.241,0.175,0.083,0.046,1,C
0.715,0.967,0.978,0.864,0.727,0.2,0.241,0.175,0.083,0.046,0.715,0.967,0.978,0.864,0.727,0.2,0.241,0.175,0.083,0.046,1,C
0.71,0.971,0.935,0.779,0.758,0.283,0.318,0.235,0.086,0.039,0.71,0.971,0.935,0.779,0.758,0.283,0.318,0.235,0.086,0.039,3.162,C
0.71,0.993,0.984,0.874,0.709,0.203,0.218,0.168,0.069,0.017,0.71,0.993,0.984,0.874,0.709,0.203,0.218,0.168,0.069,0.017,0,C
0.71,0.993,0.984,0.874,0.709,0.203,0.218,0.168,0.069,0.017,0.71,0.993,0.984,0.874,0.709,0.203,0.218,0.168,0.069,0.017,0,C
0.738,0.988,0.969,0.882,0.847,0.201,0.206,0.155,0.052,0.016,0.738,0.988,0.969,0.882,0.847,0.201,0.206,0.155,0.052,0.016,3,C
0.686,0.996,0.953,0.824,0.747,0.323,0.313,0.217,0.098,0.023,0.686,0.996,0.953,0.824,0.747,0.323,0.313,0.217,0.098,0.023,1,C
0.686,0.996,0.953,0.824,0.747,0.323,0.313,0.217,0.098,0.023,0.686,0.996,0.953,0.824,0.747,0.323,0.313,0.217,0.098,0.023,1,C
0.707,0.982,0.946,0.835,0.83,0.247,0.269,0.205,0.069,0.023,0.707,0.982,0.946,0.835,0.83,0.247,0.269,0.205,0.069,0.023,3.606,C
0.663,0.946,0.972,0.858,0.708,0.152,0.218,0.169,0.054,0.076,0.663,0.946,0.972,0.858,0.708,0.152,0.218,0.169,0.054,0.076,0,C
0.663,0.946,0.972,0.858,0.708,0.152,0.218,0.169,0.054,0.076,0.663,0.946,0.972,0.858,0.708,0.152,0.218,0.169,0.054,0.076,0,C
0.733,0.978,0.943,0.773,0.762,0.299,0.32,0.252,0.075,0.034,0.733,0.978,0.943,0.773,0.762,0.299,0.32,0.252,0.075,0.034,2.236,C
0.733,0.978,0.943,0.773,0.762,0.299,0.32,0.252,0.075,0.034,0.733,0.978,0.943,0.773,0.762,0.299,0.32,0.252,0.075,0.034,2.236,C
0.72,0.976,0.994,0.893,0.778,0.147,0.162,0.148,0.017,0.034,0.72,0.976,0.994,0.893,0.778,0.147,0.162,0.148,0.017,0.034,4.123,C
0.72,0.976,0.994,0.893,0.778,0.147,0.162,0.148,0.017,0.034,0.72,0.976,0.994,0.893,0.778,0.147,0.162,0.148,0.017,0.034,4.123,C
0.719,1.007,0.922,0.702,0.601,0.512,0.503,0.375,0.131,0.022,0.719,1.007,0.922,0.702,0.601,0.512,0.503,0.375,0.131,0.022,5,C
0.688,0.967,0.959,0.809,0.686,0.265,0.312,0.233,0.088,0.049,0.688,0.967,0.959,0.809,0.686,0.265,0.312,0.233,0.088,0.049,1,C
0.688,0.967,0.959,0.809,0.686,0.265,0.312,0.233,0.088,0.049,0.688,0.967,0.959,0.809,0.686,0.265,0.312,0.233,0.088,0.049,1,C
0.704,0.988,0.952,0.809,0.83,0.276,0.284,0.232,0.059,0.016,0.704,0.988,0.952,0.809,0.83,0.276,0.284,0.232,0.059,0.016,2.828,C
0.689,0.928,0.985,0.876,0.743,0.145,0.234,0.18,0.066,0.103,0.689,0.928,0.985,0.876,0.743,0.145,0.234,0.18,0.066,0.103,1,C
0.689,0.928,0.985,0.876,0.743,0.145,0.234,0.18,0.066,0.103,0.689,0.928,0.985,0.876,0.743,0.145,0.234,0.18,0.066,0.103,1,C
0.784,0.979,0.981,0.852,0.825,0.218,0.209,0.17,0.048,0.058,0.784,0.979,0.981,0.852,0.825,0.218,0.209,0.17,0.048,0.058,2.236,C
0.719,0.973,0.991,0.899,0.712,0.129,0.159,0.132,0.053,0.038,0.719,0.973,0.991,0.899,0.712,0.129,0.159,0.132,0.053,0.038,1,C
0.719,0.973,0.991,0.899,0.712,0.129,0.159,0.132,0.053,0.038,0.719,0.973,0.991,0.899,0.712,0.129,0.159,0.132,0.053,0.038,1,C
0.733,0.985,0.917,0.651,0.628,0.531,0.556,0.424,0.133,0.089,0.733,0.985,0.917,0.651,0.628,0.531,0.556,0.424,0.133,0.089,3.162,C
0.733,0.985,0.917,0.651,0.628,0.531,0.556,0.424,0.133,0.089,0.733,0.985,0.917,0.651,0.628,0.531,0.556,0.424,0.133,0.089,3.162,C
0.731,1.012,0.982,0.851,0.795,0.233,0.224,0.182,0.051,0.017,0.731,1.012,0.982,0.851,0.795,0.233,0.224,0.182,0.051,0.017,3,C
0.731,1.012,0.982,0.851,0.795,0.233,0.224,0.182,0.051,0.017,0.731,1.012,0.982,0.851,0.795,0.233,0.224,0.182,0.051,0.017,3,C
0.671,0.962,0.968,0.86,0.838,0.234,0.273,0.194,0.083,0.047,0.671,0.962,0.968,0.86,0.838,0.234,0.273,0.194,0.083,0.047,5.099,C
0.713,0.973,0.974,0.826,0.739,0.275,0.302,0.242,0.066,0.037,0.713,0.973,0.974,0.826,0.739,0.275,0.302,0.242,0.066,0.037,0,C
0.713,0.973,0.974,0.826,0.739,0.275,0.302,0.242,0.066,0.037,0.713,0.973,0.974,0.826,0.739,0.275,0.302,0.242,0.066,0.037,0,C
0.778,1.03,0.86,0.51,0.339,1.793,1.707,1.287,0.426,0.088,0.778,1.03,0.86,0.51,0.339,1.793,1.707,1.287,0.426,0.088,10,C
0.691,0.961,0.98,0.836,0.744,0.224,0.281,0.219,0.082,0.058,0.691,0.961,0.98,0.836,0.744,0.224,0.281,0.219,0.082,0.058,1,C
0.691,0.961,0.98,0.836,0.744,0.224,0.281,0.219,0.082,0.058,0.691,0.961,0.98,0.836,0.744,0.224,0.281,0.219,0.082,0.058,1,C
0.735,0.988,0.963,0.83,0.806,0.27,0.276,0.209,0.069,0.017,0.735,0.988,0.963,0.83,0.806,0.27,0.276,0.209,0.069,0.017,2.236,C
0.707,0.956,0.977,0.888,0.73,0.113,0.168,0.131,0.038,0.06,0.707,0.956,0.977,0.888,0.73,0.113,0.168,0.131,0.038,0.06,1,C
0.707,0.956,0.977,0.888,0.73,0.113,0.168,0.131,0.038,0.06,0.707,0.956,0.977,0.888,0.73,0.113,0.168,0.131,0.038,0.06,1,C
0.759,1.03,0.933,0.653,0.545,0.7,0.645,0.526,0.124,0.055,0.759,1.03,0.933,0.653,0.545,0.7,0.645,0.526,0.124,0.055,5,C
0.703,0.948,0.963,0.825,0.725,0.264,0.313,0.225,0.097,0.072,0.703,0.948,0.963,0.825,0.725,0.264,0.313,0.225,0.097,0.072,1,C
1.601,2.136,0.865,0.793,0.836,1.647,0.249,0.085,0.164,1.433,1.601,2.136,0.865,0.793,0.836,1.647,0.249,0.085,0.164,1.433,27.803,D
1.586,2.132,0.849,0.777,0.843,1.645,0.271,0.085,0.189,1.432,1.586,2.132,0.849,0.777,0.843,1.645,0.271,0.085,0.189,1.432,26.627,D
1.667,2.115,0.838,0.779,0.907,1.525,0.243,0.073,0.181,1.306,1.667,2.115,0.838,0.779,0.907,1.525,0.243,0.073,0.181,1.306,27.659,D
1.377,1.842,0.868,0.919,0.503,1.929,0.213,0.112,0.276,1.864,1.377,1.842,0.868,0.919,0.503,1.929,0.213,0.112,0.276,1.864,27.459,D
1.57,2.078,0.837,0.738,0.852,1.619,0.308,0.118,0.192,1.341,1.57,2.078,0.837,0.738,0.852,1.619,0.308,0.118,0.192,1.341,28.844,D
1.504,1.969,0.809,0.669,0.858,1.543,0.386,0.164,0.225,1.19,1.504,1.969,0.809,0.669,0.858,1.543,0.386,0.164,0.225,1.19,28.601,D
1.62,2.124,0.865,0.757,0.881,1.599,0.276,0.128,0.156,1.342,1.62,2.124,0.865,0.757,0.881,1.599,0.276,0.128,0.156,1.342,27.803,D
1.648,2.153,0.862,0.827,0.827,1.684,0.211,0.062,0.168,1.488,1.648,2.153,0.862,0.827,0.827,1.684,0.211,0.062,0.168,1.488,27.019,D
1.525,1.986,0.868,0.735,0.817,1.565,0.324,0.162,0.162,1.269,1.525,1.986,0.868,0.735,0.817,1.565,0.324,0.162,0.162,1.269,27.659,D
1.646,2.142,0.834,0.732,0.939,1.527,0.285,0.109,0.178,1.26,1.646,2.142,0.834,0.732,0.939,1.527,0.285,0.109,0.178,1.26,28.601,D
1.538,2.058,0.84,0.715,0.836,1.656,0.342,0.153,0.191,1.338,1.538,2.058,0.84,0.715,0.836,1.656,0.342,0.153,0.191,1.338,27.459,D
1.645,2.1,0.828,0.696,0.992,1.427,0.309,0.138,0.173,1.142,1.645,2.1,0.828,0.696,0.992,1.427,0.309,0.138,0.173,1.142,29.206,D
1.604,2.099,0.836,0.751,0.861,1.633,0.293,0.111,0.191,1.355,1.604,2.099,0.836,0.751,0.861,1.633,0.293,0.111,0.191,1.355,27.803,D
1.549,2.055,0.818,0.778,0.777,1.731,0.293,0.09,0.235,1.452,1.549,2.055,0.818,0.778,0.777,1.731,0.293,0.09,0.235,1.452,28.018,D
1.532,2.027,0.835,0.719,0.844,1.582,0.333,0.138,0.195,1.269,1.532,2.027,0.835,0.719,0.844,1.582,0.333,0.138,0.195,1.269,28.601,D
1.612,2.101,0.842,0.734,0.888,1.595,0.3,0.128,0.181,1.323,1.612,2.101,0.842,0.734,0.888,1.595,0.3,0.128,0.181,1.323,27.803,D
1.559,2.035,0.869,0.764,0.813,1.624,0.291,0.135,0.164,1.36,1.559,2.035,0.869,0.764,0.813,1.624,0.291,0.135,0.164,1.36,29.206,D
1.559,2.01,0.82,0.715,0.857,1.559,0.333,0.128,0.211,1.251,1.559,2.01,0.82,0.715,0.857,1.559,0.333,0.128,0.211,1.251,28.601,D
1.645,2.157,0.823,0.698,0.975,1.521,0.31,0.128,0.181,1.229,1.645,2.157,0.823,0.698,0.975,1.521,0.31,0.128,0.181,1.229,27.019,D
1.581,2.068,0.824,0.732,0.868,1.579,0.312,0.106,0.207,1.326,1.581,2.068,0.824,0.732,0.868,1.579,0.312,0.106,0.207,1.326,27.803,D
1.548,1.977,0.834,0.765,0.806,1.549,0.299,0.085,0.216,1.325,1.548,1.977,0.834,0.765,0.806,1.549,0.299,0.085,0.216,1.325,30,D
1.357,1.776,0.885,0.831,0.56,1.751,0.312,0.103,0.209,1.521,1.357,1.776,0.885,0.831,0.56,1.751,0.312,0.103,0.209,1.521,30.529,D
1.64,2.111,0.835,0.726,0.933,1.519,0.294,0.122,0.177,1.24,1.64,2.111,0.835,0.726,0.933,1.519,0.294,0.122,0.177,1.24,30.232,D
1.592,2.083,0.824,0.745,0.874,1.563,0.292,0.092,0.207,1.306,1.592,2.083,0.824,0.745,0.874,1.563,0.292,0.092,0.207,1.306,28.601,D
1.559,1.979,0.845,0.73,0.854,1.504,0.316,0.135,0.182,1.223,1.559,1.979,0.845,0.73,0.854,1.504,0.316,0.135,0.182,1.223,28.425,D
1.675,2.157,0.875,0.742,0.953,1.519,0.272,0.142,0.131,1.258,1.675,2.157,0.875,0.742,0.953,1.519,0.272,0.142,0.131,1.258,29.206,D
1.672,2.14,0.837,0.762,0.944,1.488,0.255,0.079,0.177,1.273,1.672,2.14,0.837,0.762,0.944,1.488,0.255,0.079,0.177,1.273,29.206,D
1.532,1.988,0.851,0.796,0.753,1.656,0.271,0.081,0.202,1.423,1.532,1.988,0.851,0.796,0.753,1.656,0.271,0.081,0.202,1.423,28.601,D
1.645,2.056,0.828,0.699,0.969,1.433,0.312,0.136,0.177,1.134,1.645,2.056,0.828,0.699,0.969,1.433,0.312,0.136,0.177,1.134,29.833,D
1.456,1.911,0.837,0.727,0.739,1.668,0.37,0.149,0.224,1.36,1.456,1.911,0.837,0.727,0.739,1.668,0.37,0.149,0.224,1.36,28.018,D
1.584,2.031,0.839,0.719,0.89,1.505,0.316,0.135,0.182,1.221,1.584,2.031,0.839,0.719,0.89,1.505,0.316,0.135,0.182,1.221,29.411,D
1.597,2.009,0.861,0.775,0.84,1.524,0.271,0.111,0.166,1.266,1.597,2.009,0.861,0.775,0.84,1.524,0.271,0.111,0.166,1.266,27.203,D
1.671,2.163,0.853,0.707,0.998,1.475,0.294,0.147,0.147,1.201,1.671,2.163,0.853,0.707,0.998,1.475,0.294,0.147,0.147,1.201,28.018,D
1.627,2.085,0.812,0.681,0.963,1.498,0.331,0.139,0.196,1.197,1.627,2.085,0.812,0.681,0.963,1.498,0.331,0.139,0.196,1.197,26.249,D
1.559,2.03,0.809,0.68,0.91,1.506,0.36,0.145,0.216,1.214,1.559,2.03,0.809,0.68,0.91,1.506,0.36,0.145,0.216,1.214,28.425,D
1.597,2.028,0.833,0.736,0.898,1.468,0.295,0.109,0.186,1.19,1.597,2.028,0.833,0.736,0.898,1.468,0.295,0.109,0.186,1.19,28.425,D
1.581,2.058,0.812,0.709,0.881,1.588,0.334,0.125,0.213,1.27,1.581,2.058,0.812,0.709,0.881,1.588,0.334,0.125,0.213,1.27,28.425,D
1.596,2.067,0.839,0.811,0.797,1.647,0.237,0.039,0.202,1.435,1.596,2.067,0.839,0.811,0.797,1.647,0.237,0.039,0.202,1.435,28.601,D
1.567,2.024,0.813,0.694,0.907,1.489,0.345,0.131,0.219,1.209,1.567,2.024,0.813,0.694,0.907,1.489,0.345,0.131,0.219,1.209,27.803,D
1.588,2.08,0.848,0.726,0.886,1.563,0.31,0.138,0.172,1.269,1.588,2.08,0.848,0.726,0.886,1.563,0.31,0.138,0.172,1.269,26.627,D
1.615,2.083,0.845,0.716,0.92,1.521,0.308,0.142,0.172,1.242,1.615,2.083,0.845,0.716,0.92,1.521,0.308,0.142,0.172,1.242,28.601,D
1.636,2.107,0.832,0.716,0.946,1.503,0.302,0.124,0.178,1.244,1.636,2.107,0.832,0.716,0.946,1.503,0.302,0.124,0.178,1.244,27.659,D
1.574,1.995,0.826,0.854,0.752,1.58,0.206,0.042,0.237,1.447,1.574,1.995,0.826,0.854,0.752,1.58,0.206,0.042,0.237,1.447,27.203,D
1.63,2.093,0.837,0.707,0.947,1.486,0.309,0.139,0.173,1.194,1.63,2.093,0.837,0.707,0.947,1.486,0.309,0.139,0.173,1.194,29.411,D
1.458,1.874,0.839,0.717,0.781,1.508,0.372,0.16,0.212,1.215,1.458,1.874,0.839,0.717,0.781,1.508,0.372,0.16,0.212,1.215,27.803,D
1.618,2.065,0.837,0.724,0.92,1.486,0.302,0.124,0.178,1.225,1.618,2.065,0.837,0.724,0.92,1.486,0.302,0.124,0.178,1.225,29.206,D
1.53,1.987,0.855,0.76,0.806,1.549,0.3,0.118,0.186,1.284,1.53,1.987,0.855,0.76,0.806,1.549,0.3,0.118,0.186,1.284,28.601,D
1.551,1.959,0.827,0.702,0.891,1.433,0.341,0.145,0.196,1.149,1.551,1.959,0.827,0.702,0.891,1.433,0.341,0.145,0.196,1.149,27.803,D
1.49,1.949,0.852,0.792,0.721,1.664,0.296,0.088,0.208,1.447,1.49,1.949,0.852,0.792,0.721,1.664,0.296,0.088,0.208,1.447,28.018,D
1.557,1.986,0.843,0.727,0.865,1.486,0.316,0.135,0.182,1.204,1.557,1.986,0.843,0.727,0.865,1.486,0.316,0.135,0.182,1.204,25.612,D
1.498,1.91,0.881,0.789,0.728,1.617,0.291,0.128,0.171,1.389,1.498,1.91,0.881,0.789,0.728,1.617,0.291,0.128,0.171,1.389,27.659,D
0.796,0.899,1.09,1.434,0.791,0.76,0.617,0.528,0.114,0.143,0.796,0.899,1.09,1.434,0.791,0.76,0.617,0.528,0.114,0.143,22.204,E
0.893,1.593,0.837,0.682,0.405,2.283,0.791,0.381,0.416,1.602,0.893,1.593,0.837,0.682,0.405,2.283,0.791,0.381,0.416,1.602,30.232,E
0.893,1.593,0.837,0.682,0.405,2.283,0.791,0.381,0.416,1.602,0.893,1.593,0.837,0.682,0.405,2.283,0.791,0.381,0.416,1.602,30.232,E
0.893,1.593,0.837,0.682,0.405,2.283,0.791,0.381,0.416,1.602,0.893,1.593,0.837,0.682,0.405,2.283,0.791,0.381,0.416,1.602,30.232,E
0.893,1.593,0.837,0.682,0.405,2.283,0.791,0.381,0.416,1.602,0.893,1.593,0.837,0.682,0.405,2.283,0.791,0.381,0.416,1.602,30.232,E
0.893,1.593,0.837,0.682,0.405,2.283,0.791,0.381,0.416,1.602,0.893,1.593,0.837,0.682,0.405,2.283,0.791,0.381,0.416,1.602,30.232,E
0.667,1.225,1.2,1.28,0.768,0.085,0.371,0.105,0.267,0.294,0.667,1.225,1.2,1.28,0.768,0.085,0.371,0.105,0.267,0.294,29.833,E
0.801,0.897,1.078,1.296,0.619,0.77,0.562,0.442,0.132,0.208,0.801,0.897,1.078,1.296,0.619,0.77,0.562,0.442,0.132,0.208,22.361,E
0.845,0.898,1.218,1.539,0.805,0.865,0.677,0.406,0.273,0.231,0.845,0.898,1.218,1.539,0.805,0.865,0.677,0.406,0.273,0.231,24.413,E
0.692,0.985,1.182,1.254,0.691,0.405,0.368,0.114,0.265,0.116,0.692,0.985,1.182,1.254,0.691,0.405,0.368,0.114,0.265,0.116,22.804,E
0.883,0.886,1.188,1.577,0.813,0.966,0.74,0.49,0.25,0.254,0.883,0.886,1.188,1.577,0.813,0.966,0.74,0.49,0.25,0.254,23,E
0.8,1.078,1.087,1.276,0.589,0.407,0.559,0.365,0.196,0.153,0.8,1.078,1.087,1.276,0.589,0.407,0.559,0.365,0.196,0.153,20.616,E
0.842,1.151,1.004,1.292,0.591,0.325,0.629,0.605,0.029,0.309,0.842,1.151,1.004,1.292,0.591,0.325,0.629,0.605,0.029,0.309,20.025,E
0.753,0.968,1.167,1.433,0.785,0.645,0.559,0.346,0.214,0.144,0.753,0.968,1.167,1.433,0.785,0.645,0.559,0.346,0.214,0.144,22.136,E
0.953,0.924,1.167,1.638,0.801,0.966,0.843,0.661,0.208,0.126,0.953,0.924,1.167,1.638,0.801,0.966,0.843,0.661,0.208,0.126,18.682,E
0.953,0.924,1.167,1.638,0.801,0.966,0.843,0.661,0.208,0.126,0.953,0.924,1.167,1.638,0.801,0.966,0.843,0.661,0.208,0.126,18.682,E
0.695,1.287,1.005,1.005,0.485,0.584,0.106,0,0.106,0.615,0.695,1.287,1.005,1.005,0.485,0.584,0.106,0,0.106,0.615,20.396,E
0.725,1.046,1.119,1.322,0.738,0.474,0.5,0.324,0.178,0.072,0.725,1.046,1.119,1.322,0.738,0.474,0.5,0.324,0.178,0.072,24.187,E
0.785,1.185,1.016,1.237,0.604,0.236,0.492,0.42,0.089,0.32,0.785,1.185,1.016,1.237,0.604,0.236,0.492,0.42,0.089,0.32,25.962,E
0.735,1.02,1.112,1.229,0.639,0.395,0.389,0.215,0.18,0.071,0.735,1.02,1.112,1.229,0.639,0.395,0.389,0.215,0.18,0.071,20.1,E
0.775,1.009,1.225,1.401,0.717,0.61,0.572,0.247,0.326,0.129,0.775,1.009,1.225,1.401,0.717,0.61,0.572,0.247,0.326,0.129,22.023,E
0.681,1.041,1.169,1.306,0.746,0.401,0.431,0.187,0.246,0.069,0.681,1.041,1.169,1.306,0.746,0.401,0.431,0.187,0.246,0.069,25.08,E
0.844,0.925,1.16,1.494,0.765,0.847,0.697,0.492,0.214,0.161,0.844,0.925,1.16,1.494,0.765,0.847,0.697,0.492,0.214,0.161,21.095,E
0.844,0.925,1.16,1.494,0.765,0.847,0.697,0.492,0.214,0.161,0.844,0.925,1.16,1.494,0.765,0.847,0.697,0.492,0.214,0.161,21.095,E
0.844,0.925,1.16,1.494,0.765,0.847,0.697,0.492,0.214,0.161,0.844,0.925,1.16,1.494,0.765,0.847,0.697,0.492,0.214,0.161,21.095,E
0.769,0.945,1.161,1.383,0.745,0.647,0.548,0.333,0.221,0.105,0.769,0.945,1.161,1.383,0.745,0.647,0.548,0.333,0.221,0.105,20.025,E
0.75,1.025,1.058,1.22,0.562,0.354,0.408,0.327,0.109,0.061,0.75,1.025,1.058,1.22,0.562,0.354,0.408,0.327,0.109,0.061,18,E
0.711,1.043,1.064,1.123,0.558,0.25,0.279,0.146,0.136,0.081,0.711,1.043,1.064,1.123,0.558,0.25,0.279,0.146,0.136,0.081,19.647,E
0.708,1.198,1.108,1.074,0.557,0.228,0.161,0.062,0.216,0.36,0.708,1.198,1.108,1.074,0.557,0.228,0.161,0.062,0.216,0.36,20.224,E
0.679,0.928,1.157,1.264,0.687,0.54,0.4,0.175,0.231,0.151,0.679,0.928,1.157,1.264,0.687,0.54,0.4,0.175,0.231,0.151,22.091,E
0.679,0.928,1.157,1.264,0.687,0.54,0.4,0.175,0.231,0.151,0.679,0.928,1.157,1.264,0.687,0.54,0.4,0.175,0.231,0.151,22.091,E
0.679,0.928,1.157,1.264,0.687,0.54,0.4,0.175,0.231,0.151,0.679,0.928,1.157,1.264,0.687,0.54,0.4,0.175,0.231,0.151,22.091,E
0.748,1.367,1.036,1.129,0.588,0.405,0.26,0.171,0.095,0.646,0.748,1.367,1.036,1.129,0.588,0.405,0.26,0.171,0.095,0.646,20.396,E
0.709,1.217,1.133,1.186,0.614,0.055,0.313,0.087,0.233,0.358,0.709,1.217,1.133,1.186,0.614,0.055,0.313,0.087,0.233,0.358,25.71,E
0.746,1.128,1.156,1.228,0.623,0.21,0.375,0.116,0.26,0.21,0.746,1.128,1.156,1.228,0.623,0.21,0.375,0.116,0.26,0.21,19.416,E
0.704,0.918,1.123,1.267,0.671,0.624,0.468,0.264,0.207,0.156,0.704,0.918,1.123,1.267,0.671,0.624,0.468,0.264,0.207,0.156,22,E
0.718,1.156,1.128,1.172,0.607,0.074,0.283,0.079,0.212,0.263,0.718,1.156,1.128,1.172,0.607,0.074,0.283,0.079,0.212,0.263,25.632,E
0.809,1.197,1.174,1.376,0.718,0.292,0.548,0.328,0.243,0.276,0.809,1.197,1.174,1.376,0.718,0.292,0.548,0.328,0.243,0.276,24.187,E
0.694,1.078,1.118,1.173,0.629,0.232,0.314,0.088,0.231,0.125,0.694,1.078,1.118,1.173,0.629,0.232,0.314,0.088,0.231,0.125,21.587,E
0.741,1.278,0.819,0.719,0.204,2.788,1.381,0.492,0.904,1.439,0.741,1.278,0.819,0.719,0.204,2.788,1.381,0.492,0.904,1.439,25.08,E
0.728,0.921,1.151,1.26,0.638,0.635,0.438,0.194,0.248,0.212,0.728,0.921,1.151,1.26,0.638,0.635,0.438,0.194,0.248,0.212,21.024,E
0.728,0.921,1.151,1.26,0.638,0.635,0.438,0.194,0.248,0.212,0.728,0.921,1.151,1.26,0.638,0.635,0.438,0.194,0.248,0.212,21.024,E
0.907,1.76,1.084,1.415,0.706,0.496,0.622,0.49,0.133,1.116,0.907,1.76,1.084,1.415,0.706,0.496,0.622,0.49,0.133,1.116,24.331,E
0.687,1.049,1.132,1.221,0.583,0.297,0.38,0.155,0.227,0.084,0.687,1.049,1.132,1.221,0.583,0.297,0.38,0.155,0.227,0.084,22,E
0.802,1.235,0.969,0.939,0.241,1.235,0.392,0.285,0.135,1.095,0.802,1.235,0.969,0.939,0.241,1.235,0.392,0.285,0.135,1.095,19.416,E
0.902,0.984,1.153,1.563,0.787,0.862,0.777,0.569,0.21,0.122,0.902,0.984,1.153,1.563,0.787,0.862,0.777,0.569,0.21,0.122,24.083,E
0.902,0.984,1.153,1.563,0.787,0.862,0.777,0.569,0.21,0.122,0.902,0.984,1.153,1.563,0.787,0.862,0.777,0.569,0.21,0.122,24.083,E
0.74,1.165,1.082,1.174,0.609,0.149,0.315,0.156,0.161,0.272,0.74,1.165,1.082,1.174,0.609,0.149,0.315,0.156,0.161,0.272,22.091,E
0.813,1.495,0.831,0.691,0.18,4.618,1.717,0.776,0.945,3.127,0.813,1.495,0.831,0.691,0.18,4.618,1.717,0.776,0.945,3.127,22,E
0.813,1.495,0.831,0.691,0.18,4.618,1.717,0.776,0.945,3.127,0.813,1.495,0.831,0.691,0.18,4.618,1.717,0.776,0.945,3.127,22,E
0.71,1.048,1.093,1.274,0.659,0.37,0.429,0.296,0.141,0.079,0.71,1.048,1.093,1.274,0.659,0.37,0.429,0.296,0.141,0.079,25.495,E
0.388,1.072,0.227,0.126,0.264,3.599,3.325,0.42,3.064,0.273,0.388,1.072,0.227,0.126,0.264,3.599,3.325,0.42,3.064,0.273,29.614,F
0.388,1.072,0.227,0.126,0.264,3.599,3.325,0.42,3.064,0.273,0.388,1.072,0.227,0.126,0.264,3.599,3.325,0.42,3.064,0.273,29.614,F
0.388,1.072,0.227,0.126,0.264,3.599,3.325,0.42,3.064,0.273,0.388,1.072,0.227,0.126,0.264,3.599,3.325,0.42,3.064,0.273,29.614,F
0.545,1.525,0.374,0.28,0.265,4.768,2.796,0.396,2.598,1.985,0.545,1.525,0.374,0.28,0.265,4.768,2.796,0.396,2.598,1.985,26.683,F
0.545,1.525,0.374,0.28,0.265,4.768,2.796,0.396,2.598,1.985,0.545,1.525,0.374,0.28,0.265,4.768,2.796,0.396,2.598,1.985,26.683,F
0.579,1.433,0.38,0.328,0.252,4.597,2.783,0.228,2.663,1.88,0.579,1.433,0.38,0.328,0.252,4.597,2.783,0.228,2.663,1.88,33.377,F
0.579,1.433,0.38,0.328,0.252,4.597,2.783,0.228,2.663,1.88,0.579,1.433,0.38,0.328,0.252,4.597,2.783,0.228,2.663,1.88,33.377,F
0.579,1.433,0.38,0.328,0.252,4.597,2.783,0.228,2.663,1.88,0.579,1.433,0.38,0.328,0.252,4.597,2.783,0.228,2.663,1.88,33.377,F
0.579,1.433,0.38,0.328,0.252,4.597,2.783,0.228,2.663,1.88,0.579,1.433,0.38,0.328,0.252,4.597,2.783,0.228,2.663,1.88,33.377,F
0.579,1.433,0.38,0.328,0.252,4.597,2.783,0.228,2.663,1.88,0.579,1.433,0.38,0.328,0.252,4.597,2.783,0.228,2.663,1.88,33.377,F
0.579,1.433,0.38,0.328,0.252,4.597,2.783,0.228,2.663,1.88,0.579,1.433,0.38,0.328,0.252,4.597,2.783,0.228,2.663,1.88,33.377,F
0.398,1.001,0.288,0.204,0.194,4.182,4.19,0.447,3.879,0.172,0.398,1.001,0.288,0.204,0.194,4.182,4.19,0.447,3.879,0.172,33.377,F
0.398,1.001,0.288,0.204,0.194,4.182,4.19,0.447,3.879,0.172,0.398,1.001,0.288,0.204,0.194,4.182,4.19,0.447,3.879,0.172,33.377,F
0.398,1.001,0.288,0.204,0.194,4.182,4.19,0.447,3.879,0.172,0.398,1.001,0.288,0.204,0.194,4.182,4.19,0.447,3.879,0.172,33.377,F
0.398,1.001,0.288,0.204,0.194,4.182,4.19,0.447,3.879,0.172,0.398,1.001,0.288,0.204,0.194,4.182,4.19,0.447,3.879,0.172,33.377,F
0.398,1.001,0.288,0.204,0.194,4.182,4.19,0.447,3.879,0.172,0.398,1.001,0.288,0.204,0.194,4.182,4.19,0.447,3.879,0.172,33.377,F
0.398,1.001,0.288,0.204,0.194,4.182,4.19,0.447,3.879,0.172,0.398,1.001,0.288,0.204,0.194,4.182,4.19,0.447,3.879,0.172,33.377,F
0.398,1.001,0.288,0.204,0.194,4.182,4.19,0.447,3.879,0.172,0.398,1.001,0.288,0.204,0.194,4.182,4.19,0.447,3.879,0.172,33.377,F
0.419,1.096,0.294,0.197,0.223,4.095,3.65,0.439,3.28,0.487,0.419,1.096,0.294,0.197,0.223,4.095,3.65,0.439,3.28,0.487,36.346,F
0.419,1.096,0.294,0.197,0.223,4.095,3.65,0.439,3.28,0.487,0.419,1.096,0.294,0.197,0.223,4.095,3.65,0.439,3.28,0.487,36.346,F
0.419,1.096,0.294,0.197,0.223,4.095,3.65,0.439,3.28,0.487,0.419,1.096,0.294,0.197,0.223,4.095,3.65,0.439,3.28,0.487,36.346,F
0.419,1.096,0.294,0.197,0.223,4.095,3.65,0.439,3.28,0.487,0.419,1.096,0.294,0.197,0.223,4.095,3.65,0.439,3.28,0.487,36.346,F
0.419,1.096,0.294,0.197,0.223,4.095,3.65,0.439,3.28,0.487,0.419,1.096,0.294,0.197,0.223,4.095,3.65,0.439,3.28,0.487,36.346,F
0.419,1.096,0.294,0.197,0.223,4.095,3.65,0.439,3.28,0.487,0.419,1.096,0.294,0.197,0.223,4.095,3.65,0.439,3.28,0.487,36.346,F
0.419,1.096,0.294,0.197,0.223,4.095,3.65,0.439,3.28,0.487,0.419,1.096,0.294,0.197,0.223,4.095,3.65,0.439,3.28,0.487,36.346,F
0.419,1.096,0.294,0.197,0.223,4.095,3.65,0.439,3.28,0.487,0.419,1.096,0.294,0.197,0.223,4.095,3.65,0.439,3.28,0.487,36.346,F
0.489,1.259,0.357,0.205,0.284,3.795,2.864,0.535,2.394,0.949,0.489,1.259,0.357,0.205,0.284,3.795,2.864,0.535,2.394,0.949,32.016,F
0.489,1.259,0.357,0.205,0.284,3.795,2.864,0.535,2.394,0.949,0.489,1.259,0.357,0.205,0.284,3.795,2.864,0.535,2.394,0.949,32.016,F
0.489,1.259,0.357,0.205,0.284,3.795,2.864,0.535,2.394,0.949,0.489,1.259,0.357,0.205,0.284,3.795,2.864,0.535,2.394,0.949,32.016,F
0.489,1.259,0.357,0.205,0.284,3.795,2.864,0.535,2.394,0.949,0.489,1.259,0.357,0.205,0.284,3.795,2.864,0.535,2.394,0.949,32.016,F
0.574,1.475,0.482,0.308,0.267,4.538,2.75,0.706,2.053,1.789,0.574,1.475,0.482,0.308,0.267,4.538,2.75,0.706,2.053,1.789,35.171,F
0.574,1.475,0.482,0.308,0.267,4.538,2.75,0.706,2.053,1.789,0.574,1.475,0.482,0.308,0.267,4.538,2.75,0.706,2.053,1.789,35.171,F
0.574,1.475,0.482,0.308,0.267,4.538,2.75,0.706,2.053,1.789,0.574,1.475,0.482,0.308,0.267,4.538,2.75,0.706,2.053,1.789,35.171,F
0.574,1.475,0.482,0.308,0.267,4.538,2.75,0.706,2.053,1.789,0.574,1.475,0.482,0.308,0.267,4.538,2.75,0.706,2.053,1.789,35.171,F
0.453,1.105,0.289,0.243,0.216,4.22,3.847,0.298,3.549,0.796,0.453,1.105,0.289,0.243,0.216,4.22,3.847,0.298,3.549,0.796,32.985,F
0.425,1.069,0.413,0.239,0.185,4.674,4.26,0.954,3.364,0.512,0.425,1.069,0.413,0.239,0.185,4.674,4.26,0.954,3.364,0.512,34.54,F
0.379,1.026,0.471,0.213,0.17,4.978,5.009,1.62,3.524,1.285,0.379,1.026,0.471,0.213,0.17,4.978,5.009,1.62,3.524,1.285,30.017,F
0.379,1.026,0.471,0.213,0.17,4.978,5.009,1.62,3.524,1.285,0.379,1.026,0.471,0.213,0.17,4.978,5.009,1.62,3.524,1.285,30.017,F
0.379,1.026,0.471,0.213,0.17,4.978,5.009,1.62,3.524,1.285,0.379,1.026,0.471,0.213,0.17,4.978,5.009,1.62,3.524,1.285,30.017,F
0.379,1.026,0.471,0.213,0.17,4.978,5.009,1.62,3.524,1.285,0.379,1.026,0.471,0.213,0.17,4.978,5.009,1.62,3.524,1.285,30.017,F
0.379,1.026,0.471,0.213,0.17,4.978,5.009,1.62,3.524,1.285,0.379,1.026,0.471,0.213,0.17,4.978,5.009,1.62,3.524,1.285,30.017,F
0.444,1.304,0.403,0.226,0.22,5.067,3.632,0.874,2.758,1.489,0.444,1.304,0.403,0.226,0.22,5.067,3.632,0.874,2.758,1.489,34.176,F
0.444,1.304,0.403,0.226,0.22,5.067,3.632,0.874,2.758,1.489,0.444,1.304,0.403,0.226,0.22,5.067,3.632,0.874,2.758,1.489,34.176,F
0.444,1.304,0.403,0.226,0.22,5.067,3.632,0.874,2.758,1.489,0.444,1.304,0.403,0.226,0.22,5.067,3.632,0.874,2.758,1.489,34.176,F
0.423,1.293,0.317,0.153,0.27,4.246,3.155,0.608,2.559,1.1,0.423,1.293,0.317,0.153,0.27,4.246,3.155,0.608,2.559,1.1,30.083,F
0.423,1.293,0.317,0.153,0.27,4.246,3.155,0.608,2.559,1.1,0.423,1.293,0.317,0.153,0.27,4.246,3.155,0.608,2.559,1.1,30.083,F
0.423,1.293,0.317,0.153,0.27,4.246,3.155,0.608,2.559,1.1,0.423,1.293,0.317,0.153,0.27,4.246,3.155,0.608,2.559,1.1,30.083,F
0.423,1.293,0.317,0.153,0.27,4.246,3.155,0.608,2.559,1.1,0.423,1.293,0.317,0.153,0.27,4.246,3.155,0.608,2.559,1.1,30.083,F
0.498,1.43,0.292,0.251,0.248,4.826,3.083,0.181,2.973,1.744,0.498,1.43,0.292,0.251,0.248,4.826,3.083,0.181,2.973,1.744,29.732,F
0.498,1.43,0.292,0.251,0.248,4.826,3.083,0.181,2.973,1.744,0.498,1.43,0.292,0.251,0.248,4.826,3.083,0.181,2.973,1.744,29.732,F
0.522,1.27,0.452,0.288,0.241,4.31,3.171,0.776,2.398,1.14,0.522,1.27,0.452,0.288,0.241,4.31,3.171,0.776,2.398,1.14,32.985,F
0.972,1.095,0.925,0.942,0.505,1.311,0.888,0.417,0.473,0.423,0.972,1.095,0.925,0.942,0.505,1.311,0.888,0.417,0.473,0.423,55.154,G
0.979,1.081,0.924,0.91,0.485,1.305,0.852,0.381,0.471,0.457,0.979,1.081,0.924,0.91,0.485,1.305,0.852,0.381,0.471,0.457,49.244,G
1.014,1.095,0.932,0.948,0.493,1.311,0.832,0.388,0.447,0.479,1.014,1.095,0.932,0.948,0.493,1.311,0.832,0.388,0.447,0.479,51.478,G
0.985,1.098,0.92,0.928,0.524,1.22,0.813,0.361,0.455,0.407,0.985,1.098,0.92,0.928,0.524,1.22,0.813,0.361,0.455,0.407,51.078,G
1.021,1.099,0.93,0.925,0.537,1.247,0.809,0.362,0.447,0.439,1.021,1.099,0.93,0.925,0.537,1.247,0.809,0.362,0.447,0.439,50.567,G
1.187,1.129,0.938,0.93,0.762,0.929,0.625,0.27,0.356,0.305,1.187,1.129,0.938,0.93,0.762,0.929,0.625,0.27,0.356,0.305,46.615,G
1.03,1.085,0.936,0.929,0.471,1.308,0.862,0.362,0.5,0.447,1.03,1.085,0.936,0.929,0.471,1.308,0.862,0.362,0.5,0.447,55.946,G
1.016,1.102,0.928,0.945,0.523,1.298,0.838,0.372,0.469,0.46,1.016,1.102,0.928,0.945,0.523,1.298,0.838,0.372,0.469,0.46,54.562,G
1.031,1.125,0.918,0.931,0.513,1.35,0.908,0.385,0.526,0.444,1.031,1.125,0.918,0.931,0.513,1.35,0.908,0.385,0.526,0.444,53.712,G
0.973,1.115,0.937,0.908,0.493,1.342,0.853,0.326,0.53,0.488,0.973,1.115,0.937,0.908,0.493,1.342,0.853,0.326,0.53,0.488,50.922,G
1.013,1.076,0.943,0.929,0.478,1.303,0.874,0.395,0.479,0.43,1.013,1.076,0.943,0.929,0.478,1.303,0.874,0.395,0.479,0.43,50.695,G
1.026,1.098,0.938,0.92,0.516,1.208,0.806,0.403,0.403,0.403,1.026,1.098,0.938,0.92,0.516,1.208,0.806,0.403,0.403,0.403,51.894,G
1.035,1.096,0.931,0.926,0.51,1.285,0.833,0.373,0.461,0.452,1.035,1.096,0.931,0.926,0.51,1.285,0.833,0.373,0.461,0.452,54.12,G
0.963,1.092,0.936,0.948,0.517,1.223,0.776,0.322,0.456,0.447,0.963,1.092,0.936,0.948,0.517,1.223,0.776,0.322,0.456,0.447,50.695,G
1.069,1.104,0.953,0.935,0.606,1.073,0.725,0.348,0.377,0.348,1.069,1.104,0.953,0.935,0.606,1.073,0.725,0.348,0.377,0.348,46.957,G
1,1.091,0.93,0.925,0.533,1.217,0.814,0.364,0.45,0.403,1,1.091,0.93,0.925,0.533,1.217,0.814,0.364,0.45,0.403,54.129,G
1.064,1.098,0.933,0.934,0.638,1.073,0.696,0.311,0.385,0.378,1.064,1.098,0.933,0.934,0.638,1.073,0.696,0.311,0.385,0.378,47.424,G
1.016,1.079,0.951,0.966,0.509,1.292,0.836,0.374,0.462,0.457,1.016,1.079,0.951,0.966,0.509,1.292,0.836,0.374,0.462,0.457,52.802,G
1.033,1.115,0.95,0.965,0.584,1.126,0.744,0.333,0.412,0.384,1.033,1.115,0.95,0.965,0.584,1.126,0.744,0.333,0.412,0.384,46.519,G
1.055,1.139,0.93,0.947,0.596,1.136,0.733,0.305,0.431,0.407,1.055,1.139,0.93,0.947,0.596,1.136,0.733,0.305,0.431,0.407,46.065,G
0.954,1.122,0.95,0.965,0.516,1.316,0.843,0.377,0.466,0.475,0.954,1.122,0.95,0.965,0.516,1.316,0.843,0.377,0.466,0.475,49.396,G
1.014,1.075,0.935,0.928,0.497,1.3,0.835,0.35,0.484,0.469,1.014,1.075,0.935,0.928,0.497,1.3,0.835,0.35,0.484,0.469,55.714,G
1.012,1.08,0.926,0.932,0.46,1.36,0.868,0.405,0.467,0.494,1.012,1.08,0.926,0.932,0.46,1.36,0.868,0.405,0.467,0.494,52.773,G
1.016,1.104,0.923,0.965,0.621,1.123,0.747,0.332,0.421,0.377,1.016,1.104,0.923,0.965,0.621,1.123,0.747,0.332,0.421,0.377,47.854,G
1.012,1.112,0.948,0.969,0.523,1.37,0.866,0.408,0.459,0.504,1.012,1.112,0.948,0.969,0.523,1.37,0.866,0.408,0.459,0.504,53.712,G
0.965,1.129,0.936,0.924,0.557,1.231,0.815,0.368,0.447,0.417,0.965,1.129,0.936,0.924,0.557,1.231,0.815,0.368,0.447,0.417,48.104,G
0.994,1.105,0.916,0.925,0.505,1.319,0.879,0.39,0.492,0.44,0.994,1.105,0.916,0.925,0.505,1.319,0.879,0.39,0.492,0.44,53.31,G
1.015,1.096,0.936,0.945,0.516,1.348,0.872,0.39,0.482,0.476,1.015,1.096,0.936,0.945,0.516,1.348,0.872,0.39,0.482,0.476,53.712,G
1.05,1.105,0.948,0.951,0.603,1.186,0.779,0.371,0.407,0.407,1.05,1.105,0.948,0.951,0.603,1.186,0.779,0.371,0.407,0.407,52.773,G
1.052,1.109,0.943,0.956,0.638,1.077,0.694,0.311,0.383,0.383,1.052,1.109,0.943,0.956,0.638,1.077,0.694,0.311,0.383,0.383,49.649,G
1.017,1.139,0.948,0.944,0.534,1.276,0.838,0.379,0.46,0.443,1.017,1.139,0.948,0.944,0.534,1.276,0.838,0.379,0.46,0.443,50.16,G
1.033,1.07,0.935,0.974,0.493,1.285,0.831,0.411,0.429,0.454,1.033,1.07,0.935,0.974,0.493,1.285,0.831,0.411,0.429,0.454,51.884,G
0.972,1.102,0.95,0.951,0.602,1.162,0.763,0.364,0.399,0.399,0.972,1.102,0.95,0.951,0.602,1.162,0.763,0.364,0.399,0.399,47.17,G
1.012,1.115,0.928,0.945,0.502,1.32,0.874,0.388,0.488,0.447,1.012,1.115,0.928,0.945,0.502,1.32,0.874,0.388,0.488,0.447,53.852,G
1.065,1.079,0.941,0.928,0.537,1.183,0.793,0.359,0.435,0.391,1.065,1.079,0.941,0.928,0.537,1.183,0.793,0.359,0.435,0.391,50.12,G
1.017,1.101,0.943,0.956,0.592,1.123,0.747,0.334,0.413,0.377,1.017,1.101,0.943,0.956,0.592,1.123,0.747,0.334,0.413,0.377,49.193,G
0.966,1.091,0.951,0.945,0.465,1.385,0.923,0.417,0.506,0.462,0.966,1.091,0.951,0.945,0.465,1.385,0.923,0.417,0.506,0.462,54.626,G
1.019,1.086,0.953,0.966,0.509,1.208,0.803,0.36,0.444,0.405,1.019,1.086,0.953,0.966,0.509,1.208,0.803,0.36,0.444,0.405,50.09,G
1.061,1.08,0.927,0.917,0.645,1.006,0.657,0.294,0.363,0.352,1.061,1.08,0.927,0.917,0.645,1.006,0.657,0.294,0.363,0.352,41.677,G
0.938,1.092,0.936,0.955,0.517,1.263,0.816,0.362,0.456,0.447,0.938,1.092,0.936,0.955,0.517,1.263,0.816,0.362,0.456,0.447,47.17,G
1.075,1.094,0.928,0.951,0.615,1.103,0.747,0.351,0.398,0.356,1.075,1.094,0.928,0.951,0.615,1.103,0.747,0.351,0.398,0.356,50.537,G
0.991,1.102,0.95,0.939,0.477,1.378,0.874,0.371,0.504,0.504,0.991,1.102,0.95,0.939,0.477,1.378,0.874,0.371,0.504,0.504,53.141,G
1.01,1.108,0.956,0.975,0.49,1.319,0.872,0.39,0.482,0.45,1.01,1.108,0.956,0.975,0.49,1.319,0.872,0.39,0.482,0.45,55.946,G
1.005,1.079,0.951,0.966,0.611,1.077,0.697,0.312,0.385,0.381,1.005,1.079,0.951,0.966,0.611,1.077,0.697,0.312,0.385,0.381,44.385,G
0.962,1.098,0.945,0.956,0.535,1.217,0.809,0.362,0.447,0.408,0.962,1.098,0.945,0.956,0.535,1.217,0.809,0.362,0.447,0.408,49.396,G
0.97,1.069,0.952,0.946,0.476,1.317,0.883,0.399,0.484,0.435,0.97,1.069,0.952,0.946,0.476,1.317,0.883,0.399,0.484,0.435,50.329,G
1.04,1.082,0.94,0.926,0.523,1.241,0.832,0.376,0.456,0.41,1.04,1.082,0.94,0.926,0.523,1.241,0.832,0.376,0.456,0.41,53.31,G
1.039,1.098,0.939,0.925,0.577,1.116,0.756,0.326,0.43,0.361,1.039,1.098,0.939,0.925,0.577,1.116,0.756,0.326,0.43,0.361,47.413,G
1.057,1.059,0.928,0.943,0.593,1.096,0.726,0.342,0.387,0.374,1.057,1.059,0.928,0.943,0.593,1.096,0.726,0.342,0.387,0.374,44.294,G
1.047,1.111,0.94,0.944,0.585,1.158,0.745,0.333,0.412,0.412,1.047,1.111,0.94,0.944,0.585,1.158,0.745,0.333,0.412,0.412,50.537,G
0.973,1.094,0.94,0.952,0.512,1.266,0.883,0.418,0.465,0.384,0.973,1.094,0.94,0.952,0.512,1.266,0.883,0.418,0.465,0.384,50.16,G
0.582,0.819,0.994,0.9,1.009,0.353,0.22,0.148,0.085,0.252,0.582,0.819,0.994,0.9,1.009,0.353,0.22,0.148,0.085,0.252,58.215,H
0.582,0.819,0.994,0.9,1.009,0.353,0.22,0.148,0.085,0.252,0.582,0.819,0.994,0.9,1.009,0.353,0.22,0.148,0.085,0.252,58.215,H
0.582,0.819,0.994,0.9,1.009,0.353,0.22,0.148,0.085,0.252,0.582,0.819,0.994,0.9,1.009,0.353,0.22,0.148,0.085,0.252,58.215,H
0.999,0.746,1.062,1.006,1.937,0.322,0.163,0.099,0.08,0.204,0.999,0.746,1.062,1.006,1.937,0.322,0.163,0.099,0.08,0.204,56.294,H
0.999,0.746,1.062,1.006,1.937,0.322,0.163,0.099,0.08,0.204,0.999,0.746,1.062,1.006,1.937,0.322,0.163,0.099,0.08,0.204,56.294,H
0.999,0.746,1.062,1.006,1.937,0.322,0.163,0.099,0.08,0.204,0.999,0.746,1.062,1.006,1.937,0.322,0.163,0.099,0.08,0.204,56.294,H
0.999,0.746,1.062,1.006,1.937,0.322,0.163,0.099,0.08,0.204,0.999,0.746,1.062,1.006,1.937,0.322,0.163,0.099,0.08,0.204,56.294,H
0.999,0.746,1.062,1.006,1.937,0.322,0.163,0.099,0.08,0.204,0.999,0.746,1.062,1.006,1.937,0.322,0.163,0.099,0.08,0.204,56.294,H
0.999,0.746,1.062,1.006,1.937,0.322,0.163,0.099,0.08,0.204,0.999,0.746,1.062,1.006,1.937,0.322,0.163,0.099,0.08,0.204,56.294,H
0.999,0.746,1.062,1.006,1.937,0.322,0.163,0.099,0.08,0.204,0.999,0.746,1.062,1.006,1.937,0.322,0.163,0.099,0.08,0.204,56.294,H
0.999,0.746,1.062,1.006,1.937,0.322,0.163,0.099,0.08,0.204,0.999,0.746,1.062,1.006,1.937,0.322,0.163,0.099,0.08,0.204,56.294,H
0.999,0.746,1.062,1.006,1.937,0.322,0.163,0.099,0.08,0.204,0.999,0.746,1.062,1.006,1.937,0.322,0.163,0.099,0.08,0.204,56.294,H
0.999,0.746,1.062,1.006,1.937,0.322,0.163,0.099,0.08,0.204,0.999,0.746,1.062,1.006,1.937,0.322,0.163,0.099,0.08,0.204,56.294,H
0.72,1.005,0.871,0.573,0.667,0.832,0.759,0.545,0.214,0.152,0.72,1.005,0.871,0.573,0.667,0.832,0.759,0.545,0.214,0.152,1,H
0.733,1.003,0.84,0.621,0.565,0.878,0.802,0.505,0.301,0.155,0.733,1.003,0.84,0.621,0.565,0.878,0.802,0.505,0.301,0.155,2.236,H
0.733,1.003,0.84,0.621,0.565,0.878,0.802,0.505,0.301,0.155,0.733,1.003,0.84,0.621,0.565,0.878,0.802,0.505,0.301,0.155,2.236,H
0.695,0.999,0.844,0.531,0.643,0.917,0.855,0.606,0.252,0.158,0.695,0.999,0.844,0.531,0.643,0.917,0.855,0.606,0.252,0.158,3,H
0.734,0.993,0.888,0.629,0.557,0.832,0.764,0.532,0.234,0.183,0.734,0.993,0.888,0.629,0.557,0.832,0.764,0.532,0.234,0.183,0,H
0.734,0.993,0.888,0.629,0.557,0.832,0.764,0.532,0.234,0.183,0.734,0.993,0.888,0.629,0.557,0.832,0.764,0.532,0.234,0.183,0,H
0.734,0.993,0.888,0.629,0.557,0.832,0.764,0.532,0.234,0.183,0.734,0.993,0.888,0.629,0.557,0.832,0.764,0.532,0.234,0.183,0,H
0.734,0.993,0.888,0.629,0.557,0.832,0.764,0.532,0.234,0.183,0.734,0.993,0.888,0.629,0.557,0.832,0.764,0.532,0.234,0.183,0,H
0.734,0.993,0.888,0.629,0.557,0.832,0.764,0.532,0.234,0.183,0.734,0.993,0.888,0.629,0.557,0.832,0.764,0.532,0.234,0.183,0,H
0.734,0.993,0.888,0.629,0.557,0.832,0.764,0.532,0.234,0.183,0.734,0.993,0.888,0.629,0.557,0.832,0.764,0.532,0.234,0.183,0,H
0.734,0.993,0.888,0.629,0.557,0.832,0.764,0.532,0.234,0.183,0.734,0.993,0.888,0.629,0.557,0.832,0.764,0.532,0.234,0.183,0,H
0.734,0.993,0.888,0.629,0.557,0.832,0.764,0.532,0.234,0.183,0.734,0.993,0.888,0.629,0.557,0.832,0.764,0.532,0.234,0.183,0,H
0.734,0.993,0.888,0.629,0.557,0.832,0.764,0.532,0.234,0.183,0.734,0.993,0.888,0.629,0.557,0.832,0.764,0.532,0.234,0.183,0,H
0.734,0.993,0.888,0.629,0.557,0.832,0.764,0.532,0.234,0.183,0.734,0.993,0.888,0.629,0.557,0.832,0.764,0.532,0.234,0.183,0,H
0.734,0.993,0.888,0.629,0.557,0.832,0.764,0.532,0.234,0.183,0.734,0.993,0.888,0.629,0.557,0.832,0.764,0.532,0.234,0.183,0,H
0.734,0.993,0.888,0.629,0.557,0.832,0.764,0.532,0.234,0.183,0.734,0.993,0.888,0.629,0.557,0.832,0.764,0.532,0.234,0.183,0,H
0.734,0.993,0.888,0.629,0.557,0.832,0.764,0.532,0.234,0.183,0.734,0.993,0.888,0.629,0.557,0.832,0.764,0.532,0.234,0.183,0,H
0.734,0.993,0.888,0.629,0.557,0.832,0.764,0.532,0.234,0.183,0.734,0.993,0.888,0.629,0.557,0.832,0.764,0.532,0.234,0.183,0,H
0.734,0.993,0.888,0.629,0.557,0.832,0.764,0.532,0.234,0.183,0.734,0.993,0.888,0.629,0.557,0.832,0.764,0.532,0.234,0.183,0,H
0.915,0.996,0.87,0.65,0.325,1.405,1.154,0.737,0.417,0.631,0.915,0.996,0.87,0.65,0.325,1.405,1.154,0.737,0.417,0.631,102.303,H
0.587,0.881,1.003,0.941,0.482,0.561,0.481,0.332,0.165,0.272,0.587,0.881,1.003,0.941,0.482,0.561,0.481,0.332,0.165,0.272,87.235,H
0.587,0.881,1.003,0.941,0.482,0.561,0.481,0.332,0.165,0.272,0.587,0.881,1.003,0.941,0.482,0.561,0.481,0.332,0.165,0.272,87.235,H
0.587,0.881,1.003,0.941,0.482,0.561,0.481,0.332,0.165,0.272,0.587,0.881,1.003,0.941,0.482,0.561,0.481,0.332,0.165,0.272,87.235,H
0.587,0.881,1.003,0.941,0.482,0.561,0.481,0.332,0.165,0.272,0.587,0.881,1.003,0.941,0.482,0.561,0.481,0.332,0.165,0.272,87.235,H
0.587,0.881,1.003,0.941,0.482,0.561,0.481,0.332,0.165,0.272,0.587,0.881,1.003,0.941,0.482,0.561,0.481,0.332,0.165,0.272,87.235,H
0.587,0.881,1.003,0.941,0.482,0.561,0.481,0.332,0.165,0.272,0.587,0.881,1.003,0.941,0.482,0.561,0.481,0.332,0.165,0.272,87.235,H
0.587,0.881,1.003,0.941,0.482,0.561,0.481,0.332,0.165,0.272,0.587,0.881,1.003,0.941,0.482,0.561,0.481,0.332,0.165,0.272,87.235,H
0.945,1,0.887,0.674,0.343,1.225,1.054,0.672,0.39,0.387,0.945,1,0.887,0.674,0.343,1.225,1.054,0.672,0.39,0.387,100.125,H
0.599,0.851,1.013,0.994,0.43,0.701,0.479,0.326,0.162,0.39,0.599,0.851,1.013,0.994,0.43,0.701,0.479,0.326,0.162,0.39,81.302,H
0.7,0.974,0.893,0.666,0.299,1.5,1.312,0.883,0.434,0.514,0.7,0.974,0.893,0.666,0.299,1.5,1.312,0.883,0.434,0.514,90.028,H
0.7,0.974,0.893,0.666,0.299,1.5,1.312,0.883,0.434,0.514,0.7,0.974,0.893,0.666,0.299,1.5,1.312,0.883,0.434,0.514,90.028,H
0.7,0.974,0.893,0.666,0.299,1.5,1.312,0.883,0.434,0.514,0.7,0.974,0.893,0.666,0.299,1.5,1.312,0.883,0.434,0.514,90.028,H
0.748,0.991,0.834,0.602,0.638,0.754,0.72,0.428,0.292,0.111,0.748,0.991,0.834,0.602,0.638,0.754,0.72,0.428,0.292,0.111,2.828,H
0.738,1.006,0.83,0.63,0.537,0.882,0.802,0.468,0.338,0.159,0.738,1.006,0.83,0.63,0.537,0.882,0.802,0.468,0.338,0.159,1.414,H
0.738,1.006,0.83,0.63,0.537,0.882,0.802,0.468,0.338,0.159,0.738,1.006,0.83,0.63,0.537,0.882,0.802,0.468,0.338,0.159,1.414,H
0.738,1.006,0.83,0.63,0.537,0.882,0.802,0.468,0.338,0.159,0.738,1.006,0.83,0.63,0.537,0.882,0.802,0.468,0.338,0.159,1.414,H
0.738,1.006,0.83,0.63,0.537,0.882,0.802,0.468,0.338,0.159,0.738,1.006,0.83,0.63,0.537,0.882,0.802,0.468,0.338,0.159,1.414,H
0.738,1.006,0.83,0.63,0.537,0.882,0.802,0.468,0.338,0.159,0.738,1.006,0.83,0.63,0.537,0.882,0.802,0.468,0.338,0.159,1.414,H
1.768,1.366,0.864,2.435,1.632,1.027,1.041,1.026,0.137,0.243,1.768,1.366,0.864,2.435,1.632,1.027,1.041,1.026,0.137,0.243,1,I
1.768,1.366,0.864,2.435,1.632,1.027,1.041,1.026,0.137,0.243,1.768,1.366,0.864,2.435,1.632,1.027,1.041,1.026,0.137,0.243,1,I
1.768,1.366,0.864,2.435,1.632,1.027,1.041,1.026,0.137,0.243,1.768,1.366,0.864,2.435,1.632,1.027,1.041,1.026,0.137,0.243,1,I
1.768,1.366,0.864,2.435,1.632,1.027,1.041,1.026,0.137,0.243,1.768,1.366,0.864,2.435,1.632,1.027,1.041,1.026,0.137,0.243,1,I
1.768,1.366,0.864,2.435,1.632,1.027,1.041,1.026,0.137,0.243,1.768,1.366,0.864,2.435,1.632,1.027,1.041,1.026,0.137,0.243,1,I
1.768,1.366,0.864,2.435,1.632,1.027,1.041,1.026,0.137,0.243,1.768,1.366,0.864,2.435,1.632,1.027,1.041,1.026,0.137,0.243,1,I
1.768,1.366,0.864,2.435,1.632,1.027,1.041,1.026,0.137,0.243,1.768,1.366,0.864,2.435,1.632,1.027,1.041,1.026,0.137,0.243,1,I
1.768,1.366,0.864,2.435,1.632,1.027,1.041,1.026,0.137,0.243,1.768,1.366,0.864,2.435,1.632,1.027,1.041,1.026,0.137,0.243,1,I
1.768,1.366,0.864,2.435,1.632,1.027,1.041,1.026,0.137,0.243,1.768,1.366,0.864,2.435,1.632,1.027,1.041,1.026,0.137,0.243,1,I
1.768,1.366,0.864,2.435,1.632,1.027,1.041,1.026,0.137,0.243,1.768,1.366,0.864,2.435,1.632,1.027,1.041,1.026,0.137,0.243,1,I
1.768,1.366,0.864,2.435,1.632,1.027,1.041,1.026,0.137,0.243,1.768,1.366,0.864,2.435,1.632,1.027,1.041,1.026,0.137,0.243,1,I
1.768,1.366,0.864,2.435,1.632,1.027,1.041,1.026,0.137,0.243,1.768,1.366,0.864,2.435,1.632,1.027,1.041,1.026,0.137,0.243,1,I
1.768,1.366,0.864,2.435,1.632,1.027,1.041,1.026,0.137,0.243,1.768,1.366,0.864,2.435,1.632,1.027,1.041,1.026,0.137,0.243,1,I
1.768,1.366,0.864,2.435,1.632,1.027,1.041,1.026,0.137,0.243,1.768,1.366,0.864,2.435,1.632,1.027,1.041,1.026,0.137,0.243,1,I
1.768,1.366,0.864,2.435,1.632,1.027,1.041,1.026,0.137,0.243,1.768,1.366,0.864,2.435,1.632,1.027,1.041,1.026,0.137,0.243,1,I
1.768,1.366,0.864,2.435,1.632,1.027,1.041,1.026,0.137,0.243,1.768,1.366,0.864,2.435,1.632,1.027,1.041,1.026,0.137,0.243,1,I
1.768,1.366,0.864,2.435,1.632,1.027,1.041,1.026,0.137,0.243,1.768,1.366,0.864,2.435,1.632,1.027,1.041,1.026,0.137,0.243,1,I
1.768,1.366,0.864,2.435,1.632,1.027,1.041,1.026,0.137,0.243,1.768,1.366,0.864,2.435,1.632,1.027,1.041,1.026,0.137,0.243,1,I
1.768,1.366,0.864,2.435,1.632,1.027,1.041,1.026,0.137,0.243,1.768,1.366,0.864,2.435,1.632,1.027,1.041,1.026,0.137,0.243,1,I
1.768,1.366,0.864,2.435,1.632,1.027,1.041,1.026,0.137,0.243,1.768,1.366,0.864,2.435,1.632,1.027,1.041,1.026,0.137,0.243,1,I
1.768,1.366,0.864,2.435,1.632,1.027,1.041,1.026,0.137,0.243,1.768,1.366,0.864,2.435,1.632,1.027,1.041,1.026,0.137,0.243,1,I
1.768,1.366,0.864,2.435,1.632,1.027,1.041,1.026,0.137,0.243,1.768,1.366,0.864,2.435,1.632,1.027,1.041,1.026,0.137,0.243,1,I
1.768,1.366,0.864,2.435,1.632,1.027,1.041,1.026,0.137,0.243,1.768,1.366,0.864,2.435,1.632,1.027,1.041,1.026,0.137,0.243,1,I
1.768,1.366,0.864,2.435,1.632,1.027,1.041,1.026,0.137,0.243,1.768,1.366,0.864,2.435,1.632,1.027,1.041,1.026,0.137,0.243,1,I
1.768,1.366,0.864,2.435,1.632,1.027,1.041,1.026,0.137,0.243,1.768,1.366,0.864,2.435,1.632,1.027,1.041,1.026,0.137,0.243,1,I
1.768,1.366,0.864,2.435,1.632,1.027,1.041,1.026,0.137,0.243,1.768,1.366,0.864,2.435,1.632,1.027,1.041,1.026,0.137,0.243,1,I
1.768,1.366,0.864,2.435,1.632,1.027,1.041,1.026,0.137,0.243,1.768,1.366,0.864,2.435,1.632,1.027,1.041,1.026,0.137,0.243,1,I
1.768,1.366,0.864,2.435,1.632,1.027,1.041,1.026,0.137,0.243,1.768,1.366,0.864,2.435,1.632,1.027,1.041,1.026,0.137,0.243,1,I
1.768,1.366,0.864,2.435,1.632,1.027,1.041,1.026,0.137,0.243,1.768,1.366,0.864,2.435,1.632,1.027,1.041,1.026,0.137,0.243,1,I
1.768,1.366,0.864,2.435,1.632,1.027,1.041,1.026,0.137,0.243,1.768,1.366,0.864,2.435,1.632,1.027,1.041,1.026,0.137,0.243,1,I
1.768,1.366,0.864,2.435,1.632,1.027,1.041,1.026,0.137,0.243,1.768,1.366,0.864,2.435,1.632,1.027,1.041,1.026,0.137,0.243,1,I
1.768,1.366,0.864,2.435,1.632,1.027,1.041,1.026,0.137,0.243,1.768,1.366,0.864,2.435,1.632,1.027,1.041,1.026,0.137,0.243,1,I
1.768,1.366,0.864,2.435,1.632,1.027,1.041,1.026,0.137,0.243,1.768,1.366,0.864,2.435,1.632,1.027,1.041,1.026,0.137,0.243,1,I
1.768,1.366,0.864,2.435,1.632,1.027,1.041,1.026,0.137,0.243,1.768,1.366,0.864,2.435,1.632,1.027,1.041,1.026,0.137,0.243,1,I
1.768,1.366,0.864,2.435,1.632,1.027,1.041,1.026,0.137,0.243,1.768,1.366,0.864,2.435,1.632,1.027,1.041,1.026,0.137,0.243,1,I
1.768,1.366,0.864,2.435,1.632,1.027,1.041,1.026,0.137,0.243,1.768,1.366,0.864,2.435,1.632,1.027,1.041,1.026,0.137,0.243,1,I
1.768,1.366,0.864,2.435,1.632,1.027,1.041,1.026,0.137,0.243,1.768,1.366,0.864,2.435,1.632,1.027,1.041,1.026,0.137,0.243,1,I
1.768,1.366,0.864,2.435,1.632,1.027,1.041,1.026,0.137,0.243,1.768,1.366,0.864,2.435,1.632,1.027,1.041,1.026,0.137,0.243,1,I
1.768,1.366,0.864,2.435,1.632,1.027,1.041,1.026,0.137,0.243,1.768,1.366,0.864,2.435,1.632,1.027,1.041,1.026,0.137,0.243,1,I
1.768,1.366,0.864,2.435,1.632,1.027,1.041,1.026,0.137,0.243,1.768,1.366,0.864,2.435,1.632,1.027,1.041,1.026,0.137,0.243,1,I
1.768,1.366,0.864,2.435,1.632,1.027,1.041,1.026,0.137,0.243,1.768,1.366,0.864,2.435,1.632,1.027,1.041,1.026,0.137,0.243,1,I
1.768,1.366,0.864,2.435,1.632,1.027,1.041,1.026,0.137,0.243,1.768,1.366,0.864,2.435,1.632,1.027,1.041,1.026,0.137,0.243,1,I
1.768,1.366,0.864,2.435,1.632,1.027,1.041,1.026,0.137,0.243,1.768,1.366,0.864,2.435,1.632,1.027,1.041,1.026,0.137,0.243,1,I
1.768,1.366,0.864,2.435,1.632,1.027,1.041,1.026,0.137,0.243,1.768,1.366,0.864,2.435,1.632,1.027,1.041,1.026,0.137,0.243,1,I
1.768,1.366,0.864,2.435,1.632,1.027,1.041,1.026,0.137,0.243,1.768,1.366,0.864,2.435,1.632,1.027,1.041,1.026,0.137,0.243,1,I
1.768,1.366,0.864,2.435,1.632,1.027,1.041,1.026,0.137,0.243,1.768,1.366,0.864,2.435,1.632,1.027,1.041,1.026,0.137,0.243,1,I
1.768,1.366,0.864,2.435,1.632,1.027,1.041,1.026,0.137,0.243,1.768,1.366,0.864,2.435,1.632,1.027,1.041,1.026,0.137,0.243,1,I
1.768,1.366,0.864,2.435,1.632,1.027,1.041,1.026,0.137,0.243,1.768,1.366,0.864,2.435,1.632,1.027,1.041,1.026,0.137,0.243,1,I
1.768,1.366,0.864,2.435,1.632,1.027,1.041,1.026,0.137,0.243,1.768,1.366,0.864,2.435,1.632,1.027,1.041,1.026,0.137,0.243,1,I
1.768,1.366,0.864,2.435,1.632,1.027,1.041,1.026,0.137,0.243,1.768,1.366,0.864,2.435,1.632,1.027,1.041,1.026,0.137,0.243,1,I
1.768,1.366,0.864,2.435,1.632,1.027,1.041,1.026,0.137,0.243,1.768,1.366,0.864,2.435,1.632,1.027,1.041,1.026,0.137,0.243,1,I
2.508,3.356,0.81,0.85,2.464,1.102,0.313,0.156,0.158,0.969,2.508,3.356,0.81,0.85,2.464,1.102,0.313,0.156,0.158,0.969,2.236,J
2.508,3.356,0.81,0.85,2.464,1.102,0.313,0.156,0.158,0.969,2.508,3.356,0.81,0.85,2.464,1.102,0.313,0.156,0.158,0.969,2.236,J
2.422,3.251,0.813,0.863,2.463,1.075,0.321,0.165,0.157,0.922,2.422,3.251,0.813,0.863,2.463,1.075,0.321,0.165,0.157,0.922,2.236,J
2.422,3.251,0.813,0.863,2.463,1.075,0.321,0.165,0.157,0.922,2.422,3.251,0.813,0.863,2.463,1.075,0.321,0.165,0.157,0.922,2.236,J
2.422,3.251,0.813,0.863,2.463,1.075,0.321,0.165,0.157,0.922,2.422,3.251,0.813,0.863,2.463,1.075,0.321,0.165,0.157,0.922,2.236,J
2.645,3.432,0.738,0.738,2.725,1.089,0.331,0.171,0.16,0.908,2.645,3.432,0.738,0.738,2.725,1.089,0.331,0.171,0.16,0.908,2.236,J
2.645,3.432,0.738,0.738,2.725,1.089,0.331,0.171,0.16,0.908,2.645,3.432,0.738,0.738,2.725,1.089,0.331,0.171,0.16,0.908,2.236,J
2.631,3.622,0.813,0.845,2.655,1.143,0.308,0.16,0.148,0.997,2.631,3.622,0.813,0.845,2.655,1.143,0.308,0.16,0.148,0.997,4.123,J
2.631,3.622,0.813,0.845,2.655,1.143,0.308,0.16,0.148,0.997,2.631,3.622,0.813,0.845,2.655,1.143,0.308,0.16,0.148,0.997,4.123,J
3.099,4.025,0.793,0.895,3.097,1.098,0.294,0.155,0.141,0.993,3.099,4.025,0.793,0.895,3.097,1.098,0.294,0.155,0.141,0.993,2.236,J
3.099,4.025,0.793,0.895,3.097,1.098,0.294,0.155,0.141,0.993,3.099,4.025,0.793,0.895,3.097,1.098,0.294,0.155,0.141,0.993,2.236,J
2.988,4.046,0.787,0.913,3.013,1.129,0.317,0.159,0.159,1.036,2.988,4.046,0.787,0.913,3.013,1.129,0.317,0.159,0.159,1.036,2.236,J
2.988,4.046,0.787,0.913,3.013,1.129,0.317,0.159,0.159,1.036,2.988,4.046,0.787,0.913,3.013,1.129,0.317,0.159,0.159,1.036,2.236,J
2.988,4.046,0.787,0.913,3.013,1.129,0.317,0.159,0.159,1.036,2.988,4.046,0.787,0.913,3.013,1.129,0.317,0.159,0.159,1.036,2.236,J
2.988,4.046,0.787,0.913,3.013,1.129,0.317,0.159,0.159,1.036,2.988,4.046,0.787,0.913,3.013,1.129,0.317,0.159,0.159,1.036,2.236,J
2.527,3.356,0.81,0.817,2.48,1.108,0.312,0.155,0.157,0.963,2.527,3.356,0.81,0.817,2.48,1.108,0.312,0.155,0.157,0.963,2.236,J
2.527,3.356,0.81,0.817,2.48,1.108,0.312,0.155,0.157,0.963,2.527,3.356,0.81,0.817,2.48,1.108,0.312,0.155,0.157,0.963,2.236,J
2.772,3.688,0.83,0.858,2.81,1.103,0.308,0.168,0.14,0.97,2.772,3.688,0.83,0.858,2.81,1.103,0.308,0.168,0.14,0.97,2.236,J
2.772,3.688,0.83,0.858,2.81,1.103,0.308,0.168,0.14,0.97,2.772,3.688,0.83,0.858,2.81,1.103,0.308,0.168,0.14,0.97,2.236,J
2.798,3.75,0.79,0.821,2.754,1.139,0.31,0.155,0.155,1.021,2.798,3.75,0.79,0.821,2.754,1.139,0.31,0.155,0.155,1.021,0,J
2.798,3.75,0.79,0.821,2.754,1.139,0.31,0.155,0.155,1.021,2.798,3.75,0.79,0.821,2.754,1.139,0.31,0.155,0.155,1.021,0,J
2.797,3.825,0.786,0.895,3.003,1.103,0.308,0.166,0.144,0.946,2.797,3.825,0.786,0.895,3.003,1.103,0.308,0.166,0.144,0.946,2,J
2.797,3.825,0.786,0.895,3.003,1.103,0.308,0.166,0.144,0.946,2.797,3.825,0.786,0.895,3.003,1.103,0.308,0.166,0.144,0.946,2,J
2.595,3.609,0.784,0.833,2.648,1.152,0.315,0.155,0.16,0.994,2.595,3.609,0.784,0.833,2.648,1.152,0.315,0.155,0.16,0.994,2.236,J
2.595,3.609,0.784,0.833,2.648,1.152,0.315,0.155,0.16,0.994,2.595,3.609,0.784,0.833,2.648,1.152,0.315,0.155,0.16,0.994,2.236,J
2.445,3.267,0.819,0.805,2.457,1.098,0.322,0.168,0.154,0.933,2.445,3.267,0.819,0.805,2.457,1.098,0.322,0.168,0.154,0.933,0,J
2.445,3.267,0.819,0.805,2.457,1.098,0.322,0.168,0.154,0.933,2.445,3.267,0.819,0.805,2.457,1.098,0.322,0.168,0.154,0.933,0,J
2.648,3.392,0.799,0.809,2.628,1.066,0.304,0.151,0.153,0.924,2.648,3.392,0.799,0.809,2.628,1.066,0.304,0.151,0.153,0.924,1,J
2.648,3.392,0.799,0.809,2.628,1.066,0.304,0.151,0.153,0.924,2.648,3.392,0.799,0.809,2.628,1.066,0.304,0.151,0.153,0.924,1,J
2.741,3.788,0.825,0.969,2.873,1.118,0.329,0.164,0.166,0.977,2.741,3.788,0.825,0.969,2.873,1.118,0.329,0.164,0.166,0.977,2.236,J
2.741,3.788,0.825,0.969,2.873,1.118,0.329,0.164,0.166,0.977,2.741,3.788,0.825,0.969,2.873,1.118,0.329,0.164,0.166,0.977,2.236,J
2.593,3.437,0.798,0.865,2.58,1.096,0.324,0.161,0.164,0.958,2.593,3.437,0.798,0.865,2.58,1.096,0.324,0.161,0.164,0.958,2.828,J
2.593,3.437,0.798,0.865,2.58,1.096,0.324,0.161,0.164,0.958,2.593,3.437,0.798,0.865,2.58,1.096,0.324,0.161,0.164,0.958,2.828,J
2.424,3.073,0.785,0.807,2.453,1.026,0.348,0.173,0.175,0.864,2.424,3.073,0.785,0.807,2.453,1.026,0.348,0.173,0.175,0.864,3.162,J
2.424,3.073,0.785,0.807,2.453,1.026,0.348,0.173,0.175,0.864,2.424,3.073,0.785,0.807,2.453,1.026,0.348,0.173,0.175,0.864,3.162,J
2.424,3.073,0.785,0.807,2.453,1.026,0.348,0.173,0.175,0.864,2.424,3.073,0.785,0.807,2.453,1.026,0.348,0.173,0.175,0.864,3.162,J
2.768,3.527,0.826,0.879,2.715,1.064,0.303,0.144,0.159,0.944,2.768,3.527,0.826,0.879,2.715,1.064,0.303,0.144,0.159,0.944,1.414,J
2.768,3.527,0.826,0.879,2.715,1.064,0.303,0.144,0.159,0.944,2.768,3.527,0.826,0.879,2.715,1.064,0.303,0.144,0.159,0.944,1.414,J
2.472,1.788,0.797,0.891,2.36,0.562,0.333,0.169,0.169,0.335,2.472,1.788,0.797,0.891,2.36,0.562,0.333,0.169,0.169,0.335,2.236,J
2.472,1.788,0.797,0.891,2.36,0.562,0.333,0.169,0.169,0.335,2.472,1.788,0.797,0.891,2.36,0.562,0.333,0.169,0.169,0.335,2.236,J
2.417,3.017,0.828,0.863,2.329,1.011,0.312,0.155,0.158,0.878,2.417,3.017,0.828,0.863,2.329,1.011,0.312,0.155,0.158,0.878,2,J
2.417,3.017,0.828,0.863,2.329,1.011,0.312,0.155,0.158,0.878,2.417,3.017,0.828,0.863,2.329,1.011,0.312,0.155,0.158,0.878,2,J
2.793,3.75,0.801,0.817,2.787,1.132,0.314,0.157,0.157,1.01,2.793,3.75,0.801,0.817,2.787,1.132,0.314,0.157,0.157,1.01,2,J
2.793,3.75,0.801,0.817,2.787,1.132,0.314,0.157,0.157,1.01,2.793,3.75,0.801,0.817,2.787,1.132,0.314,0.157,0.157,1.01,2,J
2.618,3.643,0.729,0.781,2.618,1.178,0.348,0.159,0.19,1.042,2.618,3.643,0.729,0.781,2.618,1.178,0.348,0.159,0.19,1.042,1,J
2.618,3.643,0.729,0.781,2.618,1.178,0.348,0.159,0.19,1.042,2.618,3.643,0.729,0.781,2.618,1.178,0.348,0.159,0.19,1.042,1,J
2.451,3.138,0.722,0.714,2.327,1.1,0.318,0.156,0.166,0.942,2.451,3.138,0.722,0.714,2.327,1.1,0.318,0.156,0.166,0.942,2,J
2.451,3.138,0.722,0.714,2.327,1.1,0.318,0.156,0.166,0.942,2.451,3.138,0.722,0.714,2.327,1.1,0.318,0.156,0.166,0.942,2,J
2.886,3.86,0.811,0.942,2.898,1.106,0.321,0.154,0.168,1.006,2.886,3.86,0.811,0.942,2.898,1.106,0.321,0.154,0.168,1.006,2.236,J
2.886,3.86,0.811,0.942,2.898,1.106,0.321,0.154,0.168,1.006,2.886,3.86,0.811,0.942,2.898,1.106,0.321,0.154,0.168,1.006,2.236,J
2.627,3.49,0.788,0.787,2.551,1.133,0.309,0.146,0.163,0.994,2.627,3.49,0.788,0.787,2.551,1.133,0.309,0.146,0.163,0.994,1,J
0.946,1.153,0.805,0.687,0.273,2.115,1.173,0.437,0.738,1.312,0.946,1.153,0.805,0.687,0.273,2.115,1.173,0.437,0.738,1.312,35.355,K
1.045,1.268,0.863,0.727,0.324,2.044,0.872,0.436,0.436,1.373,1.045,1.268,0.863,0.727,0.324,2.044,0.872,0.436,0.436,1.373,33.302,K
1.027,1.229,0.85,0.712,0.323,1.963,0.907,0.43,0.481,1.346,1.027,1.229,0.85,0.712,0.323,1.963,0.907,0.43,0.481,1.346,29.206,K
1.133,1.351,0.834,0.71,0.454,1.664,0.651,0.291,0.367,1.169,1.133,1.351,0.834,0.71,0.454,1.664,0.651,0.291,0.367,1.169,26.926,K
0.988,1.195,0.862,0.761,0.228,2.28,1.066,0.442,0.644,1.473,0.988,1.195,0.862,0.761,0.228,2.28,1.066,0.442,0.644,1.473,34.828,K
1.154,1.326,0.849,0.74,0.42,1.689,0.643,0.275,0.369,1.17,1.154,1.326,0.849,0.74,0.42,1.689,0.643,0.275,0.369,1.17,31.828,K
1.181,1.356,0.869,0.717,0.468,1.559,0.61,0.323,0.296,1.084,1.181,1.356,0.869,0.717,0.468,1.559,0.61,0.323,0.296,1.084,28.425,K
0.935,1.131,0.807,0.669,0.268,2.026,1.256,0.527,0.729,1.124,0.935,1.131,0.807,0.669,0.268,2.026,1.256,0.527,0.729,1.124,32.016,K
1.084,1.226,0.827,0.691,0.394,1.541,0.789,0.347,0.443,0.95,1.084,1.226,0.827,0.691,0.394,1.541,0.789,0.347,0.443,0.95,31.241,K
0.974,1.301,0.855,0.722,0.253,2.954,1.11,0.526,0.588,2.313,0.974,1.301,0.855,0.722,0.253,2.954,1.11,0.526,0.588,2.313,32.558,K
0.963,1.345,0.838,0.711,0.253,3.238,1.173,0.52,0.653,2.484,0.963,1.345,0.838,0.711,0.253,3.238,1.173,0.52,0.653,2.484,32.558,K
1.032,1.395,0.8,0.662,0.372,2.294,0.919,0.375,0.543,1.636,1.032,1.395,0.8,0.662,0.372,2.294,0.919,0.375,0.543,1.636,31.89,K
1.008,1.25,0.844,0.707,0.302,2.174,0.977,0.455,0.532,1.544,1.008,1.25,0.844,0.707,0.302,2.174,0.977,0.455,0.532,1.544,31.113,K
1.06,1.394,0.843,0.715,0.346,2.35,0.826,0.37,0.458,1.845,1.06,1.394,0.843,0.715,0.346,2.35,0.826,0.37,0.458,1.845,32.558,K
1.001,1.235,0.857,0.714,0.288,2.239,1.004,0.502,0.502,1.605,1.001,1.235,0.857,0.714,0.288,2.239,1.004,0.502,0.502,1.605,29.206,K
1.06,1.345,0.829,0.719,0.347,2.16,0.827,0.34,0.495,1.541,1.06,1.345,0.829,0.719,0.347,2.16,0.827,0.34,0.495,1.541,28.844,K
1.067,1.396,0.823,0.683,0.391,2.133,0.823,0.364,0.458,1.528,1.067,1.396,0.823,0.683,0.391,2.133,0.823,0.364,0.458,1.528,29.698,K
0.926,1.28,0.775,0.733,0.202,3.557,1.34,0.223,1.161,2.786,0.926,1.28,0.775,0.733,0.202,3.557,1.34,0.223,1.161,2.786,34.132,K
0.762,1.183,0.921,0.74,0.103,5.349,2.525,1.783,0.82,4.133,0.762,1.183,0.921,0.74,0.103,5.349,2.525,1.783,0.82,4.133,43.278,K
1.012,1.414,0.721,0.623,0.4,2.339,0.944,0.251,0.702,1.866,1.012,1.414,0.721,0.623,0.4,2.339,0.944,0.251,0.702,1.866,31.765,K
0.899,1.262,0.799,0.698,0.207,3.549,1.516,0.493,1.04,2.527,0.899,1.262,0.799,0.698,0.207,3.549,1.516,0.493,1.04,2.527,34.409,K
0.838,1.208,0.795,0.688,0.151,4.306,2.078,0.704,1.387,3.119,0.838,1.208,0.795,0.688,0.151,4.306,2.078,0.704,1.387,3.119,38.419,K
1.05,1.205,0.823,0.669,0.456,1.426,0.741,0.355,0.389,0.907,1.05,1.205,0.823,0.669,0.456,1.426,0.741,0.355,0.389,0.907,27.295,K
1.042,1.355,0.755,0.648,0.41,2.019,0.864,0.285,0.598,1.45,1.042,1.355,0.755,0.648,0.41,2.019,0.864,0.285,0.598,1.45,28.601,K
1.013,1.319,0.782,0.706,0.33,2.39,0.936,0.244,0.693,1.706,1.013,1.319,0.782,0.706,0.33,2.39,0.936,0.244,0.693,1.706,29.698,K
0.979,1.227,0.822,0.703,0.286,2.119,1.054,0.42,0.635,1.306,0.979,1.227,0.822,0.703,0.286,2.119,1.054,0.42,0.635,1.306,33.302,K
0.865,1.344,0.819,0.692,0.184,4.439,1.766,0.714,1.057,3.073,0.865,1.344,0.819,0.692,0.184,4.439,1.766,0.714,1.057,3.073,38.601,K
0.995,1.297,0.843,0.708,0.288,2.43,1.04,0.481,0.559,1.625,0.995,1.297,0.843,0.708,0.288,2.43,1.04,0.481,0.559,1.625,33.242,K
1.163,1.423,0.788,0.697,0.499,1.753,0.629,0.2,0.431,1.273,1.163,1.423,0.788,0.697,0.499,1.753,0.629,0.2,0.431,1.273,26.401,K
1.076,1.474,0.807,0.695,0.395,2.399,0.791,0.31,0.49,1.844,1.076,1.474,0.807,0.695,0.395,2.399,0.791,0.31,0.49,1.844,31.064,K
0.986,1.345,0.825,0.713,0.28,2.875,1.045,0.405,0.64,2.202,0.986,1.345,0.825,0.713,0.28,2.875,1.045,0.405,0.64,2.202,32.802,K
1.234,1.45,0.846,0.816,0.5,1.611,0.389,0.082,0.315,1.295,1.234,1.45,0.846,0.816,0.5,1.611,0.389,0.082,0.315,1.295,26.306,K
0.986,1.361,0.785,0.667,0.321,2.611,1.043,0.37,0.675,1.994,0.986,1.361,0.785,0.667,0.321,2.611,1.043,0.37,0.675,1.994,29.732,K
1.234,1.449,0.825,0.681,0.567,1.488,0.567,0.254,0.314,1.023,1.234,1.449,0.825,0.681,0.567,1.488,0.567,0.254,0.314,1.023,25.06,K
1.078,1.24,0.769,0.655,0.431,1.533,0.806,0.271,0.538,0.942,1.078,1.24,0.769,0.655,0.431,1.533,0.806,0.271,0.538,0.942,27.019,K
1.078,1.305,0.835,0.712,0.372,1.845,0.777,0.331,0.447,1.31,1.078,1.305,0.835,0.712,0.372,1.845,0.777,0.331,0.447,1.31,30.48,K
1.135,1.382,0.787,0.661,0.492,1.687,0.693,0.256,0.439,1.213,1.135,1.382,0.787,0.661,0.492,1.687,0.693,0.256,0.439,1.213,28.018,K
1.119,1.423,0.846,0.736,0.396,2.088,0.681,0.279,0.411,1.58,1.119,1.423,0.846,0.736,0.396,2.088,0.681,0.279,0.411,1.58,30.017,K
1.057,1.247,0.804,0.76,0.299,1.921,0.809,0.159,0.679,1.329,1.057,1.247,0.804,0.76,0.299,1.921,0.809,0.159,0.679,1.329,26.249,K
1.036,1.296,0.813,0.704,0.351,2.028,0.858,0.319,0.539,1.414,1.036,1.296,0.813,0.704,0.351,2.028,0.858,0.319,0.539,1.414,29.547,K
1.021,1.287,0.744,0.646,0.386,1.987,0.928,0.265,0.666,1.366,1.021,1.287,0.744,0.646,0.386,1.987,0.928,0.265,0.666,1.366,28.844,K
0.935,1.265,0.76,0.643,0.296,2.578,1.22,0.398,0.822,1.851,0.935,1.265,0.76,0.643,0.296,2.578,1.22,0.398,0.822,1.851,29.069,K
1.098,1.283,0.782,0.68,0.443,1.589,0.742,0.245,0.498,1,1.098,1.283,0.782,0.68,0.443,1.589,0.742,0.245,0.498,1,24.839,K
1.026,1.16,0.804,0.682,0.368,1.584,0.877,0.335,0.542,1.006,1.026,1.16,0.804,0.682,0.368,1.584,0.877,0.335,0.542,1.006,23.022,K
0.926,1.24,0.849,0.754,0.181,3.468,1.382,0.525,0.883,2.58,0.926,1.24,0.849,0.754,0.181,3.468,1.382,0.525,0.883,2.58,37.643,K
1.088,1.255,0.802,0.676,0.418,1.578,0.781,0.302,0.484,0.994,1.088,1.255,0.802,0.676,0.418,1.578,0.781,0.302,0.484,0.994,24.207,K
1.127,1.27,0.792,0.696,0.448,1.422,0.682,0.217,0.466,0.875,1.127,1.27,0.792,0.696,0.448,1.422,0.682,0.217,0.466,0.875,24.698,K
0.952,1.147,0.836,0.678,0.289,2.028,1.141,0.55,0.6,1.258,0.952,1.147,0.836,0.678,0.289,2.028,1.141,0.55,0.6,1.258,25.554,K
0.86,1.262,0.807,0.698,0.171,4.27,1.829,0.632,1.235,3.018,0.86,1.262,0.807,0.698,0.171,4.27,1.829,0.632,1.235,3.018,38.601,K
0.973,1.178,0.814,0.68,0.3,2.025,1.082,0.447,0.64,1.315,0.973,1.178,0.814,0.68,0.3,2.025,1.082,0.447,0.64,1.315,29.206,K
1.062,1.277,0.747,0.641,0.431,1.71,0.839,0.247,0.593,1.14,1.062,1.277,0.747,0.641,0.431,1.71,0.839,0.247,0.593,1.14,27.019,K
1.09,1.118,0.619,0.626,0.73,1.092,0.869,0.415,0.552,0.226,1.09,1.118,0.619,0.626,0.73,1.092,0.869,0.415,0.552,0.226,65,L
0.827,1.368,0.724,0.732,1.034,1.253,0.845,0.385,0.461,0.412,0.827,1.368,0.724,0.732,1.034,1.253,0.845,0.385,0.461,0.412,62.394,L
0.827,1.368,0.724,0.732,1.034,1.253,0.845,0.385,0.461,0.412,0.827,1.368,0.724,0.732,1.034,1.253,0.845,0.385,0.461,0.412,62.394,L
0.827,1.368,0.724,0.732,1.034,1.253,0.845,0.385,0.461,0.412,0.827,1.368,0.724,0.732,1.034,1.253,0.845,0.385,0.461,0.412,62.394,L
1.092,1.642,0.652,0.643,0.993,1.406,0.865,0.462,0.423,0.647,1.092,1.642,0.652,0.643,0.993,1.406,0.865,0.462,0.423,0.647,63.781,L
2.04,4.715,0.439,0.834,2.481,1.804,0.577,0.261,0.326,1.581,2.04,4.715,0.439,0.834,2.481,1.804,0.577,0.261,0.326,1.581,48.466,L
1.692,3.828,0.485,0.858,1.682,2.153,0.759,0.379,0.413,1.716,1.692,3.828,0.485,0.858,1.682,2.153,0.759,0.379,0.413,1.716,66.03,L
1.927,4.857,0.393,0.698,1.949,2.344,0.671,0.354,0.346,2.108,1.927,4.857,0.393,0.698,1.949,2.344,0.671,0.354,0.346,2.108,59.908,L
2.045,3.734,0.659,0.632,2.391,1.408,0.412,0.204,0.207,1.177,2.045,3.734,0.659,0.632,2.391,1.408,0.412,0.204,0.207,1.177,22.023,L
2.045,3.734,0.659,0.632,2.391,1.408,0.412,0.204,0.207,1.177,2.045,3.734,0.659,0.632,2.391,1.408,0.412,0.204,0.207,1.177,22.023,L
2.551,3.798,0.718,0.705,2.692,1.21,0.313,0.171,0.145,1.069,2.551,3.798,0.718,0.705,2.692,1.21,0.313,0.171,0.145,1.069,12.53,L
2.551,3.798,0.718,0.705,2.692,1.21,0.313,0.171,0.145,1.069,2.551,3.798,0.718,0.705,2.692,1.21,0.313,0.171,0.145,1.069,12.53,L
2.3,5.066,0.583,1.094,2.476,1.975,0.621,0.277,0.355,1.671,2.3,5.066,0.583,1.094,2.476,1.975,0.621,0.277,0.355,1.671,61.221,L
1.92,4.397,0.611,0.673,1.965,2.038,0.527,0.264,0.268,1.779,1.92,4.397,0.611,0.673,1.965,2.038,0.527,0.264,0.268,1.779,49.244,L
1.92,4.397,0.611,0.673,1.965,2.038,0.527,0.264,0.268,1.779,1.92,4.397,0.611,0.673,1.965,2.038,0.527,0.264,0.268,1.779,49.244,L
2.404,3.626,0.663,0.726,2.758,1.182,0.359,0.186,0.176,0.965,2.404,3.626,0.663,0.726,2.758,1.182,0.359,0.186,0.176,0.965,20.248,L
2.404,3.626,0.663,0.726,2.758,1.182,0.359,0.186,0.176,0.965,2.404,3.626,0.663,0.726,2.758,1.182,0.359,0.186,0.176,0.965,20.248,L
2.404,3.626,0.663,0.726,2.758,1.182,0.359,0.186,0.176,0.965,2.404,3.626,0.663,0.726,2.758,1.182,0.359,0.186,0.176,0.965,20.248,L
2.404,3.626,0.663,0.726,2.758,1.182,0.359,0.186,0.176,0.965,2.404,3.626,0.663,0.726,2.758,1.182,0.359,0.186,0.176,0.965,20.248,L
1.996,3.155,0.695,0.676,2.158,1.241,0.383,0.182,0.203,1.02,1.996,3.155,0.695,0.676,2.158,1.241,0.383,0.182,0.203,1.02,20.616,L
1.996,3.155,0.695,0.676,2.158,1.241,0.383,0.182,0.203,1.02,1.996,3.155,0.695,0.676,2.158,1.241,0.383,0.182,0.203,1.02,20.616,L
1.684,2.337,0.523,0.515,1.872,1.065,0.407,0.195,0.259,0.718,1.684,2.337,0.523,0.515,1.872,1.065,0.407,0.195,0.259,0.718,6.708,L
1.684,2.337,0.523,0.515,1.872,1.065,0.407,0.195,0.259,0.718,1.684,2.337,0.523,0.515,1.872,1.065,0.407,0.195,0.259,0.718,6.708,L
1.837,4.144,0.684,0.885,1.82,2.189,0.652,0.319,0.334,1.73,1.837,4.144,0.684,0.885,1.82,2.189,0.652,0.319,0.334,1.73,68.6,L
1.869,3.751,0.525,0.613,2.236,1.535,0.468,0.205,0.27,1.274,1.869,3.751,0.525,0.613,2.236,1.535,0.468,0.205,0.27,1.274,29.275,L
1.869,3.751,0.525,0.613,2.236,1.535,0.468,0.205,0.27,1.274,1.869,3.751,0.525,0.613,2.236,1.535,0.468,0.205,0.27,1.274,29.275,L
2.053,4.413,0.692,1.257,2.408,1.842,0.629,0.333,0.309,1.417,2.053,4.413,0.692,1.257,2.408,1.842,0.629,0.333,0.309,1.417,63.127,L
1.855,4.435,0.502,0.77,2.484,1.719,0.571,0.264,0.307,1.463,1.855,4.435,0.502,0.77,2.484,1.719,0.571,0.264,0.307,1.463,37.656,L
1.724,3.868,0.653,0.808,1.844,1.922,0.573,0.283,0.298,1.566,1.724,3.868,0.653,0.808,1.844,1.922,0.573,0.283,0.298,1.566,52.802,L
2.161,3.777,0.722,0.781,2.552,1.301,0.394,0.189,0.204,1.115,2.161,3.777,0.722,0.781,2.552,1.301,0.394,0.189,0.204,1.115,18.111,L
2.161,3.777,0.722,0.781,2.552,1.301,0.394,0.189,0.204,1.115,2.161,3.777,0.722,0.781,2.552,1.301,0.394,0.189,0.204,1.115,18.111,L
2.054,3.529,0.578,0.595,2.243,1.429,0.448,0.204,0.247,1.166,2.054,3.529,0.578,0.595,2.243,1.429,0.448,0.204,0.247,1.166,30.887,L
2.443,3.851,0.723,0.771,2.765,1.216,0.331,0.18,0.154,1.047,2.443,3.851,0.723,0.771,2.765,1.216,0.331,0.18,0.154,1.047,14.142,L
2.443,3.851,0.723,0.771,2.765,1.216,0.331,0.18,0.154,1.047,2.443,3.851,0.723,0.771,2.765,1.216,0.331,0.18,0.154,1.047,14.142,L
2.443,3.851,0.723,0.771,2.765,1.216,0.331,0.18,0.154,1.047,2.443,3.851,0.723,0.771,2.765,1.216,0.331,0.18,0.154,1.047,14.142,L
2.419,3.699,0.675,0.7,2.689,1.214,0.343,0.17,0.175,1.022,2.419,3.699,0.675,0.7,2.689,1.214,0.343,0.17,0.175,1.022,15.232,L
2.419,3.699,0.675,0.7,2.689,1.214,0.343,0.17,0.175,1.022,2.419,3.699,0.675,0.7,2.689,1.214,0.343,0.17,0.175,1.022,15.232,L
2.325,3.332,0.708,0.799,2.589,1.087,0.355,0.167,0.192,0.922,2.325,3.332,0.708,0.799,2.589,1.087,0.355,0.167,0.192,0.922,9.849,L
2.325,3.332,0.708,0.799,2.589,1.087,0.355,0.167,0.192,0.922,2.325,3.332,0.708,0.799,2.589,1.087,0.355,0.167,0.192,0.922,9.849,L
2.325,3.332,0.708,0.799,2.589,1.087,0.355,0.167,0.192,0.922,2.325,3.332,0.708,0.799,2.589,1.087,0.355,0.167,0.192,0.922,9.849,L
3.077,4.794,0.601,0.926,3.757,1.234,0.378,0.203,0.176,1.03,3.077,4.794,0.601,0.926,3.757,1.234,0.378,0.203,0.176,1.03,20.809,L
3.077,4.794,0.601,0.926,3.757,1.234,0.378,0.203,0.176,1.03,3.077,4.794,0.601,0.926,3.757,1.234,0.378,0.203,0.176,1.03,20.809,L
2.511,3.776,0.66,0.773,2.937,1.161,0.339,0.167,0.176,0.953,2.511,3.776,0.66,0.773,2.937,1.161,0.339,0.167,0.176,0.953,13.601,L
2.511,3.776,0.66,0.773,2.937,1.161,0.339,0.167,0.176,0.953,2.511,3.776,0.66,0.773,2.937,1.161,0.339,0.167,0.176,0.953,13.601,L
2.194,3.812,0.6,0.669,2.49,1.377,0.392,0.195,0.205,1.154,2.194,3.812,0.6,0.669,2.49,1.377,0.392,0.195,0.205,1.154,22.204,L
2.194,3.812,0.6,0.669,2.49,1.377,0.392,0.195,0.205,1.154,2.194,3.812,0.6,0.669,2.49,1.377,0.392,0.195,0.205,1.154,22.204,L
2.127,3.283,0.803,0.756,2.353,1.178,0.325,0.169,0.156,0.974,2.127,3.283,0.803,0.756,2.353,1.178,0.325,0.169,0.156,0.974,15.524,L
2.127,3.283,0.803,0.756,2.353,1.178,0.325,0.169,0.156,0.974,2.127,3.283,0.803,0.756,2.353,1.178,0.325,0.169,0.156,0.974,15.524,L
2.127,3.283,0.803,0.756,2.353,1.178,0.325,0.169,0.156,0.974,2.127,3.283,0.803,0.756,2.353,1.178,0.325,0.169,0.156,0.974,15.524,L
2.207,3.411,0.67,0.682,2.462,1.214,0.375,0.186,0.191,1.002,2.207,3.411,0.67,0.682,2.462,1.214,0.375,0.186,0.191,1.002,16.279,L
2.207,3.411,0.67,0.682,2.462,1.214,0.375,0.186,0.191,1.002,2.207,3.411,0.67,0.682,2.462,1.214,0.375,0.186,0.191,1.002,16.279,L
0.568,1.015,0.918,0.711,0.161,3.288,2.274,1.387,1.104,1.55,0.568,1.015,0.918,0.711,0.161,3.288,2.274,1.387,1.104,1.55,70.576,M
0.557,1.074,0.902,0.606,0.062,10.538,7.115,4.817,3.29,5.378,0.557,1.074,0.902,0.606,0.062,10.538,7.115,4.817,3.29,5.378,74.465,M
0.566,1.079,0.95,0.673,0.107,5.253,3.329,2.61,1.307,2.894,0.566,1.079,0.95,0.673,0.107,5.253,3.329,2.61,1.307,2.894,71.868,M
0.562,1.078,0.919,0.63,0.07,8.728,5.8,4.205,2.236,4.554,0.562,1.078,0.919,0.63,0.07,8.728,5.8,4.205,2.236,4.554,74.465,M
0.568,1.131,0.897,0.658,0.103,6.53,3.793,2.347,2.021,3.615,0.568,1.131,0.897,0.658,0.103,6.53,3.793,2.347,2.021,3.615,72.236,M
0.575,1.035,0.933,0.692,0.141,3.932,2.687,1.767,1.383,1.856,0.575,1.035,0.933,0.692,0.141,3.932,2.687,1.767,1.383,1.856,70.007,M
0.57,0.995,0.959,0.701,0.14,3.357,2.472,1.894,0.947,1.656,0.57,0.995,0.959,0.701,0.14,3.357,2.472,1.894,0.947,1.656,70.937,M
0.573,1.117,0.941,0.622,0.05,13.238,8.21,6.462,2.973,7.343,0.573,1.117,0.941,0.622,0.05,13.238,8.21,6.462,2.973,7.343,73.926,M
0.55,1.033,0.937,0.632,0.093,6.023,4.346,3.272,1.949,3.017,0.55,1.033,0.937,0.632,0.093,6.023,4.346,3.272,1.949,3.017,72.236,M
0.567,1.097,0.951,0.697,0.146,4.567,2.696,1.916,1.103,2.363,0.567,1.097,0.951,0.697,0.146,4.567,2.696,1.916,1.103,2.363,72.615,M
0.568,1.103,0.927,0.71,0.156,4,2.228,1.421,1.166,2.292,0.568,1.103,0.927,0.71,0.156,4,2.228,1.421,1.166,2.292,70.937,M
0.551,1.119,0.931,0.722,0.181,3.796,2.127,1.399,0.84,1.974,0.551,1.119,0.931,0.722,0.181,3.796,2.127,1.399,0.84,1.974,75.769,M
0.54,1.013,0.933,0.569,0.031,18.617,14.947,11.769,6.488,8.602,0.54,1.013,0.933,0.569,0.031,18.617,14.947,11.769,6.488,8.602,77.621,M
0.567,0.993,0.933,0.607,0.042,11.731,9.735,7.696,3.682,5.778,0.567,0.993,0.933,0.607,0.042,11.731,9.735,7.696,3.682,5.778,72.236,M
0.579,1.098,0.955,0.652,0.077,7.961,4.993,3.971,1.903,4.241,0.579,1.098,0.955,0.652,0.077,7.961,4.993,3.971,1.903,4.241,71.309,M
0.557,0.987,0.932,0.672,0.128,3.568,2.915,2.065,1.306,1.489,0.557,0.987,0.932,0.672,0.128,3.568,2.915,2.065,1.306,1.489,72.45,M
0.571,1.044,0.945,0.621,0.071,7.925,5.771,4.547,2.43,3.826,0.571,1.044,0.945,0.621,0.071,7.925,5.771,4.547,2.43,3.826,69.289,M
0.573,1.098,0.985,0.653,0.08,7.603,4.715,4.129,2.446,4.217,0.573,1.098,0.985,0.653,0.08,7.603,4.715,4.129,2.446,4.217,74.465,M
0.55,1.003,0.923,0.682,0.139,3.596,2.682,1.765,1.397,1.672,0.55,1.003,0.923,0.682,0.139,3.596,2.682,1.765,1.397,1.672,72.801,M
0.548,1.107,0.819,0.557,0.031,23.345,15.815,8.485,8.927,11.459,0.548,1.107,0.819,0.557,0.031,23.345,15.815,8.485,8.927,11.459,77.078,M
0.561,1.009,0.929,0.689,0.158,3.281,2.365,1.566,1.141,1.547,0.561,1.009,0.929,0.689,0.158,3.281,2.365,1.566,1.141,1.547,69.642,M
0.575,1.121,0.967,0.633,0.067,10.137,6.268,5.14,2.236,5.215,0.575,1.121,0.967,0.633,0.067,10.137,6.268,5.14,2.236,5.215,72.615,M
0.555,1.038,0.93,0.648,0.097,5.377,3.851,2.894,1.72,2.814,0.555,1.038,0.93,0.648,0.097,5.377,3.851,2.894,1.72,2.814,70.576,M
0.562,1.06,0.942,0.607,0.049,11.819,8.602,6.803,3.538,5.463,0.562,1.06,0.942,0.607,0.049,11.819,8.602,6.803,3.538,5.463,71.868,M
0.546,1.096,0.907,0.557,0.022,30.653,21.19,16,8.062,16.401,0.546,1.096,0.907,0.557,0.022,30.653,21.19,16,8.062,16.401,76.694,M
0.54,0.975,0.919,0.64,0.117,4.256,3.563,2.49,1.424,1.756,0.54,0.975,0.919,0.64,0.117,4.256,3.563,2.49,1.424,1.756,75.027,M
0.553,1.1,0.937,0.537,0.03,22.784,16.169,13.437,6.128,11.629,0.553,1.1,0.937,0.537,0.03,22.784,16.169,13.437,6.128,11.629,77.621,M
0.56,1.084,0.904,0.638,0.11,6.091,3.952,2.492,2.04,3,0.56,1.084,0.904,0.638,0.11,6.091,3.952,2.492,2.04,3,73.164,M
0.558,1.062,0.849,0.621,0.108,5.752,3.988,2.177,2.068,2.758,0.558,1.062,0.849,0.621,0.108,5.752,3.988,2.177,2.068,2.758,71.512,M
0.603,1.033,0.957,0.69,0.116,4.621,3.086,2.383,1.149,2.432,0.603,1.033,0.957,0.69,0.116,4.621,3.086,2.383,1.149,2.432,65.924,M
0.554,1.088,0.935,0.614,0.063,10.127,6.717,5.099,3.092,5.238,0.554,1.088,0.935,0.614,0.063,10.127,6.717,5.099,3.092,5.238,74.095,M
0.546,1.062,0.92,0.578,0.035,17.629,12.785,9.676,5.505,8.705,0.546,1.062,0.92,0.578,0.035,17.629,12.785,9.676,5.505,8.705,74.095,M
0.535,1.046,0.923,0.636,0.105,5.683,3.952,2.78,1.867,2.83,0.535,1.046,0.923,0.636,0.105,5.683,3.952,2.78,1.867,2.83,77.253,M
0.614,1.097,0.946,0.694,0.139,4.704,2.852,1.956,1.314,2.326,0.614,1.097,0.946,0.694,0.139,4.704,2.852,1.956,1.314,2.326,68.154,M
0.544,1.002,0.942,0.597,0.053,9.586,7.878,6.497,3.151,4.774,0.544,1.002,0.942,0.597,0.053,9.586,7.878,6.497,3.151,4.774,75.027,M
0.533,1.085,0.94,0.607,0.075,8.457,5.777,4.466,2.509,4.111,0.533,1.085,0.94,0.607,0.075,8.457,5.777,4.466,2.509,4.111,77.253,M
0.555,1.065,0.952,0.604,0.049,12.348,8.637,7.155,3.256,6.539,0.555,1.065,0.952,0.604,0.049,12.348,8.637,7.155,3.256,6.539,75.392,M
0.556,1.047,0.934,0.709,0.174,3.203,2.097,1.391,0.931,1.539,0.556,1.047,0.934,0.709,0.174,3.203,2.097,1.391,0.931,1.539,73.389,M
0.544,0.977,0.972,0.666,0.123,3.606,2.954,2.524,0.91,1.772,0.544,0.977,0.972,0.666,0.123,3.606,2.954,2.524,0.91,1.772,75.961,M
0.531,1.074,0.973,0.664,0.145,3.813,2.453,2.128,0.899,2.188,0.531,1.074,0.973,0.664,0.145,3.813,2.453,2.128,0.899,2.188,80.411,M
0.555,1.105,0.946,0.589,0.038,16.155,10.934,9.304,3.889,9.059,0.555,1.105,0.946,0.589,0.038,16.155,10.934,9.304,3.889,9.059,75.027,M
0.608,1.116,0.951,0.738,0.167,3.804,2.044,1.366,0.953,2.098,0.608,1.116,0.951,0.738,0.167,3.804,2.044,1.366,0.953,2.098,69.08,M
0.586,1.09,0.953,0.699,0.116,4.771,2.824,2.192,1.235,2.785,0.586,1.09,0.953,0.699,0.116,4.771,2.824,2.192,1.235,2.785,68.71,M
0.584,1.044,0.936,0.713,0.161,3.301,2.136,1.414,1.111,1.683,0.584,1.044,0.936,0.713,0.161,3.301,2.136,1.414,1.111,1.683,68.352,M
0.524,1.013,0.947,0.601,0.081,6.576,5.237,4.287,2.145,3.148,0.524,1.013,0.947,0.601,0.081,6.576,5.237,4.287,2.145,3.148,78.186,M
0.556,1.03,0.946,0.706,0.161,3.402,2.216,1.568,0.948,1.793,0.556,1.03,0.946,0.706,0.161,3.402,2.216,1.568,0.948,1.793,72.801,M
0.545,1.034,0.945,0.681,0.147,3.717,2.547,1.834,1.179,1.834,0.545,1.034,0.945,0.681,0.147,3.717,2.547,1.834,1.179,1.834,73.389,M
0.554,1.041,0.955,0.63,0.08,6.835,4.978,4.067,2.065,3.378,0.554,1.041,0.955,0.63,0.08,6.835,4.978,4.067,2.065,3.378,76.694,M
0.553,1.053,0.949,0.601,0.057,10.066,7.406,6.136,2.792,5,0.553,1.053,0.949,0.601,0.057,10.066,7.406,6.136,2.792,5,72.45,M
0.563,1.087,0.937,0.64,0.082,7.063,4.62,3.638,1.675,3.953,0.563,1.087,0.937,0.64,0.082,7.063,4.62,3.638,1.675,3.953,70.228,M
0.558,0.991,0.514,0.478,0.172,3.884,3.504,0.54,3.036,1.114,0.558,0.991,0.514,0.478,0.172,3.884,3.504,0.54,3.036,1.114,75.611,N
0.554,0.977,0.492,0.473,0.177,3.807,3.493,0.573,3.061,1.101,0.554,0.977,0.492,0.473,0.177,3.807,3.493,0.573,3.061,1.101,77.253,N
0.544,0.964,0.492,0.454,0.142,4.618,4.398,0.696,3.801,1.281,0.544,0.964,0.492,0.454,0.142,4.618,4.398,0.696,3.801,1.281,81.707,N
0.562,0.971,0.501,0.476,0.184,3.602,3.372,0.588,2.901,0.931,0.562,0.971,0.501,0.476,0.184,3.602,3.372,0.588,2.901,0.931,79.12,N
0.555,1.006,0.482,0.444,0.157,4.696,3.961,0.614,3.451,1.954,0.555,1.006,0.482,0.444,0.157,4.696,3.961,0.614,3.451,1.954,80.777,N
0.557,0.978,0.478,0.455,0.148,4.567,4.204,0.628,3.719,1.357,0.557,0.978,0.478,0.455,0.148,4.567,4.204,0.628,3.719,1.357,83.006,N
0.545,0.963,0.466,0.447,0.138,4.753,4.503,0.613,4.053,1.432,0.545,0.963,0.466,0.447,0.138,4.753,4.503,0.613,4.053,1.432,82.079,N
0.528,1.002,0.478,0.445,0.16,4.526,3.989,0.651,3.453,1.442,0.528,1.002,0.478,0.445,0.16,4.526,3.989,0.651,3.453,1.442,80.994,N
0.532,0.951,0.493,0.465,0.164,3.886,3.758,0.54,3.307,1.089,0.532,0.951,0.493,0.465,0.164,3.886,3.758,0.54,3.307,1.089,80.006,N
0.539,0.979,0.492,0.475,0.127,5.215,4.754,0.68,4.25,1.612,0.539,0.979,0.492,0.475,0.127,5.215,4.754,0.68,4.25,1.612,81.933,N
0.556,0.967,0.489,0.441,0.162,3.966,3.763,0.511,3.296,1.254,0.556,0.967,0.489,0.441,0.162,3.966,3.763,0.511,3.296,1.254,79.712,N
0.534,0.966,0.496,0.457,0.165,3.982,3.784,0.61,3.257,1.06,0.534,0.966,0.496,0.457,0.165,3.982,3.784,0.61,3.257,1.06,80.957,N
0.529,0.958,0.493,0.459,0.16,4.116,3.912,0.61,3.389,1.183,0.529,0.958,0.493,0.459,0.16,4.116,3.912,0.61,3.389,1.183,82.219,N
0.561,0.994,0.494,0.47,0.144,4.687,4.252,0.667,3.732,1.253,0.561,0.994,0.494,0.47,0.144,4.687,4.252,0.667,3.732,1.253,82.28,N
0.56,0.98,0.496,0.456,0.129,4.968,4.643,0.655,4.076,1.414,0.56,0.98,0.496,0.456,0.129,4.968,4.643,0.655,4.076,1.414,83.57,N
0.57,0.969,0.486,0.448,0.179,3.725,3.494,0.544,3.032,1.117,0.57,0.969,0.486,0.448,0.179,3.725,3.494,0.544,3.032,1.117,80.056,N
0.579,0.98,0.501,0.452,0.158,4.211,3.885,0.572,3.357,1.279,0.579,0.98,0.501,0.452,0.158,4.211,3.885,0.572,3.357,1.279,84.309,N
0.526,0.971,0.506,0.469,0.141,4.659,4.339,0.688,3.744,1.343,0.526,0.971,0.506,0.469,0.141,4.659,4.339,0.688,3.744,1.343,83.169,N
0.545,0.976,0.512,0.47,0.123,5.105,4.733,0.691,4.139,1.649,0.545,0.976,0.512,0.47,0.123,5.105,4.733,0.691,4.139,1.649,80.324,N
0.566,0.989,0.526,0.499,0.158,4.091,3.706,0.603,3.217,1.116,0.566,0.989,0.526,0.499,0.158,4.091,3.706,0.603,3.217,1.116,78.109,N
0.532,0.944,0.492,0.449,0.182,3.552,3.492,0.586,2.978,0.979,0.532,0.944,0.492,0.449,0.182,3.552,3.492,0.586,2.978,0.979,79.404,N
0.541,0.967,0.445,0.429,0.172,3.987,3.761,0.584,3.359,1.181,0.541,0.967,0.445,0.429,0.172,3.987,3.761,0.584,3.359,1.181,82.638,N
0.529,0.963,0.479,0.436,0.137,4.837,4.605,0.676,4.011,1.441,0.529,0.963,0.479,0.436,0.137,4.837,4.605,0.676,4.011,1.441,83.815,N
0.54,0.946,0.502,0.452,0.193,3.315,3.218,0.53,2.738,1.017,0.54,0.946,0.502,0.452,0.193,3.315,3.218,0.53,2.738,1.017,78.16,N
0.563,0.997,0.48,0.458,0.163,4.332,3.909,0.585,3.438,1.159,0.563,0.997,0.48,0.458,0.163,4.332,3.909,0.585,3.438,1.159,82.28,N
0.543,0.973,0.493,0.459,0.129,5.055,4.729,0.783,4.101,1.462,0.543,0.973,0.493,0.459,0.129,5.055,4.729,0.783,4.101,1.462,84.155,N
0.541,0.969,0.49,0.446,0.138,4.779,4.516,0.676,3.913,1.37,0.541,0.969,0.49,0.446,0.138,4.779,4.516,0.676,3.913,1.37,84.155,N
0.563,0.953,0.474,0.458,0.158,4.063,3.87,0.533,3.491,1.308,0.563,0.953,0.474,0.458,0.158,4.063,3.87,0.533,3.491,1.308,80.056,N
0.531,0.968,0.49,0.438,0.152,4.397,4.144,0.683,3.526,1.322,0.531,0.968,0.49,0.438,0.152,4.397,4.144,0.683,3.526,1.322,81.908,N
0.546,0.944,0.48,0.441,0.166,3.9,3.834,0.554,3.346,1.112,0.546,0.944,0.48,0.441,0.166,3.9,3.834,0.554,3.346,1.112,82.873,N
0.554,0.978,0.502,0.454,0.139,4.723,4.375,0.676,3.773,1.453,0.554,0.978,0.502,0.454,0.139,4.723,4.375,0.676,3.773,1.453,81.933,N
0.557,0.987,0.49,0.428,0.162,4.246,3.948,0.636,3.343,1.15,0.557,0.987,0.49,0.428,0.162,4.246,3.948,0.636,3.343,1.15,81.597,N
0.539,0.961,0.483,0.455,0.146,4.325,4.149,0.648,3.665,1.244,0.539,0.961,0.483,0.455,0.146,4.325,4.149,0.648,3.665,1.244,80.957,N
0.516,0.966,0.476,0.452,0.119,5.296,5.015,0.735,4.518,1.728,0.516,0.966,0.476,0.452,0.119,5.296,5.015,0.735,4.518,1.728,80.957,N
0.566,0.96,0.498,0.447,0.197,3.354,3.208,0.538,2.718,0.933,0.566,0.96,0.498,0.447,0.197,3.354,3.208,0.538,2.718,0.933,76.844,N
0.513,0.967,0.492,0.445,0.137,4.746,4.488,0.681,3.886,1.452,0.513,0.967,0.492,0.445,0.137,4.746,4.488,0.681,3.886,1.452,82.28,N
0.546,0.971,0.498,0.444,0.16,4.132,3.849,0.641,3.278,1.374,0.546,0.971,0.498,0.444,0.16,4.132,3.849,0.641,3.278,1.374,80.324,N
0.566,0.966,0.474,0.448,0.147,4.409,4.158,0.536,3.745,1.411,0.566,0.966,0.474,0.448,0.147,4.409,4.158,0.536,3.745,1.411,82.638,N
0.541,0.944,0.486,0.457,0.164,3.896,3.781,0.614,3.3,1.195,0.541,0.944,0.486,0.457,0.164,3.896,3.781,0.614,3.3,1.195,80.957,N
0.545,1.015,0.513,0.478,0.151,4.493,3.984,0.625,3.448,1.128,0.545,1.015,0.513,0.478,0.151,4.493,3.984,0.625,3.448,1.128,80.654,N
0.537,0.971,0.483,0.46,0.145,4.567,4.217,0.648,3.732,1.468,0.537,0.971,0.483,0.46,0.145,4.567,4.217,0.648,3.732,1.468,82.219,N
0.541,0.935,0.491,0.451,0.137,4.653,4.534,0.676,3.941,1.569,0.541,0.935,0.491,0.451,0.137,4.653,4.534,0.676,3.941,1.569,84.758,N
0.547,0.993,0.492,0.464,0.152,4.578,4.019,0.576,3.55,1.61,0.547,0.993,0.492,0.464,0.152,4.578,4.019,0.576,3.55,1.61,80.957,N
0.546,0.979,0.482,0.441,0.182,3.808,3.498,0.514,3.042,1.171,0.546,0.979,0.482,0.441,0.182,3.808,3.498,0.514,3.042,1.171,80.362,N
0.522,0.942,0.48,0.453,0.158,4.031,3.931,0.554,3.485,1.24,0.522,0.942,0.48,0.453,0.158,4.031,3.931,0.554,3.485,1.24,80.362,N
0.513,0.952,0.493,0.462,0.133,4.681,4.577,0.667,4.035,1.269,0.513,0.952,0.493,0.462,0.133,4.681,4.577,0.667,4.035,1.269,83.241,N
0.529,0.973,0.511,0.466,0.126,5.163,4.776,0.75,4.109,1.612,0.529,0.973,0.511,0.466,0.126,5.163,4.776,0.75,4.109,1.612,83.815,N
0.566,0.957,0.471,0.422,0.188,3.56,3.449,0.549,2.959,1.004,0.566,0.957,0.471,0.422,0.188,3.56,3.449,0.549,2.959,1.004,81.933,N
0.536,0.969,0.495,0.463,0.137,4.729,4.433,0.658,3.893,1.414,0.536,0.969,0.495,0.463,0.137,4.729,4.433,0.658,3.893,1.414,81.908,N
0.523,0.961,0.495,0.445,0.17,3.926,3.762,0.685,3.156,1.06,0.523,0.961,0.495,0.445,0.17,3.926,3.762,0.685,3.156,1.06,82.006,N
0.552,0.972,0.487,0.447,0.155,4.392,4.031,0.592,3.512,1.468,0.552,0.972,0.487,0.447,0.155,4.392,4.031,0.592,3.512,1.468,83.487,N
1.069,1.027,0.942,0.939,0.262,0.559,0.602,0.559,0.224,0.158,1.069,1.027,0.942,0.939,0.262,0.559,0.602,0.559,0.224,0.158,2.236,O
1.039,0.986,0.971,0.974,0.242,0.549,0.5,0.485,0.121,0.086,1.039,0.986,0.971,0.974,0.242,0.549,0.5,0.485,0.121,0.086,1,O
1.039,0.986,0.971,0.974,0.242,0.549,0.5,0.485,0.121,0.086,1.039,0.986,0.971,0.974,0.242,0.549,0.5,0.485,0.121,0.086,1,O
1.032,1.014,0.97,0.933,0.25,0.513,0.427,0.352,0.121,0.085,1.032,1.014,0.97,0.933,0.25,0.513,0.427,0.352,0.121,0.085,1,O
1.032,1.014,0.97,0.933,0.25,0.513,0.427,0.352,0.121,0.085,1.032,1.014,0.97,0.933,0.25,0.513,0.427,0.352,0.121,0.085,1,O
1.066,1,0.984,0.957,0.207,0.584,0.447,0.485,0.108,0.153,1.066,1,0.984,0.957,0.207,0.584,0.447,0.485,0.108,0.153,2.236,O
1.066,1,0.984,0.957,0.207,0.584,0.447,0.485,0.108,0.153,1.066,1,0.984,0.957,0.207,0.584,0.447,0.485,0.108,0.153,2.236,O
1.032,0.969,0.925,0.932,0.22,0.516,0.479,0.406,0.345,0.192,1.032,0.969,0.925,0.932,0.22,0.516,0.479,0.406,0.345,0.192,1,O
1.032,0.969,0.925,0.932,0.22,0.516,0.479,0.406,0.345,0.192,1.032,0.969,0.925,0.932,0.22,0.516,0.479,0.406,0.345,0.192,1,O
1.017,0.985,0.927,0.889,0.229,0.544,0.566,0.369,0.322,0.089,1.017,0.985,0.927,0.889,0.229,0.544,0.566,0.369,0.322,0.089,1,O
1.017,0.985,0.927,0.889,0.229,0.544,0.566,0.369,0.322,0.089,1.017,0.985,0.927,0.889,0.229,0.544,0.566,0.369,0.322,0.089,1,O
1.053,1,0.938,0.928,0.252,0.533,0.533,0.439,0.248,0,1.053,1,0.938,0.928,0.252,0.533,0.533,0.439,0.248,0,1.414,O
1.053,1,0.938,0.928,0.252,0.533,0.533,0.439,0.248,0,1.053,1,0.938,0.928,0.252,0.533,0.533,0.439,0.248,0,1.414,O
1.018,0.986,0.942,0.919,0.214,0.479,0.575,0.428,0.271,0.096,1.018,0.986,0.942,0.919,0.214,0.479,0.575,0.428,0.271,0.096,1,O
1.018,0.986,0.942,0.919,0.214,0.479,0.575,0.428,0.271,0.096,1.018,0.986,0.942,0.919,0.214,0.479,0.575,0.428,0.271,0.096,1,O
1.07,0.97,0.95,0.959,0.271,0.788,0.689,0.483,0.256,0.171,1.07,0.97,0.95,0.959,0.271,0.788,0.689,0.483,0.256,0.171,1,O
1.07,0.97,0.95,0.959,0.271,0.788,0.689,0.483,0.256,0.171,1.07,0.97,0.95,0.959,0.271,0.788,0.689,0.483,0.256,0.171,1,O
1.034,0.986,0.942,0.887,0.226,0.488,0.573,0.362,0.256,0.091,1.034,0.986,0.942,0.887,0.226,0.488,0.573,0.362,0.256,0.091,1,O
1.034,0.986,0.942,0.887,0.226,0.488,0.573,0.362,0.256,0.091,1.034,0.986,0.942,0.887,0.226,0.488,0.573,0.362,0.256,0.091,1,O
1.009,0.985,0.955,0.884,0.241,0.614,0.62,0.439,0.196,0.088,1.009,0.985,0.955,0.884,0.241,0.614,0.62,0.439,0.196,0.088,1,O
1.009,0.985,0.955,0.884,0.241,0.614,0.62,0.439,0.196,0.088,1.009,0.985,0.955,0.884,0.241,0.614,0.62,0.439,0.196,0.088,1,O
1.07,1,0.954,0.928,0.269,0.492,0.492,0.471,0.181,0,1.07,1,0.954,0.928,0.269,0.492,0.492,0.471,0.181,0,0,O
1.07,1,0.954,0.928,0.269,0.492,0.492,0.471,0.181,0,1.07,1,0.954,0.928,0.269,0.492,0.492,0.471,0.181,0,0,O
1.008,0.986,0.944,0.905,0.233,0.513,0.52,0.352,0.242,0.085,1.008,0.986,0.944,0.905,0.233,0.513,0.52,0.352,0.242,0.085,2,O
1.008,0.986,0.944,0.905,0.233,0.513,0.52,0.352,0.242,0.085,1.008,0.986,0.944,0.905,0.233,0.513,0.52,0.352,0.242,0.085,2,O
1.036,1,0.954,0.88,0.24,0.64,0.64,0.453,0.202,0,1.036,1,0.954,0.88,0.24,0.64,0.64,0.453,0.202,0,1,O
1.036,1,0.954,0.88,0.24,0.64,0.64,0.453,0.202,0,1.036,1,0.954,0.88,0.24,0.64,0.64,0.453,0.202,0,1,O
1.022,1,0.97,0.913,0.22,0.575,0.575,0.488,0.135,0,1.022,1,0.97,0.913,0.22,0.575,0.575,0.488,0.135,0,1,O
1.022,1,0.97,0.913,0.22,0.575,0.575,0.488,0.135,0,1.022,1,0.97,0.913,0.22,0.575,0.575,0.488,0.135,0,1,O
1.045,0.999,0.955,0.886,0.232,0.643,0.575,0.455,0.203,0.129,1.045,0.999,0.955,0.886,0.232,0.643,0.575,0.455,0.203,0.129,1.414,O
1.045,0.999,0.955,0.886,0.232,0.643,0.575,0.455,0.203,0.129,1.045,0.999,0.955,0.886,0.232,0.643,0.575,0.455,0.203,0.129,1.414,O
1.022,0.985,0.955,0.903,0.267,0.652,0.637,0.5,0.177,0.079,1.022,0.985,0.955,0.903,0.267,0.652,0.637,0.5,0.177,0.079,1.414,O
1.022,0.985,0.955,0.903,0.267,0.652,0.637,0.5,0.177,0.079,1.022,0.985,0.955,0.903,0.267,0.652,0.637,0.5,0.177,0.079,1.414,O
1.024,1.001,0.97,0.897,0.244,0.707,0.614,0.533,0.124,0.124,1.024,1.001,0.97,0.897,0.244,0.707,0.614,0.533,0.124,0.124,2,O
1.024,1.001,0.97,0.897,0.244,0.707,0.614,0.533,0.124,0.124,1.024,1.001,0.97,0.897,0.244,0.707,0.614,0.533,0.124,0.124,2,O
1.033,1.031,0.939,0.9,0.243,0.651,0.544,0.369,0.253,0.126,1.033,1.031,0.939,0.9,0.243,0.651,0.544,0.369,0.253,0.126,1.414,O
1.033,1.031,0.939,0.9,0.243,0.651,0.544,0.369,0.253,0.126,1.033,1.031,0.939,0.9,0.243,0.651,0.544,0.369,0.253,0.126,1.414,O
1.018,1,0.941,0.904,0.244,0.614,0.614,0.362,0.277,0,1.018,1,0.941,0.904,0.244,0.614,0.614,0.362,0.277,0,1,O
1.018,1,0.941,0.904,0.244,0.614,0.614,0.362,0.277,0,1.018,1,0.941,0.904,0.244,0.614,0.614,0.362,0.277,0,1,O
1.033,1.014,0.941,0.905,0.269,0.732,0.566,0.333,0.256,0.181,1.033,1.014,0.941,0.905,0.269,0.732,0.566,0.333,0.256,0.181,1,O
1.033,1.014,0.941,0.905,0.269,0.732,0.566,0.333,0.256,0.181,1.033,1.014,0.941,0.905,0.269,0.732,0.566,0.333,0.256,0.181,1,O
1.081,1.016,0.969,0.934,0.273,0.678,0.598,0.443,0.164,0.082,1.081,1.016,0.969,0.934,0.273,0.678,0.598,0.443,0.164,0.082,1,O
1.081,1.016,0.969,0.934,0.273,0.678,0.598,0.443,0.164,0.082,1.081,1.016,0.969,0.934,0.273,0.678,0.598,0.443,0.164,0.082,1,O
0.975,0.985,0.914,0.848,0.226,0.738,0.764,0.447,0.379,0.089,0.975,0.985,0.914,0.848,0.226,0.738,0.764,0.447,0.379,0.089,1.414,O
0.975,0.985,0.914,0.848,0.226,0.738,0.764,0.447,0.379,0.089,0.975,0.985,0.914,0.848,0.226,0.738,0.764,0.447,0.379,0.089,1.414,O
0.975,0.985,0.914,0.848,0.226,0.738,0.764,0.447,0.379,0.089,0.975,0.985,0.914,0.848,0.226,0.738,0.764,0.447,0.379,0.089,1.414,O
0.975,0.985,0.914,0.848,0.226,0.738,0.764,0.447,0.379,0.089,0.975,0.985,0.914,0.848,0.226,0.738,0.764,0.447,0.379,0.089,1.414,O
0.975,0.985,0.914,0.848,0.226,0.738,0.764,0.447,0.379,0.089,0.975,0.985,0.914,0.848,0.226,0.738,0.764,0.447,0.379,0.089,1.414,O
0.975,0.985,0.914,0.848,0.226,0.738,0.764,0.447,0.379,0.089,0.975,0.985,0.914,0.848,0.226,0.738,0.764,0.447,0.379,0.089,1.414,O
1.029,0.985,0.957,0.933,0.289,0.613,0.592,0.482,0.161,0.072,1.029,0.985,0.957,0.933,0.289,0.613,0.592,0.482,0.161,0.072,0,O
1.029,0.985,0.957,0.933,0.289,0.613,0.592,0.482,0.161,0.072,1.029,0.985,0.957,0.933,0.289,0.613,0.592,0.482,0.161,0.072,0,O
1.333,2.006,0.816,0.706,0.628,2.448,0.482,0.187,0.296,2.111,1.333,2.006,0.816,0.706,0.628,2.448,0.482,0.187,0.296,2.111,33.615,P
1.3,1.933,0.832,0.684,0.619,2.419,0.527,0.259,0.272,2.064,1.3,1.933,0.832,0.684,0.619,2.419,0.527,0.259,0.272,2.064,35.847,P
1.311,1.936,0.819,0.698,0.613,2.374,0.5,0.215,0.295,2.042,1.311,1.936,0.819,0.698,0.613,2.374,0.5,0.215,0.295,2.042,34.176,P
1.311,1.951,0.834,0.698,0.613,2.408,0.5,0.231,0.272,2.081,1.311,1.951,0.834,0.698,0.613,2.408,0.5,0.231,0.272,2.081,38.949,P
1.283,1.955,0.834,0.726,0.557,2.612,0.5,0.205,0.299,2.278,1.283,1.955,0.834,0.726,0.557,2.612,0.5,0.205,0.299,2.278,37.59,P
1.361,2.002,0.828,0.689,0.673,2.279,0.465,0.216,0.257,2.003,1.361,2.002,0.828,0.689,0.673,2.279,0.465,0.216,0.257,2.003,37.59,P
1.341,2.013,0.84,0.715,0.626,2.458,0.464,0.219,0.255,2.147,1.341,2.013,0.84,0.715,0.626,2.458,0.464,0.219,0.255,2.147,36.715,P
1.305,1.958,0.83,0.693,0.614,2.471,0.512,0.237,0.278,2.141,1.305,1.958,0.83,0.693,0.614,2.471,0.512,0.237,0.278,2.141,38.079,P
1.324,2.012,0.813,0.688,0.638,2.448,0.508,0.215,0.296,2.079,1.324,2.012,0.813,0.688,0.638,2.448,0.508,0.215,0.296,2.079,36.359,P
1.352,1.987,0.845,0.722,0.63,2.411,0.462,0.215,0.25,2.073,1.352,1.987,0.845,0.722,0.63,2.411,0.462,0.215,0.25,2.073,39.115,P
1.353,2.055,0.803,0.689,0.666,2.416,0.482,0.203,0.296,2.079,1.353,2.055,0.803,0.689,0.666,2.416,0.482,0.203,0.296,2.079,38.079,P
1.354,1.973,0.827,0.715,0.639,2.345,0.455,0.187,0.272,2.042,1.354,1.973,0.827,0.715,0.639,2.345,0.455,0.187,0.272,2.042,38.275,P
1.353,2.012,0.826,0.717,0.638,2.419,0.463,0.203,0.272,2.079,1.353,2.012,0.826,0.717,0.638,2.419,0.463,0.203,0.272,2.079,37.59,P
1.351,2.025,0.812,0.703,0.651,2.432,0.471,0.199,0.29,2.111,1.351,2.025,0.812,0.703,0.651,2.432,0.471,0.199,0.29,2.111,37.736,P
1.296,1.927,0.819,0.714,0.583,2.503,0.505,0.213,0.31,2.162,1.296,1.927,0.819,0.714,0.583,2.503,0.505,0.213,0.31,2.162,35.847,P
1.34,1.995,0.831,0.709,0.633,2.398,0.471,0.211,0.267,2.073,1.34,1.995,0.831,0.709,0.633,2.398,0.471,0.211,0.267,2.073,37.736,P
1.34,2.032,0.842,0.729,0.611,2.525,0.456,0.195,0.262,2.203,1.34,2.032,0.842,0.729,0.611,2.525,0.456,0.195,0.262,2.203,39.446,P
1.347,2,0.825,0.701,0.647,2.408,0.48,0.215,0.272,2.073,1.347,2,0.825,0.701,0.647,2.408,0.48,0.215,0.272,2.073,38.588,P
1.327,2.008,0.826,0.717,0.611,2.528,0.483,0.212,0.284,2.179,1.327,2.008,0.826,0.717,0.611,2.528,0.483,0.212,0.284,2.179,39.661,P
1.364,2.064,0.822,0.712,0.656,2.486,0.463,0.203,0.272,2.149,1.364,2.064,0.822,0.712,0.656,2.486,0.463,0.203,0.272,2.149,39.962,P
1.324,2.008,0.826,0.7,0.624,2.471,0.492,0.22,0.278,2.133,1.324,2.008,0.826,0.7,0.624,2.471,0.492,0.22,0.278,2.133,38.588,P
1.325,1.985,0.827,0.687,0.639,2.411,0.5,0.231,0.272,2.089,1.325,1.985,0.827,0.687,0.639,2.411,0.5,0.231,0.272,2.089,39.962,P
1.38,2.093,0.837,0.709,0.672,2.422,0.452,0.21,0.245,2.085,1.38,2.093,0.837,0.709,0.672,2.422,0.452,0.21,0.245,2.085,38.471,P
1.325,2.005,0.827,0.699,0.626,2.461,0.486,0.209,0.277,2.163,1.325,2.005,0.827,0.699,0.626,2.461,0.486,0.209,0.277,2.163,35.355,P
1.338,2.001,0.827,0.703,0.637,2.457,0.482,0.215,0.272,2.135,1.338,2.001,0.827,0.703,0.637,2.457,0.482,0.215,0.272,2.135,39.115,P
1.338,1.985,0.798,0.687,0.652,2.362,0.49,0.183,0.31,2.046,1.338,1.985,0.798,0.687,0.652,2.362,0.49,0.183,0.31,2.046,38.079,P
1.333,1.995,0.795,0.685,0.649,2.411,0.506,0.202,0.317,2.05,1.333,1.995,0.795,0.685,0.649,2.411,0.506,0.202,0.317,2.05,39.446,P
1.343,2.011,0.812,0.701,0.645,2.454,0.482,0.187,0.296,2.126,1.343,2.011,0.812,0.701,0.645,2.454,0.482,0.187,0.296,2.126,39.446,P
1.333,1.994,0.801,0.678,0.657,2.378,0.504,0.206,0.304,2.042,1.333,1.994,0.801,0.678,0.657,2.378,0.504,0.206,0.304,2.042,36.62,P
1.327,2.008,0.813,0.705,0.624,2.507,0.501,0.208,0.302,2.133,1.327,2.008,0.813,0.705,0.624,2.507,0.501,0.208,0.302,2.133,40.311,P
1.353,2.008,0.813,0.717,0.638,2.422,0.463,0.173,0.296,2.087,1.353,2.008,0.813,0.717,0.638,2.422,0.463,0.173,0.296,2.087,38.588,P
1.344,1.953,0.817,0.68,0.664,2.251,0.487,0.216,0.276,1.952,1.344,1.953,0.817,0.68,0.664,2.251,0.487,0.216,0.276,1.952,39.661,P
1.315,1.932,0.803,0.681,0.635,2.331,0.514,0.21,0.31,1.986,1.315,1.932,0.803,0.681,0.635,2.331,0.514,0.21,0.31,1.986,40.719,P
1.336,1.952,0.829,0.69,0.646,2.284,0.488,0.225,0.265,1.955,1.336,1.952,0.829,0.69,0.646,2.284,0.488,0.225,0.265,1.955,39.115,P
1.333,1.958,0.814,0.693,0.642,2.362,0.49,0.21,0.289,2.046,1.333,1.958,0.814,0.693,0.642,2.362,0.49,0.21,0.289,2.046,38.588,P
1.327,1.988,0.813,0.688,0.64,2.411,0.506,0.215,0.295,2.05,1.327,1.988,0.813,0.688,0.64,2.411,0.506,0.215,0.295,2.05,39.357,P
1.341,1.985,0.798,0.687,0.654,2.353,0.488,0.182,0.309,2.038,1.341,1.985,0.798,0.687,0.654,2.353,0.488,0.182,0.309,2.038,40.224,P
1.302,1.95,0.786,0.681,0.626,2.46,0.527,0.203,0.342,2.115,1.302,1.95,0.786,0.681,0.626,2.46,0.527,0.203,0.342,2.115,38.588,P
1.316,1.957,0.804,0.684,0.634,2.391,0.514,0.21,0.31,2.038,1.316,1.957,0.804,0.684,0.634,2.391,0.514,0.21,0.31,2.038,39.115,P
1.343,2.016,0.809,0.684,0.661,2.391,0.49,0.21,0.289,2.069,1.343,2.016,0.809,0.684,0.661,2.391,0.49,0.21,0.289,2.069,36.359,P
1.316,1.957,0.804,0.695,0.621,2.408,0.5,0.187,0.317,2.081,1.316,1.957,0.804,0.695,0.621,2.408,0.5,0.187,0.317,2.081,41.183,P
1.336,1.962,0.801,0.662,0.674,2.249,0.51,0.216,0.296,1.916,1.336,1.962,0.801,0.662,0.674,2.249,0.51,0.216,0.296,1.916,37.216,P
1.333,1.962,0.816,0.694,0.642,2.367,0.497,0.211,0.29,2.012,1.333,1.962,0.816,0.694,0.642,2.367,0.497,0.211,0.29,2.012,36.359,P
1.323,1.943,0.816,0.678,0.646,2.319,0.512,0.225,0.288,1.97,1.323,1.943,0.816,0.678,0.646,2.319,0.512,0.225,0.288,1.97,40.497,P
1.348,2.044,0.806,0.69,0.658,2.408,0.476,0.187,0.295,2.112,1.348,2.044,0.806,0.69,0.658,2.408,0.476,0.187,0.295,2.112,39.962,P
1.314,2.011,0.796,0.672,0.645,2.483,0.527,0.215,0.318,2.126,1.314,2.011,0.796,0.672,0.645,2.483,0.527,0.215,0.318,2.126,37.443,P
1.309,1.98,0.783,0.673,0.637,2.443,0.521,0.187,0.34,2.128,1.309,1.98,0.783,0.673,0.637,2.443,0.521,0.187,0.34,2.128,40.817,P
1.311,1.964,0.826,0.7,0.611,2.462,0.503,0.225,0.284,2.123,1.311,1.964,0.826,0.7,0.611,2.462,0.503,0.225,0.284,2.123,39.115,P
1.302,1.93,0.799,0.66,0.642,2.331,0.532,0.226,0.314,2.033,1.302,1.93,0.799,0.66,0.642,2.331,0.532,0.226,0.314,2.033,39.115,P
1.307,1.978,0.816,0.694,0.615,2.507,0.519,0.22,0.302,2.141,1.307,1.978,0.816,0.694,0.615,2.507,0.519,0.22,0.302,2.141,39.962,P
1.305,1.935,0.773,0.681,0.627,2.422,0.527,0.173,0.363,2.073,1.305,1.935,0.773,0.681,0.627,2.422,0.527,0.173,0.363,2.073,39.962,P
1.296,1.998,0.779,0.705,0.656,1.97,0.551,0.231,0.351,1.652,1.296,1.998,0.779,0.705,0.656,1.97,0.551,0.231,0.351,1.652,30.676,Q
1.336,1.951,0.763,0.692,0.723,1.75,0.551,0.216,0.356,1.367,1.336,1.951,0.763,0.692,0.723,1.75,0.551,0.216,0.356,1.367,26,Q
1.405,2.171,0.774,0.738,0.801,1.799,0.546,0.237,0.335,1.557,1.405,2.171,0.774,0.738,0.801,1.799,0.546,0.237,0.335,1.557,27.893,Q
1.329,1.966,0.766,0.698,0.687,1.844,0.532,0.179,0.366,1.487,1.329,1.966,0.766,0.698,0.687,1.844,0.532,0.179,0.366,1.487,27.857,Q
1.336,1.866,0.792,0.713,0.679,1.706,0.516,0.23,0.316,1.311,1.336,1.866,0.792,0.713,0.679,1.706,0.516,0.23,0.316,1.311,25.632,Q
1.307,1.999,0.77,0.727,0.694,1.835,0.562,0.251,0.356,1.546,1.307,1.999,0.77,0.727,0.694,1.835,0.562,0.251,0.356,1.546,30.083,Q
1.405,1.931,0.761,0.703,0.801,1.558,0.529,0.218,0.333,1.2,1.405,1.931,0.761,0.703,0.801,1.558,0.529,0.218,0.333,1.2,25.632,Q
1.251,1.948,0.788,0.687,0.624,2.023,0.623,0.25,0.378,1.67,1.251,1.948,0.788,0.687,0.624,2.023,0.623,0.25,0.378,1.67,28.636,Q
1.322,1.983,0.766,0.687,0.702,1.852,0.586,0.259,0.355,1.48,1.322,1.983,0.766,0.687,0.702,1.852,0.586,0.259,0.355,1.48,25.495,Q
1.339,1.988,0.762,0.701,0.696,1.851,0.57,0.238,0.365,1.502,1.339,1.988,0.762,0.701,0.696,1.851,0.57,0.238,0.365,1.502,27.313,Q
1.388,2.075,0.769,0.74,0.743,1.803,0.524,0.221,0.344,1.529,1.388,2.075,0.769,0.74,0.743,1.803,0.524,0.221,0.344,1.529,27.857,Q
1.323,2.089,0.767,0.685,0.738,1.904,0.566,0.238,0.345,1.577,1.323,2.089,0.767,0.685,0.738,1.904,0.566,0.238,0.345,1.577,28.46,Q
1.365,2.006,0.803,0.762,0.679,1.833,0.501,0.206,0.322,1.593,1.365,2.006,0.803,0.762,0.679,1.833,0.501,0.206,0.322,1.593,27.857,Q
1.32,2.133,0.782,0.751,0.645,2.145,0.554,0.252,0.359,1.922,1.32,2.133,0.782,0.751,0.645,2.145,0.554,0.252,0.359,1.922,29.547,Q
1.356,1.965,0.746,0.687,0.745,1.72,0.552,0.218,0.364,1.375,1.356,1.965,0.746,0.687,0.745,1.72,0.552,0.218,0.364,1.375,25.08,Q
1.314,1.978,0.766,0.687,0.7,1.849,0.587,0.26,0.356,1.488,1.314,1.978,0.766,0.687,0.7,1.849,0.587,0.26,0.356,1.488,27.295,Q
1.214,1.849,0.706,0.644,0.643,1.875,0.677,0.216,0.487,1.447,1.214,1.849,0.706,0.644,0.643,1.875,0.677,0.216,0.487,1.447,26.077,Q
1.329,1.86,0.784,0.743,0.702,1.6,0.553,0.244,0.343,1.31,1.329,1.86,0.784,0.743,0.702,1.6,0.553,0.244,0.343,1.31,26.571,Q
1.362,2.056,0.779,0.699,0.753,1.805,0.539,0.252,0.314,1.493,1.362,2.056,0.779,0.699,0.753,1.805,0.539,0.252,0.314,1.493,26.833,Q
1.401,2.056,0.79,0.732,0.754,1.759,0.514,0.225,0.312,1.491,1.401,2.056,0.79,0.732,0.754,1.759,0.514,0.225,0.312,1.491,25.08,Q
1.303,1.923,0.777,0.7,0.686,1.782,0.57,0.252,0.345,1.457,1.303,1.923,0.777,0.7,0.686,1.782,0.57,0.252,0.345,1.457,25.08,Q
1.41,2.195,0.79,0.748,0.754,1.92,0.523,0.244,0.312,1.722,1.41,2.195,0.79,0.748,0.754,1.92,0.523,0.244,0.312,1.722,25.06,Q
1.348,1.965,0.8,0.735,0.706,1.744,0.554,0.269,0.312,1.475,1.348,1.965,0.8,0.735,0.706,1.744,0.554,0.269,0.312,1.475,25.495,Q
1.436,2.038,0.807,0.811,0.69,1.78,0.447,0.201,0.31,1.632,1.436,2.038,0.807,0.811,0.69,1.78,0.447,0.201,0.31,1.632,23.77,Q
1.344,2.1,0.754,0.741,0.688,1.976,0.535,0.221,0.381,1.751,1.344,2.1,0.754,0.741,0.688,1.976,0.535,0.221,0.381,1.751,26.926,Q
1.299,1.791,0.774,0.692,0.692,1.587,0.57,0.252,0.345,1.256,1.299,1.791,0.774,0.692,0.692,1.587,0.57,0.252,0.345,1.256,28.862,Q
1.307,1.899,0.79,0.711,0.643,1.846,0.553,0.23,0.345,1.484,1.307,1.899,0.79,0.711,0.643,1.846,0.553,0.23,0.345,1.484,26,Q
1.341,2.114,0.756,0.675,0.759,1.896,0.595,0.26,0.355,1.62,1.341,2.114,0.756,0.675,0.759,1.896,0.595,0.26,0.355,1.62,26.401,Q
1.33,2.019,0.773,0.693,0.727,1.825,0.576,0.252,0.344,1.526,1.33,2.019,0.773,0.693,0.727,1.825,0.576,0.252,0.344,1.526,26,Q
1.392,2.048,0.758,0.716,0.754,1.767,0.508,0.2,0.344,1.514,1.392,2.048,0.758,0.716,0.754,1.767,0.508,0.2,0.344,1.514,25.632,Q
1.388,2.107,0.769,0.723,0.766,1.808,0.537,0.237,0.333,1.572,1.388,2.107,0.769,0.723,0.766,1.808,0.537,0.237,0.333,1.572,26.401,Q
1.309,1.87,0.736,0.698,0.7,1.675,0.57,0.2,0.407,1.344,1.309,1.87,0.736,0.698,0.7,1.675,0.57,0.2,0.407,1.344,26,Q
1.32,1.973,0.77,0.689,0.707,1.816,0.57,0.252,0.345,1.516,1.32,1.973,0.77,0.689,0.707,1.816,0.57,0.252,0.345,1.516,26.926,Q
1.364,1.988,0.766,0.687,0.747,1.744,0.551,0.243,0.333,1.424,1.364,1.988,0.766,0.687,0.747,1.744,0.551,0.243,0.333,1.424,24.352,Q
1.341,1.987,0.78,0.721,0.706,1.793,0.546,0.225,0.344,1.544,1.341,1.987,0.78,0.721,0.706,1.793,0.546,0.225,0.344,1.544,26,Q
1.348,2.044,0.733,0.688,0.706,1.925,0.535,0.166,0.399,1.628,1.348,2.044,0.733,0.688,0.706,1.925,0.535,0.166,0.399,1.628,26.249,Q
1.39,2.136,0.745,0.702,0.773,1.857,0.553,0.265,0.345,1.639,1.39,2.136,0.745,0.702,0.773,1.857,0.553,0.265,0.345,1.639,25.632,Q
1.351,2.046,0.753,0.693,0.75,1.804,0.559,0.219,0.364,1.539,1.351,2.046,0.753,0.693,0.75,1.804,0.559,0.219,0.364,1.539,27.313,Q
1.392,2.013,0.754,0.679,0.817,1.649,0.536,0.237,0.325,1.29,1.392,2.013,0.754,0.679,0.817,1.649,0.536,0.237,0.325,1.29,25.298,Q
1.245,1.774,0.776,0.685,0.632,1.722,0.62,0.304,0.36,1.377,1.245,1.774,0.776,0.685,0.632,1.722,0.62,0.304,0.36,1.377,26.476,Q
1.347,2.001,0.771,0.684,0.72,1.829,0.536,0.223,0.334,1.491,1.347,2.001,0.771,0.684,0.72,1.829,0.536,0.223,0.334,1.491,26.571,Q
1.329,2.003,0.774,0.729,0.701,1.82,0.545,0.244,0.345,1.551,1.329,2.003,0.774,0.729,0.701,1.82,0.545,0.244,0.345,1.551,24.352,Q
1.401,2.015,0.761,0.684,0.769,1.73,0.502,0.224,0.317,1.419,1.401,2.015,0.761,0.684,0.769,1.73,0.502,0.224,0.317,1.419,24.739,Q
1.384,2.043,0.768,0.701,0.756,1.775,0.529,0.218,0.333,1.49,1.384,2.043,0.768,0.701,0.756,1.775,0.529,0.218,0.333,1.49,24.597,Q
1.457,2.131,0.779,0.724,0.822,1.715,0.518,0.237,0.304,1.49,1.457,2.131,0.779,0.724,0.822,1.715,0.518,0.237,0.304,1.49,22.847,Q
1.326,1.972,0.756,0.703,0.703,1.806,0.584,0.244,0.375,1.526,1.326,1.972,0.756,0.703,0.703,1.806,0.584,0.244,0.375,1.526,25.962,Q
1.315,2.07,0.747,0.66,0.721,1.958,0.583,0.26,0.36,1.645,1.315,2.07,0.747,0.66,0.721,1.958,0.583,0.26,0.36,1.645,27.313,Q
1.337,2.063,0.769,0.707,0.72,1.884,0.563,0.233,0.355,1.594,1.337,2.063,0.769,0.707,0.72,1.884,0.563,0.233,0.355,1.594,28.231,Q
1.384,2.016,0.779,0.751,0.71,1.781,0.51,0.252,0.324,1.537,1.384,2.016,0.779,0.751,0.71,1.781,0.51,0.252,0.324,1.537,26.571,Q
1.301,1.903,0.711,0.66,0.727,1.721,0.601,0.244,0.411,1.304,1.301,1.903,0.711,0.66,0.727,1.721,0.601,0.244,0.411,1.304,26.249,Q
1.344,2.04,0.806,0.695,0.734,1.832,0.559,0.259,0.305,1.547,1.344,2.04,0.806,0.695,0.734,1.832,0.559,0.259,0.305,1.547,26.249,Q
1.508,2.053,0.799,0.644,0.915,1.543,0.437,0.204,0.235,1.243,1.508,2.053,0.799,0.644,0.915,1.543,0.437,0.204,0.235,1.243,47.424,R
1.458,1.402,0.763,0.729,0.767,0.914,0.412,0.114,0.323,0.524,1.458,1.402,0.763,0.729,0.767,0.914,0.412,0.114,0.323,0.524,46.098,R
1.451,1.927,0.803,0.653,0.852,1.499,0.464,0.216,0.249,1.114,1.451,1.927,0.803,0.653,0.852,1.499,0.464,0.216,0.249,1.114,46.615,R
1.368,1.71,0.788,0.656,0.737,1.43,0.504,0.2,0.304,1.008,1.368,1.71,0.788,0.656,0.737,1.43,0.504,0.2,0.304,1.008,44.011,R
1.456,1.276,0.771,0.669,0.836,0.793,0.451,0.171,0.287,0.343,1.456,1.276,0.771,0.669,0.836,0.793,0.451,0.171,0.287,0.343,48.754,R
1.561,1.745,0.812,0.661,0.95,1.143,0.396,0.196,0.204,0.814,1.561,1.745,0.812,0.661,0.95,1.143,0.396,0.196,0.204,0.814,44.777,R
1.579,2.115,0.762,0.649,0.974,1.507,0.416,0.168,0.255,1.22,1.579,2.115,0.762,0.649,0.974,1.507,0.416,0.168,0.255,1.22,45.618,R
1.407,1.911,0.759,0.629,0.81,1.586,0.516,0.214,0.309,1.249,1.407,1.911,0.759,0.629,0.81,1.586,0.516,0.214,0.309,1.249,46.065,R
1.434,1.563,0.791,0.687,0.789,1.109,0.448,0.181,0.275,0.769,1.434,1.563,0.791,0.687,0.789,1.109,0.448,0.181,0.275,0.769,49.193,R
1.474,1.914,0.763,0.66,0.893,1.406,0.468,0.2,0.281,1.091,1.474,1.914,0.763,0.66,0.893,1.406,0.468,0.2,0.281,1.091,46.957,R
1.465,1.844,0.788,0.663,0.842,1.402,0.448,0.179,0.27,1.062,1.465,1.844,0.788,0.663,0.842,1.402,0.448,0.179,0.27,1.062,47.539,R
1.485,2.104,0.767,0.671,0.878,1.633,0.449,0.189,0.276,1.338,1.485,2.104,0.767,0.671,0.878,1.633,0.449,0.189,0.276,1.338,48.104,R
1.394,1.486,0.771,0.669,0.782,1.067,0.482,0.183,0.307,0.626,1.394,1.486,0.771,0.669,0.782,1.067,0.482,0.183,0.307,0.626,48.466,R
1.467,2.087,0.787,0.627,0.89,1.647,0.496,0.235,0.262,1.38,1.467,2.087,0.787,0.627,0.89,1.647,0.496,0.235,0.262,1.38,48.466,R
1.382,1.327,0.791,0.687,0.739,0.912,0.479,0.194,0.294,0.444,1.382,1.327,0.791,0.687,0.739,0.912,0.479,0.194,0.294,0.444,47.539,R
1.485,2.178,0.803,0.671,0.878,1.717,0.449,0.212,0.242,1.421,1.485,2.178,0.803,0.671,0.878,1.717,0.449,0.212,0.242,1.421,47.424,R
1.453,1.689,0.788,0.661,0.841,1.228,0.453,0.2,0.261,0.841,1.453,1.689,0.788,0.661,0.841,1.228,0.453,0.2,0.261,0.841,47.424,R
1.382,1.596,0.771,0.636,0.789,1.217,0.51,0.209,0.304,0.811,1.382,1.596,0.771,0.636,0.789,1.217,0.51,0.209,0.304,0.811,46.615,R
1.556,1.356,0.835,0.706,0.922,0.745,0.377,0.19,0.19,0.386,1.556,1.356,0.835,0.706,0.922,0.745,0.377,0.19,0.19,0.386,51.43,R
1.509,2.172,0.795,0.631,0.929,1.66,0.463,0.234,0.234,1.358,1.509,2.172,0.795,0.631,0.929,1.66,0.463,0.234,0.234,1.358,48.466,R
1.349,1.616,0.783,0.698,0.702,1.307,0.498,0.169,0.333,0.949,1.349,1.616,0.783,0.698,0.702,1.307,0.498,0.169,0.333,0.949,48.847,R
1.515,2.061,0.78,0.645,0.923,1.534,0.451,0.199,0.255,1.242,1.515,2.061,0.78,0.645,0.923,1.534,0.451,0.199,0.255,1.242,47.424,R
1.475,1.493,0.788,0.661,0.864,0.972,0.441,0.195,0.254,0.585,1.475,1.493,0.788,0.661,0.864,0.972,0.441,0.195,0.254,0.585,50.567,R
1.446,1.543,0.826,0.698,0.814,1.038,0.424,0.213,0.22,0.712,1.446,1.543,0.826,0.698,0.814,1.038,0.424,0.213,0.22,0.712,49.396,R
1.501,1.318,0.792,0.664,0.893,0.767,0.44,0.195,0.249,0.359,1.501,1.318,0.792,0.664,0.893,0.767,0.44,0.195,0.249,0.359,50.16,R
1.684,1.407,0.815,0.707,1.052,0.7,0.342,0.166,0.186,0.387,1.684,1.407,0.815,0.707,1.052,0.7,0.342,0.166,0.186,0.387,51.478,R
1.56,2.295,0.811,0.65,0.981,1.683,0.41,0.204,0.207,1.437,1.56,2.295,0.811,0.65,0.981,1.683,0.41,0.204,0.207,1.437,49.769,R
1.542,2.274,0.806,0.653,0.961,1.688,0.436,0.204,0.233,1.404,1.542,2.274,0.806,0.653,0.961,1.688,0.436,0.204,0.233,1.404,47.539,R
1.442,1.325,0.778,0.633,0.835,0.832,0.458,0.197,0.267,0.4,1.442,1.325,0.778,0.633,0.835,0.832,0.458,0.197,0.267,0.4,51.078,R
1.479,2.003,0.813,0.656,0.864,1.579,0.425,0.211,0.219,1.292,1.479,2.003,0.813,0.656,0.864,1.579,0.425,0.211,0.219,1.292,51.078,R
1.383,1.72,0.763,0.62,0.802,1.372,0.513,0.21,0.306,0.959,1.383,1.72,0.763,0.62,0.802,1.372,0.513,0.21,0.306,0.959,48.466,R
1.417,1.82,0.799,0.657,0.795,1.542,0.468,0.204,0.265,1.364,1.417,1.82,0.799,0.657,0.795,1.542,0.468,0.204,0.265,1.364,51.078,R
1.437,1.228,0.82,0.713,0.786,0.727,0.423,0.184,0.244,0.304,1.437,1.228,0.82,0.713,0.786,0.727,0.423,0.184,0.244,0.304,51.078,R
1.504,1.94,0.816,0.666,0.911,1.442,0.403,0.2,0.208,1.253,1.504,1.94,0.816,0.666,0.911,1.442,0.403,0.2,0.208,1.253,52,R
1.501,1.227,0.857,0.726,0.846,0.675,0.382,0.208,0.179,0.294,1.501,1.227,0.857,0.726,0.846,0.675,0.382,0.208,0.179,0.294,50.695,R
1.466,1.794,0.809,0.652,0.889,1.285,0.428,0.212,0.221,0.921,1.466,1.794,0.809,0.652,0.889,1.285,0.428,0.212,0.221,0.921,52.555,R
1.44,1.376,0.784,0.638,0.857,0.864,0.458,0.21,0.256,0.474,1.44,1.376,0.784,0.638,0.857,0.864,0.458,0.21,0.256,0.474,49.396,R
1.515,2.166,0.822,0.65,0.911,1.673,0.413,0.207,0.207,1.369,1.515,2.166,0.822,0.65,0.911,1.673,0.413,0.207,0.207,1.369,49.769,R
1.517,1.891,0.776,0.641,0.941,1.33,0.453,0.2,0.256,1.013,1.517,1.891,0.776,0.641,0.941,1.33,0.453,0.2,0.256,1.013,48.466,R
1.453,1.227,0.795,0.676,0.819,0.7,0.435,0.189,0.256,0.277,1.453,1.227,0.795,0.676,0.819,0.7,0.435,0.189,0.256,0.277,49.98,R
1.526,1.343,0.818,0.695,0.927,0.769,0.413,0.214,0.208,0.372,1.526,1.343,0.818,0.695,0.927,0.769,0.413,0.214,0.208,0.372,50.695,R
1.469,1.958,0.791,0.634,0.901,1.473,0.466,0.217,0.25,1.193,1.469,1.958,0.791,0.634,0.901,1.473,0.466,0.217,0.25,1.193,48.104,R
1.506,1.967,0.795,0.673,0.892,1.482,0.423,0.184,0.243,1.298,1.506,1.967,0.795,0.673,0.892,1.482,0.423,0.184,0.243,1.298,50.329,R
1.164,1.538,0.713,0.546,0.682,1.48,0.681,0.274,0.421,0.993,1.164,1.538,0.713,0.546,0.682,1.48,0.681,0.274,0.421,0.993,51.078,R
1.566,1.282,0.791,0.634,0.962,0.709,0.4,0.172,0.228,0.311,1.566,1.282,0.791,0.634,0.962,0.709,0.4,0.172,0.228,0.311,50.16,R
1.49,2.359,0.785,0.585,0.948,1.882,0.494,0.247,0.247,1.602,1.49,2.359,0.785,0.585,0.948,1.882,0.494,0.247,0.247,1.602,48.104,R
1.454,1.405,0.78,0.645,0.885,0.941,0.47,0.208,0.266,0.473,1.454,1.405,0.78,0.645,0.885,0.941,0.47,0.208,0.266,0.473,50.695,R
1.537,1.39,0.822,0.699,0.877,0.823,0.389,0.182,0.212,0.445,1.537,1.39,0.822,0.699,0.877,0.823,0.389,0.182,0.212,0.445,47.76,R
1.562,2.325,0.766,0.607,1.002,1.748,0.458,0.216,0.246,1.593,1.562,2.325,0.766,0.607,1.002,1.748,0.458,0.216,0.246,1.593,46.84,R
1.489,1.943,0.803,0.658,0.896,1.466,0.415,0.179,0.237,1.235,1.489,1.943,0.803,0.658,0.896,1.466,0.415,0.179,0.237,1.235,51.865,R
1.486,1.726,0.806,0.655,0.872,1.228,0.437,0.204,0.235,0.891,1.486,1.726,0.806,0.655,0.872,1.228,0.437,0.204,0.235,0.891,49.336,R
0.963,1,1.137,1.767,0.859,1.423,1.423,1.191,0.251,0,0.963,1,1.137,1.767,0.859,1.423,1.423,1.191,0.251,0,77.833,S
0.982,0.967,1.155,1.81,0.886,1.48,1.46,1.202,0.279,0.039,0.982,0.967,1.155,1.81,0.886,1.48,1.46,1.202,0.279,0.039,78.746,S
1.128,0.988,1.185,1.81,0.728,1.864,1.83,1.519,0.364,0.036,1.128,0.988,1.185,1.81,0.728,1.864,1.83,1.519,0.364,0.036,70.576,S
1.209,1.052,1.234,1.987,0.783,1.938,1.922,1.566,0.412,0.072,1.209,1.052,1.234,1.987,0.783,1.938,1.922,1.566,0.412,0.072,69.921,S
0.898,0.924,1.356,1.648,0.805,1.474,1.344,0.612,0.75,0.145,0.898,0.924,1.356,1.648,0.805,1.474,1.344,0.612,0.75,0.145,76.243,S
0.95,0.972,1.2,1.73,0.834,1.599,1.516,1.15,0.4,0.086,0.95,0.972,1.2,1.73,0.834,1.599,1.516,1.15,0.4,0.086,76.922,S
1.007,0.968,1.176,1.771,0.841,1.531,1.511,1.157,0.371,0.04,1.007,0.968,1.176,1.771,0.841,1.531,1.511,1.157,0.371,0.04,75.769,S
1.05,1,1.225,1.732,0.713,1.673,1.673,1.162,0.533,0,1.05,1,1.225,1.732,0.713,1.673,1.673,1.162,0.533,0,72.422,S
0.9,0.989,1.19,1.734,0.914,1.407,1.382,0.968,0.424,0.026,0.9,0.989,1.19,1.734,0.914,1.407,1.382,0.968,0.424,0.026,77.253,S
0.945,0.978,1.132,1.718,0.871,1.443,1.391,1.103,0.298,0.054,0.945,0.978,1.132,1.718,0.871,1.443,1.391,1.103,0.298,0.054,72.498,S
0.948,0.968,1.166,1.705,0.813,1.455,1.436,1.077,0.372,0.04,0.948,0.968,1.166,1.705,0.813,1.455,1.436,1.077,0.372,0.04,76.217,S
0.906,0.923,1.269,1.711,0.885,1.476,1.414,0.92,0.528,0.1,0.906,0.923,1.269,1.711,0.885,1.476,1.414,0.92,0.528,0.1,79.379,S
0.958,0.977,1.219,1.759,0.851,1.509,1.454,1.049,0.428,0.057,0.958,0.977,1.219,1.759,0.851,1.509,1.454,1.049,0.428,0.057,76.538,S
0.914,0.945,1.208,1.794,0.917,1.45,1.436,1.119,0.352,0.06,0.914,0.945,1.208,1.794,0.917,1.45,1.436,1.119,0.352,0.06,79.404,S
0.946,0.944,1.203,1.776,0.873,1.491,1.478,1.174,0.346,0.064,0.946,0.944,1.203,1.776,0.873,1.491,1.478,1.174,0.346,0.064,76.922,S
0.972,0.934,1.199,1.776,0.87,1.524,1.483,1.14,0.372,0.081,0.972,0.934,1.199,1.776,0.87,1.524,1.483,1.14,0.372,0.081,75.961,S
0.888,0.936,1.456,1.63,0.789,1.489,1.389,0.526,0.92,0.118,0.888,0.936,1.456,1.63,0.789,1.489,1.389,0.526,0.92,0.118,73.389,S
0.963,0.979,1.187,1.673,0.793,1.523,1.533,1.156,0.411,0.029,0.963,0.979,1.187,1.673,0.793,1.523,1.533,1.156,0.411,0.029,75.611,S
1.079,0.953,1.461,1.682,0.632,1.943,1.803,0.763,1.116,0.148,1.079,0.953,1.461,1.682,0.632,1.943,1.803,0.763,1.116,0.148,70.52,S
0.897,0.891,1.173,1.737,0.901,1.434,1.409,1.077,0.351,0.121,0.897,0.891,1.173,1.737,0.901,1.434,1.409,1.077,0.351,0.121,78.16,S
0.994,0.978,1.159,1.824,0.891,1.522,1.467,1.2,0.287,0.057,0.994,0.978,1.159,1.824,0.891,1.522,1.467,1.2,0.287,0.057,77.201,S
0.897,0.968,1.403,1.649,0.843,1.418,1.341,0.638,0.758,0.081,0.897,0.968,1.403,1.649,0.843,1.418,1.341,0.638,0.758,0.081,79.699,S
0.937,0.979,1.157,1.716,0.862,1.463,1.411,1.104,0.324,0.054,0.937,0.979,1.157,1.716,0.862,1.463,1.411,1.104,0.324,0.054,79.712,S
1.106,1,1.165,1.867,0.832,1.652,1.652,1.364,0.314,0,1.106,1,1.165,1.867,0.832,1.652,1.652,1.364,0.314,0,75.027,S
1.148,1,1.191,1.825,0.712,1.897,1.897,1.505,0.43,0,1.148,1,1.191,1.825,0.712,1.897,1.897,1.505,0.43,0,69.289,S
1.135,0.964,1.435,1.797,0.686,1.953,1.847,0.944,0.961,0.111,1.135,0.964,1.435,1.797,0.686,1.953,1.847,0.944,0.961,0.111,69.893,S
1.024,0.945,1.22,1.751,0.779,1.627,1.543,1.016,0.534,0.099,1.024,0.945,1.22,1.751,0.779,1.627,1.543,1.016,0.534,0.099,75.584,S
0.97,0.979,1.221,1.878,0.956,1.481,1.428,1.071,0.377,0.054,0.97,0.979,1.221,1.878,0.956,1.481,1.428,1.071,0.377,0.054,78.16,S
1.052,0.992,1.18,1.79,0.763,1.597,1.636,1.312,0.355,0.045,1.052,0.992,1.18,1.79,0.763,1.597,1.636,1.312,0.355,0.045,73.082,S
0.897,0.927,1.428,1.608,0.825,1.493,1.374,0.625,0.832,0.141,0.897,0.927,1.428,1.608,0.825,1.493,1.374,0.625,0.832,0.141,78.109,S
0.946,0.955,1.188,1.808,0.916,1.487,1.44,1.097,0.361,0.062,0.946,0.955,1.188,1.808,0.916,1.487,1.44,1.097,0.361,0.062,80.081,S
1.03,0.967,1.285,1.673,0.665,1.792,1.69,0.966,0.746,0.106,1.03,0.967,1.285,1.673,0.665,1.792,1.69,0.966,0.746,0.106,71.169,S
0.979,1.012,1.22,1.728,0.802,1.494,1.523,1.138,0.425,0.03,0.979,1.012,1.22,1.728,0.802,1.494,1.523,1.138,0.425,0.03,74.33,S
0.939,0.991,1.127,1.672,0.772,1.48,1.518,1.233,0.302,0.043,0.939,0.991,1.127,1.672,0.772,1.48,1.518,1.233,0.302,0.043,74.726,S
0.949,0.92,1.323,1.595,0.685,1.644,1.497,0.703,0.817,0.17,0.949,0.92,1.323,1.595,0.685,1.644,1.497,0.703,0.817,0.17,72.125,S
0.928,0.979,1.161,1.688,0.818,1.543,1.487,1.158,0.353,0.059,0.928,0.979,1.161,1.688,0.818,1.543,1.487,1.158,0.353,0.059,75.961,S
1.023,0.965,1.475,1.546,0.6,1.838,1.737,0.528,1.315,0.11,1.023,0.965,1.475,1.546,0.6,1.838,1.737,0.528,1.315,0.11,70.838,S
0.978,1.012,1.177,1.826,0.885,1.432,1.46,1.167,0.314,0.028,0.978,1.012,1.177,1.826,0.885,1.432,1.46,1.167,0.314,0.028,76.243,S
1.019,0.966,1.204,1.853,0.901,1.51,1.488,1.137,0.372,0.04,1.019,0.966,1.204,1.853,0.901,1.51,1.488,1.137,0.372,0.04,76.538,S
0.969,0.966,1.335,1.763,0.905,1.467,1.387,0.844,0.582,0.083,0.969,0.966,1.335,1.763,0.905,1.467,1.387,0.844,0.582,0.083,81.744,S
0.972,0.937,1.234,1.792,0.894,1.576,1.477,1.131,0.393,0.115,0.972,0.937,1.234,1.792,0.894,1.576,1.477,1.131,0.393,0.115,80.081,S
1.238,1.048,1.182,1.902,0.694,2.065,2.047,1.698,0.391,0.077,1.238,1.048,1.182,1.902,0.694,2.065,2.047,1.698,0.391,0.077,67.779,S
0.975,0.936,1.493,1.583,0.646,1.744,1.626,0.415,1.271,0.142,0.975,0.936,1.493,1.583,0.646,1.744,1.626,0.415,1.271,0.142,72.125,S
0.902,1.02,1.2,1.657,0.795,1.49,1.419,1.055,0.398,0.08,0.902,1.02,1.2,1.657,0.795,1.49,1.419,1.055,0.398,0.08,78.339,S
1.157,0.99,1.142,1.812,0.703,1.967,1.933,1.514,0.43,0.036,1.157,0.99,1.142,1.812,0.703,1.967,1.933,1.514,0.43,0.036,70.228,S
1.129,1,1.202,1.883,0.806,1.759,1.689,1.366,0.36,0.072,1.129,1,1.202,1.883,0.806,1.759,1.689,1.366,0.36,0.072,72.801,S
1.063,0.977,1.173,1.798,0.812,1.637,1.645,1.255,0.406,0.031,1.063,0.977,1.173,1.798,0.812,1.637,1.645,1.255,0.406,0.031,75.611,S
0.984,0.979,1.272,1.704,0.783,1.555,1.498,0.934,0.589,0.059,0.984,0.979,1.272,1.704,0.783,1.555,1.498,0.934,0.589,0.059,74.947,S
0.978,0.955,1.226,1.811,0.88,1.529,1.481,1.112,0.4,0.064,0.978,0.955,1.226,1.811,0.88,1.529,1.481,1.112,0.4,0.064,77.795,S
1.019,0.989,1.188,1.886,0.928,1.493,1.466,1.148,0.333,0.028,1.019,0.989,1.188,1.886,0.928,1.493,1.466,1.148,0.333,0.028,78.746,S
1.106,0.979,1.238,1.829,0.797,1.767,1.705,1.257,0.485,0.064,1.106,0.979,1.238,1.829,0.797,1.767,1.705,1.257,0.485,0.064,74.947,S
1.004,1.925,0.953,0.904,0.415,3.201,0.941,0.472,0.474,2.386,1.004,1.925,0.953,0.904,0.415,3.201,0.941,0.472,0.474,2.386,41.725,T
1.034,1.979,0.941,0.904,0.447,3.049,0.873,0.4,0.474,2.313,1.034,1.979,0.941,0.904,0.447,3.049,0.873,0.4,0.474,2.313,44.598,T
1.014,1.93,0.938,0.895,0.433,3.019,0.832,0.407,0.426,2.292,1.014,1.93,0.938,0.895,0.433,3.019,0.832,0.407,0.426,2.292,43.278,T
1.018,1.955,0.944,0.907,0.408,3.311,0.9,0.44,0.46,2.524,1.018,1.955,0.944,0.907,0.408,3.311,0.9,0.44,0.46,2.524,43.841,T
1.008,1.927,0.93,0.901,0.451,2.995,0.892,0.446,0.446,2.212,1.008,1.927,0.93,0.901,0.451,2.995,0.892,0.446,0.446,2.212,43.139,T
1.042,1.92,0.934,0.9,0.423,3.113,0.884,0.414,0.47,2.338,1.042,1.92,0.934,0.9,0.423,3.113,0.884,0.414,0.47,2.338,39.623,T
1.017,1.873,0.935,0.893,0.419,3.063,0.908,0.446,0.463,2.253,1.017,1.873,0.935,0.893,0.419,3.063,0.908,0.446,0.463,2.253,38.897,T
1.009,1.965,0.939,0.889,0.431,3.164,0.887,0.454,0.434,2.386,1.009,1.965,0.939,0.889,0.431,3.164,0.887,0.454,0.434,2.386,44.688,T
1.008,1.903,0.928,0.907,0.418,3.123,0.831,0.377,0.454,2.376,1.008,1.903,0.928,0.907,0.418,3.123,0.831,0.377,0.454,2.376,42.426,T
1.033,1.981,0.942,0.894,0.435,3.145,0.87,0.446,0.426,2.395,1.033,1.981,0.942,0.894,0.435,3.145,0.87,0.446,0.426,2.395,41.012,T
1.028,1.971,0.949,0.895,0.429,3.239,0.923,0.439,0.491,2.428,1.028,1.971,0.949,0.895,0.429,3.239,0.923,0.439,0.491,2.428,43.139,T
1.034,1.986,0.965,0.919,0.426,3.225,0.808,0.408,0.406,2.517,1.034,1.986,0.965,0.919,0.426,3.225,0.808,0.408,0.406,2.517,41.725,T
1.016,1.936,0.952,0.92,0.376,3.52,0.894,0.468,0.425,2.732,1.016,1.936,0.952,0.92,0.376,3.52,0.894,0.468,0.425,2.732,45.453,T
1.007,1.873,0.922,0.863,0.412,3.113,0.891,0.439,0.453,2.291,1.007,1.873,0.922,0.863,0.412,3.113,0.891,0.439,0.453,2.291,43.863,T
1.005,1.982,0.966,0.922,0.413,3.33,0.882,0.416,0.474,2.571,1.005,1.982,0.966,0.922,0.413,3.33,0.882,0.416,0.474,2.571,45.255,T
1.028,1.991,0.948,0.917,0.401,3.466,0.918,0.449,0.469,2.67,1.028,1.991,0.948,0.917,0.401,3.466,0.918,0.449,0.469,2.67,46.098,T
1.044,1.994,0.955,0.918,0.429,3.226,0.885,0.423,0.465,2.475,1.044,1.994,0.955,0.918,0.429,3.226,0.885,0.423,0.465,2.475,43.139,T
1.032,1.967,0.948,0.892,0.435,3.198,0.867,0.439,0.433,2.416,1.032,1.967,0.948,0.892,0.435,3.198,0.867,0.439,0.433,2.416,43.186,T
1.008,2.019,0.965,0.91,0.434,3.29,0.831,0.44,0.398,2.553,1.008,2.019,0.965,0.91,0.434,3.29,0.831,0.44,0.398,2.553,41.012,T
1.032,1.963,0.961,0.904,0.436,3.145,0.87,0.432,0.448,2.382,1.032,1.963,0.961,0.904,0.436,3.145,0.87,0.432,0.448,2.382,42.45,T
1.042,1.975,0.937,0.906,0.406,3.382,0.877,0.438,0.438,2.605,1.042,1.975,0.937,0.906,0.406,3.382,0.877,0.438,0.438,2.605,42.45,T
1.021,1.95,0.974,0.917,0.434,3.123,0.849,0.44,0.422,2.381,1.021,1.95,0.974,0.917,0.434,3.123,0.849,0.44,0.422,2.381,42.45,T
1.028,1.947,0.947,0.913,0.396,3.374,0.918,0.449,0.469,2.579,1.028,1.947,0.947,0.913,0.396,3.374,0.918,0.449,0.469,2.579,41.11,T
1.032,1.974,0.948,0.917,0.425,3.225,0.865,0.423,0.443,2.475,1.032,1.974,0.948,0.917,0.425,3.225,0.865,0.423,0.443,2.475,41.037,T
1.057,1.95,0.948,0.908,0.452,3.038,0.851,0.436,0.417,2.285,1.057,1.95,0.948,0.908,0.452,3.038,0.851,0.436,0.417,2.285,43.186,T
1.037,2.03,0.94,0.898,0.466,3.11,0.77,0.378,0.393,2.414,1.037,2.03,0.94,0.898,0.466,3.11,0.77,0.378,0.393,2.414,43.863,T
1.042,1.962,0.945,0.904,0.419,3.289,0.825,0.405,0.421,2.538,1.042,1.962,0.945,0.904,0.419,3.289,0.825,0.405,0.421,2.538,43.278,T
1.096,1.995,0.95,0.91,0.458,3.08,0.788,0.431,0.358,2.377,1.096,1.995,0.95,0.91,0.458,3.08,0.788,0.431,0.358,2.377,37.537,T
1.045,1.938,0.945,0.888,0.436,3.121,0.779,0.379,0.404,2.394,1.045,1.938,0.945,0.888,0.436,3.121,0.779,0.379,0.404,2.394,41.037,T
1.017,1.954,0.93,0.888,0.402,3.426,0.844,0.422,0.422,2.639,1.017,1.954,0.93,0.888,0.402,3.426,0.844,0.422,0.422,2.639,40.311,T
1.031,1.906,0.929,0.885,0.413,3.204,0.811,0.405,0.405,2.444,1.031,1.906,0.929,0.885,0.413,3.204,0.811,0.405,0.405,2.444,43.186,T
1.056,1.938,0.955,0.904,0.436,3.121,0.793,0.429,0.367,2.394,1.056,1.938,0.955,0.904,0.436,3.121,0.793,0.429,0.367,2.394,44.553,T
1.027,1.968,0.965,0.911,0.385,3.575,0.914,0.485,0.438,2.758,1.027,1.968,0.965,0.911,0.385,3.575,0.914,0.485,0.438,2.758,42.521,T
1.005,1.964,0.932,0.892,0.414,3.37,0.83,0.415,0.415,2.596,1.005,1.964,0.932,0.892,0.414,3.37,0.83,0.415,0.415,2.596,43.278,T
1.036,1.964,0.957,0.892,0.527,2.649,0.653,0.351,0.308,2.04,1.036,1.964,0.957,0.892,0.527,2.649,0.653,0.351,0.308,2.04,44.204,T
1.048,1.985,0.955,0.904,0.465,3,0.743,0.402,0.344,2.328,1.048,1.985,0.955,0.904,0.465,3,0.743,0.402,0.344,2.328,41.725,T
1.018,1.963,0.931,0.889,0.48,2.87,0.66,0.354,0.307,2.247,1.018,1.963,0.931,0.889,0.48,2.87,0.66,0.354,0.307,2.247,45.343,T
1.081,1.959,0.943,0.9,0.441,3.08,0.773,0.379,0.394,2.382,1.081,1.959,0.943,0.9,0.441,3.08,0.773,0.379,0.394,2.382,41.037,T
1.054,1.945,0.958,0.909,0.43,3.162,0.793,0.429,0.367,2.44,1.054,1.945,0.958,0.909,0.43,3.162,0.793,0.429,0.367,2.44,42.45,T
1.004,1.93,0.936,0.882,0.392,3.471,0.831,0.41,0.422,2.679,1.004,1.93,0.936,0.882,0.392,3.471,0.831,0.41,0.422,2.679,43.139,T
1.054,1.945,0.933,0.909,0.43,3.162,0.793,0.404,0.39,2.44,1.054,1.945,0.933,0.909,0.43,3.162,0.793,0.404,0.39,2.44,40.311,T
1.073,1.945,0.93,0.888,0.47,2.896,0.723,0.361,0.361,2.226,1.073,1.945,0.93,0.888,0.47,2.896,0.723,0.361,0.361,2.226,38.949,T
1.048,1.979,0.957,0.892,0.465,3.005,0.74,0.398,0.349,2.323,1.048,1.979,0.957,0.892,0.465,3.005,0.74,0.398,0.349,2.323,43.186,T
1.017,1.937,0.919,0.88,0.496,2.742,0.719,0.342,0.376,2.076,1.017,1.937,0.919,0.88,0.496,2.742,0.719,0.342,0.376,2.076,42.45,T
1.045,1.97,0.946,0.908,0.448,3.078,0.782,0.384,0.399,2.376,1.045,1.97,0.946,0.908,0.448,3.078,0.782,0.384,0.399,2.376,43.139,T
1.07,1.98,0.933,0.895,0.459,3.08,0.759,0.379,0.379,2.377,1.07,1.98,0.933,0.895,0.459,3.08,0.759,0.379,0.379,2.377,39.598,T
1.022,1.971,0.946,0.892,0.455,3.07,0.757,0.368,0.393,2.369,1.022,1.971,0.946,0.892,0.455,3.07,0.757,0.368,0.393,2.369,46.69,T
1.038,1.947,0.945,0.897,0.489,2.819,0.695,0.382,0.313,2.171,1.038,1.947,0.945,0.897,0.489,2.819,0.695,0.382,0.313,2.171,42.521,T
1.054,1.978,0.934,0.897,0.43,3.245,0.789,0.395,0.395,2.518,1.054,1.978,0.934,0.897,0.43,3.245,0.789,0.395,0.395,2.518,41.11,T
1.046,2.02,0.955,0.911,0.436,3.241,0.773,0.399,0.376,2.552,1.046,2.02,0.955,0.911,0.436,3.241,0.773,0.399,0.376,2.552,43.863,T
1.023,2.002,0.955,0.912,0.44,3.171,0.747,0.386,0.364,2.501,1.023,2.002,0.955,0.912,0.44,3.171,0.747,0.386,0.364,2.501,46.011,T
1.569,1.967,0.787,0.616,0.967,1.4,0.397,0.181,0.223,1.009,1.569,1.967,0.787,0.616,0.967,1.4,0.397,0.181,0.223,1.009,441.367,U
1.569,1.967,0.787,0.616,0.967,1.4,0.397,0.181,0.223,1.009,1.569,1.967,0.787,0.616,0.967,1.4,0.397,0.181,0.223,1.009,441.367,U
1.569,1.967,0.787,0.616,0.967,1.4,0.397,0.181,0.223,1.009,1.569,1.967,0.787,0.616,0.967,1.4,0.397,0.181,0.223,1.009,441.367,U
1.569,1.967,0.787,0.616,0.967,1.4,0.397,0.181,0.223,1.009,1.569,1.967,0.787,0.616,0.967,1.4,0.397,0.181,0.223,1.009,441.367,U
1.569,1.967,0.787,0.616,0.967,1.4,0.397,0.181,0.223,1.009,1.569,1.967,0.787,0.616,0.967,1.4,0.397,0.181,0.223,1.009,441.367,U
1.569,1.967,0.787,0.616,0.967,1.4,0.397,0.181,0.223,1.009,1.569,1.967,0.787,0.616,0.967,1.4,0.397,0.181,0.223,1.009,441.367,U
1.569,1.967,0.787,0.616,0.967,1.4,0.397,0.181,0.223,1.009,1.569,1.967,0.787,0.616,0.967,1.4,0.397,0.181,0.223,1.009,441.367,U
1.569,1.967,0.787,0.616,0.967,1.4,0.397,0.181,0.223,1.009,1.569,1.967,0.787,0.616,0.967,1.4,0.397,0.181,0.223,1.009,441.367,U
1.569,1.967,0.787,0.616,0.967,1.4,0.397,0.181,0.223,1.009,1.569,1.967,0.787,0.616,0.967,1.4,0.397,0.181,0.223,1.009,441.367,U
1.569,1.967,0.787,0.616,0.967,1.4,0.397,0.181,0.223,1.009,1.569,1.967,0.787,0.616,0.967,1.4,0.397,0.181,0.223,1.009,441.367,U
1.569,1.967,0.787,0.616,0.967,1.4,0.397,0.181,0.223,1.009,1.569,1.967,0.787,0.616,0.967,1.4,0.397,0.181,0.223,1.009,441.367,U
1.569,1.967,0.787,0.616,0.967,1.4,0.397,0.181,0.223,1.009,1.569,1.967,0.787,0.616,0.967,1.4,0.397,0.181,0.223,1.009,441.367,U
1.569,1.967,0.787,0.616,0.967,1.4,0.397,0.181,0.223,1.009,1.569,1.967,0.787,0.616,0.967,1.4,0.397,0.181,0.223,1.009,441.367,U
1.569,1.967,0.787,0.616,0.967,1.4,0.397,0.181,0.223,1.009,1.569,1.967,0.787,0.616,0.967,1.4,0.397,0.181,0.223,1.009,441.367,U
1.569,1.967,0.787,0.616,0.967,1.4,0.397,0.181,0.223,1.009,1.569,1.967,0.787,0.616,0.967,1.4,0.397,0.181,0.223,1.009,441.367,U
1.569,1.967,0.787,0.616,0.967,1.4,0.397,0.181,0.223,1.009,1.569,1.967,0.787,0.616,0.967,1.4,0.397,0.181,0.223,1.009,441.367,U
1.569,1.967,0.787,0.616,0.967,1.4,0.397,0.181,0.223,1.009,1.569,1.967,0.787,0.616,0.967,1.4,0.397,0.181,0.223,1.009,441.367,U
1.569,1.967,0.787,0.616,0.967,1.4,0.397,0.181,0.223,1.009,1.569,1.967,0.787,0.616,0.967,1.4,0.397,0.181,0.223,1.009,441.367,U
1.569,1.967,0.787,0.616,0.967,1.4,0.397,0.181,0.223,1.009,1.569,1.967,0.787,0.616,0.967,1.4,0.397,0.181,0.223,1.009,441.367,U
1.569,1.967,0.787,0.616,0.967,1.4,0.397,0.181,0.223,1.009,1.569,1.967,0.787,0.616,0.967,1.4,0.397,0.181,0.223,1.009,441.367,U
1.569,1.967,0.787,0.616,0.967,1.4,0.397,0.181,0.223,1.009,1.569,1.967,0.787,0.616,0.967,1.4,0.397,0.181,0.223,1.009,441.367,U
1.569,1.967,0.787,0.616,0.967,1.4,0.397,0.181,0.223,1.009,1.569,1.967,0.787,0.616,0.967,1.4,0.397,0.181,0.223,1.009,441.367,U
1.569,1.967,0.787,0.616,0.967,1.4,0.397,0.181,0.223,1.009,1.569,1.967,0.787,0.616,0.967,1.4,0.397,0.181,0.223,1.009,441.367,U
1.569,1.967,0.787,0.616,0.967,1.4,0.397,0.181,0.223,1.009,1.569,1.967,0.787,0.616,0.967,1.4,0.397,0.181,0.223,1.009,441.367,U
1.569,1.967,0.787,0.616,0.967,1.4,0.397,0.181,0.223,1.009,1.569,1.967,0.787,0.616,0.967,1.4,0.397,0.181,0.223,1.009,441.367,U
1.569,1.967,0.787,0.616,0.967,1.4,0.397,0.181,0.223,1.009,1.569,1.967,0.787,0.616,0.967,1.4,0.397,0.181,0.223,1.009,441.367,U
1.569,1.967,0.787,0.616,0.967,1.4,0.397,0.181,0.223,1.009,1.569,1.967,0.787,0.616,0.967,1.4,0.397,0.181,0.223,1.009,441.367,U
1.569,1.967,0.787,0.616,0.967,1.4,0.397,0.181,0.223,1.009,1.569,1.967,0.787,0.616,0.967,1.4,0.397,0.181,0.223,1.009,441.367,U
1.569,1.967,0.787,0.616,0.967,1.4,0.397,0.181,0.223,1.009,1.569,1.967,0.787,0.616,0.967,1.4,0.397,0.181,0.223,1.009,441.367,U
1.569,1.967,0.787,0.616,0.967,1.4,0.397,0.181,0.223,1.009,1.569,1.967,0.787,0.616,0.967,1.4,0.397,0.181,0.223,1.009,441.367,U
1.569,1.967,0.787,0.616,0.967,1.4,0.397,0.181,0.223,1.009,1.569,1.967,0.787,0.616,0.967,1.4,0.397,0.181,0.223,1.009,441.367,U
1.569,1.967,0.787,0.616,0.967,1.4,0.397,0.181,0.223,1.009,1.569,1.967,0.787,0.616,0.967,1.4,0.397,0.181,0.223,1.009,441.367,U
1.569,1.967,0.787,0.616,0.967,1.4,0.397,0.181,0.223,1.009,1.569,1.967,0.787,0.616,0.967,1.4,0.397,0.181,0.223,1.009,441.367,U
1.569,1.967,0.787,0.616,0.967,1.4,0.397,0.181,0.223,1.009,1.569,1.967,0.787,0.616,0.967,1.4,0.397,0.181,0.223,1.009,441.367,U
1.569,1.967,0.787,0.616,0.967,1.4,0.397,0.181,0.223,1.009,1.569,1.967,0.787,0.616,0.967,1.4,0.397,0.181,0.223,1.009,441.367,U
1.569,1.967,0.787,0.616,0.967,1.4,0.397,0.181,0.223,1.009,1.569,1.967,0.787,0.616,0.967,1.4,0.397,0.181,0.223,1.009,441.367,U
1.569,1.967,0.787,0.616,0.967,1.4,0.397,0.181,0.223,1.009,1.569,1.967,0.787,0.616,0.967,1.4,0.397,0.181,0.223,1.009,441.367,U
1.569,1.967,0.787,0.616,0.967,1.4,0.397,0.181,0.223,1.009,1.569,1.967,0.787,0.616,0.967,1.4,0.397,0.181,0.223,1.009,441.367,U
1.569,1.967,0.787,0.616,0.967,1.4,0.397,0.181,0.223,1.009,1.569,1.967,0.787,0.616,0.967,1.4,0.397,0.181,0.223,1.009,441.367,U
1.569,1.967,0.787,0.616,0.967,1.4,0.397,0.181,0.223,1.009,1.569,1.967,0.787,0.616,0.967,1.4,0.397,0.181,0.223,1.009,441.367,U
1.569,1.967,0.787,0.616,0.967,1.4,0.397,0.181,0.223,1.009,1.569,1.967,0.787,0.616,0.967,1.4,0.397,0.181,0.223,1.009,441.367,U
1.569,1.967,0.787,0.616,0.967,1.4,0.397,0.181,0.223,1.009,1.569,1.967,0.787,0.616,0.967,1.4,0.397,0.181,0.223,1.009,441.367,U
1.569,1.967,0.787,0.616,0.967,1.4,0.397,0.181,0.223,1.009,1.569,1.967,0.787,0.616,0.967,1.4,0.397,0.181,0.223,1.009,441.367,U
1.569,1.967,0.787,0.616,0.967,1.4,0.397,0.181,0.223,1.009,1.569,1.967,0.787,0.616,0.967,1.4,0.397,0.181,0.223,1.009,441.367,U
1.569,1.967,0.787,0.616,0.967,1.4,0.397,0.181,0.223,1.009,1.569,1.967,0.787,0.616,0.967,1.4,0.397,0.181,0.223,1.009,441.367,U
1.569,1.967,0.787,0.616,0.967,1.4,0.397,0.181,0.223,1.009,1.569,1.967,0.787,0.616,0.967,1.4,0.397,0.181,0.223,1.009,441.367,U
1.569,1.967,0.787,0.616,0.967,1.4,0.397,0.181,0.223,1.009,1.569,1.967,0.787,0.616,0.967,1.4,0.397,0.181,0.223,1.009,441.367,U
1.569,1.967,0.787,0.616,0.967,1.4,0.397,0.181,0.223,1.009,1.569,1.967,0.787,0.616,0.967,1.4,0.397,0.181,0.223,1.009,441.367,U
1.569,1.967,0.787,0.616,0.967,1.4,0.397,0.181,0.223,1.009,1.569,1.967,0.787,0.616,0.967,1.4,0.397,0.181,0.223,1.009,441.367,U
1.569,1.967,0.787,0.616,0.967,1.4,0.397,0.181,0.223,1.009,1.569,1.967,0.787,0.616,0.967,1.4,0.397,0.181,0.223,1.009,441.367,U
1.569,1.967,0.787,0.616,0.967,1.4,0.397,0.181,0.223,1.009,1.569,1.967,0.787,0.616,0.967,1.4,0.397,0.181,0.223,1.009,441.367,U
0.345,0.909,0.333,0.255,0.204,3.362,3.657,0.606,3.331,1.606,0.345,0.909,0.333,0.255,0.204,3.362,3.657,0.606,3.331,1.606,2.236,V
0.345,0.922,0.322,0.247,0.218,3.234,3.462,0.55,3.16,1.434,0.345,0.922,0.322,0.247,0.218,3.234,3.462,0.55,3.16,1.434,3,V
0.345,0.922,0.322,0.247,0.218,3.234,3.462,0.55,3.16,1.434,0.345,0.922,0.322,0.247,0.218,3.234,3.462,0.55,3.16,1.434,3,V
0.345,0.922,0.322,0.247,0.218,3.234,3.462,0.55,3.16,1.434,0.345,0.922,0.322,0.247,0.218,3.234,3.462,0.55,3.16,1.434,3,V
0.346,0.954,0.334,0.249,0.198,3.662,3.798,0.61,3.455,1.547,0.346,0.954,0.334,0.249,0.198,3.662,3.798,0.61,3.455,1.547,2,V
0.346,0.954,0.334,0.249,0.198,3.662,3.798,0.61,3.455,1.547,0.346,0.954,0.334,0.249,0.198,3.662,3.798,0.61,3.455,1.547,2,V
0.346,0.954,0.334,0.249,0.198,3.662,3.798,0.61,3.455,1.547,0.346,0.954,0.334,0.249,0.198,3.662,3.798,0.61,3.455,1.547,2,V
0.346,0.954,0.334,0.249,0.198,3.662,3.798,0.61,3.455,1.547,0.346,0.954,0.334,0.249,0.198,3.662,3.798,0.61,3.455,1.547,2,V
0.346,0.954,0.334,0.249,0.198,3.662,3.798,0.61,3.455,1.547,0.346,0.954,0.334,0.249,0.198,3.662,3.798,0.61,3.455,1.547,2,V
0.346,0.954,0.334,0.249,0.198,3.662,3.798,0.61,3.455,1.547,0.346,0.954,0.334,0.249,0.198,3.662,3.798,0.61,3.455,1.547,2,V
0.346,0.954,0.334,0.249,0.198,3.662,3.798,0.61,3.455,1.547,0.346,0.954,0.334,0.249,0.198,3.662,3.798,0.61,3.455,1.547,2,V
0.346,0.954,0.334,0.249,0.198,3.662,3.798,0.61,3.455,1.547,0.346,0.954,0.334,0.249,0.198,3.662,3.798,0.61,3.455,1.547,2,V
0.336,0.979,0.322,0.248,0.176,4.234,4.284,0.601,3.974,1.663,0.336,0.979,0.322,0.248,0.176,4.234,4.284,0.601,3.974,1.663,2,V
0.336,0.979,0.322,0.248,0.176,4.234,4.284,0.601,3.974,1.663,0.336,0.979,0.322,0.248,0.176,4.234,4.284,0.601,3.974,1.663,2,V
0.336,0.979,0.322,0.248,0.176,4.234,4.284,0.601,3.974,1.663,0.336,0.979,0.322,0.248,0.176,4.234,4.284,0.601,3.974,1.663,2,V
0.336,0.979,0.322,0.248,0.176,4.234,4.284,0.601,3.974,1.663,0.336,0.979,0.322,0.248,0.176,4.234,4.284,0.601,3.974,1.663,2,V
0.336,0.979,0.322,0.248,0.176,4.234,4.284,0.601,3.974,1.663,0.336,0.979,0.322,0.248,0.176,4.234,4.284,0.601,3.974,1.663,2,V
0.336,0.979,0.322,0.248,0.176,4.234,4.284,0.601,3.974,1.663,0.336,0.979,0.322,0.248,0.176,4.234,4.284,0.601,3.974,1.663,2,V
0.336,0.979,0.322,0.248,0.176,4.234,4.284,0.601,3.974,1.663,0.336,0.979,0.322,0.248,0.176,4.234,4.284,0.601,3.974,1.663,2,V
0.336,0.979,0.322,0.248,0.176,4.234,4.284,0.601,3.974,1.663,0.336,0.979,0.322,0.248,0.176,4.234,4.284,0.601,3.974,1.663,2,V
0.336,0.979,0.322,0.248,0.176,4.234,4.284,0.601,3.974,1.663,0.336,0.979,0.322,0.248,0.176,4.234,4.284,0.601,3.974,1.663,2,V
0.336,0.979,0.322,0.248,0.176,4.234,4.284,0.601,3.974,1.663,0.336,0.979,0.322,0.248,0.176,4.234,4.284,0.601,3.974,1.663,2,V
0.336,0.979,0.322,0.248,0.176,4.234,4.284,0.601,3.974,1.663,0.336,0.979,0.322,0.248,0.176,4.234,4.284,0.601,3.974,1.663,2,V
0.336,0.979,0.322,0.248,0.176,4.234,4.284,0.601,3.974,1.663,0.336,0.979,0.322,0.248,0.176,4.234,4.284,0.601,3.974,1.663,2,V
0.336,0.979,0.322,0.248,0.176,4.234,4.284,0.601,3.974,1.663,0.336,0.979,0.322,0.248,0.176,4.234,4.284,0.601,3.974,1.663,2,V
0.336,0.979,0.322,0.248,0.176,4.234,4.284,0.601,3.974,1.663,0.336,0.979,0.322,0.248,0.176,4.234,4.284,0.601,3.974,1.663,2,V
0.336,0.979,0.322,0.248,0.176,4.234,4.284,0.601,3.974,1.663,0.336,0.979,0.322,0.248,0.176,4.234,4.284,0.601,3.974,1.663,2,V
0.336,0.979,0.322,0.248,0.176,4.234,4.284,0.601,3.974,1.663,0.336,0.979,0.322,0.248,0.176,4.234,4.284,0.601,3.974,1.663,2,V
0.336,0.979,0.322,0.248,0.176,4.234,4.284,0.601,3.974,1.663,0.336,0.979,0.322,0.248,0.176,4.234,4.284,0.601,3.974,1.663,2,V
0.336,0.979,0.322,0.248,0.176,4.234,4.284,0.601,3.974,1.663,0.336,0.979,0.322,0.248,0.176,4.234,4.284,0.601,3.974,1.663,2,V
0.336,0.979,0.322,0.248,0.176,4.234,4.284,0.601,3.974,1.663,0.336,0.979,0.322,0.248,0.176,4.234,4.284,0.601,3.974,1.663,2,V
0.336,0.979,0.322,0.248,0.176,4.234,4.284,0.601,3.974,1.663,0.336,0.979,0.322,0.248,0.176,4.234,4.284,0.601,3.974,1.663,2,V
0.336,0.979,0.322,0.248,0.176,4.234,4.284,0.601,3.974,1.663,0.336,0.979,0.322,0.248,0.176,4.234,4.284,0.601,3.974,1.663,2,V
0.336,0.979,0.322,0.248,0.176,4.234,4.284,0.601,3.974,1.663,0.336,0.979,0.322,0.248,0.176,4.234,4.284,0.601,3.974,1.663,2,V
0.336,0.979,0.322,0.248,0.176,4.234,4.284,0.601,3.974,1.663,0.336,0.979,0.322,0.248,0.176,4.234,4.284,0.601,3.974,1.663,2,V
0.336,0.979,0.322,0.248,0.176,4.234,4.284,0.601,3.974,1.663,0.336,0.979,0.322,0.248,0.176,4.234,4.284,0.601,3.974,1.663,2,V
0.336,0.979,0.322,0.248,0.176,4.234,4.284,0.601,3.974,1.663,0.336,0.979,0.322,0.248,0.176,4.234,4.284,0.601,3.974,1.663,2,V
0.336,0.979,0.322,0.248,0.176,4.234,4.284,0.601,3.974,1.663,0.336,0.979,0.322,0.248,0.176,4.234,4.284,0.601,3.974,1.663,2,V
0.336,0.979,0.322,0.248,0.176,4.234,4.284,0.601,3.974,1.663,0.336,0.979,0.322,0.248,0.176,4.234,4.284,0.601,3.974,1.663,2,V
0.336,0.979,0.322,0.248,0.176,4.234,4.284,0.601,3.974,1.663,0.336,0.979,0.322,0.248,0.176,4.234,4.284,0.601,3.974,1.663,2,V
0.336,0.979,0.322,0.248,0.176,4.234,4.284,0.601,3.974,1.663,0.336,0.979,0.322,0.248,0.176,4.234,4.284,0.601,3.974,1.663,2,V
0.368,0.938,0.344,0.253,0.188,3.712,3.974,0.61,3.59,1.604,0.368,0.938,0.344,0.253,0.188,3.712,3.974,0.61,3.59,1.604,2,V
0.368,0.938,0.344,0.253,0.188,3.712,3.974,0.61,3.59,1.604,0.368,0.938,0.344,0.253,0.188,3.712,3.974,0.61,3.59,1.604,2,V
0.368,0.938,0.344,0.253,0.188,3.712,3.974,0.61,3.59,1.604,0.368,0.938,0.344,0.253,0.188,3.712,3.974,0.61,3.59,1.604,2,V
0.368,0.938,0.344,0.253,0.188,3.712,3.974,0.61,3.59,1.604,0.368,0.938,0.344,0.253,0.188,3.712,3.974,0.61,3.59,1.604,2,V
0.368,0.938,0.344,0.253,0.188,3.712,3.974,0.61,3.59,1.604,0.368,0.938,0.344,0.253,0.188,3.712,3.974,0.61,3.59,1.604,2,V
0.368,0.938,0.344,0.253,0.188,3.712,3.974,0.61,3.59,1.604,0.368,0.938,0.344,0.253,0.188,3.712,3.974,0.61,3.59,1.604,2,V
0.368,0.938,0.344,0.253,0.188,3.712,3.974,0.61,3.59,1.604,0.368,0.938,0.344,0.253,0.188,3.712,3.974,0.61,3.59,1.604,2,V
0.368,0.938,0.344,0.253,0.188,3.712,3.974,0.61,3.59,1.604,0.368,0.938,0.344,0.253,0.188,3.712,3.974,0.61,3.59,1.604,2,V
0.368,0.938,0.344,0.253,0.188,3.712,3.974,0.61,3.59,1.604,0.368,0.938,0.344,0.253,0.188,3.712,3.974,0.61,3.59,1.604,2,V
0.368,0.938,0.344,0.253,0.188,3.712,3.974,0.61,3.59,1.604,0.368,0.938,0.344,0.253,0.188,3.712,3.974,0.61,3.59,1.604,2,V
1.591,2.201,0.805,0.726,1.169,1.262,0.371,0.178,0.2,1.148,1.591,2.201,0.805,0.726,1.169,1.262,0.371,0.178,0.2,1.148,7,W
1.648,2.304,0.812,0.728,1.2,1.314,0.326,0.162,0.175,1.187,1.648,2.304,0.812,0.728,1.2,1.314,0.326,0.162,0.175,1.187,6,W
1.603,2.193,0.852,0.804,1.155,1.203,0.345,0.155,0.193,1.139,1.603,2.193,0.852,0.804,1.155,1.203,0.345,0.155,0.193,1.139,6.325,W
1.568,2.227,0.834,0.742,1.132,1.311,0.357,0.16,0.198,1.183,1.568,2.227,0.834,0.742,1.132,1.311,0.357,0.16,0.198,1.183,8.062,W
1.651,2.264,0.824,0.769,1.213,1.232,0.333,0.154,0.186,1.148,1.651,2.264,0.824,0.769,1.213,1.232,0.333,0.154,0.186,1.148,6.083,W
1.589,2.232,0.812,0.758,1.125,1.31,0.346,0.163,0.196,1.195,1.589,2.232,0.812,0.758,1.125,1.31,0.346,0.163,0.196,1.195,10.198,W
1.599,2.211,0.809,0.762,1.196,1.212,0.358,0.172,0.198,1.113,1.599,2.211,0.809,0.762,1.196,1.212,0.358,0.172,0.198,1.113,7.071,W
1.575,2.198,0.819,0.772,1.169,1.221,0.344,0.173,0.186,1.109,1.575,2.198,0.819,0.772,1.169,1.221,0.344,0.173,0.186,1.109,7.071,W
1.556,2.163,0.792,0.744,1.121,1.266,0.367,0.16,0.22,1.138,1.556,2.163,0.792,0.744,1.121,1.266,0.367,0.16,0.22,1.138,9.055,W
1.634,2.284,0.822,0.77,1.218,1.243,0.341,0.157,0.191,1.153,1.634,2.284,0.822,0.77,1.218,1.243,0.341,0.157,0.191,1.153,7.071,W
1.67,2.307,0.799,0.747,1.248,1.251,0.342,0.154,0.198,1.143,1.67,2.307,0.799,0.747,1.248,1.251,0.342,0.154,0.198,1.143,7.28,W
1.6,2.173,0.782,0.711,1.217,1.201,0.368,0.155,0.219,1.07,1.6,2.173,0.782,0.711,1.217,1.201,0.368,0.155,0.219,1.07,6.325,W
1.622,2.199,0.822,0.741,1.204,1.211,0.358,0.177,0.186,1.101,1.622,2.199,0.822,0.741,1.204,1.211,0.358,0.177,0.186,1.101,8.246,W
1.629,2.237,0.829,0.775,1.211,1.207,0.327,0.151,0.183,1.12,1.629,2.237,0.829,0.775,1.211,1.207,0.327,0.151,0.183,1.12,5.099,W
1.613,2.208,0.787,0.738,1.205,1.221,0.349,0.152,0.209,1.092,1.613,2.208,0.787,0.738,1.205,1.221,0.349,0.152,0.209,1.092,7.28,W
1.605,2.198,0.848,0.813,1.134,1.222,0.331,0.156,0.183,1.164,1.605,2.198,0.848,0.813,1.134,1.222,0.331,0.156,0.183,1.164,7.28,W
1.606,2.213,0.851,0.775,1.148,1.253,0.345,0.165,0.182,1.152,1.606,2.213,0.851,0.775,1.148,1.253,0.345,0.165,0.182,1.152,9.22,W
1.544,2.109,0.794,0.718,1.122,1.24,0.38,0.178,0.213,1.082,1.544,2.109,0.794,0.718,1.122,1.24,0.38,0.178,0.213,1.082,8.062,W
1.573,2.168,0.83,0.763,1.163,1.21,0.375,0.177,0.201,1.101,1.573,2.168,0.83,0.763,1.163,1.21,0.375,0.177,0.201,1.101,9.055,W
1.6,2.212,0.829,0.733,1.208,1.227,0.361,0.18,0.183,1.089,1.6,2.212,0.829,0.733,1.208,1.227,0.361,0.18,0.183,1.089,7.071,W
1.586,2.167,0.816,0.737,1.133,1.262,0.345,0.163,0.189,1.118,1.586,2.167,0.816,0.737,1.133,1.262,0.345,0.163,0.189,1.118,8.544,W
1.61,2.202,0.86,0.764,1.171,1.229,0.326,0.167,0.16,1.102,1.61,2.202,0.86,0.764,1.171,1.229,0.326,0.167,0.16,1.102,7.071,W
1.514,2.068,0.816,0.745,1.083,1.222,0.376,0.163,0.218,1.086,1.514,2.068,0.816,0.745,1.083,1.222,0.376,0.163,0.218,1.086,7.071,W
1.651,2.237,0.828,0.747,1.223,1.219,0.339,0.175,0.17,1.099,1.651,2.237,0.828,0.747,1.223,1.219,0.339,0.175,0.17,1.099,6.083,W
1.54,2.088,0.819,0.744,1.102,1.219,0.354,0.16,0.199,1.08,1.54,2.088,0.819,0.744,1.102,1.219,0.354,0.16,0.199,1.08,6.083,W
1.573,2.13,0.831,0.753,1.127,1.222,0.35,0.163,0.191,1.099,1.573,2.13,0.831,0.753,1.127,1.222,0.35,0.163,0.191,1.099,8.246,W
1.569,2.109,0.835,0.759,1.135,1.189,0.341,0.159,0.186,1.069,1.569,2.109,0.835,0.759,1.135,1.189,0.341,0.159,0.186,1.069,6.083,W
1.557,2.074,0.858,0.801,1.091,1.167,0.329,0.155,0.178,1.089,1.557,2.074,0.858,0.801,1.091,1.167,0.329,0.155,0.178,1.089,5.099,W
1.514,2.054,0.842,0.76,1.041,1.244,0.345,0.169,0.182,1.123,1.514,2.054,0.842,0.76,1.041,1.244,0.345,0.169,0.182,1.123,6.083,W
1.562,2.136,0.829,0.749,1.061,1.31,0.335,0.135,0.201,1.179,1.562,2.136,0.829,0.749,1.061,1.31,0.335,0.135,0.201,1.179,8.246,W
1.637,2.22,0.844,0.762,1.175,1.241,0.324,0.145,0.18,1.13,1.637,2.22,0.844,0.762,1.175,1.241,0.324,0.145,0.18,1.13,7.071,W
1.421,1.94,0.814,0.718,0.973,1.257,0.399,0.196,0.212,1.078,1.421,1.94,0.814,0.718,0.973,1.257,0.399,0.196,0.212,1.078,8.246,W
1.583,2.145,0.833,0.759,1.155,1.201,0.344,0.16,0.188,1.074,1.583,2.145,0.833,0.759,1.155,1.201,0.344,0.16,0.188,1.074,6.083,W
1.573,2.152,0.81,0.71,1.145,1.259,0.365,0.168,0.2,1.105,1.573,2.152,0.81,0.71,1.145,1.259,0.365,0.168,0.2,1.105,5.099,W
1.514,2.068,0.819,0.723,1.054,1.276,0.365,0.158,0.208,1.116,1.514,2.068,0.819,0.723,1.054,1.276,0.365,0.158,0.208,1.116,7.616,W
1.541,2.088,0.815,0.738,1.105,1.222,0.36,0.163,0.203,1.086,1.541,2.088,0.815,0.738,1.105,1.222,0.36,0.163,0.203,1.086,7.071,W
1.523,2.1,0.848,0.894,0.98,1.231,0.342,0.162,0.218,1.248,1.523,2.1,0.848,0.894,0.98,1.231,0.342,0.162,0.218,1.248,8.062,W
1.605,2.158,0.804,0.727,1.176,1.218,0.358,0.155,0.207,1.086,1.605,2.158,0.804,0.727,1.176,1.218,0.358,0.155,0.207,1.086,5,W
1.589,2.152,0.814,0.71,1.154,1.249,0.362,0.184,0.184,1.096,1.589,2.152,0.814,0.71,1.154,1.249,0.362,0.184,0.184,1.096,7.071,W
1.544,2.109,0.839,0.738,1.075,1.276,0.354,0.175,0.181,1.135,1.544,2.109,0.839,0.738,1.075,1.276,0.354,0.175,0.181,1.135,8.062,W
1.616,2.255,0.83,0.774,1.15,1.288,0.319,0.144,0.182,1.182,1.616,2.255,0.83,0.774,1.15,1.288,0.319,0.144,0.182,1.182,7.071,W
1.608,2.158,0.851,0.742,1.111,1.277,0.326,0.158,0.169,1.154,1.608,2.158,0.851,0.742,1.111,1.277,0.326,0.158,0.169,1.154,8.544,W
1.589,2.152,0.831,0.731,1.126,1.263,0.345,0.154,0.191,1.124,1.589,2.152,0.831,0.731,1.126,1.263,0.345,0.154,0.191,1.124,7.28,W
1.62,2.197,0.827,0.747,1.179,1.229,0.342,0.159,0.186,1.113,1.62,2.197,0.827,0.747,1.179,1.229,0.342,0.159,0.186,1.113,6.083,W
1.602,2.233,0.83,0.751,1.139,1.301,0.332,0.152,0.184,1.181,1.602,2.233,0.83,0.751,1.139,1.301,0.332,0.152,0.184,1.181,7.28,W
1.6,2.167,0.816,0.758,1.144,1.232,0.331,0.156,0.187,1.114,1.6,2.167,0.816,0.758,1.144,1.232,0.331,0.156,0.187,1.114,6.325,W
1.553,2.145,0.816,0.738,1.135,1.241,0.36,0.181,0.189,1.099,1.553,2.145,0.816,0.738,1.135,1.241,0.36,0.181,0.189,1.099,8.062,W
1.494,2.007,0.858,0.815,1.024,1.164,0.368,0.195,0.183,1.111,1.494,2.007,0.858,0.815,1.024,1.164,0.368,0.195,0.183,1.111,6.083,W
1.539,2.088,0.835,0.759,1.108,1.199,0.349,0.163,0.19,1.083,1.539,2.088,0.835,0.759,1.108,1.199,0.349,0.163,0.19,1.083,5,W
1.627,2.268,0.809,0.733,1.177,1.304,0.319,0.13,0.192,1.151,1.627,2.268,0.809,0.733,1.177,1.304,0.319,0.13,0.192,1.151,7.28,W
1.589,2.174,0.852,0.796,1.119,1.231,0.336,0.159,0.181,1.15,1.589,2.174,0.852,0.796,1.119,1.231,0.336,0.159,0.181,1.15,6.083,W
1.252,2.133,0.847,0.707,0.553,2.834,0.567,0.284,0.284,2.306,1.252,2.133,0.847,0.707,0.553,2.834,0.567,0.284,0.284,2.306,19.849,X
1.252,2.133,0.847,0.707,0.553,2.834,0.567,0.284,0.284,2.306,1.252,2.133,0.847,0.707,0.553,2.834,0.567,0.284,0.284,2.306,19.849,X
1.252,2.133,0.847,0.707,0.553,2.834,0.567,0.284,0.284,2.306,1.252,2.133,0.847,0.707,0.553,2.834,0.567,0.284,0.284,2.306,19.849,X
1.252,2.133,0.847,0.707,0.553,2.834,0.567,0.284,0.284,2.306,1.252,2.133,0.847,0.707,0.553,2.834,0.567,0.284,0.284,2.306,19.849,X
1.252,2.133,0.847,0.707,0.553,2.834,0.567,0.284,0.284,2.306,1.252,2.133,0.847,0.707,0.553,2.834,0.567,0.284,0.284,2.306,19.849,X
1.252,2.133,0.847,0.707,0.553,2.834,0.567,0.284,0.284,2.306,1.252,2.133,0.847,0.707,0.553,2.834,0.567,0.284,0.284,2.306,19.849,X
1.222,2.134,0.824,0.674,0.563,2.861,0.624,0.316,0.316,2.28,1.222,2.134,0.824,0.674,0.563,2.861,0.624,0.316,0.316,2.28,18.868,X
1.226,2.071,0.818,0.67,0.572,2.722,0.625,0.321,0.321,2.141,1.226,2.071,0.818,0.67,0.572,2.722,0.625,0.321,0.321,2.141,14.866,X
1.226,2.071,0.818,0.67,0.572,2.722,0.625,0.321,0.321,2.141,1.226,2.071,0.818,0.67,0.572,2.722,0.625,0.321,0.321,2.141,14.866,X
1.226,2.071,0.818,0.67,0.572,2.722,0.625,0.321,0.321,2.141,1.226,2.071,0.818,0.67,0.572,2.722,0.625,0.321,0.321,2.141,14.866,X
1.226,2.071,0.818,0.67,0.572,2.722,0.625,0.321,0.321,2.141,1.226,2.071,0.818,0.67,0.572,2.722,0.625,0.321,0.321,2.141,14.866,X
1.158,2.107,0.777,0.654,0.533,3.151,0.773,0.338,0.446,2.414,1.158,2.107,0.777,0.654,0.533,3.151,0.773,0.338,0.446,2.414,20.248,X
1.202,2.111,0.822,0.67,0.55,2.968,0.678,0.362,0.33,2.329,1.202,2.111,0.822,0.67,0.55,2.968,0.678,0.362,0.33,2.329,19.799,X
1.249,2.124,0.836,0.701,0.555,2.868,0.596,0.328,0.295,2.307,1.249,2.124,0.836,0.701,0.555,2.868,0.596,0.328,0.295,2.307,19.105,X
1.249,2.124,0.836,0.701,0.555,2.868,0.596,0.328,0.295,2.307,1.249,2.124,0.836,0.701,0.555,2.868,0.596,0.328,0.295,2.307,19.105,X
1.249,2.124,0.836,0.701,0.555,2.868,0.596,0.328,0.295,2.307,1.249,2.124,0.836,0.701,0.555,2.868,0.596,0.328,0.295,2.307,19.105,X
1.249,2.124,0.836,0.701,0.555,2.868,0.596,0.328,0.295,2.307,1.249,2.124,0.836,0.701,0.555,2.868,0.596,0.328,0.295,2.307,19.105,X
1.249,2.124,0.836,0.701,0.555,2.868,0.596,0.328,0.295,2.307,1.249,2.124,0.836,0.701,0.555,2.868,0.596,0.328,0.295,2.307,19.105,X
1.328,2.187,0.84,0.707,0.623,2.634,0.529,0.273,0.264,2.124,1.328,2.187,0.84,0.707,0.623,2.634,0.529,0.273,0.264,2.124,14.213,X
1.257,2.108,0.832,0.688,0.582,2.691,0.577,0.292,0.292,2.153,1.257,2.108,0.832,0.688,0.582,2.691,0.577,0.292,0.292,2.153,15.232,X
1.257,2.108,0.832,0.688,0.582,2.691,0.577,0.292,0.292,2.153,1.257,2.108,0.832,0.688,0.582,2.691,0.577,0.292,0.292,2.153,15.232,X
1.257,2.108,0.832,0.688,0.582,2.691,0.577,0.292,0.292,2.153,1.257,2.108,0.832,0.688,0.582,2.691,0.577,0.292,0.292,2.153,15.232,X
1.257,2.108,0.832,0.688,0.582,2.691,0.577,0.292,0.292,2.153,1.257,2.108,0.832,0.688,0.582,2.691,0.577,0.292,0.292,2.153,15.232,X
1.257,2.108,0.832,0.688,0.582,2.691,0.577,0.292,0.292,2.153,1.257,2.108,0.832,0.688,0.582,2.691,0.577,0.292,0.292,2.153,15.232,X
1.236,2.202,0.834,0.683,0.571,3.01,0.637,0.337,0.306,2.405,1.236,2.202,0.834,0.683,0.571,3.01,0.637,0.337,0.306,2.405,18.439,X
1.204,2.086,0.83,0.689,0.522,3,0.654,0.332,0.332,2.391,1.204,2.086,0.83,0.689,0.522,3,0.654,0.332,0.332,2.391,15.62,X
1.272,2.111,0.839,0.694,0.58,2.692,0.56,0.296,0.277,2.178,1.272,2.111,0.839,0.694,0.58,2.692,0.56,0.296,0.277,2.178,18.439,X
1.272,2.111,0.839,0.694,0.58,2.692,0.56,0.296,0.277,2.178,1.272,2.111,0.839,0.694,0.58,2.692,0.56,0.296,0.277,2.178,18.439,X
1.272,2.111,0.839,0.694,0.58,2.692,0.56,0.296,0.277,2.178,1.272,2.111,0.839,0.694,0.58,2.692,0.56,0.296,0.277,2.178,18.439,X
1.272,2.111,0.839,0.694,0.58,2.692,0.56,0.296,0.277,2.178,1.272,2.111,0.839,0.694,0.58,2.692,0.56,0.296,0.277,2.178,18.439,X
1.272,2.111,0.839,0.694,0.58,2.692,0.56,0.296,0.277,2.178,1.272,2.111,0.839,0.694,0.58,2.692,0.56,0.296,0.277,2.178,18.439,X
1.283,2.189,0.818,0.668,0.621,2.749,0.593,0.3,0.3,2.199,1.283,2.189,0.818,0.668,0.621,2.749,0.593,0.3,0.3,2.199,14.866,X
1.259,2.121,0.819,0.69,0.635,2.549,0.57,0.286,0.295,1.997,1.259,2.121,0.819,0.69,0.635,2.549,0.57,0.286,0.295,1.997,16.155,X
1.259,2.121,0.819,0.69,0.635,2.549,0.57,0.286,0.295,1.997,1.259,2.121,0.819,0.69,0.635,2.549,0.57,0.286,0.295,1.997,16.155,X
1.259,2.121,0.819,0.69,0.635,2.549,0.57,0.286,0.295,1.997,1.259,2.121,0.819,0.69,0.635,2.549,0.57,0.286,0.295,1.997,16.155,X
1.259,2.121,0.819,0.69,0.635,2.549,0.57,0.286,0.295,1.997,1.259,2.121,0.819,0.69,0.635,2.549,0.57,0.286,0.295,1.997,16.155,X
1.259,2.121,0.819,0.69,0.635,2.549,0.57,0.286,0.295,1.997,1.259,2.121,0.819,0.69,0.635,2.549,0.57,0.286,0.295,1.997,16.155,X
1.25,2.199,0.819,0.688,0.595,2.846,0.589,0.291,0.311,2.29,1.25,2.199,0.819,0.688,0.595,2.846,0.589,0.291,0.311,2.29,19.723,X
1.301,2.101,0.804,0.684,0.632,2.537,0.564,0.257,0.319,2.006,1.301,2.101,0.804,0.684,0.632,2.537,0.564,0.257,0.319,2.006,16.643,X
1.301,2.101,0.804,0.684,0.632,2.537,0.564,0.257,0.319,2.006,1.301,2.101,0.804,0.684,0.632,2.537,0.564,0.257,0.319,2.006,16.643,X
1.301,2.101,0.804,0.684,0.632,2.537,0.564,0.257,0.319,2.006,1.301,2.101,0.804,0.684,0.632,2.537,0.564,0.257,0.319,2.006,16.643,X
1.301,2.101,0.804,0.684,0.632,2.537,0.564,0.257,0.319,2.006,1.301,2.101,0.804,0.684,0.632,2.537,0.564,0.257,0.319,2.006,16.643,X
1.301,2.101,0.804,0.684,0.632,2.537,0.564,0.257,0.319,2.006,1.301,2.101,0.804,0.684,0.632,2.537,0.564,0.257,0.319,2.006,16.643,X
1.306,2.199,0.847,0.694,0.616,2.718,0.543,0.3,0.252,2.211,1.306,2.199,0.847,0.694,0.616,2.718,0.543,0.3,0.252,2.211,14.866,X
1.303,2.137,0.846,0.72,0.593,2.685,0.536,0.277,0.268,2.172,1.303,2.137,0.846,0.72,0.593,2.685,0.536,0.277,0.268,2.172,19.209,X
1.303,2.137,0.846,0.72,0.593,2.685,0.536,0.277,0.268,2.172,1.303,2.137,0.846,0.72,0.593,2.685,0.536,0.277,0.268,2.172,19.209,X
1.303,2.137,0.846,0.72,0.593,2.685,0.536,0.277,0.268,2.172,1.303,2.137,0.846,0.72,0.593,2.685,0.536,0.277,0.268,2.172,19.209,X
1.303,2.137,0.846,0.72,0.593,2.685,0.536,0.277,0.268,2.172,1.303,2.137,0.846,0.72,0.593,2.685,0.536,0.277,0.268,2.172,19.209,X
1.303,2.137,0.846,0.72,0.593,2.685,0.536,0.277,0.268,2.172,1.303,2.137,0.846,0.72,0.593,2.685,0.536,0.277,0.268,2.172,19.209,X
1.303,2.137,0.846,0.72,0.593,2.685,0.536,0.277,0.268,2.172,1.303,2.137,0.846,0.72,0.593,2.685,0.536,0.277,0.268,2.172,19.209,X
1.318,2.137,0.828,0.701,0.619,2.584,0.534,0.265,0.282,2.079,1.318,2.137,0.828,0.701,0.619,2.584,0.534,0.265,0.282,2.079,20.809,X
1.216,1.714,0.863,0.824,0.432,2.612,0.41,0.197,0.348,2.475,1.216,1.714,0.863,0.824,0.432,2.612,0.41,0.197,0.348,2.475,111.544,Y
1.285,1.768,0.892,0.87,0.476,2.512,0.274,0.108,0.261,2.378,1.285,1.768,0.892,0.87,0.476,2.512,0.274,0.108,0.261,2.378,112.446,Y
1.233,1.724,0.879,0.852,0.432,2.638,0.352,0.226,0.317,2.576,1.233,1.724,0.879,0.852,0.432,2.638,0.352,0.226,0.317,2.576,111.544,Y
1.268,1.742,0.859,0.885,0.404,2.676,0.343,0.29,0.368,2.71,1.268,1.742,0.859,0.885,0.404,2.676,0.343,0.29,0.368,2.71,111.364,Y
1.275,1.823,0.891,0.867,0.462,2.675,0.288,0.148,0.29,2.528,1.275,1.823,0.891,0.867,0.462,2.675,0.288,0.148,0.29,2.528,113.635,Y
1.276,1.828,0.872,0.834,0.507,2.541,0.335,0.094,0.285,2.34,1.276,1.828,0.872,0.834,0.507,2.541,0.335,0.094,0.285,2.34,112.539,Y
1.291,1.818,0.889,0.836,0.514,2.478,0.325,0.117,0.247,2.288,1.291,1.818,0.889,0.836,0.514,2.478,0.325,0.117,0.247,2.288,113.442,Y
1.252,1.741,0.876,0.899,0.373,2.89,0.371,0.404,0.374,2.996,1.252,1.741,0.876,0.899,0.373,2.89,0.371,0.404,0.374,2.996,111.45,Y
1.252,1.768,0.865,0.798,0.553,2.344,0.402,0.122,0.304,2.049,1.252,1.768,0.865,0.798,0.553,2.344,0.402,0.122,0.304,2.049,111.45,Y
1.254,1.748,0.875,0.837,0.469,2.517,0.349,0.126,0.298,2.341,1.254,1.748,0.875,0.837,0.469,2.517,0.349,0.126,0.298,2.341,112.539,Y
1.234,1.742,0.881,0.829,0.487,2.514,0.377,0.119,0.312,2.249,1.234,1.742,0.881,0.829,0.487,2.514,0.377,0.119,0.312,2.249,112.446,Y
1.294,1.829,0.89,0.85,0.507,2.48,0.297,0.146,0.249,2.359,1.294,1.829,0.89,0.85,0.507,2.48,0.297,0.146,0.249,2.359,110.454,Y
1.263,1.781,0.861,0.809,0.559,2.328,0.376,0.094,0.306,2.05,1.263,1.781,0.861,0.809,0.559,2.328,0.376,0.094,0.306,2.05,111.544,Y
1.282,1.839,0.89,0.856,0.531,2.491,0.314,0.064,0.257,2.237,1.282,1.839,0.89,0.856,0.531,2.491,0.314,0.064,0.257,2.237,111.544,Y
1.295,1.787,0.892,0.843,0.55,2.328,0.339,0.091,0.261,2.046,1.295,1.787,0.892,0.843,0.55,2.328,0.339,0.091,0.261,2.046,111.544,Y
1.257,1.78,0.877,0.839,0.502,2.477,0.337,0.094,0.296,2.249,1.257,1.78,0.877,0.839,0.502,2.477,0.337,0.094,0.296,2.249,111.647,Y
1.272,1.765,0.877,0.842,0.517,2.414,0.33,0.071,0.283,2.178,1.272,1.765,0.877,0.842,0.517,2.414,0.33,0.071,0.283,2.178,111.45,Y
1.261,1.795,0.858,0.807,0.54,2.402,0.381,0.097,0.304,2.136,1.261,1.795,0.858,0.807,0.54,2.402,0.381,0.097,0.304,2.136,111.544,Y
1.269,1.78,0.877,0.824,0.529,2.376,0.34,0.111,0.263,2.178,1.269,1.78,0.877,0.824,0.529,2.376,0.34,0.111,0.263,2.178,110.454,Y
1.29,1.825,0.89,0.837,0.538,2.443,0.32,0.099,0.239,2.229,1.29,1.825,0.89,0.837,0.538,2.443,0.32,0.099,0.239,2.229,112.539,Y
1.257,1.809,0.894,0.843,0.531,2.46,0.326,0.099,0.252,2.221,1.257,1.809,0.894,0.843,0.531,2.46,0.326,0.099,0.252,2.221,109.554,Y
1.28,1.786,0.873,0.851,0.494,2.458,0.303,0.107,0.288,2.305,1.28,1.786,0.873,0.851,0.494,2.458,0.303,0.107,0.288,2.305,110.653,Y
1.229,1.713,0.88,0.821,0.467,2.502,0.383,0.2,0.293,2.379,1.229,1.713,0.88,0.821,0.467,2.502,0.383,0.2,0.293,2.379,111.647,Y
1.237,1.713,0.862,0.778,0.535,2.275,0.422,0.162,0.285,2.044,1.237,1.713,0.862,0.778,0.535,2.275,0.422,0.162,0.285,2.044,110.454,Y
1.292,1.84,0.875,0.848,0.523,2.491,0.292,0.133,0.275,2.375,1.292,1.84,0.875,0.848,0.523,2.491,0.292,0.133,0.275,2.375,111.45,Y
1.29,1.81,0.876,0.829,0.554,2.392,0.376,0.095,0.283,2.069,1.29,1.81,0.876,0.829,0.554,2.392,0.376,0.095,0.283,2.069,112.446,Y
1.282,1.814,0.872,0.827,0.559,2.395,0.395,0.109,0.286,2.046,1.282,1.814,0.872,0.827,0.559,2.395,0.395,0.109,0.286,2.046,111.544,Y
1.267,1.774,0.861,0.789,0.54,2.345,0.393,0.151,0.286,2.147,1.267,1.774,0.861,0.789,0.54,2.345,0.393,0.151,0.286,2.147,111.45,Y
1.293,1.811,0.873,0.821,0.561,2.341,0.336,0.095,0.257,2.123,1.293,1.811,0.873,0.821,0.561,2.341,0.336,0.095,0.257,2.123,111.45,Y
1.319,1.809,0.888,0.837,0.573,2.283,0.324,0.09,0.242,2.029,1.319,1.809,0.888,0.837,0.573,2.283,0.324,0.09,0.242,2.029,110.454,Y
1.257,1.783,0.877,0.808,0.539,2.402,0.381,0.127,0.276,2.136,1.257,1.783,0.877,0.808,0.539,2.402,0.381,0.127,0.276,2.136,111.544,Y
1.336,1.847,0.888,0.851,0.563,2.337,0.29,0.068,0.246,2.117,1.336,1.847,0.888,0.851,0.563,2.337,0.29,0.068,0.246,2.117,112.446,Y
1.297,1.837,0.872,0.834,0.539,2.417,0.315,0.089,0.268,2.229,1.297,1.837,0.872,0.834,0.539,2.417,0.315,0.089,0.268,2.229,110.549,Y
1.278,1.805,0.859,0.84,0.526,2.457,0.341,0.045,0.326,2.192,1.278,1.805,0.859,0.84,0.526,2.457,0.341,0.045,0.326,2.192,111.544,Y
1.27,1.779,0.875,0.853,0.469,2.575,0.314,0.11,0.298,2.419,1.27,1.779,0.875,0.853,0.469,2.575,0.314,0.11,0.298,2.419,111.45,Y
1.29,1.832,0.892,0.88,0.461,2.645,0.274,0.216,0.274,2.608,1.29,1.832,0.892,0.88,0.461,2.645,0.274,0.216,0.274,2.608,111.647,Y
1.257,1.768,0.86,0.807,0.53,2.351,0.371,0.111,0.292,2.136,1.257,1.768,0.86,0.807,0.53,2.351,0.371,0.111,0.292,2.136,109.659,Y
1.271,1.82,0.877,0.822,0.521,2.501,0.356,0.115,0.285,2.266,1.271,1.82,0.877,0.822,0.521,2.501,0.356,0.115,0.285,2.266,111.45,Y
1.292,1.829,0.871,0.836,0.53,2.443,0.315,0.07,0.258,2.257,1.292,1.829,0.871,0.836,0.53,2.443,0.315,0.07,0.258,2.257,110.454,Y
1.333,1.846,0.889,0.864,0.53,2.395,0.257,0.131,0.243,2.294,1.333,1.846,0.889,0.864,0.53,2.395,0.257,0.131,0.243,2.294,111.364,Y
1.255,1.772,0.861,0.829,0.518,2.447,0.382,0.063,0.326,2.136,1.255,1.772,0.861,0.829,0.518,2.447,0.382,0.063,0.326,2.136,111.647,Y
1.262,1.795,0.875,0.806,0.531,2.368,0.375,0.138,0.276,2.123,1.262,1.795,0.875,0.806,0.531,2.368,0.375,0.138,0.276,2.123,108.665,Y
1.288,1.786,0.889,0.879,0.438,2.616,0.326,0.265,0.276,2.643,1.288,1.786,0.889,0.879,0.438,2.616,0.326,0.265,0.276,2.643,110.549,Y
1.261,1.809,0.858,0.79,0.554,2.375,0.401,0.124,0.296,2.096,1.261,1.809,0.858,0.79,0.554,2.375,0.401,0.124,0.296,2.096,110.549,Y
1.308,1.814,0.891,0.87,0.508,2.462,0.27,0.073,0.264,2.272,1.308,1.814,0.891,0.87,0.508,2.462,0.27,0.073,0.264,2.272,111.544,Y
1.255,1.772,0.875,0.833,0.484,2.521,0.345,0.153,0.293,2.378,1.255,1.772,0.875,0.833,0.484,2.521,0.345,0.153,0.293,2.378,110.549,Y
1.255,1.775,0.877,0.811,0.539,2.402,0.39,0.123,0.276,2.109,1.255,1.775,0.877,0.811,0.539,2.402,0.39,0.123,0.276,2.109,111.647,Y
1.269,1.818,0.875,0.85,0.475,2.643,0.316,0.144,0.298,2.513,1.269,1.818,0.875,0.85,0.475,2.643,0.316,0.144,0.298,2.513,112.641,Y
1.251,1.771,0.88,0.824,0.507,2.455,0.356,0.137,0.288,2.246,1.251,1.771,0.88,0.824,0.507,2.455,0.356,0.137,0.288,2.246,109.659,Y
1.2,1.688,0.834,0.785,0.493,2.394,0.447,0.1,0.361,2.122,1.2,1.688,0.834,0.785,0.493,2.394,0.447,0.1,0.361,2.122,109.659,Y
1.26,1.768,0.86,0.805,0.53,2.325,0.37,0.131,0.292,2.136,1.26,1.768,0.86,0.805,0.53,2.325,0.37,0.131,0.292,2.136,108.559,Y
0.664,0.971,0.932,0.777,0.159,1.292,1.466,1.065,0.427,0.183,0.664,0.971,0.932,0.777,0.159,1.292,1.466,1.065,0.427,0.183,68.622,Z
0.69,0.962,0.915,0.727,0.097,2.497,2.876,2.002,0.88,0.389,0.69,0.962,0.915,0.727,0.097,2.497,2.876,2.002,0.88,0.389,67.209,Z
0.684,0.97,0.891,0.726,0.07,3.712,4.118,2.657,1.556,0.424,0.684,0.97,0.891,0.726,0.07,3.712,4.118,2.657,1.556,0.424,69.311,Z
0.667,0.961,0.894,0.724,0.095,2.652,3.067,1.99,1.116,0.416,0.667,0.961,0.894,0.724,0.095,2.652,3.067,1.99,1.116,0.416,69.354,Z
0.691,0.963,0.907,0.73,0.088,2.752,3.162,2.146,1.06,0.424,0.691,0.963,0.907,0.73,0.088,2.752,3.162,2.146,1.06,0.424,65.947,Z
0.694,0.971,0.913,0.732,0.091,2.752,3.059,2.112,0.96,0.318,0.694,0.971,0.913,0.732,0.091,2.752,3.059,2.112,0.96,0.318,68.68,Z
0.683,0.98,0.912,0.732,0.082,3.243,3.504,2.43,1.087,0.264,0.683,0.98,0.912,0.732,0.082,3.243,3.504,2.43,1.087,0.264,66.528,Z
0.694,0.971,0.923,0.716,0.056,4.881,5.371,4.015,1.383,0.514,0.694,0.971,0.923,0.716,0.056,4.881,5.371,4.015,1.383,0.514,68.593,Z
0.698,0.971,0.905,0.718,0.072,3.662,4.077,2.782,1.32,0.415,0.698,0.971,0.905,0.718,0.072,3.662,4.077,2.782,1.32,0.415,66.528,Z
0.684,0.971,0.933,0.741,0.11,2.15,2.426,1.831,0.614,0.277,0.684,0.971,0.933,0.741,0.11,2.15,2.426,1.831,0.614,0.277,68.622,Z
0.681,0.962,0.924,0.729,0.087,2.816,3.236,2.369,0.874,0.434,0.681,0.962,0.924,0.729,0.087,2.816,3.236,2.369,0.874,0.434,67.357,Z
0.697,0.962,0.914,0.728,0.061,4.15,4.791,3.364,1.44,0.644,0.697,0.962,0.914,0.728,0.061,4.15,4.791,3.364,1.44,0.644,67.209,Z
0.688,0.98,0.912,0.739,0.077,3.402,3.644,2.522,1.159,0.256,0.688,0.98,0.912,0.739,0.077,3.402,3.644,2.522,1.159,0.256,67.941,Z
0.688,0.971,0.941,0.72,0.062,4.248,4.742,3.755,0.988,0.494,0.688,0.971,0.941,0.72,0.062,4.248,4.742,3.755,0.988,0.494,69.354,Z
0.705,0.971,0.904,0.723,0.091,2.813,3.145,2.1,1.059,0.333,0.705,0.971,0.904,0.723,0.091,2.813,3.145,2.1,1.059,0.333,66.483,Z
0.694,0.962,0.913,0.741,0.112,2.038,2.372,1.602,0.776,0.343,0.694,0.962,0.913,0.741,0.112,2.038,2.372,1.602,0.776,0.343,67.941,Z
0.688,0.961,0.912,0.747,0.097,2.332,2.72,1.857,0.909,0.404,0.688,0.961,0.912,0.747,0.097,2.332,2.72,1.857,0.909,0.404,68.593,Z
0.678,0.97,0.921,0.728,0.083,3.131,3.504,2.539,0.972,0.373,0.678,0.97,0.921,0.728,0.083,3.131,3.504,2.539,0.972,0.373,65.947,Z
0.697,0.971,0.914,0.726,0.077,3.413,3.766,2.672,1.123,0.372,0.697,0.971,0.914,0.726,0.077,3.413,3.766,2.672,1.123,0.372,67.268,Z
0.68,0.98,0.903,0.72,0.076,3.606,3.888,2.593,1.306,0.286,0.68,0.98,0.903,0.72,0.076,3.606,3.888,2.593,1.306,0.286,70.767,Z
0.688,0.97,0.921,0.737,0.098,2.5,2.816,1.992,0.825,0.316,0.688,0.97,0.921,0.737,0.098,2.5,2.816,1.992,0.825,0.316,66.068,Z
0.684,0.981,0.904,0.723,0.083,3.274,3.497,2.354,1.168,0.232,0.684,0.981,0.904,0.723,0.083,3.274,3.497,2.354,1.168,0.232,73.553,Z
0.684,0.972,0.895,0.716,0.069,3.947,4.306,2.859,1.525,0.439,0.684,0.972,0.895,0.716,0.069,3.947,4.306,2.859,1.525,0.439,70.178,Z
0.691,0.971,0.893,0.71,0.083,3.296,3.666,2.37,1.309,0.37,0.691,0.971,0.893,0.71,0.083,3.296,3.666,2.37,1.309,0.37,66.483,Z
0.689,0.981,0.893,0.721,0.07,3.905,4.172,2.678,1.532,0.277,0.689,0.981,0.893,0.721,0.07,3.905,4.172,2.678,1.532,0.277,66.708,Z
0.702,0.971,0.894,0.715,0.052,5.285,5.816,3.76,2.076,0.557,0.702,0.971,0.894,0.715,0.052,5.285,5.816,3.76,2.076,0.557,66.528,Z
0.686,0.971,0.913,0.743,0.095,2.556,2.875,1.99,0.915,0.319,0.686,0.971,0.913,0.743,0.095,2.556,2.875,1.99,0.915,0.319,70.725,Z
0.686,0.98,0.921,0.738,0.077,3.402,3.644,2.64,1.032,0.256,0.686,0.98,0.921,0.738,0.077,3.402,3.644,2.64,1.032,0.256,64.351,Z
0.68,0.961,0.903,0.74,0.089,2.641,3.054,1.994,1.09,0.434,0.68,0.961,0.903,0.74,0.089,2.641,3.054,1.994,1.09,0.434,70.007,Z
0.686,0.971,0.902,0.727,0.084,3.018,3.355,2.172,1.185,0.349,0.686,0.971,0.902,0.727,0.084,3.018,3.355,2.172,1.185,0.349,68.68,Z
0.687,0.98,0.912,0.729,0.069,3.847,4.118,2.818,1.304,0.283,0.687,0.98,0.912,0.729,0.069,3.847,4.118,2.818,1.304,0.283,65.299,Z
0.672,0.971,0.893,0.74,0.103,2.38,2.649,1.608,1.052,0.282,0.672,0.971,0.893,0.74,0.103,2.38,2.649,1.608,1.052,0.282,67.179,Z
0.666,0.962,0.904,0.754,0.107,2.161,2.492,1.6,0.912,0.358,0.666,0.962,0.904,0.754,0.107,2.161,2.492,1.6,0.912,0.358,70.178,Z
0.664,0.962,0.884,0.726,0.073,3.586,4.073,2.526,1.597,0.525,0.664,0.962,0.884,0.726,0.073,3.586,4.073,2.526,1.597,0.525,68.68,Z
0.688,0.971,0.882,0.719,0.071,3.815,4.172,2.55,1.67,0.439,0.688,0.971,0.882,0.719,0.071,3.815,4.172,2.55,1.67,0.439,67.209,Z
0.679,0.98,0.921,0.756,0.118,1.997,2.156,1.497,0.67,0.166,0.679,0.98,0.921,0.756,0.118,1.997,2.156,1.497,0.67,0.166,66.708,Z
0.67,0.971,0.913,0.743,0.122,1.964,2.191,1.491,0.711,0.236,0.67,0.971,0.913,0.743,0.122,1.964,2.191,1.491,0.711,0.236,67.268,Z
0.686,0.98,0.912,0.756,0.111,2.125,2.295,1.51,0.8,0.177,0.686,0.98,0.912,0.756,0.111,2.125,2.295,1.51,0.8,0.177,68.68,Z
0.647,0.952,0.933,0.781,0.196,0.894,1.132,0.8,0.34,0.243,0.647,0.952,0.933,0.781,0.196,0.894,1.132,0.8,0.34,0.243,70.767,Z
0.681,0.971,0.922,0.758,0.124,1.814,2.04,1.416,0.633,0.236,0.681,0.971,0.922,0.758,0.124,1.814,2.04,1.416,0.633,0.236,67.179,Z
0.664,0.961,0.913,0.748,0.152,1.431,1.684,1.118,0.576,0.256,0.664,0.961,0.913,0.748,0.152,1.431,1.684,1.118,0.576,0.256,70.036,Z
0.671,0.971,0.941,0.785,0.161,1.215,1.376,1.022,0.366,0.193,0.671,0.971,0.941,0.785,0.161,1.215,1.376,1.022,0.366,0.193,68.68,Z
0.686,0.98,0.94,0.772,0.135,1.67,1.81,1.367,0.452,0.149,0.686,0.98,0.94,0.772,0.135,1.67,1.81,1.367,0.452,0.149,66.708,Z
0.671,0.971,0.902,0.738,0.111,2.236,2.489,1.625,0.888,0.265,0.671,0.971,0.902,0.738,0.111,2.236,2.489,1.625,0.888,0.265,69.354,Z
0.68,0.971,0.903,0.728,0.105,2.357,2.647,1.727,0.929,0.292,0.68,0.971,0.903,0.728,0.105,2.357,2.647,1.727,0.929,0.292,67.941,Z
0.677,0.971,0.894,0.725,0.082,3.243,3.578,2.321,1.302,0.354,0.677,0.971,0.894,0.725,0.082,3.243,3.578,2.321,1.302,0.354,70.007,Z
0.681,0.971,0.912,0.738,0.111,2.193,2.47,1.664,0.809,0.277,0.681,0.971,0.912,0.738,0.111,2.193,2.47,1.664,0.809,0.277,66.068,Z
0.682,0.971,0.903,0.748,0.117,1.974,2.216,1.392,0.835,0.249,0.682,0.971,0.903,0.748,0.117,1.974,2.216,1.392,0.835,0.249,67.897,Z
0.657,0.961,0.893,0.741,0.124,1.902,2.222,1.397,0.862,0.322,0.657,0.961,0.893,0.741,0.124,1.902,2.222,1.397,0.862,0.322,72.863,Z
0.68,0.971,0.912,0.749,0.103,2.291,2.533,1.667,0.867,0.297,0.68,0.971,0.912,0.749,0.103,2.291,2.533,1.667,0.867,0.297,67.268,Z
0.673,0.98,0.94,0.771,0.142,1.537,1.672,1.247,0.428,0.141,0.673,0.98,0.94,0.771,0.142,1.537,1.672,1.247,0.428,0.141,65.856,Z