2.391,1.259,0.825,0.764,2.087,0.481,0.308,0.145,0.163,0.173,2.391,1.259,0.825,0.764,2.087,0.481,0.308,0.145,0.163,0.173,18.0
2.393,1.231,0.845,0.802,2.081,0.469,0.306,0.144,0.163,0.163,2.393,1.231,0.845,0.802,2.081,0.469,0.306,0.144,0.163,0.163,16.031
2.308,1.235,0.798,0.76,1.988,0.485,0.318,0.148,0.171,0.168,2.308,1.235,0.798,0.76,1.988,0.485,0.318,0.148,0.171,0.168,16.125
2.337,1.197,0.796,0.704,1.998,0.448,0.295,0.132,0.163,0.156,2.337,1.197,0.796,0.704,1.998,0.448,0.295,0.132,0.163,0.156,18.111
2.294,1.204,0.807,0.758,1.988,0.457,0.303,0.145,0.159,0.154,2.294,1.204,0.807,0.758,1.988,0.457,0.303,0.145,0.159,0.154,13.0
2.279,1.216,0.816,0.787,1.974,0.507,0.348,0.159,0.188,0.159,2.279,1.216,0.816,0.787,1.974,0.507,0.348,0.159,0.188,0.159,17.0
2.481,1.239,0.816,0.808,2.166,0.462,0.304,0.147,0.159,0.157,2.481,1.239,0.816,0.808,2.166,0.462,0.304,0.147,0.159,0.157,13.038
2.28,1.223,0.798,0.798,1.957,0.491,0.33,0.16,0.173,0.161,2.28,1.223,0.798,0.798,1.957,0.491,0.33,0.16,0.173,0.161,15.033
2.325,1.224,0.827,0.773,2.046,0.481,0.319,0.145,0.173,0.163,2.325,1.224,0.827,0.773,2.046,0.481,0.319,0.145,0.173,0.163,19.0
2.371,1.24,0.789,0.778,2.052,0.466,0.304,0.141,0.166,0.162,2.371,1.24,0.789,0.778,2.052,0.466,0.304,0.141,0.166,0.162,18.0
2.315,1.222,0.793,0.725,1.944,0.457,0.294,0.135,0.16,0.163,2.315,1.222,0.793,0.725,1.944,0.457,0.294,0.135,0.16,0.163,16.0
2.36,1.219,0.794,0.726,2.063,0.475,0.317,0.144,0.173,0.16,2.36,1.219,0.794,0.726,2.063,0.475,0.317,0.144,0.173,0.16,15.133
2.481,1.26,0.822,0.81,2.214,0.487,0.321,0.147,0.175,0.166,2.481,1.26,0.822,0.81,2.214,0.487,0.321,0.147,0.175,0.166,15.0
2.453,1.26,0.806,0.77,2.133,0.474,0.312,0.151,0.162,0.162,2.453,1.26,0.806,0.77,2.133,0.474,0.312,0.151,0.162,0.162,15.0
2.397,1.246,0.821,0.772,2.076,0.468,0.305,0.143,0.163,0.163,2.397,1.246,0.821,0.772,2.076,0.468,0.305,0.143,0.163,0.163,15.033
2.336,1.234,0.809,0.757,2.027,0.487,0.325,0.153,0.173,0.162,2.336,1.234,0.809,0.757,2.027,0.487,0.325,0.153,0.173,0.162,18.248
2.373,1.234,0.794,0.725,2.058,0.453,0.294,0.132,0.163,0.159,2.373,1.234,0.794,0.725,2.058,0.453,0.294,0.132,0.163,0.159,13.038
2.51,1.275,0.805,0.771,2.219,0.483,0.324,0.157,0.167,0.159,2.51,1.275,0.805,0.771,2.219,0.483,0.324,0.157,0.167,0.159,13.038
2.362,1.233,0.813,0.806,2.061,0.482,0.321,0.15,0.171,0.161,2.362,1.233,0.813,0.806,2.061,0.482,0.321,0.15,0.171,0.161,17.029
2.434,1.266,0.82,0.824,2.154,0.489,0.319,0.159,0.161,0.17,2.434,1.266,0.82,0.824,2.154,0.489,0.319,0.159,0.161,0.17,15.033
2.287,1.201,0.81,0.753,2.018,0.481,0.326,0.158,0.169,0.156,2.287,1.201,0.81,0.753,2.018,0.481,0.326,0.158,0.169,0.156,16.031
2.423,1.214,0.837,0.8,2.109,0.458,0.305,0.152,0.153,0.152,2.423,1.214,0.837,0.8,2.109,0.458,0.305,0.152,0.153,0.152,11.0
2.363,1.241,0.8,0.774,2.067,0.476,0.317,0.148,0.17,0.159,2.363,1.241,0.8,0.774,2.067,0.476,0.317,0.148,0.17,0.159,15.0
2.317,1.212,0.793,0.737,1.999,0.468,0.306,0.146,0.161,0.164,2.317,1.212,0.793,0.737,1.999,0.468,0.306,0.146,0.161,0.164,16.125
2.365,1.234,0.791,0.798,2.065,0.485,0.326,0.158,0.171,0.159,2.365,1.234,0.791,0.798,2.065,0.485,0.326,0.158,0.171,0.159,16.125
2.401,1.253,0.812,0.784,2.129,0.494,0.326,0.167,0.16,0.168,2.401,1.253,0.812,0.784,2.129,0.494,0.326,0.167,0.16,0.168,15.033
2.304,1.222,0.842,0.788,1.993,0.478,0.319,0.159,0.159,0.159,2.304,1.222,0.842,0.788,1.993,0.478,0.319,0.159,0.159,0.159,16.031
2.431,1.254,0.799,0.769,2.121,0.481,0.315,0.138,0.177,0.166,2.431,1.254,0.799,0.769,2.121,0.481,0.315,0.138,0.177,0.166,15.033
2.426,1.246,0.798,0.817,2.133,0.479,0.313,0.147,0.169,0.166,2.426,1.246,0.798,0.817,2.133,0.479,0.313,0.147,0.169,0.166,14.0
2.241,1.216,0.807,0.757,1.935,0.488,0.326,0.152,0.174,0.162,2.241,1.216,0.807,0.757,1.935,0.488,0.326,0.152,0.174,0.162,16.031
2.363,1.24,0.823,0.787,2.024,0.474,0.304,0.142,0.163,0.17,2.363,1.24,0.823,0.787,2.024,0.474,0.304,0.142,0.163,0.17,15.033
2.398,1.212,0.812,0.773,2.042,0.447,0.287,0.132,0.155,0.16,2.398,1.212,0.812,0.773,2.042,0.447,0.287,0.132,0.155,0.16,16.0
2.363,1.241,0.822,0.814,2.085,0.506,0.337,0.168,0.169,0.169,2.363,1.241,0.822,0.814,2.085,0.506,0.337,0.168,0.169,0.169,14.036
2.391,1.24,0.827,0.787,2.059,0.466,0.298,0.148,0.151,0.168,2.391,1.24,0.827,0.787,2.059,0.466,0.298,0.148,0.151,0.168,14.036
2.513,1.252,0.831,0.816,2.251,0.471,0.311,0.151,0.16,0.16,2.513,1.252,0.831,0.816,2.251,0.471,0.311,0.151,0.16,0.16,11.0
2.275,1.229,0.807,0.771,2.004,0.486,0.327,0.148,0.179,0.159,2.275,1.229,0.807,0.771,2.004,0.486,0.327,0.148,0.179,0.159,15.033
2.457,1.26,0.845,0.841,2.187,0.495,0.33,0.174,0.156,0.166,2.457,1.26,0.845,0.841,2.187,0.495,0.33,0.174,0.156,0.166,12.0
2.32,1.22,0.831,0.787,2.021,0.473,0.313,0.151,0.162,0.16,2.32,1.22,0.831,0.787,2.021,0.473,0.313,0.151,0.162,0.16,15.033
2.323,1.228,0.8,0.774,2.035,0.474,0.322,0.15,0.173,0.152,2.323,1.228,0.8,0.774,2.035,0.474,0.322,0.15,0.173,0.152,16.125
2.383,1.252,0.821,0.763,2.059,0.478,0.303,0.146,0.157,0.175,2.383,1.252,0.821,0.763,2.059,0.478,0.303,0.146,0.157,0.175,17.029
2.389,1.233,0.794,0.768,2.101,0.475,0.317,0.148,0.17,0.158,2.389,1.233,0.794,0.768,2.101,0.475,0.317,0.148,0.17,0.158,13.0
2.442,1.275,0.802,0.778,2.172,0.493,0.325,0.157,0.168,0.168,2.442,1.275,0.802,0.778,2.172,0.493,0.325,0.157,0.168,0.168,14.036
2.218,1.208,0.823,0.783,1.932,0.489,0.327,0.162,0.166,0.162,2.218,1.208,0.823,0.783,1.932,0.489,0.327,0.162,0.166,0.162,19.026
2.577,1.249,0.839,0.836,2.327,0.459,0.303,0.147,0.156,0.156,2.577,1.249,0.839,0.836,2.327,0.459,0.303,0.147,0.156,0.156,13.038
2.322,1.216,0.785,0.764,2.06,0.476,0.324,0.151,0.174,0.152,2.322,1.216,0.785,0.764,2.06,0.476,0.324,0.151,0.174,0.152,14.036
2.298,1.22,0.787,0.746,2.033,0.494,0.329,0.158,0.172,0.166,2.298,1.22,0.787,0.746,2.033,0.494,0.329,0.158,0.172,0.166,13.153
2.347,1.218,0.85,0.85,2.06,0.488,0.322,0.165,0.157,0.166,2.347,1.218,0.85,0.85,2.06,0.488,0.322,0.165,0.157,0.166,13.038
2.4,1.225,0.845,0.842,2.101,0.477,0.312,0.156,0.157,0.165,2.4,1.225,0.845,0.842,2.101,0.477,0.312,0.156,0.157,0.165,13.153
2.354,1.241,0.796,0.738,2.002,0.468,0.298,0.124,0.174,0.171,2.354,1.241,0.796,0.738,2.002,0.468,0.298,0.124,0.174,0.171,16.0
2.579,1.287,0.819,0.758,2.294,0.458,0.285,0.129,0.156,0.173,2.579,1.287,0.819,0.758,2.294,0.458,0.285,0.129,0.156,0.173,12.369

0.855,1.015,0.957,0.906,0.085,1.442,1.142,0.711,0.855,0.437,0.855,1.015,0.957,0.906,0.085,1.442,1.142,0.711,0.855,0.437,19.416
0.877,1.027,0.953,0.934,0.066,2.357,1.617,0.31,1.366,0.747,0.877,1.027,0.953,0.934,0.066,2.357,1.617,0.31,1.366,0.747,18.111
0.85,1.033,0.934,0.897,0.053,3.536,2.679,0.767,2.0,0.857,0.85,1.033,0.934,0.897,0.053,3.536,2.679,0.767,2.0,0.857,22.023
0.863,1.027,0.938,0.883,0.049,3.677,2.678,1.114,1.857,1.174,0.863,1.027,0.938,0.883,0.049,3.677,2.678,1.114,1.857,1.174,20.1
0.868,1.025,0.944,0.916,0.058,2.815,2.124,0.563,1.608,0.698,0.868,1.025,0.944,0.916,0.058,2.815,2.124,0.563,1.608,0.698,21.378
0.841,1.014,0.953,0.906,0.07,2.259,1.866,0.707,1.293,0.415,0.841,1.014,0.953,0.906,0.07,2.259,1.866,0.707,1.293,0.415,26.077
0.884,1.021,0.951,0.913,0.054,2.951,2.473,0.767,1.847,0.485,0.884,1.021,0.951,0.913,0.054,2.951,2.473,0.767,1.847,0.485,21.378
0.854,1.036,0.956,0.921,0.078,1.892,1.162,0.52,1.04,0.78,0.854,1.036,0.956,0.921,0.078,1.892,1.162,0.52,1.04,0.78,23.537
0.853,1.015,0.955,0.909,0.07,2.203,1.723,0.689,1.145,0.528,0.853,1.015,0.955,0.909,0.07,2.203,1.723,0.689,1.145,0.528,23.087
0.84,1.025,0.945,0.89,0.078,2.057,1.581,0.697,1.097,0.52,0.84,1.025,0.945,0.89,0.078,2.057,1.581,0.697,1.097,0.52,23.345
0.852,1.037,0.946,0.919,0.075,2.112,1.319,0.392,1.17,0.832,0.852,1.037,0.946,0.919,0.075,2.112,1.319,0.392,1.17,0.832,24.021
0.88,1.026,0.955,0.918,0.051,3.041,2.129,0.707,1.741,0.952,0.88,1.026,0.955,0.918,0.051,3.041,2.129,0.707,1.741,0.952,19.105
0.868,1.027,0.954,0.906,0.046,3.72,2.691,1.077,1.789,1.077,0.868,1.027,0.954,0.906,0.046,3.72,2.691,1.077,1.789,1.077,20.1
0.88,1.017,0.954,0.928,0.07,2.065,1.46,0.384,1.261,0.653,0.88,1.017,0.954,0.928,0.07,2.065,1.46,0.384,1.261,0.653,18.439
0.86,1.025,0.945,0.908,0.058,2.66,1.988,0.644,1.473,0.698,0.86,1.025,0.945,0.908,0.058,2.66,1.988,0.644,1.473,0.698,19.105
0.878,1.028,0.953,0.917,0.052,3.187,2.129,0.707,1.741,1.118,0.878,1.028,0.953,0.917,0.052,3.187,2.129,0.707,1.741,1.118,20.224
0.866,1.047,0.952,0.916,0.066,2.608,1.6,0.583,1.393,1.02,0.866,1.047,0.952,0.916,0.066,2.608,1.6,0.583,1.393,1.02,23.087
0.876,1.025,0.953,0.915,0.046,3.606,2.72,0.894,1.97,0.894,0.876,1.025,0.953,0.915,0.046,3.606,2.72,0.894,1.97,0.894,19.105
0.877,1.029,0.953,0.935,0.066,2.357,1.5,0.277,1.366,0.877,0.877,1.029,0.953,0.935,0.066,2.357,1.5,0.277,1.366,0.877,21.024
0.876,1.034,0.962,0.933,0.066,2.426,1.738,0.5,1.316,0.693,0.876,1.034,0.962,0.933,0.066,2.426,1.738,0.5,1.316,0.693,20.1
0.911,1.033,0.962,0.94,0.04,4.007,3.064,1.054,2.014,1.0,0.911,1.033,0.962,0.94,0.04,4.007,3.064,1.054,2.014,1.0,21.378
0.887,1.014,0.954,0.926,0.046,2.884,2.28,0.632,1.789,0.632,0.887,1.014,0.954,0.926,0.046,2.884,2.28,0.632,1.789,0.632,22.091
0.859,1.025,0.963,0.925,0.068,2.172,1.566,0.566,1.174,0.614,0.859,1.025,0.963,0.925,0.068,2.172,1.566,0.566,1.174,0.614,24.021
0.866,1.034,0.952,0.924,0.072,2.203,1.563,0.405,1.261,0.64,0.866,1.034,0.952,0.924,0.072,2.203,1.563,0.405,1.261,0.64,23.195
0.906,1.015,0.965,0.937,0.07,1.824,1.313,0.415,1.0,0.541,0.906,1.015,0.965,0.937,0.07,1.824,1.313,0.415,1.0,0.541,17.088
0.884,1.044,0.963,0.943,0.064,2.357,1.535,0.422,1.135,0.843,0.884,1.044,0.963,0.943,0.064,2.357,1.535,0.422,1.135,0.843,21.024
0.863,1.026,0.942,0.921,0.062,2.737,2.071,0.537,1.535,0.667,0.863,1.026,0.942,0.921,0.062,2.737,2.071,0.537,1.535,0.667,21.095
0.858,1.023,0.953,0.923,0.07,2.297,1.824,0.557,1.293,0.473,0.858,1.023,0.953,0.923,0.07,2.297,1.824,0.557,1.293,0.473,23.087
0.843,1.017,0.946,0.9,0.065,2.469,1.866,0.707,1.308,0.707,0.843,1.017,0.946,0.9,0.065,2.469,1.866,0.707,1.308,0.707,20.025
0.874,1.016,0.951,0.912,0.046,3.847,3.053,1.0,2.154,0.825,0.874,1.016,0.951,0.912,0.046,3.847,3.053,1.0,2.154,0.825,21.024
0.859,1.014,0.954,0.934,0.078,1.728,1.365,0.331,1.047,0.37,0.859,1.014,0.954,0.934,0.078,1.728,1.365,0.331,1.047,0.37,23.195
0.868,1.027,0.945,0.909,0.066,2.257,1.581,0.572,1.308,0.747,0.868,1.027,0.945,0.909,0.066,2.257,1.581,0.572,1.308,0.747,19.235
0.868,1.005,0.954,0.916,0.053,2.765,2.333,0.857,1.534,0.514,0.868,1.005,0.954,0.916,0.053,2.765,2.333,0.857,1.534,0.514,21.0
0.882,1.035,0.96,0.949,0.075,2.053,1.452,0.277,1.177,0.62,0.882,1.035,0.96,0.949,0.075,2.053,1.452,0.277,1.177,0.62,21.024
0.869,1.025,0.954,0.917,0.058,2.561,1.881,0.644,1.397,0.698,0.869,1.025,0.954,0.917,0.058,2.561,1.881,0.644,1.397,0.698,22.361
0.874,1.027,0.952,0.924,0.073,2.131,1.46,0.384,1.261,0.689,0.874,1.027,0.952,0.924,0.073,2.131,1.46,0.384,1.261,0.689,20.224
0.859,1.017,0.963,0.925,0.079,1.976,1.419,0.479,1.103,0.593,0.859,1.017,0.963,0.925,0.079,1.976,1.419,0.479,1.103,0.593,24.187
0.866,1.023,0.954,0.907,0.067,2.157,1.67,0.707,1.118,0.5,0.866,1.023,0.954,0.907,0.067,2.157,1.67,0.707,1.118,0.5,23.087
0.883,1.023,0.961,0.931,0.059,2.655,2.095,0.663,1.482,0.563,0.883,1.023,0.961,0.931,0.059,2.655,2.095,0.663,1.482,0.563,22.361
0.876,1.025,0.962,0.924,0.05,3.248,2.421,0.83,1.762,0.83,0.876,1.025,0.962,0.924,0.05,3.248,2.421,0.83,1.762,0.83,23.087
0.85,1.005,0.945,0.891,0.073,1.93,1.687,0.744,1.17,0.372,0.85,1.005,0.945,0.891,0.073,1.93,1.687,0.744,1.17,0.372,21.213
0.858,1.016,0.945,0.907,0.065,2.319,1.8,0.583,1.334,0.583,0.858,1.016,0.945,0.907,0.065,2.319,1.8,0.583,1.334,0.583,25.179
0.855,1.014,0.952,0.904,0.059,2.687,2.22,0.841,1.538,0.494,0.855,1.014,0.952,0.904,0.059,2.687,2.22,0.841,1.538,0.494,17.029
0.851,1.014,0.956,0.918,0.084,1.542,1.227,0.447,0.874,0.343,0.851,1.014,0.956,0.918,0.084,1.542,1.227,0.447,0.874,0.343,22.361
0.884,1.025,0.953,0.933,0.066,2.28,1.649,0.4,1.265,0.632,0.884,1.025,0.953,0.933,0.066,2.28,1.649,0.4,1.265,0.632,20.1
0.875,1.025,0.953,0.935,0.085,1.564,1.085,0.217,0.97,0.485,0.875,1.025,0.953,0.935,0.085,1.564,1.085,0.217,0.97,0.485,17.0
0.85,1.014,0.944,0.897,0.049,3.306,2.761,1.0,1.912,0.587,0.85,1.014,0.944,0.897,0.049,3.306,2.761,1.0,1.912,0.587,25.08
0.867,1.025,0.962,0.933,0.074,2.109,1.554,0.447,1.177,0.555,0.867,1.025,0.962,0.933,0.074,2.109,1.554,0.447,1.177,0.555,23.537
0.875,1.025,0.953,0.924,0.059,2.469,1.781,0.494,1.397,0.698,0.875,1.025,0.953,0.924,0.059,2.469,1.781,0.494,1.397,0.698,22.091
0.876,1.018,0.961,0.917,0.065,2.308,1.67,0.707,1.448,0.707,0.876,1.018,0.961,0.917,0.065,2.308,1.67,0.707,1.448,0.707,19.105
0.893,1.035,0.962,0.942,0.066,2.159,1.456,0.316,1.208,0.707,0.893,1.035,0.962,0.942,0.066,2.159,1.456,0.316,1.208,0.707,19.416

0.793,0.996,0.961,0.792,0.079,2.605,2.678,2.193,0.5,0.196,0.793,0.996,0.961,0.792,0.079,2.605,2.678,2.193,0.5,0.196,81.32
0.776,1.005,0.98,0.888,0.184,0.658,0.61,0.51,0.138,0.196,0.776,1.005,0.98,0.888,0.184,0.658,0.61,0.51,0.138,0.196,81.609
0.813,1.001,0.963,0.853,0.101,1.489,1.47,1.168,0.419,0.52,0.813,1.001,0.963,0.853,0.101,1.489,1.47,1.168,0.419,0.52,79.812
0.857,1.006,0.935,0.821,0.067,2.759,2.749,1.841,0.972,0.527,0.857,1.006,0.935,0.821,0.067,2.759,2.749,1.841,0.972,0.527,81.584
0.788,1.006,0.947,0.825,0.121,1.491,1.47,1.067,0.439,0.277,0.788,1.006,0.947,0.825,0.121,1.491,1.47,1.067,0.439,0.277,83.241
0.837,1.007,0.965,0.823,0.084,2.185,2.121,1.752,0.473,0.415,0.837,1.007,0.965,0.823,0.084,2.185,2.121,1.752,0.473,0.415,81.025
0.796,0.998,0.95,0.833,0.111,1.5,1.523,1.118,0.5,0.361,0.796,0.998,0.95,0.833,0.111,1.5,1.523,1.118,0.5,0.361,80.523
0.809,1.016,0.947,0.827,0.092,2.062,1.904,1.344,0.589,0.354,0.809,1.016,0.947,0.827,0.092,2.062,1.904,1.344,0.589,0.354,81.492
0.805,1.011,0.954,0.826,0.081,2.29,2.188,1.62,0.573,0.256,0.805,1.011,0.954,0.826,0.081,2.29,2.188,1.62,0.573,0.256,79.555
0.802,1.001,0.941,0.825,0.124,1.425,1.428,0.988,0.5,0.198,0.802,1.001,0.941,0.825,0.124,1.425,1.428,0.988,0.5,0.198,83.241
0.792,1.007,0.97,0.857,0.169,0.891,0.852,0.684,0.185,0.207,0.792,1.007,0.97,0.857,0.169,0.891,0.852,0.684,0.185,0.207,84.119
0.786,1.001,0.965,0.833,0.135,1.251,1.248,1.013,0.295,0.183,0.786,1.001,0.965,0.833,0.135,1.251,1.248,1.013,0.295,0.183,83.815
0.805,1.002,0.946,0.804,0.039,5.091,5.099,3.772,1.387,0.62,0.805,1.002,0.946,0.804,0.039,5.091,5.099,3.772,1.387,0.62,78.848
0.814,1.008,0.954,0.831,0.111,1.597,1.539,1.152,0.429,0.319,0.814,1.008,0.954,0.831,0.111,1.597,1.539,1.152,0.429,0.319,82.28
0.82,1.018,0.963,0.867,0.14,1.102,0.955,0.7,0.295,0.246,0.82,1.018,0.963,0.867,0.14,1.102,0.955,0.7,0.295,0.246,82.565
0.827,1.007,0.937,0.803,0.079,2.592,2.525,1.737,0.801,0.434,0.827,1.007,0.937,0.803,0.079,2.592,2.525,1.737,0.801,0.434,82.225
0.808,1.017,0.944,0.825,0.096,2.003,1.863,1.318,0.589,0.354,0.808,1.017,0.944,0.825,0.096,2.003,1.863,1.318,0.589,0.354,83.241
0.814,1.002,0.956,0.844,0.112,1.414,1.447,1.09,0.391,0.485,0.814,1.002,0.956,0.844,0.112,1.414,1.447,1.09,0.391,0.485,82.71
0.835,1.007,0.952,0.82,0.091,2.076,2.0,1.497,0.557,0.415,0.835,1.007,0.952,0.82,0.091,2.076,2.0,1.497,0.557,0.415,84.172
0.788,0.991,0.968,0.858,0.147,0.91,0.964,0.757,0.226,0.226,0.788,0.991,0.968,0.858,0.147,0.91,0.964,0.757,0.226,0.226,84.481
0.79,0.998,0.952,0.834,0.11,1.507,1.518,1.107,0.45,0.382,0.79,0.998,0.952,0.834,0.11,1.507,1.518,1.107,0.45,0.382,81.908
0.816,1.003,0.933,0.765,0.105,2.274,2.306,1.689,0.644,0.494,0.816,1.003,0.933,0.765,0.105,2.274,2.306,1.689,0.644,0.494,84.481
0.787,0.998,0.965,0.831,0.138,1.21,1.272,1.013,0.259,0.295,0.787,0.998,0.965,0.831,0.138,1.21,1.272,1.013,0.259,0.295,86.331
0.77,0.998,0.953,0.825,0.167,1.04,1.056,0.791,0.294,0.25,0.77,0.998,0.953,0.825,0.167,1.04,1.056,0.791,0.294,0.25,85.703
0.777,0.997,0.963,0.871,0.175,0.743,0.734,0.541,0.237,0.237,0.777,0.997,0.963,0.871,0.175,0.743,0.734,0.541,0.237,0.237,84.433
0.791,1.003,0.958,0.858,0.202,0.74,0.702,0.526,0.26,0.26,0.791,1.003,0.958,0.858,0.202,0.74,0.702,0.526,0.26,0.26,86.331
0.794,0.998,0.955,0.829,0.142,1.192,1.235,0.95,0.331,0.282,0.794,0.998,0.955,0.829,0.142,1.192,1.235,0.95,0.331,0.282,86.977
0.791,0.993,0.956,0.829,0.146,1.122,1.188,0.909,0.312,0.208,0.791,0.993,0.956,0.829,0.146,1.122,1.188,0.909,0.312,0.208,87.316
0.813,1.008,0.963,0.872,0.198,0.7,0.65,0.479,0.21,0.184,0.813,1.008,0.963,0.872,0.198,0.7,0.65,0.479,0.21,0.184,87.92
0.85,1.017,0.948,0.834,0.204,0.894,0.825,0.613,0.277,0.166,0.85,1.017,0.948,0.834,0.204,0.894,0.825,0.613,0.277,0.166,94.112
0.827,1.008,0.943,0.823,0.14,1.321,1.295,0.916,0.41,0.259,0.827,1.008,0.943,0.823,0.14,1.321,1.295,0.916,0.41,0.259,88.323
0.939,1.002,0.939,0.8,0.263,0.771,0.795,0.567,0.232,0.193,0.939,1.002,0.939,0.8,0.263,0.771,0.795,0.567,0.232,0.193,98.717
0.839,0.997,0.948,0.815,0.115,1.589,1.675,1.235,0.454,0.366,0.839,0.997,0.948,0.815,0.115,1.589,1.675,1.235,0.454,0.366,85.165
0.838,1.001,0.951,0.818,0.168,1.096,1.117,0.867,0.305,0.161,0.838,1.001,0.951,0.818,0.168,1.096,1.117,0.867,0.305,0.161,90.521
0.943,0.991,0.941,0.812,0.266,0.681,0.766,0.583,0.224,0.224,0.943,0.991,0.941,0.812,0.266,0.681,0.766,0.583,0.224,0.224,99.69
0.9,1.004,0.943,0.789,0.162,1.339,1.383,1.071,0.356,0.319,0.9,1.004,0.943,0.789,0.162,1.339,1.383,1.071,0.356,0.319,90.708
0.78,0.992,0.969,0.864,0.177,0.728,0.772,0.606,0.181,0.181,0.78,0.992,0.969,0.864,0.177,0.728,0.772,0.606,0.181,0.181,84.758
0.791,0.997,0.962,0.842,0.178,0.869,0.907,0.736,0.24,0.24,0.791,0.997,0.962,0.842,0.178,0.869,0.907,0.736,0.24,0.24,87.92
0.813,0.986,0.948,0.864,0.199,0.624,0.687,0.47,0.294,0.249,0.813,0.986,0.948,0.864,0.199,0.624,0.687,0.47,0.294,0.249,88.888
0.802,0.988,0.952,0.822,0.116,1.436,1.539,1.152,0.429,0.429,0.802,0.988,0.952,0.822,0.116,1.436,1.539,1.152,0.429,0.429,83.522
0.818,1.007,0.958,0.831,0.124,1.433,1.439,1.133,0.339,0.297,0.818,1.007,0.958,0.831,0.124,1.433,1.439,1.133,0.339,0.297,86.4
0.816,1.013,0.952,0.863,0.202,0.752,0.687,0.473,0.249,0.242,0.816,1.013,0.952,0.863,0.202,0.752,0.687,0.473,0.249,0.242,90.139
0.899,1.003,0.952,0.833,0.243,0.7,0.706,0.536,0.206,0.217,0.899,1.003,0.952,0.833,0.243,0.7,0.706,0.536,0.206,0.217,95.802
0.81,1.002,0.947,0.822,0.126,1.433,1.517,1.129,0.421,0.421,0.81,1.002,0.947,0.822,0.126,1.433,1.517,1.129,0.421,0.421,86.128
0.776,0.996,0.952,0.845,0.167,0.902,0.96,0.72,0.305,0.26,0.776,0.996,0.952,0.845,0.167,0.902,0.96,0.72,0.305,0.26,86.331
0.739,0.981,0.954,0.863,0.175,0.673,0.809,0.588,0.277,0.236,0.739,0.981,0.954,0.863,0.175,0.673,0.809,0.588,0.277,0.236,82.873
0.917,1.002,0.95,0.841,0.234,0.687,0.703,0.527,0.224,0.236,0.917,1.002,0.95,0.841,0.234,0.687,0.703,0.527,0.224,0.236,94.366
0.827,0.997,0.95,0.835,0.08,2.036,2.124,1.57,0.663,0.563,0.827,0.997,0.95,0.835,0.08,2.036,2.124,1.57,0.663,0.563,82.71
0.798,0.991,0.961,0.857,0.144,0.928,1.004,0.776,0.309,0.243,0.798,0.991,0.961,0.857,0.144,0.928,1.004,0.776,0.309,0.243,83.815
0.759,0.98,0.962,0.87,0.196,0.571,0.667,0.499,0.223,0.223,0.759,0.98,0.962,0.87,0.196,0.571,0.667,0.499,0.223,0.223,85.094
0.801,0.987,0.962,0.863,0.171,0.737,0.812,0.628,0.25,0.294,0.801,0.987,0.962,0.863,0.171,0.737,0.812,0.628,0.25,0.294,83.815

1.929,2.204,0.765,0.7,1.611,1.028,0.337,0.14,0.2,0.747,1.929,2.204,0.765,0.7,1.611,1.028,0.337,0.14,0.2,0.747,58.464
2.165,2.485,0.838,0.807,1.792,1.033,0.282,0.118,0.164,0.829,2.165,2.485,0.838,0.807,1.792,1.033,0.282,0.118,0.164,0.829,57.974
2.076,2.358,0.819,0.751,1.712,1.028,0.288,0.113,0.175,0.795,2.076,2.358,0.819,0.751,1.712,1.028,0.288,0.113,0.175,0.795,59.203
2.064,2.33,0.794,0.749,1.653,1.034,0.29,0.119,0.175,0.805,2.064,2.33,0.794,0.749,1.653,1.034,0.29,0.119,0.175,0.805,58.694
2.031,2.306,0.816,0.776,1.611,1.03,0.295,0.12,0.178,0.81,2.031,2.306,0.816,0.776,1.611,1.03,0.295,0.12,0.178,0.81,58.941
1.986,2.277,0.816,0.739,1.57,1.051,0.3,0.118,0.182,0.813,1.986,2.277,0.816,0.739,1.57,1.051,0.3,0.118,0.182,0.813,59.908
2.027,2.302,0.836,0.742,1.618,1.036,0.266,0.114,0.152,0.808,2.027,2.302,0.836,0.742,1.618,1.036,0.266,0.114,0.152,0.808,55.785
2.134,2.449,0.814,0.774,1.766,1.039,0.277,0.103,0.175,0.822,2.134,2.449,0.814,0.774,1.766,1.039,0.277,0.103,0.175,0.822,57.723
2.031,2.268,0.844,0.758,1.633,1.005,0.29,0.125,0.164,0.777,2.031,2.268,0.844,0.758,1.633,1.005,0.29,0.125,0.164,0.777,59.203
2.016,2.315,0.847,0.802,1.623,1.024,0.286,0.134,0.154,0.811,2.016,2.315,0.847,0.802,1.623,1.024,0.286,0.134,0.154,0.811,57.009
2.176,2.449,0.875,0.811,1.767,1.011,0.255,0.101,0.154,0.822,2.176,2.449,0.875,0.811,1.767,1.011,0.255,0.101,0.154,0.822,57.28
2.051,2.305,0.823,0.753,1.66,1.019,0.293,0.129,0.165,0.787,2.051,2.305,0.823,0.753,1.66,1.019,0.293,0.129,0.165,0.787,59.439
2.058,2.366,0.804,0.754,1.682,1.047,0.308,0.132,0.178,0.812,2.058,2.366,0.804,0.754,1.682,1.047,0.308,0.132,0.178,0.812,57.489
2.004,2.34,0.794,0.742,1.666,1.06,0.323,0.146,0.179,0.805,2.004,2.34,0.794,0.742,1.666,1.06,0.323,0.146,0.179,0.805,57.871
2.034,2.345,0.831,0.775,1.648,1.042,0.27,0.118,0.154,0.82,2.034,2.345,0.831,0.775,1.648,1.042,0.27,0.118,0.154,0.82,58.249
2.128,2.393,0.848,0.784,1.711,1.018,0.27,0.117,0.154,0.814,2.128,2.393,0.848,0.784,1.711,1.018,0.27,0.117,0.154,0.814,58.941
2.014,2.312,0.819,0.74,1.668,1.035,0.291,0.127,0.164,0.789,2.014,2.312,0.819,0.74,1.668,1.035,0.291,0.127,0.164,0.789,60.415
2.072,2.401,0.826,0.774,1.725,1.035,0.284,0.118,0.167,0.813,2.072,2.401,0.826,0.774,1.725,1.035,0.284,0.118,0.167,0.813,56.754
2.137,2.433,0.836,0.821,1.767,1.015,0.284,0.123,0.164,0.812,2.137,2.433,0.836,0.821,1.767,1.015,0.284,0.123,0.164,0.812,58.694
2.073,2.399,0.841,0.785,1.691,1.052,0.282,0.116,0.166,0.83,2.073,2.399,0.841,0.785,1.691,1.052,0.282,0.116,0.166,0.83,58.464
2.039,2.305,0.81,0.753,1.662,1.017,0.293,0.116,0.177,0.786,2.039,2.305,0.81,0.753,1.662,1.017,0.293,0.116,0.177,0.786,57.723
2.093,2.46,0.825,0.79,1.717,1.069,0.282,0.12,0.165,0.852,2.093,2.46,0.825,0.79,1.717,1.069,0.282,0.12,0.165,0.852,56.754
1.993,2.284,0.828,0.75,1.613,1.041,0.306,0.141,0.165,0.797,1.993,2.284,0.828,0.75,1.613,1.041,0.306,0.141,0.165,0.797,60.415
2.016,2.318,0.806,0.749,1.662,1.039,0.301,0.127,0.175,0.794,2.016,2.318,0.806,0.749,1.662,1.039,0.301,0.127,0.175,0.794,60.166
2.045,2.395,0.825,0.778,1.652,1.063,0.279,0.108,0.171,0.846,2.045,2.395,0.825,0.778,1.652,1.063,0.279,0.108,0.171,0.846,57.723
2.116,2.447,0.818,0.78,1.742,1.046,0.282,0.12,0.165,0.831,2.116,2.447,0.818,0.78,1.742,1.046,0.282,0.12,0.165,0.831,56.294
2.042,2.33,0.837,0.749,1.669,1.035,0.266,0.114,0.152,0.803,2.042,2.33,0.837,0.749,1.669,1.035,0.266,0.114,0.152,0.803,57.28
1.971,2.247,0.823,0.75,1.575,1.037,0.282,0.116,0.166,0.795,1.971,2.247,0.823,0.75,1.575,1.037,0.282,0.116,0.166,0.795,57.28
2.04,2.312,0.836,0.76,1.689,1.017,0.288,0.125,0.163,0.779,2.04,2.312,0.836,0.76,1.689,1.017,0.288,0.125,0.163,0.779,59.203
2.079,2.356,0.824,0.745,1.687,1.03,0.279,0.115,0.165,0.804,2.079,2.356,0.824,0.745,1.687,1.03,0.279,0.115,0.165,0.804,60.166
2.006,2.296,0.799,0.739,1.613,1.04,0.292,0.117,0.177,0.804,2.006,2.296,0.799,0.739,1.613,1.04,0.292,0.117,0.177,0.804,58.241
2.044,2.33,0.783,0.724,1.658,1.04,0.288,0.115,0.175,0.802,2.044,2.33,0.783,0.724,1.658,1.04,0.288,0.115,0.175,0.802,56.754
2.004,2.336,0.811,0.749,1.644,1.056,0.314,0.132,0.182,0.813,2.004,2.336,0.811,0.749,1.644,1.056,0.314,0.132,0.182,0.813,58.241
2.101,2.398,0.824,0.814,1.743,1.018,0.3,0.124,0.179,0.803,2.101,2.398,0.824,0.814,1.743,1.018,0.3,0.124,0.179,0.803,57.009
2.118,2.443,0.8,0.761,1.796,1.041,0.308,0.132,0.177,0.804,2.118,2.443,0.8,0.761,1.796,1.041,0.308,0.132,0.177,0.804,59.666
2.131,2.444,0.851,0.794,1.749,1.037,0.274,0.118,0.156,0.827,2.131,2.444,0.851,0.794,1.749,1.037,0.274,0.118,0.156,0.827,59.908
2.213,2.554,0.837,0.805,1.841,1.042,0.246,0.093,0.154,0.848,2.213,2.554,0.837,0.805,1.841,1.042,0.246,0.093,0.154,0.848,57.723
2.045,2.382,0.837,0.778,1.652,1.057,0.279,0.121,0.158,0.838,2.045,2.382,0.837,0.778,1.652,1.057,0.279,0.121,0.158,0.838,58.249
2.06,2.458,0.84,0.809,1.698,1.072,0.315,0.141,0.175,0.858,2.06,2.458,0.84,0.809,1.698,1.072,0.315,0.141,0.175,0.858,57.07
2.189,2.5,0.865,0.807,1.802,1.029,0.258,0.116,0.141,0.834,2.189,2.5,0.865,0.807,1.802,1.029,0.258,0.116,0.141,0.834,58.241
2.065,2.382,0.807,0.762,1.717,1.04,0.293,0.132,0.164,0.806,2.065,2.382,0.807,0.762,1.717,1.04,0.293,0.132,0.164,0.806,57.723
2.135,2.437,0.822,0.781,1.706,1.042,0.276,0.109,0.168,0.842,2.135,2.437,0.822,0.781,1.706,1.042,0.276,0.109,0.168,0.842,58.941
1.999,2.281,0.823,0.749,1.592,1.039,0.301,0.132,0.169,0.805,1.999,2.281,0.823,0.749,1.592,1.039,0.301,0.132,0.169,0.805,60.166
2.169,2.439,0.838,0.811,1.768,1.011,0.254,0.107,0.15,0.817,2.169,2.439,0.838,0.811,1.768,1.011,0.254,0.107,0.15,0.817,59.481
2.177,2.493,0.831,0.776,1.82,1.033,0.279,0.115,0.164,0.821,2.177,2.493,0.831,0.776,1.82,1.033,0.279,0.115,0.164,0.821,56.754
2.095,2.41,0.787,0.747,1.734,1.044,0.289,0.118,0.175,0.814,2.095,2.41,0.787,0.747,1.734,1.044,0.289,0.118,0.175,0.814,56.515
1.941,2.252,0.804,0.774,1.619,1.027,0.333,0.147,0.189,0.773,1.941,2.252,0.804,0.774,1.619,1.027,0.333,0.147,0.189,0.773,57.009
2.146,2.413,0.774,0.739,1.803,1.015,0.3,0.133,0.173,0.784,2.146,2.413,0.774,0.739,1.803,1.015,0.3,0.133,0.173,0.784,57.28
2.205,2.539,0.854,0.805,1.856,1.033,0.267,0.115,0.152,0.831,2.205,2.539,0.854,0.805,1.856,1.033,0.267,0.115,0.152,0.831,57.974
1.999,2.272,0.81,0.725,1.64,1.025,0.308,0.129,0.18,0.776,1.999,2.272,0.81,0.725,1.64,1.025,0.308,0.129,0.18,0.776,57.974
2.081,2.34,0.815,0.773,1.709,1.005,0.297,0.12,0.178,0.784,2.081,2.34,0.815,0.773,1.709,1.005,0.297,0.12,0.178,0.784,56.754

0.493,0.681,0.707,0.359,0.828,0.787,0.873,0.508,0.366,0.747,0.493,0.681,0.707,0.359,0.828,0.787,0.873,0.508,0.366,0.747,12.207
0.493,0.681,0.707,0.359,0.828,0.787,0.873,0.508,0.366,0.747,0.493,0.681,0.707,0.359,0.828,0.787,0.873,0.508,0.366,0.747,12.207
0.493,0.681,0.707,0.359,0.828,0.787,0.873,0.508,0.366,0.747,0.493,0.681,0.707,0.359,0.828,0.787,0.873,0.508,0.366,0.747,12.207
0.493,0.681,0.707,0.359,0.828,0.787,0.873,0.508,0.366,0.747,0.493,0.681,0.707,0.359,0.828,0.787,0.873,0.508,0.366,0.747,12.207
0.493,0.681,0.707,0.359,0.828,0.787,0.873,0.508,0.366,0.747,0.493,0.681,0.707,0.359,0.828,0.787,0.873,0.508,0.366,0.747,12.207
0.493,0.681,0.707,0.359,0.828,0.787,0.873,0.508,0.366,0.747,0.493,0.681,0.707,0.359,0.828,0.787,0.873,0.508,0.366,0.747,12.207
0.493,0.681,0.707,0.359,0.828,0.787,0.873,0.508,0.366,0.747,0.493,0.681,0.707,0.359,0.828,0.787,0.873,0.508,0.366,0.747,12.207
0.493,0.681,0.707,0.359,0.828,0.787,0.873,0.508,0.366,0.747,0.493,0.681,0.707,0.359,0.828,0.787,0.873,0.508,0.366,0.747,12.207
0.493,0.681,0.707,0.359,0.828,0.787,0.873,0.508,0.366,0.747,0.493,0.681,0.707,0.359,0.828,0.787,0.873,0.508,0.366,0.747,12.207
0.493,0.681,0.707,0.359,0.828,0.787,0.873,0.508,0.366,0.747,0.493,0.681,0.707,0.359,0.828,0.787,0.873,0.508,0.366,0.747,12.207
0.493,0.681,0.707,0.359,0.828,0.787,0.873,0.508,0.366,0.747,0.493,0.681,0.707,0.359,0.828,0.787,0.873,0.508,0.366,0.747,12.207
0.493,0.681,0.707,0.359,0.828,0.787,0.873,0.508,0.366,0.747,0.493,0.681,0.707,0.359,0.828,0.787,0.873,0.508,0.366,0.747,12.207
0.842,0.788,1.001,0.658,0.909,0.916,0.715,0.599,0.185,0.552,0.842,0.788,1.001,0.658,0.909,0.916,0.715,0.599,0.185,0.552,100.13
0.842,0.788,1.001,0.658,0.909,0.916,0.715,0.599,0.185,0.552,0.842,0.788,1.001,0.658,0.909,0.916,0.715,0.599,0.185,0.552,100.13
0.842,0.788,1.001,0.658,0.909,0.916,0.715,0.599,0.185,0.552,0.842,0.788,1.001,0.658,0.909,0.916,0.715,0.599,0.185,0.552,100.13
0.842,0.788,1.001,0.658,0.909,0.916,0.715,0.599,0.185,0.552,0.842,0.788,1.001,0.658,0.909,0.916,0.715,0.599,0.185,0.552,100.13
0.842,0.788,1.001,0.658,0.909,0.916,0.715,0.599,0.185,0.552,0.842,0.788,1.001,0.658,0.909,0.916,0.715,0.599,0.185,0.552,100.13
0.842,0.788,1.001,0.658,0.909,0.916,0.715,0.599,0.185,0.552,0.842,0.788,1.001,0.658,0.909,0.916,0.715,0.599,0.185,0.552,100.13
0.842,0.788,1.001,0.658,0.909,0.916,0.715,0.599,0.185,0.552,0.842,0.788,1.001,0.658,0.909,0.916,0.715,0.599,0.185,0.552,100.13
0.842,0.788,1.001,0.658,0.909,0.916,0.715,0.599,0.185,0.552,0.842,0.788,1.001,0.658,0.909,0.916,0.715,0.599,0.185,0.552,100.13
0.842,0.788,1.001,0.658,0.909,0.916,0.715,0.599,0.185,0.552,0.842,0.788,1.001,0.658,0.909,0.916,0.715,0.599,0.185,0.552,100.13
0.842,0.788,1.001,0.658,0.909,0.916,0.715,0.599,0.185,0.552,0.842,0.788,1.001,0.658,0.909,0.916,0.715,0.599,0.185,0.552,100.13
0.842,0.788,1.001,0.658,0.909,0.916,0.715,0.599,0.185,0.552,0.842,0.788,1.001,0.658,0.909,0.916,0.715,0.599,0.185,0.552,100.13
0.842,0.788,1.001,0.658,0.909,0.916,0.715,0.599,0.185,0.552,0.842,0.788,1.001,0.658,0.909,0.916,0.715,0.599,0.185,0.552,100.13
0.842,0.788,1.001,0.658,0.909,0.916,0.715,0.599,0.185,0.552,0.842,0.788,1.001,0.658,0.909,0.916,0.715,0.599,0.185,0.552,100.13
0.842,0.788,1.001,0.658,0.909,0.916,0.715,0.599,0.185,0.552,0.842,0.788,1.001,0.658,0.909,0.916,0.715,0.599,0.185,0.552,100.13
0.842,0.788,1.001,0.658,0.909,0.916,0.715,0.599,0.185,0.552,0.842,0.788,1.001,0.658,0.909,0.916,0.715,0.599,0.185,0.552,100.13
0.842,0.788,1.001,0.658,0.909,0.916,0.715,0.599,0.185,0.552,0.842,0.788,1.001,0.658,0.909,0.916,0.715,0.599,0.185,0.552,100.13
0.842,0.788,1.001,0.658,0.909,0.916,0.715,0.599,0.185,0.552,0.842,0.788,1.001,0.658,0.909,0.916,0.715,0.599,0.185,0.552,100.13
0.842,0.788,1.001,0.658,0.909,0.916,0.715,0.599,0.185,0.552,0.842,0.788,1.001,0.658,0.909,0.916,0.715,0.599,0.185,0.552,100.13
0.842,0.788,1.001,0.658,0.909,0.916,0.715,0.599,0.185,0.552,0.842,0.788,1.001,0.658,0.909,0.916,0.715,0.599,0.185,0.552,100.13
0.842,0.788,1.001,0.658,0.909,0.916,0.715,0.599,0.185,0.552,0.842,0.788,1.001,0.658,0.909,0.916,0.715,0.599,0.185,0.552,100.13
0.842,0.788,1.001,0.658,0.909,0.916,0.715,0.599,0.185,0.552,0.842,0.788,1.001,0.658,0.909,0.916,0.715,0.599,0.185,0.552,100.13
0.842,0.788,1.001,0.658,0.909,0.916,0.715,0.599,0.185,0.552,0.842,0.788,1.001,0.658,0.909,0.916,0.715,0.599,0.185,0.552,100.13
0.842,0.788,1.001,0.658,0.909,0.916,0.715,0.599,0.185,0.552,0.842,0.788,1.001,0.658,0.909,0.916,0.715,0.599,0.185,0.552,100.13
0.842,0.788,1.001,0.658,0.909,0.916,0.715,0.599,0.185,0.552,0.842,0.788,1.001,0.658,0.909,0.916,0.715,0.599,0.185,0.552,100.13
0.842,0.788,1.001,0.658,0.909,0.916,0.715,0.599,0.185,0.552,0.842,0.788,1.001,0.658,0.909,0.916,0.715,0.599,0.185,0.552,100.13
0.842,0.788,1.001,0.658,0.909,0.916,0.715,0.599,0.185,0.552,0.842,0.788,1.001,0.658,0.909,0.916,0.715,0.599,0.185,0.552,100.13
0.746,0.805,0.92,0.911,0.949,0.748,0.599,0.126,0.475,0.311,0.746,0.805,0.92,0.911,0.949,0.748,0.599,0.126,0.475,0.311,94.831
0.746,0.805,0.92,0.911,0.949,0.748,0.599,0.126,0.475,0.311,0.746,0.805,0.92,0.911,0.949,0.748,0.599,0.126,0.475,0.311,94.831
0.746,0.805,0.92,0.911,0.949,0.748,0.599,0.126,0.475,0.311,0.746,0.805,0.92,0.911,0.949,0.748,0.599,0.126,0.475,0.311,94.831
0.746,0.805,0.92,0.911,0.949,0.748,0.599,0.126,0.475,0.311,0.746,0.805,0.92,0.911,0.949,0.748,0.599,0.126,0.475,0.311,94.831
0.746,0.805,0.92,0.911,0.949,0.748,0.599,0.126,0.475,0.311,0.746,0.805,0.92,0.911,0.949,0.748,0.599,0.126,0.475,0.311,94.831
0.746,0.805,0.92,0.911,0.949,0.748,0.599,0.126,0.475,0.311,0.746,0.805,0.92,0.911,0.949,0.748,0.599,0.126,0.475,0.311,94.831
0.746,0.805,0.92,0.911,0.949,0.748,0.599,0.126,0.475,0.311,0.746,0.805,0.92,0.911,0.949,0.748,0.599,0.126,0.475,0.311,94.831
0.746,0.805,0.92,0.911,0.949,0.748,0.599,0.126,0.475,0.311,0.746,0.805,0.92,0.911,0.949,0.748,0.599,0.126,0.475,0.311,94.831
0.746,0.805,0.92,0.911,0.949,0.748,0.599,0.126,0.475,0.311,0.746,0.805,0.92,0.911,0.949,0.748,0.599,0.126,0.475,0.311,94.831
0.746,0.805,0.92,0.911,0.949,0.748,0.599,0.126,0.475,0.311,0.746,0.805,0.92,0.911,0.949,0.748,0.599,0.126,0.475,0.311,94.831
0.746,0.805,0.92,0.911,0.949,0.748,0.599,0.126,0.475,0.311,0.746,0.805,0.92,0.911,0.949,0.748,0.599,0.126,0.475,0.311,94.831
0.746,0.805,0.92,0.911,0.949,0.748,0.599,0.126,0.475,0.311,0.746,0.805,0.92,0.911,0.949,0.748,0.599,0.126,0.475,0.311,94.831
0.746,0.805,0.92,0.911,0.949,0.748,0.599,0.126,0.475,0.311,0.746,0.805,0.92,0.911,0.949,0.748,0.599,0.126,0.475,0.311,94.831

0.661,1.121,0.605,0.525,0.405,2.348,1.428,0.318,1.112,1.449,0.661,1.121,0.605,0.525,0.405,2.348,1.428,0.318,1.112,1.449,104.216
0.678,1.101,0.592,0.538,0.39,2.42,1.445,0.299,1.165,1.574,0.678,1.101,0.592,0.538,0.39,2.42,1.445,0.299,1.165,1.574,108.24
0.676,1.143,0.601,0.536,0.359,2.694,1.596,0.321,1.28,1.638,0.676,1.143,0.601,0.536,0.359,2.694,1.596,0.321,1.28,1.638,110.941
0.654,1.111,0.609,0.515,0.351,2.664,1.583,0.381,1.208,1.841,0.654,1.111,0.609,0.515,0.351,2.664,1.583,0.381,1.208,1.841,105.589
0.702,1.163,0.586,0.522,0.361,2.684,1.59,0.324,1.278,1.619,0.702,1.163,0.586,0.522,0.361,2.684,1.59,0.324,1.278,1.619,114.529
0.718,1.218,0.615,0.602,0.417,2.488,1.229,0.27,1.022,1.65,0.718,1.218,0.615,0.602,0.417,2.488,1.229,0.27,1.022,1.65,103.755
0.681,1.109,0.586,0.528,0.357,2.603,1.555,0.303,1.268,1.721,0.681,1.109,0.586,0.528,0.357,2.603,1.555,0.303,1.268,1.721,107.782
0.715,1.136,0.613,0.54,0.357,2.648,1.517,0.316,1.207,1.759,0.715,1.136,0.613,0.54,0.357,2.648,1.517,0.316,1.207,1.759,110.91
0.66,1.124,0.596,0.522,0.337,2.784,1.667,0.337,1.335,1.797,0.66,1.124,0.596,0.522,0.337,2.784,1.667,0.337,1.335,1.797,106.55
0.665,1.127,0.594,0.546,0.332,2.875,1.691,0.302,1.401,1.803,0.665,1.127,0.594,0.546,0.332,2.875,1.691,0.302,1.401,1.803,108.407
0.71,1.107,0.62,0.557,0.336,2.751,1.616,0.342,1.284,1.763,0.71,1.107,0.62,0.557,0.336,2.751,1.616,0.342,1.284,1.763,115.412
0.701,1.098,0.607,0.537,0.375,2.465,1.421,0.294,1.138,1.764,0.701,1.098,0.607,0.537,0.375,2.465,1.421,0.294,1.138,1.764,110.494
0.739,1.147,0.616,0.558,0.336,2.82,1.554,0.312,1.257,1.906,0.739,1.147,0.616,0.558,0.336,2.82,1.554,0.312,1.257,1.906,118.533
0.701,1.105,0.626,0.558,0.365,2.597,1.437,0.351,1.108,1.868,0.701,1.105,0.626,0.558,0.365,2.597,1.437,0.351,1.108,1.868,114.039
0.749,1.128,0.594,0.536,0.339,2.781,1.629,0.333,1.315,1.807,0.749,1.128,0.594,0.536,0.339,2.781,1.629,0.333,1.315,1.807,123.434
0.662,1.111,0.64,0.543,0.353,2.613,1.502,0.416,1.098,1.814,0.662,1.111,0.64,0.543,0.353,2.613,1.502,0.416,1.098,1.814,106.066
0.769,1.141,0.613,0.565,0.333,2.865,1.58,0.323,1.283,1.91,0.769,1.141,0.613,0.565,0.333,2.865,1.58,0.323,1.283,1.91,127.534
0.758,1.119,0.609,0.556,0.343,2.763,1.539,0.314,1.248,1.924,0.758,1.119,0.609,0.556,0.343,2.763,1.539,0.314,1.248,1.924,126.178
0.721,1.13,0.609,0.53,0.34,2.79,1.571,0.372,1.218,2.002,0.721,1.13,0.609,0.53,0.34,2.79,1.571,0.372,1.218,2.002,119.474
0.811,1.187,0.634,0.612,0.322,2.993,1.48,0.292,1.247,2.04,0.811,1.187,0.634,0.612,0.322,2.993,1.48,0.292,1.247,2.04,128.413
0.713,1.12,0.65,0.561,0.364,2.423,1.387,0.366,1.032,1.63,0.713,1.12,0.65,0.561,0.364,2.423,1.387,0.366,1.032,1.63,107.782
0.733,1.16,0.657,0.577,0.364,2.641,1.385,0.358,1.037,1.828,0.733,1.16,0.657,0.577,0.364,2.641,1.385,0.358,1.037,1.828,116.276
0.736,1.185,0.622,0.551,0.334,2.915,1.543,0.369,1.201,2.025,0.736,1.185,0.622,0.551,0.334,2.915,1.543,0.369,1.201,2.025,118.072
0.759,1.104,0.596,0.547,0.333,2.773,1.571,0.314,1.294,1.99,0.759,1.104,0.596,0.547,0.333,2.773,1.571,0.314,1.294,1.99,129.711
0.792,1.128,0.635,0.577,0.34,2.76,1.486,0.35,1.166,1.928,0.792,1.128,0.635,0.577,0.34,2.76,1.486,0.35,1.166,1.928,130.648
0.747,1.1,0.557,0.511,0.354,2.645,1.596,0.295,1.337,1.815,0.747,1.1,0.557,0.511,0.354,2.645,1.596,0.295,1.337,1.815,131.061
0.727,1.066,0.602,0.529,0.323,2.638,1.616,0.368,1.279,1.902,0.727,1.066,0.602,0.529,0.323,2.638,1.616,0.368,1.279,1.902,123.891
0.737,1.092,0.613,0.562,0.306,2.905,1.637,0.38,1.318,2.103,0.737,1.092,0.613,0.562,0.306,2.905,1.637,0.38,1.318,2.103,125.3
0.711,1.087,0.612,0.556,0.324,2.756,1.608,0.348,1.291,1.892,0.711,1.087,0.612,0.556,0.324,2.756,1.608,0.348,1.291,1.892,122.188
0.752,1.08,0.586,0.53,0.334,2.713,1.591,0.336,1.298,2.008,0.752,1.08,0.586,0.53,0.334,2.713,1.591,0.336,1.298,2.008,129.252
0.673,1.124,0.625,0.549,0.364,2.56,1.43,0.356,1.096,1.804,0.673,1.124,0.625,0.549,0.364,2.56,1.43,0.356,1.096,1.804,107.782
0.788,1.124,0.594,0.56,0.348,2.713,1.488,0.292,1.249,1.917,0.788,1.124,0.594,0.56,0.348,2.713,1.488,0.292,1.249,1.917,131.484
0.719,1.096,0.601,0.543,0.312,2.892,1.653,0.343,1.346,2.119,0.719,1.096,0.601,0.543,0.312,2.892,1.653,0.343,1.346,2.119,124.036
0.778,1.099,0.573,0.528,0.342,2.672,1.545,0.299,1.299,1.969,0.778,1.099,0.573,0.528,0.342,2.672,1.545,0.299,1.299,1.969,131.928
0.731,1.093,0.612,0.559,0.328,2.788,1.559,0.383,1.238,2.028,0.731,1.093,0.612,0.559,0.328,2.788,1.559,0.383,1.238,2.028,125.67
0.702,1.143,0.604,0.543,0.35,2.665,1.47,0.352,1.17,1.902,0.702,1.143,0.604,0.543,0.35,2.665,1.47,0.352,1.17,1.902,114.039
0.763,1.102,0.576,0.519,0.361,2.623,1.537,0.335,1.241,1.868,0.763,1.102,0.576,0.519,0.361,2.623,1.537,0.335,1.241,1.868,131.061
0.78,1.133,0.578,0.532,0.332,2.781,1.593,0.31,1.331,1.928,0.78,1.133,0.578,0.532,0.332,2.781,1.593,0.31,1.331,1.928,133.297
0.762,1.093,0.589,0.525,0.337,2.686,1.583,0.326,1.285,1.948,0.762,1.093,0.589,0.525,0.337,2.686,1.583,0.326,1.285,1.948,131.488
0.739,1.116,0.603,0.548,0.34,2.797,1.564,0.317,1.27,1.977,0.739,1.116,0.603,0.548,0.34,2.797,1.564,0.317,1.27,1.977,123.548
0.796,1.148,0.586,0.537,0.363,2.62,1.532,0.279,1.27,1.633,0.796,1.148,0.586,0.537,0.363,2.62,1.532,0.279,1.27,1.633,132.823
0.769,1.08,0.582,0.527,0.352,2.604,1.547,0.324,1.259,1.866,0.769,1.08,0.582,0.527,0.352,2.604,1.547,0.324,1.259,1.866,133.282
0.729,1.092,0.595,0.528,0.347,2.651,1.532,0.346,1.221,1.969,0.729,1.092,0.595,0.528,0.347,2.651,1.532,0.346,1.221,1.969,120.768
0.756,1.089,0.59,0.532,0.341,2.642,1.571,0.339,1.268,1.852,0.756,1.089,0.59,0.532,0.341,2.642,1.571,0.339,1.268,1.852,127.016
0.793,1.118,0.604,0.538,0.361,2.57,1.483,0.316,1.185,1.761,0.793,1.118,0.604,0.538,0.361,2.57,1.483,0.316,1.185,1.761,128.363
0.743,1.054,0.561,0.492,0.364,2.463,1.573,0.347,1.261,1.76,0.743,1.054,0.561,0.492,0.364,2.463,1.573,0.347,1.261,1.76,131.126
0.72,1.067,0.613,0.525,0.396,2.238,1.333,0.342,1.013,1.692,0.72,1.067,0.613,0.525,0.396,2.238,1.333,0.342,1.013,1.692,111.485
0.778,1.13,0.579,0.509,0.364,2.61,1.547,0.342,1.229,1.762,0.778,1.13,0.579,0.509,0.364,2.61,1.547,0.342,1.229,1.762,129.711
0.734,1.086,0.605,0.532,0.351,2.617,1.524,0.35,1.196,1.905,0.734,1.086,0.605,0.532,0.351,2.617,1.524,0.35,1.196,1.905,123.434
0.718,1.1,0.592,0.528,0.357,2.62,1.536,0.372,1.205,1.832,0.718,1.1,0.592,0.528,0.357,2.62,1.536,0.372,1.205,1.832,120.308
0.75,1.082,0.57,0.507,0.351,2.593,1.574,0.314,1.286,1.883,0.75,1.082,0.57,0.507,0.351,2.593,1.574,0.314,1.286,1.883,128.351

1.14,1.06,0.963,0.913,0.651,1.138,0.729,0.343,0.396,0.425,1.14,1.06,0.963,0.913,0.651,1.138,0.729,0.343,0.396,0.425,77.175
1.103,1.064,0.958,0.926,0.635,1.188,0.766,0.367,0.405,0.435,1.103,1.064,0.958,0.926,0.635,1.188,0.766,0.367,0.405,0.435,80.777
1.134,1.038,0.967,0.943,0.595,1.254,0.81,0.415,0.4,0.464,1.134,1.038,0.967,0.943,0.595,1.254,0.81,0.415,0.4,0.464,76.007
1.134,1.061,0.96,0.911,0.682,1.09,0.707,0.344,0.371,0.398,1.134,1.061,0.96,0.911,0.682,1.09,0.707,0.344,0.371,0.398,77.026
1.136,1.079,0.958,0.914,0.665,1.164,0.761,0.382,0.386,0.412,1.136,1.079,0.958,0.914,0.665,1.164,0.761,0.382,0.386,0.412,78.892
1.135,1.052,0.963,0.918,0.651,1.138,0.755,0.367,0.396,0.399,1.135,1.052,0.963,0.918,0.651,1.138,0.755,0.367,0.396,0.399,77.827
1.131,1.042,0.966,0.925,0.648,1.192,0.774,0.376,0.406,0.44,1.131,1.042,0.966,0.925,0.648,1.192,0.774,0.376,0.406,0.44,81.633
1.166,1.063,0.966,0.937,0.686,1.107,0.689,0.341,0.352,0.43,1.166,1.063,0.966,0.937,0.686,1.107,0.689,0.341,0.352,0.43,84.723
1.156,1.052,0.962,0.918,0.673,1.101,0.73,0.379,0.358,0.386,1.156,1.052,0.962,0.918,0.673,1.101,0.73,0.379,0.358,0.386,81.835
1.14,1.06,0.963,0.918,0.668,1.136,0.736,0.358,0.386,0.415,1.14,1.06,0.963,0.918,0.668,1.136,0.736,0.358,0.386,0.415,80.131
1.118,1.044,0.963,0.918,0.646,1.172,0.761,0.37,0.399,0.432,1.118,1.044,0.963,0.918,0.646,1.172,0.761,0.37,0.399,0.432,76.479
1.149,1.061,0.96,0.927,0.638,1.162,0.75,0.358,0.396,0.425,1.149,1.061,0.96,0.927,0.638,1.162,0.75,0.358,0.396,0.425,77.175
1.111,1.042,0.964,0.919,0.663,1.122,0.729,0.354,0.383,0.414,1.111,1.042,0.964,0.919,0.663,1.122,0.729,0.354,0.383,0.414,76.942
1.151,1.067,0.963,0.934,0.651,1.188,0.75,0.358,0.396,0.451,1.151,1.067,0.963,0.934,0.651,1.188,0.75,0.358,0.396,0.451,73.926
1.116,1.057,0.964,0.935,0.631,1.18,0.761,0.364,0.402,0.432,1.116,1.057,0.964,0.935,0.631,1.18,0.761,0.364,0.402,0.432,80.951
1.159,1.059,0.97,0.929,0.678,1.127,0.705,0.355,0.358,0.436,1.159,1.059,0.97,0.929,0.678,1.127,0.705,0.355,0.358,0.436,77.175
1.147,1.048,0.958,0.931,0.649,1.187,0.775,0.384,0.396,0.429,1.147,1.048,0.958,0.931,0.649,1.187,0.775,0.384,0.396,0.429,77.524
1.127,1.05,0.963,0.914,0.609,1.223,0.767,0.386,0.389,0.479,1.127,1.05,0.963,0.914,0.609,1.223,0.767,0.386,0.389,0.479,73.573
1.129,1.052,0.962,0.934,0.675,1.146,0.724,0.371,0.357,0.439,1.129,1.052,0.962,0.934,0.675,1.146,0.724,0.371,0.357,0.439,80.131
1.134,1.04,0.95,0.91,0.659,1.154,0.754,0.364,0.395,0.425,1.134,1.04,0.95,0.91,0.659,1.154,0.754,0.364,0.395,0.425,77.897
1.112,1.061,0.96,0.911,0.617,1.204,0.781,0.38,0.41,0.44,1.112,1.061,0.96,0.911,0.617,1.204,0.781,0.38,0.41,0.44,76.538
1.121,1.057,0.963,0.898,0.641,1.141,0.735,0.377,0.37,0.425,1.121,1.057,0.963,0.898,0.641,1.141,0.735,0.377,0.37,0.425,78.294
1.095,1.065,0.964,0.919,0.615,1.241,0.787,0.383,0.413,0.47,1.095,1.065,0.964,0.919,0.615,1.241,0.787,0.383,0.413,0.47,77.524
1.155,1.055,0.965,0.924,0.683,1.099,0.72,0.362,0.366,0.392,1.155,1.055,0.965,0.924,0.683,1.099,0.72,0.362,0.366,0.392,78.294
1.135,1.052,0.963,0.934,0.646,1.197,0.756,0.361,0.399,0.459,1.135,1.052,0.963,0.934,0.646,1.197,0.756,0.361,0.399,0.459,76.322
1.172,1.061,0.96,0.931,0.719,1.056,0.689,0.341,0.352,0.377,1.172,1.061,0.96,0.931,0.719,1.056,0.689,0.341,0.352,0.377,83.648
1.11,1.059,0.961,0.912,0.607,1.204,0.781,0.38,0.41,0.44,1.11,1.059,0.961,0.912,0.607,1.204,0.781,0.38,0.41,0.44,82.365
1.144,1.061,0.96,0.911,0.67,1.109,0.719,0.35,0.377,0.405,1.144,1.061,0.96,0.911,0.67,1.109,0.719,0.35,0.377,0.405,82.855
1.133,1.046,0.943,0.894,0.644,1.154,0.754,0.364,0.395,0.425,1.133,1.046,0.943,0.894,0.644,1.154,0.754,0.364,0.395,0.425,75.664
1.144,1.055,0.966,0.926,0.686,1.109,0.719,0.373,0.352,0.405,1.144,1.055,0.966,0.926,0.686,1.109,0.719,0.373,0.352,0.405,81.988
1.143,1.057,0.964,0.935,0.625,1.192,0.769,0.368,0.406,0.436,1.143,1.057,0.964,0.935,0.625,1.192,0.769,0.368,0.406,0.436,83.355
1.137,1.065,0.963,0.914,0.641,1.164,0.729,0.367,0.37,0.451,1.137,1.065,0.963,0.914,0.641,1.164,0.729,0.367,0.37,0.451,72.111
1.132,1.042,0.946,0.919,0.641,1.162,0.755,0.384,0.373,0.429,1.132,1.042,0.946,0.919,0.641,1.162,0.755,0.384,0.373,0.429,80.994
1.178,1.06,0.98,0.934,0.689,1.098,0.708,0.347,0.373,0.401,1.178,1.06,0.98,0.934,0.689,1.098,0.708,0.347,0.373,0.401,84.22
1.178,1.069,0.959,0.906,0.708,1.05,0.658,0.331,0.334,0.407,1.178,1.069,0.959,0.906,0.708,1.05,0.658,0.331,0.334,0.407,83.726
1.096,1.061,0.96,0.915,0.629,1.209,0.793,0.398,0.402,0.432,1.096,1.061,0.96,0.915,0.629,1.209,0.793,0.398,0.402,0.432,77.175
1.132,1.065,0.963,0.93,0.619,1.202,0.748,0.371,0.383,0.467,1.132,1.065,0.963,0.93,0.619,1.202,0.748,0.371,0.383,0.467,79.259
1.137,1.076,0.954,0.901,0.647,1.191,0.755,0.367,0.396,0.451,1.137,1.076,0.954,0.901,0.647,1.191,0.755,0.367,0.396,0.451,79.925
1.124,1.052,0.963,0.913,0.646,1.121,0.735,0.345,0.399,0.402,1.124,1.052,0.963,0.913,0.646,1.121,0.735,0.345,0.399,0.402,81.006
1.156,1.067,0.98,0.95,0.663,1.167,0.733,0.352,0.389,0.443,1.156,1.067,0.98,0.95,0.663,1.167,0.733,0.352,0.389,0.443,78.772
1.17,1.072,0.958,0.926,0.613,1.258,0.793,0.406,0.392,0.478,1.17,1.072,0.958,0.926,0.613,1.258,0.793,0.406,0.392,0.478,76.007
1.139,1.068,0.96,0.911,0.654,1.113,0.736,0.358,0.386,0.386,1.139,1.068,0.96,0.911,0.654,1.113,0.736,0.358,0.386,0.386,83.648
1.133,1.061,0.96,0.911,0.638,1.164,0.755,0.367,0.396,0.425,1.133,1.061,0.96,0.911,0.638,1.164,0.755,0.367,0.396,0.425,76.007
1.132,1.057,0.98,0.93,0.663,1.097,0.699,0.354,0.356,0.41,1.132,1.057,0.98,0.93,0.663,1.097,0.699,0.354,0.356,0.41,83.241
1.146,1.06,0.98,0.929,0.663,1.117,0.711,0.337,0.389,0.418,1.146,1.06,0.98,0.929,0.663,1.117,0.711,0.337,0.389,0.418,75.452
1.16,1.042,0.964,0.94,0.646,1.177,0.769,0.38,0.393,0.425,1.16,1.042,0.964,0.94,0.646,1.177,0.769,0.38,0.393,0.425,79.404
1.117,1.046,0.96,0.931,0.645,1.175,0.768,0.38,0.392,0.425,1.117,1.046,0.96,0.931,0.645,1.175,0.768,0.38,0.392,0.425,82.855
1.116,1.057,0.963,0.914,0.619,1.177,0.754,0.38,0.383,0.44,1.116,1.057,0.963,0.914,0.619,1.177,0.754,0.38,0.383,0.44,79.881
1.117,1.055,0.966,0.921,0.632,1.177,0.754,0.38,0.383,0.44,1.117,1.055,0.966,0.921,0.632,1.177,0.754,0.38,0.383,0.44,78.549
1.111,1.057,0.963,0.919,0.619,1.204,0.781,0.405,0.383,0.44,1.111,1.057,0.963,0.919,0.619,1.204,0.781,0.405,0.383,0.44,79.756
1.109,1.04,0.964,0.931,0.589,1.215,0.775,0.384,0.396,0.459,1.109,1.04,0.964,0.931,0.589,1.215,0.775,0.384,0.396,0.459,80.131

0.848,1.034,0.964,0.852,0.895,0.759,0.579,0.36,0.233,0.193,0.848,1.034,0.964,0.852,0.895,0.759,0.579,0.36,0.233,0.193,55.082
0.848,1.034,0.964,0.852,0.895,0.759,0.579,0.36,0.233,0.193,0.848,1.034,0.964,0.852,0.895,0.759,0.579,0.36,0.233,0.193,55.082
0.848,1.034,0.964,0.852,0.895,0.759,0.579,0.36,0.233,0.193,0.848,1.034,0.964,0.852,0.895,0.759,0.579,0.36,0.233,0.193,55.082
0.848,1.034,0.964,0.852,0.895,0.759,0.579,0.36,0.233,0.193,0.848,1.034,0.964,0.852,0.895,0.759,0.579,0.36,0.233,0.193,55.082
0.848,1.034,0.964,0.852,0.895,0.759,0.579,0.36,0.233,0.193,0.848,1.034,0.964,0.852,0.895,0.759,0.579,0.36,0.233,0.193,55.082
0.848,1.034,0.964,0.852,0.895,0.759,0.579,0.36,0.233,0.193,0.848,1.034,0.964,0.852,0.895,0.759,0.579,0.36,0.233,0.193,55.082
0.848,1.034,0.964,0.852,0.895,0.759,0.579,0.36,0.233,0.193,0.848,1.034,0.964,0.852,0.895,0.759,0.579,0.36,0.233,0.193,55.082
0.848,1.034,0.964,0.852,0.895,0.759,0.579,0.36,0.233,0.193,0.848,1.034,0.964,0.852,0.895,0.759,0.579,0.36,0.233,0.193,55.082
0.848,1.034,0.964,0.852,0.895,0.759,0.579,0.36,0.233,0.193,0.848,1.034,0.964,0.852,0.895,0.759,0.579,0.36,0.233,0.193,55.082
0.848,1.034,0.964,0.852,0.895,0.759,0.579,0.36,0.233,0.193,0.848,1.034,0.964,0.852,0.895,0.759,0.579,0.36,0.233,0.193,55.082
0.848,1.034,0.964,0.852,0.895,0.759,0.579,0.36,0.233,0.193,0.848,1.034,0.964,0.852,0.895,0.759,0.579,0.36,0.233,0.193,55.082
0.848,1.034,0.964,0.852,0.895,0.759,0.579,0.36,0.233,0.193,0.848,1.034,0.964,0.852,0.895,0.759,0.579,0.36,0.233,0.193,55.082
0.848,1.034,0.964,0.852,0.895,0.759,0.579,0.36,0.233,0.193,0.848,1.034,0.964,0.852,0.895,0.759,0.579,0.36,0.233,0.193,55.082
0.848,1.034,0.964,0.852,0.895,0.759,0.579,0.36,0.233,0.193,0.848,1.034,0.964,0.852,0.895,0.759,0.579,0.36,0.233,0.193,55.082
0.848,1.034,0.964,0.852,0.895,0.759,0.579,0.36,0.233,0.193,0.848,1.034,0.964,0.852,0.895,0.759,0.579,0.36,0.233,0.193,55.082
0.848,1.034,0.964,0.852,0.895,0.759,0.579,0.36,0.233,0.193,0.848,1.034,0.964,0.852,0.895,0.759,0.579,0.36,0.233,0.193,55.082
0.848,1.034,0.964,0.852,0.895,0.759,0.579,0.36,0.233,0.193,0.848,1.034,0.964,0.852,0.895,0.759,0.579,0.36,0.233,0.193,55.082
0.848,1.034,0.964,0.852,0.895,0.759,0.579,0.36,0.233,0.193,0.848,1.034,0.964,0.852,0.895,0.759,0.579,0.36,0.233,0.193,55.082
0.848,1.034,0.964,0.852,0.895,0.759,0.579,0.36,0.233,0.193,0.848,1.034,0.964,0.852,0.895,0.759,0.579,0.36,0.233,0.193,55.082
0.848,1.034,0.964,0.852,0.895,0.759,0.579,0.36,0.233,0.193,0.848,1.034,0.964,0.852,0.895,0.759,0.579,0.36,0.233,0.193,55.082
0.848,1.034,0.964,0.852,0.895,0.759,0.579,0.36,0.233,0.193,0.848,1.034,0.964,0.852,0.895,0.759,0.579,0.36,0.233,0.193,55.082
0.848,1.034,0.964,0.852,0.895,0.759,0.579,0.36,0.233,0.193,0.848,1.034,0.964,0.852,0.895,0.759,0.579,0.36,0.233,0.193,55.082
0.848,1.034,0.964,0.852,0.895,0.759,0.579,0.36,0.233,0.193,0.848,1.034,0.964,0.852,0.895,0.759,0.579,0.36,0.233,0.193,55.082
0.848,1.034,0.964,0.852,0.895,0.759,0.579,0.36,0.233,0.193,0.848,1.034,0.964,0.852,0.895,0.759,0.579,0.36,0.233,0.193,55.082
0.848,1.034,0.964,0.852,0.895,0.759,0.579,0.36,0.233,0.193,0.848,1.034,0.964,0.852,0.895,0.759,0.579,0.36,0.233,0.193,55.082
0.848,1.034,0.964,0.852,0.895,0.759,0.579,0.36,0.233,0.193,0.848,1.034,0.964,0.852,0.895,0.759,0.579,0.36,0.233,0.193,55.082
0.848,1.034,0.964,0.852,0.895,0.759,0.579,0.36,0.233,0.193,0.848,1.034,0.964,0.852,0.895,0.759,0.579,0.36,0.233,0.193,55.082
0.848,1.034,0.964,0.852,0.895,0.759,0.579,0.36,0.233,0.193,0.848,1.034,0.964,0.852,0.895,0.759,0.579,0.36,0.233,0.193,55.082
0.848,1.034,0.964,0.852,0.895,0.759,0.579,0.36,0.233,0.193,0.848,1.034,0.964,0.852,0.895,0.759,0.579,0.36,0.233,0.193,55.082
0.848,1.034,0.964,0.852,0.895,0.759,0.579,0.36,0.233,0.193,0.848,1.034,0.964,0.852,0.895,0.759,0.579,0.36,0.233,0.193,55.082
0.848,1.034,0.964,0.852,0.895,0.759,0.579,0.36,0.233,0.193,0.848,1.034,0.964,0.852,0.895,0.759,0.579,0.36,0.233,0.193,55.082
0.848,1.034,0.964,0.852,0.895,0.759,0.579,0.36,0.233,0.193,0.848,1.034,0.964,0.852,0.895,0.759,0.579,0.36,0.233,0.193,55.082
0.848,1.034,0.964,0.852,0.895,0.759,0.579,0.36,0.233,0.193,0.848,1.034,0.964,0.852,0.895,0.759,0.579,0.36,0.233,0.193,55.082
0.848,1.034,0.964,0.852,0.895,0.759,0.579,0.36,0.233,0.193,0.848,1.034,0.964,0.852,0.895,0.759,0.579,0.36,0.233,0.193,55.082
0.848,1.034,0.964,0.852,0.895,0.759,0.579,0.36,0.233,0.193,0.848,1.034,0.964,0.852,0.895,0.759,0.579,0.36,0.233,0.193,55.082
0.848,1.034,0.964,0.852,0.895,0.759,0.579,0.36,0.233,0.193,0.848,1.034,0.964,0.852,0.895,0.759,0.579,0.36,0.233,0.193,55.082
0.848,1.034,0.964,0.852,0.895,0.759,0.579,0.36,0.233,0.193,0.848,1.034,0.964,0.852,0.895,0.759,0.579,0.36,0.233,0.193,55.082
0.848,1.034,0.964,0.852,0.895,0.759,0.579,0.36,0.233,0.193,0.848,1.034,0.964,0.852,0.895,0.759,0.579,0.36,0.233,0.193,55.082
0.848,1.034,0.964,0.852,0.895,0.759,0.579,0.36,0.233,0.193,0.848,1.034,0.964,0.852,0.895,0.759,0.579,0.36,0.233,0.193,55.082
0.848,1.034,0.964,0.852,0.895,0.759,0.579,0.36,0.233,0.193,0.848,1.034,0.964,0.852,0.895,0.759,0.579,0.36,0.233,0.193,55.082
0.848,1.034,0.964,0.852,0.895,0.759,0.579,0.36,0.233,0.193,0.848,1.034,0.964,0.852,0.895,0.759,0.579,0.36,0.233,0.193,55.082
0.848,1.034,0.964,0.852,0.895,0.759,0.579,0.36,0.233,0.193,0.848,1.034,0.964,0.852,0.895,0.759,0.579,0.36,0.233,0.193,55.082
0.848,1.034,0.964,0.852,0.895,0.759,0.579,0.36,0.233,0.193,0.848,1.034,0.964,0.852,0.895,0.759,0.579,0.36,0.233,0.193,55.082
0.848,1.034,0.964,0.852,0.895,0.759,0.579,0.36,0.233,0.193,0.848,1.034,0.964,0.852,0.895,0.759,0.579,0.36,0.233,0.193,55.082
0.848,1.034,0.964,0.852,0.895,0.759,0.579,0.36,0.233,0.193,0.848,1.034,0.964,0.852,0.895,0.759,0.579,0.36,0.233,0.193,55.082
0.848,1.034,0.964,0.852,0.895,0.759,0.579,0.36,0.233,0.193,0.848,1.034,0.964,0.852,0.895,0.759,0.579,0.36,0.233,0.193,55.082
0.848,1.034,0.964,0.852,0.895,0.759,0.579,0.36,0.233,0.193,0.848,1.034,0.964,0.852,0.895,0.759,0.579,0.36,0.233,0.193,55.082
0.848,1.034,0.964,0.852,0.895,0.759,0.579,0.36,0.233,0.193,0.848,1.034,0.964,0.852,0.895,0.759,0.579,0.36,0.233,0.193,55.082
0.848,1.034,0.964,0.852,0.895,0.759,0.579,0.36,0.233,0.193,0.848,1.034,0.964,0.852,0.895,0.759,0.579,0.36,0.233,0.193,55.082
0.848,1.034,0.964,0.852,0.895,0.759,0.579,0.36,0.233,0.193,0.848,1.034,0.964,0.852,0.895,0.759,0.579,0.36,0.233,0.193,55.082
0.848,1.034,0.964,0.852,0.895,0.759,0.579,0.36,0.233,0.193,0.848,1.034,0.964,0.852,0.895,0.759,0.579,0.36,0.233,0.193,55.082

0.892,1.131,0.886,0.876,0.698,1.142,0.806,0.453,0.356,0.336,0.892,1.131,0.886,0.876,0.698,1.142,0.806,0.453,0.356,0.336,322.596
0.892,1.131,0.886,0.876,0.698,1.142,0.806,0.453,0.356,0.336,0.892,1.131,0.886,0.876,0.698,1.142,0.806,0.453,0.356,0.336,322.596
0.892,1.131,0.886,0.876,0.698,1.142,0.806,0.453,0.356,0.336,0.892,1.131,0.886,0.876,0.698,1.142,0.806,0.453,0.356,0.336,322.596
0.892,1.131,0.886,0.876,0.698,1.142,0.806,0.453,0.356,0.336,0.892,1.131,0.886,0.876,0.698,1.142,0.806,0.453,0.356,0.336,322.596
0.892,1.131,0.886,0.876,0.698,1.142,0.806,0.453,0.356,0.336,0.892,1.131,0.886,0.876,0.698,1.142,0.806,0.453,0.356,0.336,322.596
0.892,1.131,0.886,0.876,0.698,1.142,0.806,0.453,0.356,0.336,0.892,1.131,0.886,0.876,0.698,1.142,0.806,0.453,0.356,0.336,322.596
0.892,1.131,0.886,0.876,0.698,1.142,0.806,0.453,0.356,0.336,0.892,1.131,0.886,0.876,0.698,1.142,0.806,0.453,0.356,0.336,322.596
0.892,1.131,0.886,0.876,0.698,1.142,0.806,0.453,0.356,0.336,0.892,1.131,0.886,0.876,0.698,1.142,0.806,0.453,0.356,0.336,322.596
0.892,1.131,0.886,0.876,0.698,1.142,0.806,0.453,0.356,0.336,0.892,1.131,0.886,0.876,0.698,1.142,0.806,0.453,0.356,0.336,322.596
0.892,1.131,0.886,0.876,0.698,1.142,0.806,0.453,0.356,0.336,0.892,1.131,0.886,0.876,0.698,1.142,0.806,0.453,0.356,0.336,322.596
0.892,1.131,0.886,0.876,0.698,1.142,0.806,0.453,0.356,0.336,0.892,1.131,0.886,0.876,0.698,1.142,0.806,0.453,0.356,0.336,322.596
0.892,1.131,0.886,0.876,0.698,1.142,0.806,0.453,0.356,0.336,0.892,1.131,0.886,0.876,0.698,1.142,0.806,0.453,0.356,0.336,322.596
0.892,1.131,0.886,0.876,0.698,1.142,0.806,0.453,0.356,0.336,0.892,1.131,0.886,0.876,0.698,1.142,0.806,0.453,0.356,0.336,322.596
0.892,1.131,0.886,0.876,0.698,1.142,0.806,0.453,0.356,0.336,0.892,1.131,0.886,0.876,0.698,1.142,0.806,0.453,0.356,0.336,322.596
0.892,1.131,0.886,0.876,0.698,1.142,0.806,0.453,0.356,0.336,0.892,1.131,0.886,0.876,0.698,1.142,0.806,0.453,0.356,0.336,322.596
0.892,1.131,0.886,0.876,0.698,1.142,0.806,0.453,0.356,0.336,0.892,1.131,0.886,0.876,0.698,1.142,0.806,0.453,0.356,0.336,322.596
0.892,1.131,0.886,0.876,0.698,1.142,0.806,0.453,0.356,0.336,0.892,1.131,0.886,0.876,0.698,1.142,0.806,0.453,0.356,0.336,322.596
0.892,1.131,0.886,0.876,0.698,1.142,0.806,0.453,0.356,0.336,0.892,1.131,0.886,0.876,0.698,1.142,0.806,0.453,0.356,0.336,322.596
0.892,1.131,0.886,0.876,0.698,1.142,0.806,0.453,0.356,0.336,0.892,1.131,0.886,0.876,0.698,1.142,0.806,0.453,0.356,0.336,322.596
0.892,1.131,0.886,0.876,0.698,1.142,0.806,0.453,0.356,0.336,0.892,1.131,0.886,0.876,0.698,1.142,0.806,0.453,0.356,0.336,322.596
0.892,1.131,0.886,0.876,0.698,1.142,0.806,0.453,0.356,0.336,0.892,1.131,0.886,0.876,0.698,1.142,0.806,0.453,0.356,0.336,322.596
0.892,1.131,0.886,0.876,0.698,1.142,0.806,0.453,0.356,0.336,0.892,1.131,0.886,0.876,0.698,1.142,0.806,0.453,0.356,0.336,322.596
0.892,1.131,0.886,0.876,0.698,1.142,0.806,0.453,0.356,0.336,0.892,1.131,0.886,0.876,0.698,1.142,0.806,0.453,0.356,0.336,322.596
0.892,1.131,0.886,0.876,0.698,1.142,0.806,0.453,0.356,0.336,0.892,1.131,0.886,0.876,0.698,1.142,0.806,0.453,0.356,0.336,322.596
0.892,1.131,0.886,0.876,0.698,1.142,0.806,0.453,0.356,0.336,0.892,1.131,0.886,0.876,0.698,1.142,0.806,0.453,0.356,0.336,322.596
0.892,1.131,0.886,0.876,0.698,1.142,0.806,0.453,0.356,0.336,0.892,1.131,0.886,0.876,0.698,1.142,0.806,0.453,0.356,0.336,322.596
0.892,1.131,0.886,0.876,0.698,1.142,0.806,0.453,0.356,0.336,0.892,1.131,0.886,0.876,0.698,1.142,0.806,0.453,0.356,0.336,322.596
0.892,1.131,0.886,0.876,0.698,1.142,0.806,0.453,0.356,0.336,0.892,1.131,0.886,0.876,0.698,1.142,0.806,0.453,0.356,0.336,322.596
0.892,1.131,0.886,0.876,0.698,1.142,0.806,0.453,0.356,0.336,0.892,1.131,0.886,0.876,0.698,1.142,0.806,0.453,0.356,0.336,322.596
0.892,1.131,0.886,0.876,0.698,1.142,0.806,0.453,0.356,0.336,0.892,1.131,0.886,0.876,0.698,1.142,0.806,0.453,0.356,0.336,322.596
0.892,1.131,0.886,0.876,0.698,1.142,0.806,0.453,0.356,0.336,0.892,1.131,0.886,0.876,0.698,1.142,0.806,0.453,0.356,0.336,322.596
0.892,1.131,0.886,0.876,0.698,1.142,0.806,0.453,0.356,0.336,0.892,1.131,0.886,0.876,0.698,1.142,0.806,0.453,0.356,0.336,322.596
0.892,1.131,0.886,0.876,0.698,1.142,0.806,0.453,0.356,0.336,0.892,1.131,0.886,0.876,0.698,1.142,0.806,0.453,0.356,0.336,322.596
0.892,1.131,0.886,0.876,0.698,1.142,0.806,0.453,0.356,0.336,0.892,1.131,0.886,0.876,0.698,1.142,0.806,0.453,0.356,0.336,322.596
0.892,1.131,0.886,0.876,0.698,1.142,0.806,0.453,0.356,0.336,0.892,1.131,0.886,0.876,0.698,1.142,0.806,0.453,0.356,0.336,322.596
0.892,1.131,0.886,0.876,0.698,1.142,0.806,0.453,0.356,0.336,0.892,1.131,0.886,0.876,0.698,1.142,0.806,0.453,0.356,0.336,322.596
0.892,1.131,0.886,0.876,0.698,1.142,0.806,0.453,0.356,0.336,0.892,1.131,0.886,0.876,0.698,1.142,0.806,0.453,0.356,0.336,322.596
0.892,1.131,0.886,0.876,0.698,1.142,0.806,0.453,0.356,0.336,0.892,1.131,0.886,0.876,0.698,1.142,0.806,0.453,0.356,0.336,322.596
0.892,1.131,0.886,0.876,0.698,1.142,0.806,0.453,0.356,0.336,0.892,1.131,0.886,0.876,0.698,1.142,0.806,0.453,0.356,0.336,322.596
0.892,1.131,0.886,0.876,0.698,1.142,0.806,0.453,0.356,0.336,0.892,1.131,0.886,0.876,0.698,1.142,0.806,0.453,0.356,0.336,322.596
0.892,1.131,0.886,0.876,0.698,1.142,0.806,0.453,0.356,0.336,0.892,1.131,0.886,0.876,0.698,1.142,0.806,0.453,0.356,0.336,322.596
0.892,1.131,0.886,0.876,0.698,1.142,0.806,0.453,0.356,0.336,0.892,1.131,0.886,0.876,0.698,1.142,0.806,0.453,0.356,0.336,322.596
0.892,1.131,0.886,0.876,0.698,1.142,0.806,0.453,0.356,0.336,0.892,1.131,0.886,0.876,0.698,1.142,0.806,0.453,0.356,0.336,322.596
0.892,1.131,0.886,0.876,0.698,1.142,0.806,0.453,0.356,0.336,0.892,1.131,0.886,0.876,0.698,1.142,0.806,0.453,0.356,0.336,322.596
0.892,1.131,0.886,0.876,0.698,1.142,0.806,0.453,0.356,0.336,0.892,1.131,0.886,0.876,0.698,1.142,0.806,0.453,0.356,0.336,322.596
0.892,1.131,0.886,0.876,0.698,1.142,0.806,0.453,0.356,0.336,0.892,1.131,0.886,0.876,0.698,1.142,0.806,0.453,0.356,0.336,322.596
0.892,1.131,0.886,0.876,0.698,1.142,0.806,0.453,0.356,0.336,0.892,1.131,0.886,0.876,0.698,1.142,0.806,0.453,0.356,0.336,322.596
0.892,1.131,0.886,0.876,0.698,1.142,0.806,0.453,0.356,0.336,0.892,1.131,0.886,0.876,0.698,1.142,0.806,0.453,0.356,0.336,322.596
0.892,1.131,0.886,0.876,0.698,1.142,0.806,0.453,0.356,0.336,0.892,1.131,0.886,0.876,0.698,1.142,0.806,0.453,0.356,0.336,322.596
0.892,1.131,0.886,0.876,0.698,1.142,0.806,0.453,0.356,0.336,0.892,1.131,0.886,0.876,0.698,1.142,0.806,0.453,0.356,0.336,322.596
0.892,1.131,0.886,0.876,0.698,1.142,0.806,0.453,0.356,0.336,0.892,1.131,0.886,0.876,0.698,1.142,0.806,0.453,0.356,0.336,322.596

2.534,3.531,0.726,0.857,2.306,1.201,0.362,0.197,0.178,1.17,2.534,3.531,0.726,0.857,2.306,1.201,0.362,0.197,0.178,1.17,3.0
2.575,3.559,0.711,0.876,2.315,1.192,0.352,0.195,0.178,1.182,2.575,3.559,0.711,0.876,2.315,1.192,0.352,0.195,0.178,1.182,4.472
2.575,3.559,0.711,0.876,2.315,1.192,0.352,0.195,0.178,1.182,2.575,3.559,0.711,0.876,2.315,1.192,0.352,0.195,0.178,1.182,4.472
2.575,3.559,0.711,0.876,2.315,1.192,0.352,0.195,0.178,1.182,2.575,3.559,0.711,0.876,2.315,1.192,0.352,0.195,0.178,1.182,4.472
2.516,3.496,0.658,0.869,2.207,1.222,0.367,0.209,0.198,1.217,2.516,3.496,0.658,0.869,2.207,1.222,0.367,0.209,0.198,1.217,3.162
2.516,3.496,0.658,0.869,2.207,1.222,0.367,0.209,0.198,1.217,2.516,3.496,0.658,0.869,2.207,1.222,0.367,0.209,0.198,1.217,3.162
2.516,3.496,0.658,0.869,2.207,1.222,0.367,0.209,0.198,1.217,2.516,3.496,0.658,0.869,2.207,1.222,0.367,0.209,0.198,1.217,3.162
2.516,3.496,0.658,0.869,2.207,1.222,0.367,0.209,0.198,1.217,2.516,3.496,0.658,0.869,2.207,1.222,0.367,0.209,0.198,1.217,3.162
2.516,3.496,0.658,0.869,2.207,1.222,0.367,0.209,0.198,1.217,2.516,3.496,0.658,0.869,2.207,1.222,0.367,0.209,0.198,1.217,3.162
2.516,3.496,0.658,0.869,2.207,1.222,0.367,0.209,0.198,1.217,2.516,3.496,0.658,0.869,2.207,1.222,0.367,0.209,0.198,1.217,3.162
2.516,3.496,0.658,0.869,2.207,1.222,0.367,0.209,0.198,1.217,2.516,3.496,0.658,0.869,2.207,1.222,0.367,0.209,0.198,1.217,3.162
2.481,3.459,0.646,0.748,2.253,1.234,0.364,0.186,0.198,1.179,2.481,3.459,0.646,0.748,2.253,1.234,0.364,0.186,0.198,1.179,4.243
2.481,3.459,0.646,0.748,2.253,1.234,0.364,0.186,0.198,1.179,2.481,3.459,0.646,0.748,2.253,1.234,0.364,0.186,0.198,1.179,4.243
2.743,3.892,0.593,0.574,2.522,1.328,0.333,0.194,0.167,1.263,2.743,3.892,0.593,0.574,2.522,1.328,0.333,0.194,0.167,1.263,2.236
2.743,3.892,0.593,0.574,2.522,1.328,0.333,0.194,0.167,1.263,2.743,3.892,0.593,0.574,2.522,1.328,0.333,0.194,0.167,1.263,2.236
2.515,3.51,0.658,0.716,2.258,1.263,0.352,0.19,0.182,1.2,2.515,3.51,0.658,0.716,2.258,1.263,0.352,0.19,0.182,1.2,2.236
2.515,3.51,0.658,0.716,2.258,1.263,0.352,0.19,0.182,1.2,2.515,3.51,0.658,0.716,2.258,1.263,0.352,0.19,0.182,1.2,2.236
2.491,3.557,0.691,0.822,2.224,1.26,0.35,0.175,0.196,1.224,2.491,3.557,0.691,0.822,2.224,1.26,0.35,0.175,0.196,1.224,3.162
2.491,3.557,0.691,0.822,2.224,1.26,0.35,0.175,0.196,1.224,2.491,3.557,0.691,0.822,2.224,1.26,0.35,0.175,0.196,1.224,3.162
2.575,3.687,0.591,0.637,2.408,1.293,0.368,0.198,0.19,1.226,2.575,3.687,0.591,0.637,2.408,1.293,0.368,0.198,0.19,1.226,5.0
2.575,3.687,0.591,0.637,2.408,1.293,0.368,0.198,0.19,1.226,2.575,3.687,0.591,0.637,2.408,1.293,0.368,0.198,0.19,1.226,5.0
2.659,3.727,0.646,0.745,2.463,1.245,0.344,0.185,0.177,1.184,2.659,3.727,0.646,0.745,2.463,1.245,0.344,0.185,0.177,1.184,3.606
2.659,3.727,0.646,0.745,2.463,1.245,0.344,0.185,0.177,1.184,2.659,3.727,0.646,0.745,2.463,1.245,0.344,0.185,0.177,1.184,3.606
2.659,3.727,0.646,0.745,2.463,1.245,0.344,0.185,0.177,1.184,2.659,3.727,0.646,0.745,2.463,1.245,0.344,0.185,0.177,1.184,3.606
2.726,3.929,0.603,0.677,2.575,1.293,0.348,0.195,0.174,1.232,2.726,3.929,0.603,0.677,2.575,1.293,0.348,0.195,0.174,1.232,3.162
2.726,3.929,0.603,0.677,2.575,1.293,0.348,0.195,0.174,1.232,2.726,3.929,0.603,0.677,2.575,1.293,0.348,0.195,0.174,1.232,3.162
2.402,3.671,0.659,0.794,2.163,1.358,0.363,0.208,0.189,1.32,2.402,3.671,0.659,0.794,2.163,1.358,0.363,0.208,0.189,1.32,8.246
2.402,3.671,0.659,0.794,2.163,1.358,0.363,0.208,0.189,1.32,2.402,3.671,0.659,0.794,2.163,1.358,0.363,0.208,0.189,1.32,8.246
2.45,3.464,0.662,0.712,2.206,1.27,0.374,0.211,0.181,1.228,2.45,3.464,0.662,0.712,2.206,1.27,0.374,0.211,0.181,1.228,4.0
2.45,3.464,0.662,0.712,2.206,1.27,0.374,0.211,0.181,1.228,2.45,3.464,0.662,0.712,2.206,1.27,0.374,0.211,0.181,1.228,4.0
2.45,3.464,0.662,0.712,2.206,1.27,0.374,0.211,0.181,1.228,2.45,3.464,0.662,0.712,2.206,1.27,0.374,0.211,0.181,1.228,4.0
2.591,3.821,0.583,0.583,2.394,1.363,0.344,0.181,0.186,1.302,2.591,3.821,0.583,0.583,2.394,1.363,0.344,0.181,0.186,1.302,9.055
2.591,3.821,0.583,0.583,2.394,1.363,0.344,0.181,0.186,1.302,2.591,3.821,0.583,0.583,2.394,1.363,0.344,0.181,0.186,1.302,9.055
2.567,3.751,0.605,0.631,2.358,1.344,0.362,0.22,0.174,1.28,2.567,3.751,0.605,0.631,2.358,1.344,0.362,0.22,0.174,1.28,2.236
2.567,3.751,0.605,0.631,2.358,1.344,0.362,0.22,0.174,1.28,2.567,3.751,0.605,0.631,2.358,1.344,0.362,0.22,0.174,1.28,2.236
2.684,3.746,0.62,0.725,2.364,1.293,0.319,0.178,0.178,1.249,2.684,3.746,0.62,0.725,2.364,1.293,0.319,0.178,0.178,1.249,1.414
2.684,3.746,0.62,0.725,2.364,1.293,0.319,0.178,0.178,1.249,2.684,3.746,0.62,0.725,2.364,1.293,0.319,0.178,0.178,1.249,1.414
2.647,3.843,0.602,0.735,2.483,1.291,0.366,0.202,0.189,1.234,2.647,3.843,0.602,0.735,2.483,1.291,0.366,0.202,0.189,1.234,2.236
2.647,3.843,0.602,0.735,2.483,1.291,0.366,0.202,0.189,1.234,2.647,3.843,0.602,0.735,2.483,1.291,0.366,0.202,0.189,1.234,2.236
2.542,3.575,0.671,0.756,2.236,1.28,0.336,0.187,0.175,1.235,2.542,3.575,0.671,0.756,2.236,1.28,0.336,0.187,0.175,1.235,0.0
2.542,3.575,0.671,0.756,2.236,1.28,0.336,0.187,0.175,1.235,2.542,3.575,0.671,0.756,2.236,1.28,0.336,0.187,0.175,1.235,0.0
2.542,3.575,0.671,0.756,2.236,1.28,0.336,0.187,0.175,1.235,2.542,3.575,0.671,0.756,2.236,1.28,0.336,0.187,0.175,1.235,0.0
2.542,3.575,0.671,0.756,2.236,1.28,0.336,0.187,0.175,1.235,2.542,3.575,0.671,0.756,2.236,1.28,0.336,0.187,0.175,1.235,0.0
2.542,3.575,0.671,0.756,2.236,1.28,0.336,0.187,0.175,1.235,2.542,3.575,0.671,0.756,2.236,1.28,0.336,0.187,0.175,1.235,0.0
2.542,3.575,0.671,0.756,2.236,1.28,0.336,0.187,0.175,1.235,2.542,3.575,0.671,0.756,2.236,1.28,0.336,0.187,0.175,1.235,0.0
2.542,3.575,0.671,0.756,2.236,1.28,0.336,0.187,0.175,1.235,2.542,3.575,0.671,0.756,2.236,1.28,0.336,0.187,0.175,1.235,0.0
2.542,3.575,0.671,0.756,2.236,1.28,0.336,0.187,0.175,1.235,2.542,3.575,0.671,0.756,2.236,1.28,0.336,0.187,0.175,1.235,0.0
2.542,3.575,0.671,0.756,2.236,1.28,0.336,0.187,0.175,1.235,2.542,3.575,0.671,0.756,2.236,1.28,0.336,0.187,0.175,1.235,0.0
2.542,3.575,0.671,0.756,2.236,1.28,0.336,0.187,0.175,1.235,2.542,3.575,0.671,0.756,2.236,1.28,0.336,0.187,0.175,1.235,0.0
2.542,3.575,0.671,0.756,2.236,1.28,0.336,0.187,0.175,1.235,2.542,3.575,0.671,0.756,2.236,1.28,0.336,0.187,0.175,1.235,0.0
2.542,3.575,0.671,0.756,2.236,1.28,0.336,0.187,0.175,1.235,2.542,3.575,0.671,0.756,2.236,1.28,0.336,0.187,0.175,1.235,0.0

1.385,1.423,0.815,0.65,0.753,1.106,0.515,0.244,0.271,0.591,1.385,1.423,0.815,0.65,0.753,1.106,0.515,0.244,0.271,0.591,63.82
1.302,1.364,0.768,0.607,0.722,1.143,0.588,0.247,0.341,0.565,1.302,1.364,0.768,0.607,0.722,1.143,0.588,0.247,0.341,0.565,61.855
1.368,1.448,0.798,0.64,0.752,1.18,0.545,0.241,0.305,0.634,1.368,1.448,0.798,0.64,0.752,1.18,0.545,0.241,0.305,0.634,64.661
1.452,1.492,0.826,0.655,0.819,1.095,0.467,0.226,0.244,0.627,1.452,1.492,0.826,0.655,0.819,1.095,0.467,0.226,0.244,0.627,60.745
1.398,1.46,0.819,0.67,0.749,1.16,0.48,0.216,0.265,0.69,1.398,1.46,0.819,0.67,0.749,1.16,0.48,0.216,0.265,0.69,62.266
1.359,1.405,0.792,0.635,0.741,1.131,0.533,0.238,0.296,0.606,1.359,1.405,0.792,0.635,0.741,1.131,0.533,0.238,0.296,0.606,63.285
1.425,1.502,0.812,0.645,0.798,1.146,0.491,0.233,0.259,0.655,1.425,1.502,0.812,0.645,0.798,1.146,0.491,0.233,0.259,0.655,61.294
1.433,1.461,0.824,0.67,0.785,1.089,0.483,0.228,0.256,0.607,1.433,1.461,0.824,0.67,0.785,1.089,0.483,0.228,0.256,0.607,61.587
1.404,1.437,0.812,0.636,0.786,1.084,0.499,0.243,0.256,0.586,1.404,1.437,0.812,0.636,0.786,1.084,0.499,0.243,0.256,0.586,62.426
1.429,1.501,0.824,0.657,0.79,1.152,0.487,0.235,0.253,0.666,1.429,1.501,0.824,0.657,0.79,1.152,0.487,0.235,0.253,0.666,62.682
1.402,1.649,0.818,0.636,0.78,1.425,0.522,0.258,0.266,0.908,1.402,1.649,0.818,0.636,0.78,1.425,0.522,0.258,0.266,0.908,64.07
1.403,1.461,0.81,0.631,0.783,1.113,0.503,0.245,0.258,0.611,1.403,1.461,0.81,0.631,0.783,1.113,0.503,0.245,0.258,0.611,62.266
1.385,1.458,0.795,0.632,0.767,1.148,0.517,0.235,0.282,0.633,1.385,1.458,0.795,0.632,0.767,1.148,0.517,0.235,0.282,0.633,61.855
1.426,1.542,0.806,0.629,0.812,1.205,0.501,0.237,0.266,0.704,1.426,1.542,0.806,0.629,0.812,1.205,0.501,0.237,0.266,0.704,62.129
1.432,1.508,0.821,0.657,0.785,1.155,0.481,0.226,0.257,0.673,1.432,1.508,0.821,0.657,0.785,1.155,0.481,0.226,0.257,0.673,63.135
1.44,1.49,0.812,0.658,0.804,1.107,0.482,0.223,0.259,0.627,1.44,1.49,0.812,0.658,0.804,1.107,0.482,0.223,0.259,0.627,61.587
1.432,1.484,0.815,0.65,0.799,1.126,0.485,0.23,0.256,0.641,1.432,1.484,0.815,0.65,0.799,1.126,0.485,0.23,0.256,0.641,60.745
1.375,1.54,0.789,0.63,0.764,1.3,0.522,0.233,0.29,0.791,1.375,1.54,0.789,0.63,0.764,1.3,0.522,0.233,0.29,0.791,61.294
1.42,1.48,0.823,0.652,0.79,1.129,0.477,0.232,0.246,0.656,1.42,1.48,0.823,0.652,0.79,1.129,0.477,0.232,0.246,0.656,61.033
1.309,1.427,0.762,0.608,0.716,1.232,0.569,0.238,0.335,0.691,1.309,1.427,0.762,0.608,0.716,1.232,0.569,0.238,0.335,0.691,62.434
1.413,1.539,0.798,0.624,0.799,1.212,0.495,0.23,0.265,0.723,1.413,1.539,0.798,0.624,0.799,1.212,0.495,0.23,0.265,0.723,61.033
1.361,1.441,0.781,0.605,0.768,1.149,0.536,0.24,0.296,0.622,1.361,1.441,0.781,0.605,0.768,1.149,0.536,0.24,0.296,0.622,59.363
1.396,1.433,0.808,0.633,0.777,1.09,0.502,0.245,0.257,0.591,1.396,1.433,0.808,0.633,0.777,1.09,0.502,0.245,0.257,0.591,61.911
1.43,1.511,0.815,0.643,0.805,1.166,0.482,0.229,0.256,0.688,1.43,1.511,0.815,0.643,0.805,1.166,0.482,0.229,0.256,0.688,61.294
1.369,1.523,0.789,0.63,0.756,1.28,0.528,0.235,0.293,0.762,1.369,1.523,0.789,0.63,0.756,1.28,0.528,0.235,0.293,0.762,62.434
1.39,1.446,0.815,0.641,0.764,1.122,0.504,0.246,0.258,0.62,1.39,1.446,0.815,0.641,0.764,1.122,0.504,0.246,0.258,0.62,61.057
1.379,1.418,0.792,0.634,0.756,1.097,0.508,0.225,0.284,0.594,1.379,1.418,0.792,0.634,0.756,1.097,0.508,0.225,0.284,0.594,61.911
1.416,1.477,0.81,0.643,0.789,1.12,0.488,0.233,0.256,0.632,1.416,1.477,0.81,0.643,0.789,1.12,0.488,0.233,0.256,0.632,60.208
1.424,1.488,0.838,0.653,0.781,1.127,0.472,0.248,0.227,0.657,1.424,1.488,0.838,0.653,0.781,1.127,0.472,0.248,0.227,0.657,61.057
1.389,1.468,0.809,0.627,0.772,1.167,0.502,0.245,0.257,0.687,1.389,1.468,0.809,0.627,0.772,1.167,0.502,0.245,0.257,0.687,61.587
1.46,1.494,0.819,0.645,0.826,1.074,0.463,0.231,0.231,0.611,1.46,1.494,0.819,0.645,0.826,1.074,0.463,0.231,0.231,0.611,60.208
1.369,1.513,0.806,0.653,0.737,1.299,0.52,0.228,0.292,0.791,1.369,1.513,0.806,0.653,0.737,1.299,0.52,0.228,0.292,0.791,60.539
1.416,1.462,0.815,0.639,0.799,1.113,0.491,0.239,0.254,0.625,1.416,1.462,0.815,0.639,0.799,1.113,0.491,0.239,0.254,0.625,57.983
1.404,1.451,0.798,0.631,0.793,1.099,0.5,0.233,0.267,0.601,1.404,1.451,0.798,0.631,0.793,1.099,0.5,0.233,0.267,0.601,59.682
1.366,1.458,0.781,0.614,0.767,1.181,0.533,0.232,0.302,0.659,1.366,1.458,0.781,0.614,0.767,1.181,0.533,0.232,0.302,0.659,59.363
1.401,1.449,0.798,0.631,0.788,1.099,0.5,0.233,0.267,0.601,1.401,1.449,0.798,0.631,0.788,1.099,0.5,0.233,0.267,0.601,58.83
1.449,1.464,0.83,0.655,0.812,1.07,0.461,0.229,0.234,0.611,1.449,1.464,0.83,0.655,0.812,1.07,0.461,0.229,0.234,0.611,57.801
1.424,1.447,0.8,0.633,0.812,1.079,0.496,0.23,0.266,0.584,1.424,1.447,0.8,0.633,0.812,1.079,0.496,0.23,0.266,0.584,57.689
1.485,1.522,0.819,0.662,0.848,1.094,0.459,0.225,0.234,0.636,1.485,1.522,0.819,0.662,0.848,1.094,0.459,0.225,0.234,0.636,59.908
1.45,1.512,0.809,0.657,0.817,1.129,0.469,0.21,0.259,0.66,1.45,1.512,0.809,0.657,0.817,1.129,0.469,0.21,0.259,0.66,58.523
1.439,1.507,0.797,0.645,0.817,1.12,0.479,0.21,0.269,0.641,1.439,1.507,0.797,0.645,0.817,1.12,0.479,0.21,0.269,0.641,57.983
1.446,1.459,0.812,0.662,0.804,1.064,0.468,0.21,0.259,0.596,1.446,1.459,0.812,0.662,0.804,1.064,0.468,0.21,0.259,0.596,56.436
1.479,1.477,0.818,0.647,0.847,1.028,0.464,0.224,0.241,0.569,1.479,1.477,0.818,0.647,0.847,1.028,0.464,0.224,0.241,0.569,57.801
1.449,1.451,0.812,0.653,0.828,1.045,0.48,0.229,0.251,0.566,1.449,1.451,0.812,0.653,0.828,1.045,0.48,0.229,0.251,0.566,56.604
1.439,1.476,0.821,0.657,0.807,1.093,0.475,0.223,0.254,0.618,1.439,1.476,0.821,0.657,0.807,1.093,0.475,0.223,0.254,0.618,58.31
1.422,1.458,0.798,0.655,0.792,1.098,0.48,0.214,0.267,0.62,1.422,1.458,0.798,0.655,0.792,1.098,0.48,0.214,0.267,0.62,56.939
1.465,1.485,0.833,0.677,0.822,1.054,0.455,0.219,0.237,0.603,1.465,1.485,0.833,0.677,0.822,1.054,0.455,0.219,0.237,0.603,57.428
1.418,1.594,0.801,0.631,0.814,1.321,0.51,0.236,0.275,0.82,1.418,1.594,0.801,0.631,0.814,1.321,0.51,0.236,0.275,0.82,56.859
1.445,1.44,0.818,0.65,0.82,1.031,0.469,0.228,0.241,0.562,1.445,1.44,0.818,0.65,0.82,1.031,0.469,0.228,0.241,0.562,58.249
1.485,1.508,0.824,0.669,0.836,1.083,0.441,0.207,0.234,0.643,1.485,1.508,0.824,0.669,0.836,1.083,0.441,0.207,0.234,0.643,57.14
1.445,1.451,0.807,0.635,0.827,1.037,0.481,0.228,0.254,0.557,1.445,1.451,0.807,0.635,0.827,1.037,0.481,0.228,0.254,0.557,56.859

2.29,4.487,0.461,0.358,2.319,1.801,0.421,0.178,0.248,1.672,2.29,4.487,0.461,0.358,2.319,1.801,0.421,0.178,0.248,1.672,34.525
2.29,4.487,0.461,0.358,2.319,1.801,0.421,0.178,0.248,1.672,2.29,4.487,0.461,0.358,2.319,1.801,0.421,0.178,0.248,1.672,34.525
2.541,4.701,0.535,0.455,2.63,1.64,0.384,0.192,0.196,1.561,2.541,4.701,0.535,0.455,2.63,1.64,0.384,0.192,0.196,1.561,27.166
2.541,4.701,0.535,0.455,2.63,1.64,0.384,0.192,0.196,1.561,2.541,4.701,0.535,0.455,2.63,1.64,0.384,0.192,0.196,1.561,27.166
2.541,4.701,0.535,0.455,2.63,1.64,0.384,0.192,0.196,1.561,2.541,4.701,0.535,0.455,2.63,1.64,0.384,0.192,0.196,1.561,27.166
2.541,4.701,0.535,0.455,2.63,1.64,0.384,0.192,0.196,1.561,2.541,4.701,0.535,0.455,2.63,1.64,0.384,0.192,0.196,1.561,27.166
2.541,4.701,0.535,0.455,2.63,1.64,0.384,0.192,0.196,1.561,2.541,4.701,0.535,0.455,2.63,1.64,0.384,0.192,0.196,1.561,27.166
2.541,4.701,0.535,0.455,2.63,1.64,0.384,0.192,0.196,1.561,2.541,4.701,0.535,0.455,2.63,1.64,0.384,0.192,0.196,1.561,27.166
2.541,4.701,0.535,0.455,2.63,1.64,0.384,0.192,0.196,1.561,2.541,4.701,0.535,0.455,2.63,1.64,0.384,0.192,0.196,1.561,27.166
2.336,4.268,0.528,0.438,2.415,1.61,0.403,0.187,0.22,1.506,2.336,4.268,0.528,0.438,2.415,1.61,0.403,0.187,0.22,1.506,29.275
2.336,4.268,0.528,0.438,2.415,1.61,0.403,0.187,0.22,1.506,2.336,4.268,0.528,0.438,2.415,1.61,0.403,0.187,0.22,1.506,29.275
2.336,4.268,0.528,0.438,2.415,1.61,0.403,0.187,0.22,1.506,2.336,4.268,0.528,0.438,2.415,1.61,0.403,0.187,0.22,1.506,29.275
2.336,4.268,0.528,0.438,2.415,1.61,0.403,0.187,0.22,1.506,2.336,4.268,0.528,0.438,2.415,1.61,0.403,0.187,0.22,1.506,29.275
2.336,4.268,0.528,0.438,2.415,1.61,0.403,0.187,0.22,1.506,2.336,4.268,0.528,0.438,2.415,1.61,0.403,0.187,0.22,1.506,29.275
2.336,4.268,0.528,0.438,2.415,1.61,0.403,0.187,0.22,1.506,2.336,4.268,0.528,0.438,2.415,1.61,0.403,0.187,0.22,1.506,29.275
2.336,4.268,0.528,0.438,2.415,1.61,0.403,0.187,0.22,1.506,2.336,4.268,0.528,0.438,2.415,1.61,0.403,0.187,0.22,1.506,29.275
2.336,4.268,0.528,0.438,2.415,1.61,0.403,0.187,0.22,1.506,2.336,4.268,0.528,0.438,2.415,1.61,0.403,0.187,0.22,1.506,29.275
2.336,4.268,0.528,0.438,2.415,1.61,0.403,0.187,0.22,1.506,2.336,4.268,0.528,0.438,2.415,1.61,0.403,0.187,0.22,1.506,29.275
2.336,4.268,0.528,0.438,2.415,1.61,0.403,0.187,0.22,1.506,2.336,4.268,0.528,0.438,2.415,1.61,0.403,0.187,0.22,1.506,29.275
2.877,4.695,0.555,0.654,3.143,1.349,0.347,0.161,0.19,1.253,2.877,4.695,0.555,0.654,3.143,1.349,0.347,0.161,0.19,1.253,16.031
2.877,4.695,0.555,0.654,3.143,1.349,0.347,0.161,0.19,1.253,2.877,4.695,0.555,0.654,3.143,1.349,0.347,0.161,0.19,1.253,16.031
2.877,4.695,0.555,0.654,3.143,1.349,0.347,0.161,0.19,1.253,2.877,4.695,0.555,0.654,3.143,1.349,0.347,0.161,0.19,1.253,16.031
2.693,4.381,0.648,0.636,2.803,1.374,0.328,0.135,0.194,1.279,2.693,4.381,0.648,0.636,2.803,1.374,0.328,0.135,0.194,1.279,18.0
2.693,4.381,0.648,0.636,2.803,1.374,0.328,0.135,0.194,1.279,2.693,4.381,0.648,0.636,2.803,1.374,0.328,0.135,0.194,1.279,18.0
2.693,4.381,0.648,0.636,2.803,1.374,0.328,0.135,0.194,1.279,2.693,4.381,0.648,0.636,2.803,1.374,0.328,0.135,0.194,1.279,18.0
2.627,4.127,0.568,0.657,2.874,1.269,0.386,0.177,0.211,1.198,2.627,4.127,0.568,0.657,2.874,1.269,0.386,0.177,0.211,1.198,15.524
2.627,4.127,0.568,0.657,2.874,1.269,0.386,0.177,0.211,1.198,2.627,4.127,0.568,0.657,2.874,1.269,0.386,0.177,0.211,1.198,15.524
2.627,4.127,0.568,0.657,2.874,1.269,0.386,0.177,0.211,1.198,2.627,4.127,0.568,0.657,2.874,1.269,0.386,0.177,0.211,1.198,15.524
2.627,4.127,0.568,0.657,2.874,1.269,0.386,0.177,0.211,1.198,2.627,4.127,0.568,0.657,2.874,1.269,0.386,0.177,0.211,1.198,15.524
2.627,4.127,0.568,0.657,2.874,1.269,0.386,0.177,0.211,1.198,2.627,4.127,0.568,0.657,2.874,1.269,0.386,0.177,0.211,1.198,15.524
2.627,4.127,0.568,0.657,2.874,1.269,0.386,0.177,0.211,1.198,2.627,4.127,0.568,0.657,2.874,1.269,0.386,0.177,0.211,1.198,15.524
2.627,4.127,0.568,0.657,2.874,1.269,0.386,0.177,0.211,1.198,2.627,4.127,0.568,0.657,2.874,1.269,0.386,0.177,0.211,1.198,15.524
2.627,4.127,0.568,0.657,2.874,1.269,0.386,0.177,0.211,1.198,2.627,4.127,0.568,0.657,2.874,1.269,0.386,0.177,0.211,1.198,15.524
2.627,4.127,0.568,0.657,2.874,1.269,0.386,0.177,0.211,1.198,2.627,4.127,0.568,0.657,2.874,1.269,0.386,0.177,0.211,1.198,15.524
2.627,4.127,0.568,0.657,2.874,1.269,0.386,0.177,0.211,1.198,2.627,4.127,0.568,0.657,2.874,1.269,0.386,0.177,0.211,1.198,15.524
2.627,4.127,0.568,0.657,2.874,1.269,0.386,0.177,0.211,1.198,2.627,4.127,0.568,0.657,2.874,1.269,0.386,0.177,0.211,1.198,15.524
2.627,4.127,0.568,0.657,2.874,1.269,0.386,0.177,0.211,1.198,2.627,4.127,0.568,0.657,2.874,1.269,0.386,0.177,0.211,1.198,15.524
2.449,3.983,0.704,0.851,2.79,1.219,0.367,0.172,0.198,1.11,2.449,3.983,0.704,0.851,2.79,1.219,0.367,0.172,0.198,1.11,18.682
2.449,3.983,0.704,0.851,2.79,1.219,0.367,0.172,0.198,1.11,2.449,3.983,0.704,0.851,2.79,1.219,0.367,0.172,0.198,1.11,18.682
2.449,3.983,0.704,0.851,2.79,1.219,0.367,0.172,0.198,1.11,2.449,3.983,0.704,0.851,2.79,1.219,0.367,0.172,0.198,1.11,18.682
2.449,3.983,0.704,0.851,2.79,1.219,0.367,0.172,0.198,1.11,2.449,3.983,0.704,0.851,2.79,1.219,0.367,0.172,0.198,1.11,18.682
2.449,3.983,0.704,0.851,2.79,1.219,0.367,0.172,0.198,1.11,2.449,3.983,0.704,0.851,2.79,1.219,0.367,0.172,0.198,1.11,18.682
2.449,3.983,0.704,0.851,2.79,1.219,0.367,0.172,0.198,1.11,2.449,3.983,0.704,0.851,2.79,1.219,0.367,0.172,0.198,1.11,18.682
2.449,3.983,0.704,0.851,2.79,1.219,0.367,0.172,0.198,1.11,2.449,3.983,0.704,0.851,2.79,1.219,0.367,0.172,0.198,1.11,18.682
2.449,3.983,0.704,0.851,2.79,1.219,0.367,0.172,0.198,1.11,2.449,3.983,0.704,0.851,2.79,1.219,0.367,0.172,0.198,1.11,18.682
2.449,3.983,0.704,0.851,2.79,1.219,0.367,0.172,0.198,1.11,2.449,3.983,0.704,0.851,2.79,1.219,0.367,0.172,0.198,1.11,18.682
2.449,3.983,0.704,0.851,2.79,1.219,0.367,0.172,0.198,1.11,2.449,3.983,0.704,0.851,2.79,1.219,0.367,0.172,0.198,1.11,18.682
2.449,3.983,0.704,0.851,2.79,1.219,0.367,0.172,0.198,1.11,2.449,3.983,0.704,0.851,2.79,1.219,0.367,0.172,0.198,1.11,18.682
2.449,3.983,0.704,0.851,2.79,1.219,0.367,0.172,0.198,1.11,2.449,3.983,0.704,0.851,2.79,1.219,0.367,0.172,0.198,1.11,18.682
2.449,3.983,0.704,0.851,2.79,1.219,0.367,0.172,0.198,1.11,2.449,3.983,0.704,0.851,2.79,1.219,0.367,0.172,0.198,1.11,18.682
2.449,3.983,0.704,0.851,2.79,1.219,0.367,0.172,0.198,1.11,2.449,3.983,0.704,0.851,2.79,1.219,0.367,0.172,0.198,1.11,18.682

0.492,0.951,0.925,0.448,0.108,5.878,5.767,4.599,2.08,1.589,0.492,0.951,0.925,0.448,0.108,5.878,5.767,4.599,2.08,1.589,87.966
0.472,0.948,0.922,0.448,0.086,7.275,7.207,5.722,2.599,1.917,0.472,0.948,0.922,0.448,0.086,7.275,7.207,5.722,2.599,1.917,91.548
0.495,0.945,0.922,0.452,0.078,7.786,7.758,6.166,2.852,2.14,0.495,0.945,0.922,0.452,0.078,7.786,7.758,6.166,2.852,2.14,93.862
0.491,0.952,0.928,0.444,0.077,8.12,8.014,6.501,2.744,2.184,0.491,0.952,0.928,0.444,0.077,8.12,8.014,6.501,2.744,2.184,96.213
0.494,0.947,0.919,0.438,0.075,8.144,8.228,6.543,3.23,2.009,0.494,0.947,0.919,0.438,0.075,8.144,8.228,6.543,3.23,2.009,93.086
0.496,0.949,0.935,0.44,0.076,8.144,8.149,6.695,3.0,2.083,0.496,0.949,0.935,0.44,0.076,8.144,8.149,6.695,3.0,2.083,91.439
0.498,0.952,0.919,0.455,0.13,4.791,4.758,3.739,1.665,1.109,0.498,0.952,0.919,0.455,0.13,4.791,4.758,3.739,1.665,1.109,86.215
0.497,0.947,0.918,0.464,0.1,6.059,6.011,4.723,2.148,1.649,0.497,0.947,0.918,0.464,0.1,6.059,6.011,4.723,2.148,1.649,83.63
0.498,0.964,0.924,0.435,0.076,8.404,8.225,6.6,2.995,1.993,0.498,0.964,0.924,0.435,0.076,8.404,8.225,6.6,2.995,1.993,95.776
0.508,0.948,0.938,0.457,0.113,5.491,5.423,4.437,1.862,1.458,0.508,0.948,0.938,0.457,0.113,5.491,5.423,4.437,1.862,1.458,89.202
0.494,0.957,0.936,0.454,0.074,8.331,8.204,6.664,3.151,2.052,0.494,0.957,0.936,0.454,0.074,8.331,8.204,6.664,3.151,2.052,90.785
0.504,0.943,0.925,0.434,0.077,8.041,8.166,6.53,3.149,1.887,0.504,0.943,0.925,0.434,0.077,8.041,8.166,6.53,3.149,1.887,96.83
0.493,0.939,0.932,0.425,0.102,6.17,6.269,5.134,2.219,1.555,0.493,0.939,0.932,0.425,0.102,6.17,6.269,5.134,2.219,1.555,87.693
0.5,0.959,0.933,0.465,0.08,7.665,7.502,6.017,2.943,1.917,0.5,0.959,0.933,0.465,0.08,7.665,7.502,6.017,2.943,1.917,87.046
0.488,0.946,0.935,0.449,0.095,6.571,6.57,5.335,2.402,1.638,0.488,0.946,0.935,0.449,0.095,6.571,6.57,5.335,2.402,1.638,91.548
0.502,0.949,0.931,0.458,0.057,10.619,10.561,8.522,3.932,2.787,0.502,0.949,0.931,0.458,0.057,10.619,10.561,8.522,3.932,2.787,95.425
0.478,0.947,0.93,0.438,0.102,6.168,6.202,4.976,2.462,1.438,0.478,0.947,0.93,0.438,0.102,6.168,6.202,4.976,2.462,1.438,91.548
0.499,0.956,0.938,0.45,0.078,7.962,7.846,6.472,2.692,2.023,0.499,0.956,0.938,0.45,0.078,7.962,7.846,6.472,2.692,2.023,91.439
0.489,0.941,0.938,0.429,0.106,6.019,6.085,5.0,2.162,1.451,0.489,0.941,0.938,0.429,0.106,6.019,6.085,5.0,2.162,1.451,88.414
0.505,0.949,0.934,0.449,0.091,6.682,6.731,5.459,2.533,1.525,0.505,0.949,0.934,0.449,0.091,6.682,6.731,5.459,2.533,1.525,88.091
0.493,0.941,0.927,0.454,0.105,5.844,5.889,4.677,2.255,1.462,0.493,0.941,0.927,0.454,0.105,5.844,5.889,4.677,2.255,1.462,80.808
0.501,0.954,0.929,0.461,0.093,6.554,6.502,5.169,2.542,1.564,0.501,0.954,0.929,0.461,0.093,6.554,6.502,5.169,2.542,1.564,88.238
0.488,0.948,0.936,0.448,0.093,6.62,6.637,5.383,2.55,1.571,0.488,0.948,0.936,0.448,0.093,6.62,6.637,5.383,2.55,1.571,87.321
0.508,0.947,0.929,0.454,0.112,5.41,5.423,4.339,2.098,1.352,0.508,0.947,0.929,0.454,0.112,5.41,5.423,4.339,2.098,1.352,85.428
0.513,0.954,0.939,0.445,0.07,8.79,8.687,7.225,2.979,2.327,0.513,0.954,0.939,0.445,0.07,8.79,8.687,7.225,2.979,2.327,99.02
0.504,0.949,0.936,0.436,0.082,7.629,7.67,6.267,2.887,1.779,0.504,0.949,0.936,0.436,0.082,7.629,7.67,6.267,2.887,1.779,94.81
0.486,0.952,0.94,0.45,0.076,8.17,8.111,6.675,2.819,1.993,0.486,0.952,0.94,0.45,0.076,8.17,8.111,6.675,2.819,1.993,92.195
0.493,0.953,0.926,0.479,0.08,7.415,7.23,5.72,2.667,2.123,0.493,0.953,0.926,0.479,0.08,7.415,7.23,5.72,2.667,2.123,89.499
0.508,0.957,0.931,0.449,0.083,7.397,7.375,5.944,2.804,1.604,0.508,0.957,0.931,0.449,0.083,7.397,7.375,5.944,2.804,1.604,88.73
0.494,0.949,0.942,0.436,0.075,8.389,8.337,6.917,3.02,2.173,0.494,0.949,0.942,0.436,0.075,8.389,8.337,6.917,3.02,2.173,92.698
0.479,0.96,0.926,0.445,0.08,7.878,7.741,6.165,2.996,1.837,0.479,0.96,0.926,0.445,0.08,7.878,7.741,6.165,2.996,1.837,90.907
0.499,0.951,0.94,0.444,0.076,8.179,8.14,6.726,2.828,2.0,0.499,0.951,0.94,0.444,0.076,8.179,8.14,6.726,2.828,2.0,95.603
0.497,0.954,0.938,0.448,0.096,6.481,6.434,5.256,2.379,1.516,0.497,0.954,0.938,0.448,0.096,6.481,6.434,5.256,2.379,1.516,91.049
0.498,0.954,0.922,0.47,0.123,5.127,5.054,3.919,1.878,1.15,0.498,0.954,0.922,0.47,0.123,5.127,5.054,3.919,1.878,1.15,85.041
0.5,0.947,0.934,0.448,0.077,8.054,8.056,6.488,3.21,1.988,0.5,0.947,0.934,0.448,0.077,8.054,8.056,6.488,3.21,1.988,93.862
0.502,0.942,0.928,0.459,0.122,5.037,5.05,4.007,1.861,1.253,0.502,0.942,0.928,0.459,0.122,5.037,5.05,4.007,1.861,1.253,84.504
0.49,0.942,0.927,0.434,0.11,5.639,5.673,4.604,1.984,1.499,0.49,0.942,0.927,0.434,0.11,5.639,5.673,4.604,1.984,1.499,85.633
0.495,0.943,0.91,0.463,0.079,7.665,7.589,5.906,2.555,2.24,0.495,0.943,0.91,0.463,0.079,7.665,7.589,5.906,2.555,2.24,88.091
0.485,0.946,0.933,0.442,0.099,6.384,6.389,5.192,2.218,1.545,0.485,0.946,0.933,0.442,0.099,6.384,6.389,5.192,2.218,1.545,93.606
0.5,0.942,0.922,0.469,0.091,6.648,6.66,5.197,2.551,1.687,0.5,0.942,0.922,0.469,0.091,6.648,6.66,5.197,2.551,1.687,90.272
0.506,0.939,0.931,0.444,0.089,6.946,7.001,5.661,2.554,1.86,0.506,0.939,0.931,0.444,0.089,6.946,7.001,5.661,2.554,1.86,91.548
0.49,0.939,0.918,0.446,0.111,5.56,5.602,4.411,2.021,1.447,0.49,0.939,0.918,0.446,0.111,5.56,5.602,4.411,2.021,1.447,87.966
0.487,0.939,0.919,0.434,0.083,7.636,7.755,6.155,2.635,1.775,0.487,0.939,0.919,0.434,0.083,7.636,7.755,6.155,2.635,1.775,92.098
0.507,0.951,0.936,0.454,0.085,7.363,7.27,5.926,2.496,1.88,0.507,0.951,0.936,0.454,0.085,7.363,7.27,5.926,2.496,1.88,92.455
0.502,0.945,0.927,0.454,0.079,7.843,7.927,6.265,3.095,1.728,0.502,0.945,0.927,0.454,0.079,7.843,7.927,6.265,3.095,1.728,92.315
0.497,0.958,0.93,0.431,0.105,6.149,6.065,4.948,2.06,1.456,0.497,0.958,0.93,0.431,0.105,6.149,6.065,4.948,2.06,1.456,92.098
0.498,0.951,0.924,0.463,0.12,5.243,5.222,4.084,1.902,1.14,0.498,0.951,0.924,0.463,0.12,5.243,5.222,4.084,1.902,1.14,85.147
0.486,0.945,0.931,0.443,0.109,5.892,5.883,4.725,2.125,1.423,0.486,0.945,0.931,0.443,0.109,5.892,5.883,4.725,2.125,1.423,90.785
0.493,0.948,0.929,0.433,0.107,6.019,6.025,4.832,2.284,1.384,0.493,0.948,0.929,0.433,0.107,6.019,6.025,4.832,2.284,1.384,94.641
0.502,0.946,0.929,0.425,0.089,7.118,7.213,5.818,2.761,1.581,0.502,0.946,0.929,0.425,0.089,7.118,7.213,5.818,2.761,1.581,96.047
0.513,0.956,0.929,0.455,0.109,5.805,5.738,4.535,2.241,1.293,0.513,0.956,0.929,0.455,0.109,5.805,5.738,4.535,2.241,1.293,89.644

0.492,0.941,0.478,0.393,0.144,4.846,4.753,0.87,3.897,1.524,0.492,0.941,0.478,0.393,0.144,4.846,4.753,0.87,3.897,1.524,116.675
0.489,0.959,0.479,0.407,0.132,5.276,5.042,0.855,4.212,1.629,0.489,0.959,0.479,0.407,0.132,5.276,5.042,0.855,4.212,1.629,117.388
0.504,0.947,0.482,0.409,0.13,5.271,5.099,0.857,4.263,1.718,0.504,0.947,0.482,0.409,0.13,5.271,5.099,0.857,4.263,1.718,119.52
0.525,0.95,0.482,0.403,0.156,4.487,4.318,0.833,3.517,1.431,0.525,0.95,0.482,0.403,0.156,4.487,4.318,0.833,3.517,1.431,120.341
0.516,0.96,0.484,0.404,0.153,4.676,4.445,0.831,3.632,1.427,0.516,0.96,0.484,0.404,0.153,4.676,4.445,0.831,3.632,1.427,121.083
0.503,0.952,0.496,0.414,0.148,4.693,4.487,0.819,3.679,1.519,0.503,0.952,0.496,0.414,0.148,4.693,4.487,0.819,3.679,1.519,116.692
0.503,0.947,0.485,0.399,0.145,4.792,4.663,0.869,3.808,1.483,0.503,0.947,0.485,0.399,0.145,4.792,4.663,0.869,3.808,1.483,117.414
0.498,0.954,0.48,0.41,0.132,5.316,5.098,0.91,4.221,1.63,0.498,0.954,0.48,0.41,0.132,5.316,5.098,0.91,4.221,1.63,119.52
0.492,0.945,0.478,0.399,0.139,5.074,4.918,0.91,4.029,1.597,0.492,0.945,0.478,0.399,0.139,5.074,4.918,0.91,4.029,1.597,117.38
0.5,0.954,0.492,0.414,0.114,5.982,5.755,0.94,4.82,1.835,0.5,0.954,0.492,0.414,0.114,5.982,5.755,0.94,4.82,1.835,120.967
0.478,0.951,0.487,0.398,0.114,6.183,5.993,1.111,4.888,1.838,0.478,0.951,0.487,0.398,0.114,6.183,5.993,1.111,4.888,1.838,122.348
0.543,0.962,0.482,0.408,0.146,4.743,4.524,0.775,3.769,1.435,0.543,0.962,0.482,0.408,0.146,4.743,4.524,0.775,3.769,1.435,125.32
0.529,0.947,0.481,0.391,0.163,4.282,4.179,0.809,3.384,1.315,0.529,0.947,0.481,0.391,0.163,4.282,4.179,0.809,3.384,1.315,121.083
0.502,0.938,0.473,0.401,0.126,5.417,5.353,0.937,4.452,1.668,0.502,0.938,0.473,0.401,0.126,5.417,5.353,0.937,4.452,1.668,121.655
0.512,0.947,0.486,0.395,0.142,4.897,4.758,0.888,3.877,1.557,0.512,0.947,0.486,0.395,0.142,4.897,4.758,0.888,3.877,1.557,121.655
0.491,0.935,0.487,0.4,0.136,5.074,4.977,0.955,4.038,1.684,0.491,0.935,0.487,0.4,0.136,5.074,4.977,0.955,4.038,1.684,119.503
0.499,0.95,0.487,0.394,0.134,5.246,5.084,0.983,4.11,1.648,0.499,0.95,0.487,0.394,0.134,5.246,5.084,0.983,4.11,1.648,120.934
0.479,0.949,0.482,0.394,0.13,5.328,5.24,0.952,4.293,1.478,0.479,0.949,0.482,0.394,0.13,5.328,5.24,0.952,4.293,1.478,118.089
0.493,0.955,0.489,0.408,0.119,5.798,5.62,0.999,4.631,1.637,0.493,0.955,0.489,0.408,0.119,5.798,5.62,0.999,4.631,1.637,120.917
0.49,0.947,0.484,0.4,0.136,5.106,4.964,0.908,4.07,1.595,0.49,0.947,0.484,0.4,0.136,5.106,4.964,0.908,4.07,1.595,118.106
0.499,0.959,0.494,0.41,0.13,5.347,5.112,0.952,4.174,1.636,0.499,0.959,0.494,0.41,0.13,5.347,5.112,0.952,4.174,1.636,116.675
0.524,0.961,0.489,0.41,0.141,4.977,4.722,0.842,3.894,1.574,0.524,0.961,0.489,0.41,0.141,4.977,4.722,0.842,3.894,1.574,122.381
0.501,0.95,0.49,0.393,0.154,4.531,4.386,0.881,3.515,1.449,0.501,0.95,0.49,0.393,0.154,4.531,4.386,0.881,3.515,1.449,116.0
0.505,0.948,0.5,0.415,0.138,4.979,4.816,0.908,3.919,1.55,0.505,0.948,0.5,0.415,0.138,4.979,4.816,0.908,3.919,1.55,117.388
0.503,0.951,0.48,0.4,0.148,4.733,4.584,0.834,3.768,1.422,0.503,0.951,0.48,0.4,0.148,4.733,4.584,0.834,3.768,1.422,118.106
0.515,0.956,0.492,0.409,0.143,4.871,4.68,0.866,3.824,1.44,0.515,0.956,0.492,0.409,0.143,4.871,4.68,0.866,3.824,1.44,118.14
0.505,0.948,0.488,0.389,0.146,4.817,4.683,0.904,3.782,1.505,0.505,0.948,0.488,0.389,0.146,4.817,4.683,0.904,3.782,1.505,119.553
0.504,0.955,0.49,0.409,0.127,5.505,5.277,0.945,4.343,1.703,0.504,0.955,0.49,0.409,0.127,5.505,5.277,0.945,4.343,1.703,119.52
0.502,0.939,0.488,0.412,0.13,5.248,5.065,0.906,4.184,1.863,0.502,0.939,0.488,0.412,0.13,5.248,5.065,0.906,4.184,1.863,118.14
0.495,0.953,0.477,0.4,0.132,5.31,5.099,0.905,4.216,1.676,0.495,0.953,0.477,0.4,0.132,5.31,5.099,0.905,4.216,1.676,118.828
0.486,0.936,0.483,0.407,0.149,4.633,4.543,0.854,3.716,1.488,0.486,0.936,0.483,0.407,0.149,4.633,4.543,0.854,3.716,1.488,114.551
0.498,0.935,0.478,0.403,0.162,4.257,4.156,0.806,3.394,1.447,0.498,0.935,0.478,0.403,0.162,4.257,4.156,0.806,3.394,1.447,114.56
0.506,0.957,0.488,0.415,0.139,5.032,4.804,0.918,3.927,1.509,0.506,0.957,0.488,0.415,0.139,5.032,4.804,0.918,3.927,1.509,117.388
0.516,0.954,0.48,0.409,0.152,4.654,4.451,0.842,3.65,1.425,0.516,0.954,0.48,0.409,0.152,4.654,4.451,0.842,3.65,1.425,119.604
0.501,0.944,0.484,0.398,0.128,5.417,5.271,0.981,4.308,1.771,0.501,0.944,0.484,0.398,0.128,5.417,5.271,0.981,4.308,1.771,120.917
0.517,0.947,0.5,0.406,0.14,4.948,4.764,0.94,3.833,1.664,0.517,0.947,0.5,0.406,0.14,4.948,4.764,0.94,3.833,1.664,120.283
0.496,0.947,0.482,0.406,0.143,4.893,4.665,0.871,3.835,1.746,0.496,0.947,0.482,0.406,0.143,4.893,4.665,0.871,3.835,1.746,115.974
0.513,0.953,0.5,0.418,0.126,5.465,5.228,0.945,4.294,1.753,0.513,0.953,0.5,0.418,0.126,5.465,5.228,0.945,4.294,1.753,119.52
0.495,0.95,0.489,0.411,0.153,4.581,4.435,0.867,3.595,1.321,0.495,0.95,0.489,0.411,0.153,4.581,4.435,0.867,3.595,1.321,115.261
0.521,0.954,0.491,0.41,0.135,5.118,4.92,0.88,4.052,1.586,0.521,0.954,0.491,0.41,0.135,5.118,4.92,0.88,4.052,1.586,120.241
0.507,0.946,0.498,0.393,0.135,5.058,4.973,0.983,3.991,1.532,0.507,0.946,0.498,0.393,0.135,5.058,4.973,0.983,3.991,1.532,120.967
0.494,0.941,0.486,0.401,0.13,5.318,5.161,1.0,4.189,1.813,0.494,0.941,0.486,0.401,0.13,5.318,5.161,1.0,4.189,1.813,120.241
0.521,0.945,0.49,0.413,0.144,4.75,4.631,0.824,3.824,1.432,0.521,0.945,0.49,0.413,0.144,4.75,4.631,0.824,3.824,1.432,117.456
0.502,0.953,0.485,0.398,0.129,5.417,5.215,0.981,4.25,1.727,0.502,0.953,0.485,0.398,0.129,5.417,5.215,0.981,4.25,1.727,120.917
0.5,0.938,0.479,0.388,0.136,5.065,4.989,0.928,4.07,1.67,0.5,0.938,0.479,0.388,0.136,5.065,4.989,0.928,4.07,1.67,119.52
0.49,0.94,0.487,0.41,0.107,6.359,6.166,1.112,5.088,2.227,0.49,0.94,0.487,0.41,0.107,6.359,6.166,1.112,5.088,2.227,122.332
0.505,0.937,0.493,0.407,0.121,5.588,5.487,0.98,4.515,1.857,0.505,0.937,0.493,0.407,0.121,5.588,5.487,0.98,4.515,1.857,121.655
0.496,0.948,0.49,0.398,0.133,5.161,5.012,0.909,4.106,1.671,0.496,0.948,0.49,0.398,0.133,5.161,5.012,0.909,4.106,1.671,117.388
0.513,0.944,0.49,0.41,0.149,4.617,4.467,0.834,3.653,1.505,0.513,0.944,0.49,0.41,0.149,4.617,4.467,0.834,3.653,1.505,116.692
0.5,0.939,0.482,0.4,0.139,4.987,4.9,0.909,4.009,1.545,0.5,0.939,0.482,0.4,0.139,4.987,4.9,0.909,4.009,1.545,119.553
0.506,0.961,0.505,0.419,0.141,4.964,4.705,0.905,3.81,1.511,0.506,0.961,0.505,0.419,0.141,4.964,4.705,0.905,3.81,1.511,117.388

0.954,0.998,1.003,0.946,0.052,1.0,1.054,1.202,0.333,0.333,0.954,0.998,1.003,0.946,0.052,1.0,1.054,1.202,0.333,0.333,8.062
0.932,0.979,0.983,0.928,0.034,1.5,2.236,1.803,0.5,1.118,0.932,0.979,0.983,0.928,0.034,1.5,2.236,1.803,0.5,1.118,10.77
0.972,1.013,1.0,0.936,0.101,0.93,0.959,0.959,0.0,0.232,0.972,1.013,1.0,0.936,0.101,0.93,0.959,0.959,0.0,0.232,10.198
0.906,1.014,1.002,0.962,0.133,0.394,0.371,0.473,0.131,0.294,0.906,1.014,1.002,0.962,0.133,0.394,0.371,0.473,0.131,0.294,16.031
0.833,0.98,0.987,0.93,0.333,0.215,0.227,0.254,0.114,0.259,0.833,0.98,0.987,0.93,0.333,0.215,0.227,0.254,0.114,0.259,32.016
0.862,1.013,0.971,0.91,0.245,0.434,0.44,0.461,0.194,0.154,0.862,1.013,0.971,0.91,0.245,0.434,0.44,0.461,0.194,0.154,25.632
0.912,0.998,0.983,0.929,0.038,1.844,2.236,1.897,0.447,0.894,0.912,0.998,0.983,0.929,0.038,1.844,2.236,1.897,0.447,0.894,10.44
0.863,0.974,1.006,0.942,0.285,0.133,0.253,0.348,0.119,0.246,0.863,0.974,1.006,0.942,0.285,0.133,0.253,0.348,0.119,0.246,27.166
0.895,0.997,0.972,0.931,0.121,0.549,0.614,0.614,0.389,0.275,0.895,0.997,0.972,0.931,0.121,0.549,0.614,0.614,0.389,0.275,18.0
0.953,1.013,0.988,0.975,0.13,0.316,0.447,0.707,0.316,0.316,0.953,1.013,0.988,0.975,0.13,0.316,0.447,0.707,0.316,0.316,19.0
0.838,1.01,0.972,0.929,0.258,0.362,0.277,0.243,0.19,0.213,0.838,1.01,0.972,0.929,0.258,0.362,0.277,0.243,0.19,0.213,25.179
0.826,0.99,0.974,0.916,0.275,0.348,0.304,0.253,0.169,0.239,0.826,0.99,0.974,0.916,0.275,0.348,0.304,0.253,0.169,0.239,24.187
0.896,1.016,0.969,0.949,0.22,0.362,0.256,0.114,0.229,0.114,0.896,1.016,0.969,0.949,0.22,0.362,0.256,0.114,0.229,0.114,30.594
0.865,1.013,0.989,0.933,0.283,0.382,0.239,0.253,0.189,0.246,0.865,1.013,0.989,0.933,0.283,0.382,0.239,0.253,0.189,0.246,29.428
0.858,0.994,0.971,0.878,0.238,0.5,0.539,0.5,0.2,0.283,0.858,0.994,0.971,0.878,0.238,0.5,0.539,0.5,0.2,0.283,30.414
0.859,0.999,0.968,0.898,0.23,0.441,0.465,0.416,0.208,0.147,0.859,0.999,0.968,0.898,0.23,0.441,0.465,0.416,0.208,0.147,22.825
0.869,1.013,0.971,0.9,0.255,0.481,0.396,0.296,0.187,0.148,0.869,1.013,0.971,0.9,0.255,0.481,0.396,0.296,0.187,0.148,23.77
0.848,1.014,0.969,0.91,0.276,0.385,0.341,0.316,0.179,0.2,0.848,1.014,0.969,0.91,0.276,0.385,0.341,0.316,0.179,0.2,26.019
0.846,0.997,0.969,0.929,0.262,0.271,0.294,0.294,0.186,0.197,0.846,0.997,0.969,0.929,0.262,0.271,0.294,0.294,0.186,0.197,27.459
0.832,1.01,0.969,0.883,0.244,0.519,0.519,0.412,0.129,0.204,0.832,1.01,0.969,0.883,0.244,0.519,0.519,0.412,0.129,0.204,24.083
0.837,1.011,0.969,0.892,0.265,0.451,0.432,0.364,0.144,0.204,0.837,1.011,0.969,0.892,0.265,0.451,0.432,0.364,0.144,0.204,24.083
0.845,0.993,0.971,0.912,0.27,0.376,0.328,0.273,0.182,0.258,0.845,0.993,0.971,0.912,0.27,0.376,0.328,0.273,0.182,0.258,25.08
0.814,1.014,0.954,0.882,0.231,0.574,0.523,0.406,0.259,0.161,0.814,1.014,0.954,0.882,0.231,0.574,0.523,0.406,0.259,0.161,25.179
0.886,1.03,0.951,0.851,0.192,1.012,0.962,0.854,0.286,0.256,0.886,1.03,0.951,0.851,0.192,1.012,0.962,0.854,0.286,0.256,24.0
0.836,1.008,0.955,0.877,0.251,0.529,0.503,0.374,0.209,0.209,0.836,1.008,0.955,0.877,0.251,0.529,0.503,0.374,0.209,0.209,26.926
0.813,1.009,0.97,0.912,0.286,0.356,0.315,0.248,0.131,0.185,0.813,1.009,0.97,0.912,0.286,0.356,0.315,0.248,0.131,0.185,33.106
0.837,1.03,0.969,0.911,0.286,0.418,0.321,0.253,0.133,0.169,0.837,1.03,0.969,0.911,0.286,0.418,0.321,0.253,0.133,0.169,29.967
0.853,1.014,0.968,0.873,0.158,1.023,1.074,1.023,0.243,0.243,0.853,1.014,0.968,0.873,0.158,1.023,1.074,1.023,0.243,0.243,28.636
0.824,1.01,0.994,0.928,0.291,0.532,0.248,0.309,0.255,0.438,0.824,1.01,0.994,0.928,0.291,0.532,0.248,0.309,0.255,0.438,33.106
0.846,1.032,0.986,0.897,0.214,0.652,0.5,0.506,0.177,0.354,0.846,1.032,0.986,0.897,0.214,0.652,0.5,0.506,0.177,0.354,31.385
0.863,1.014,1.006,0.946,0.195,0.4,0.283,0.447,0.268,0.283,0.863,1.014,1.006,0.946,0.195,0.4,0.283,0.447,0.268,0.283,23.77
0.866,1.001,1.001,0.929,0.232,0.344,0.308,0.385,0.231,0.154,0.866,1.001,1.001,0.929,0.232,0.344,0.308,0.385,0.231,0.154,32.573
0.848,0.999,1.009,0.951,0.287,0.263,0.223,0.223,0.248,0.062,0.848,0.999,1.009,0.951,0.287,0.263,0.223,0.223,0.248,0.062,26.0
0.934,1.01,0.992,0.824,0.205,0.963,1.077,1.217,0.283,0.369,0.934,1.01,0.992,0.824,0.205,0.963,1.077,1.217,0.283,0.369,30.594
0.892,0.999,0.983,0.921,0.304,0.258,0.288,0.322,0.144,0.129,0.892,0.999,0.983,0.921,0.304,0.258,0.288,0.322,0.144,0.129,32.894
0.923,1.02,0.983,0.921,0.197,0.507,0.41,0.498,0.315,0.222,0.923,1.02,0.983,0.921,0.197,0.507,0.41,0.498,0.315,0.222,25.495
0.894,1.014,0.966,0.886,0.239,0.538,0.487,0.385,0.172,0.172,0.894,1.014,0.966,0.886,0.239,0.538,0.487,0.385,0.172,0.172,26.683
0.868,1.016,0.985,0.902,0.274,0.419,0.376,0.395,0.156,0.156,0.868,1.016,0.985,0.902,0.274,0.419,0.376,0.395,0.156,0.156,27.203
0.899,1.018,0.963,0.902,0.253,0.462,0.443,0.38,0.17,0.17,0.899,1.018,0.963,0.902,0.253,0.462,0.443,0.38,0.17,0.17,28.862
0.902,1.019,0.961,0.835,0.306,0.599,0.549,0.446,0.149,0.149,0.902,1.019,0.961,0.835,0.306,0.599,0.549,0.446,0.149,0.149,32.016
0.88,1.02,0.96,0.901,0.291,0.418,0.37,0.291,0.154,0.097,0.88,1.02,0.96,0.901,0.291,0.418,0.37,0.291,0.154,0.097,29.732
0.862,1.019,0.961,0.883,0.224,0.639,0.588,0.439,0.175,0.124,0.862,1.019,0.961,0.883,0.224,0.639,0.588,0.439,0.175,0.124,29.547
0.852,1.035,0.964,0.877,0.18,0.927,0.847,0.782,0.243,0.307,0.852,1.035,0.964,0.877,0.18,0.927,0.847,0.782,0.243,0.307,30.083
0.862,0.977,0.961,0.86,0.235,0.505,0.632,0.484,0.166,0.186,0.862,0.977,0.961,0.86,0.235,0.505,0.632,0.484,0.166,0.186,27.857
0.831,1.016,0.962,0.857,0.213,0.8,0.769,0.632,0.179,0.126,0.831,1.016,0.962,0.857,0.213,0.8,0.769,0.632,0.179,0.126,26.571
0.92,0.995,0.959,0.873,0.167,0.969,1.24,1.109,0.248,0.372,0.92,0.995,0.959,0.873,0.167,0.969,1.24,1.109,0.248,0.372,30.083
0.933,1.037,0.962,0.848,0.216,0.943,0.883,0.824,0.214,0.271,0.933,1.037,0.962,0.848,0.216,0.943,0.883,0.824,0.214,0.271,30.806
0.855,1.01,0.941,0.761,0.215,1.207,1.263,1.05,0.279,0.294,0.855,1.01,0.941,0.761,0.215,1.207,1.263,1.05,0.279,0.294,31.623
0.909,1.018,0.959,0.866,0.196,0.781,0.796,0.707,0.247,0.349,0.909,1.018,0.959,0.866,0.196,0.781,0.796,0.707,0.247,0.349,28.16
0.908,1.038,0.963,0.781,0.227,1.144,0.996,0.872,0.207,0.207,0.908,1.038,0.963,0.781,0.227,1.144,0.996,0.872,0.207,0.207,25.962
0.86,1.015,0.943,0.851,0.202,0.825,0.806,0.64,0.316,0.224,0.86,1.015,0.943,0.851,0.202,0.825,0.806,0.64,0.316,0.224,28.792

1.667,1.93,0.788,0.793,1.002,1.174,0.432,0.234,0.242,0.963,1.667,1.93,0.788,0.793,1.002,1.174,0.432,0.234,0.242,0.963,72.801
1.585,1.839,0.76,0.815,0.953,1.139,0.478,0.254,0.293,0.913,1.585,1.839,0.76,0.815,0.953,1.139,0.478,0.254,0.293,0.913,77.369
1.54,1.818,0.756,0.715,0.918,1.223,0.468,0.207,0.292,0.937,1.54,1.818,0.756,0.715,0.918,1.223,0.468,0.207,0.292,0.937,71.309
1.64,1.895,0.8,0.801,0.967,1.166,0.401,0.197,0.242,0.952,1.64,1.895,0.8,0.801,0.967,1.166,0.401,0.197,0.242,0.952,75.69
1.536,1.786,0.801,0.822,0.848,1.179,0.473,0.283,0.259,0.969,1.536,1.786,0.801,0.822,0.848,1.179,0.473,0.283,0.259,0.969,76.158
1.549,1.831,0.78,0.739,0.905,1.229,0.438,0.211,0.263,0.953,1.549,1.831,0.78,0.739,0.905,1.229,0.438,0.211,0.263,0.953,77.878
1.545,1.777,0.759,0.722,0.913,1.177,0.447,0.183,0.292,0.888,1.545,1.777,0.759,0.722,0.913,1.177,0.447,0.183,0.292,0.888,79.31
1.554,1.808,0.735,0.769,0.952,1.156,0.494,0.287,0.295,0.878,1.554,1.808,0.735,0.769,0.952,1.156,0.494,0.287,0.295,0.878,80.777
1.595,1.828,0.771,0.736,0.96,1.162,0.435,0.183,0.276,0.9,1.595,1.828,0.771,0.736,0.96,1.162,0.435,0.183,0.276,0.9,79.555
1.6,1.83,0.738,0.732,1.002,1.138,0.451,0.197,0.295,0.858,1.6,1.83,0.738,0.732,1.002,1.138,0.451,0.197,0.295,0.858,79.076
1.62,1.89,0.745,0.784,0.99,1.174,0.455,0.235,0.288,0.925,1.62,1.89,0.745,0.784,0.99,1.174,0.455,0.235,0.288,0.925,78.588
1.578,1.796,0.758,0.75,0.934,1.146,0.435,0.183,0.292,0.888,1.578,1.796,0.758,0.75,0.934,1.146,0.435,0.183,0.292,0.888,79.831
1.536,1.79,0.754,0.745,0.926,1.168,0.494,0.228,0.306,0.899,1.536,1.79,0.754,0.745,0.926,1.168,0.494,0.228,0.306,0.899,70.093
1.646,1.917,0.787,0.85,0.98,1.16,0.468,0.27,0.261,0.964,1.646,1.917,0.787,0.85,0.98,1.16,0.468,0.27,0.261,0.964,76.903
1.561,1.825,0.768,0.732,0.939,1.194,0.452,0.207,0.275,0.913,1.561,1.825,0.768,0.732,0.939,1.194,0.452,0.207,0.275,0.913,79.076
1.637,1.867,0.758,0.755,1.002,1.146,0.426,0.177,0.283,0.894,1.637,1.867,0.758,0.755,1.002,1.146,0.426,0.177,0.283,0.894,75.71
1.547,1.819,0.748,0.758,0.942,1.177,0.472,0.217,0.305,0.899,1.547,1.819,0.748,0.758,0.942,1.177,0.472,0.217,0.305,0.899,75.186
1.567,1.825,0.763,0.814,0.922,1.159,0.487,0.259,0.299,0.93,1.567,1.825,0.763,0.814,0.922,1.159,0.487,0.259,0.299,0.93,79.076
1.538,1.772,0.793,0.768,0.9,1.159,0.464,0.244,0.259,0.89,1.538,1.772,0.793,0.768,0.9,1.159,0.464,0.244,0.259,0.89,76.903
1.59,1.805,0.761,0.761,0.962,1.124,0.434,0.217,0.272,0.863,1.59,1.805,0.761,0.761,0.962,1.124,0.434,0.217,0.272,0.863,79.31
1.516,1.756,0.759,0.755,0.895,1.166,0.495,0.249,0.298,0.881,1.516,1.756,0.759,0.755,0.895,1.166,0.495,0.249,0.298,0.881,77.13
1.56,1.799,0.808,0.755,0.942,1.151,0.471,0.26,0.234,0.884,1.56,1.799,0.808,0.755,0.942,1.151,0.471,0.26,0.234,0.884,78.339
1.557,1.809,0.741,0.693,0.953,1.192,0.446,0.192,0.289,0.882,1.557,1.809,0.741,0.693,0.953,1.192,0.446,0.192,0.289,0.882,74.726
1.57,1.853,0.788,0.757,0.968,1.187,0.478,0.252,0.255,0.911,1.57,1.853,0.788,0.757,0.968,1.187,0.478,0.252,0.255,0.911,77.369
1.552,1.807,0.742,0.802,0.897,1.173,0.471,0.251,0.316,0.93,1.552,1.807,0.742,0.802,0.897,1.173,0.471,0.251,0.316,0.93,76.903
1.642,1.88,0.768,0.808,0.99,1.133,0.448,0.235,0.272,0.923,1.642,1.88,0.768,0.808,0.99,1.133,0.448,0.235,0.272,0.923,75.432
1.538,1.814,0.757,0.733,0.94,1.206,0.488,0.24,0.288,0.89,1.538,1.814,0.757,0.733,0.94,1.206,0.488,0.24,0.288,0.89,78.339
1.576,1.794,0.746,0.755,0.954,1.133,0.456,0.231,0.289,0.863,1.576,1.794,0.746,0.755,0.954,1.133,0.456,0.231,0.289,0.863,78.848
1.52,1.75,0.792,0.73,0.879,1.182,0.454,0.214,0.263,0.891,1.52,1.75,0.792,0.73,0.879,1.182,0.454,0.214,0.263,0.891,74.216
1.575,1.811,0.845,0.826,0.835,1.196,0.371,0.2,0.207,1.0,1.575,1.811,0.845,0.826,0.835,1.196,0.371,0.2,0.207,1.0,73.498
1.541,1.801,0.766,0.717,0.922,1.207,0.463,0.22,0.275,0.899,1.541,1.801,0.766,0.717,0.922,1.207,0.463,0.22,0.275,0.899,76.655
1.559,1.784,0.775,0.734,0.929,1.16,0.446,0.196,0.275,0.875,1.559,1.784,0.775,0.734,0.929,1.16,0.446,0.196,0.275,0.875,77.885
1.559,1.782,0.761,0.796,0.913,1.131,0.455,0.248,0.286,0.884,1.559,1.782,0.761,0.796,0.913,1.131,0.455,0.248,0.286,0.884,76.844
1.516,1.764,0.787,0.777,0.848,1.194,0.464,0.237,0.278,0.943,1.516,1.764,0.787,0.777,0.848,1.194,0.464,0.237,0.278,0.943,73.763
1.578,1.81,0.766,0.745,0.955,1.152,0.471,0.232,0.276,0.89,1.578,1.81,0.766,0.745,0.955,1.152,0.471,0.232,0.276,0.89,72.732
1.528,1.795,0.747,0.741,0.921,1.195,0.509,0.245,0.311,0.903,1.528,1.795,0.747,0.741,0.921,1.195,0.509,0.245,0.311,0.903,73.376
1.545,1.794,0.758,0.718,0.951,1.171,0.488,0.228,0.289,0.875,1.545,1.794,0.758,0.718,0.951,1.171,0.488,0.228,0.289,0.875,75.286
1.518,1.768,0.785,0.743,0.892,1.184,0.474,0.24,0.268,0.896,1.518,1.768,0.785,0.743,0.892,1.184,0.474,0.24,0.268,0.896,73.082
1.682,1.944,0.745,0.753,1.095,1.144,0.469,0.229,0.276,0.901,1.682,1.944,0.745,0.753,1.095,1.144,0.469,0.229,0.276,0.901,78.588
1.487,1.737,0.755,0.684,0.906,1.196,0.493,0.224,0.293,0.841,1.487,1.737,0.755,0.684,0.906,1.196,0.493,0.224,0.293,0.841,77.621
1.65,1.88,0.753,0.801,0.995,1.13,0.432,0.231,0.276,0.915,1.65,1.88,0.753,0.801,0.995,1.13,0.432,0.231,0.276,0.915,79.12
1.592,1.837,0.73,0.846,0.947,1.122,0.456,0.271,0.315,0.904,1.592,1.837,0.73,0.846,0.947,1.122,0.456,0.271,0.315,0.904,77.492
1.557,1.798,0.703,0.698,1.0,1.151,0.485,0.224,0.318,0.825,1.557,1.798,0.703,0.698,1.0,1.151,0.485,0.224,0.318,0.825,79.555
1.578,1.819,0.777,0.725,0.991,1.142,0.459,0.237,0.25,0.86,1.578,1.819,0.777,0.725,0.991,1.142,0.459,0.237,0.25,0.86,76.243
1.593,1.812,0.759,0.717,0.982,1.136,0.444,0.204,0.271,0.875,1.593,1.812,0.759,0.717,0.982,1.136,0.444,0.204,0.271,0.875,74.041
1.582,1.826,0.74,0.684,1.018,1.159,0.453,0.2,0.279,0.835,1.582,1.826,0.74,0.684,1.018,1.159,0.453,0.2,0.279,0.835,74.33
1.499,1.746,0.756,0.69,0.929,1.177,0.485,0.221,0.288,0.827,1.499,1.746,0.756,0.69,0.929,1.177,0.485,0.221,0.288,0.827,74.33
1.558,1.79,0.752,0.744,0.969,1.137,0.472,0.228,0.288,0.84,1.558,1.79,0.752,0.744,0.969,1.137,0.472,0.228,0.288,0.84,75.895
1.572,1.847,0.753,0.75,0.973,1.183,0.444,0.211,0.281,0.885,1.572,1.847,0.753,0.75,0.973,1.183,0.444,0.211,0.281,0.885,77.795
1.686,1.969,0.759,0.774,1.073,1.167,0.418,0.19,0.267,0.922,1.686,1.969,0.759,0.774,1.073,1.167,0.418,0.19,0.267,0.922,77.795
1.617,1.853,0.73,0.747,1.004,1.143,0.442,0.21,0.293,0.878,1.617,1.853,0.73,0.747,1.004,1.143,0.442,0.21,0.293,0.878,77.795

2.359,4.257,0.513,0.719,2.717,1.398,0.485,0.228,0.258,1.373,2.359,4.257,0.513,0.719,2.717,1.398,0.485,0.228,0.258,1.373,89.443
2.599,4.855,0.532,0.702,2.965,1.492,0.433,0.217,0.217,1.433,2.599,4.855,0.532,0.702,2.965,1.492,0.433,0.217,0.217,1.433,89.894
2.376,4.461,0.525,0.641,2.569,1.539,0.44,0.206,0.239,1.51,2.376,4.461,0.525,0.641,2.569,1.539,0.44,0.206,0.239,1.51,91.706
2.237,4.238,0.518,0.609,2.572,1.507,0.484,0.233,0.251,1.417,2.237,4.238,0.518,0.609,2.572,1.507,0.484,0.233,0.251,1.417,89.894
2.681,5.113,0.481,0.903,3.144,1.44,0.456,0.24,0.226,1.453,2.681,5.113,0.481,0.903,3.144,1.44,0.456,0.24,0.226,1.453,90.918
2.042,3.463,0.573,0.648,2.247,1.321,0.44,0.21,0.24,1.194,2.042,3.463,0.573,0.648,2.247,1.321,0.44,0.21,0.24,1.194,94.515
2.578,4.74,0.603,0.839,2.973,1.389,0.41,0.216,0.199,1.367,2.578,4.74,0.603,0.839,2.973,1.389,0.41,0.216,0.199,1.367,91.417
2.198,3.816,0.58,0.704,2.541,1.305,0.461,0.231,0.233,1.251,2.198,3.816,0.58,0.704,2.541,1.305,0.461,0.231,0.233,1.251,94.515
2.512,4.443,0.676,0.827,2.839,1.355,0.431,0.293,0.144,1.333,2.512,4.443,0.676,0.827,2.839,1.355,0.431,0.293,0.144,1.333,94.895
2.342,4.442,0.43,0.677,2.733,1.471,0.483,0.255,0.239,1.441,2.342,4.442,0.43,0.677,2.733,1.471,0.483,0.255,0.239,1.441,92.179
2.068,3.886,0.493,0.591,2.325,1.488,0.484,0.291,0.224,1.402,2.068,3.886,0.493,0.591,2.325,1.488,0.484,0.291,0.224,1.402,93.941
2.351,4.442,0.53,0.783,2.693,1.449,0.469,0.286,0.2,1.42,2.351,4.442,0.53,0.783,2.693,1.449,0.469,0.286,0.2,1.42,94.414
2.186,4.073,0.6,0.762,2.504,1.405,0.452,0.244,0.215,1.341,2.186,4.073,0.6,0.762,2.504,1.405,0.452,0.244,0.215,1.341,95.713
2.214,4.097,0.588,0.707,2.504,1.433,0.437,0.21,0.231,1.339,2.214,4.097,0.588,0.707,2.504,1.433,0.437,0.21,0.231,1.339,94.414
0.79,1.432,0.249,0.257,0.915,1.372,0.91,0.221,0.821,0.472,0.79,1.432,0.249,0.257,0.915,1.372,0.91,0.221,0.821,0.472,93.477
2.365,4.407,0.58,0.642,2.67,1.491,0.45,0.251,0.201,1.417,2.365,4.407,0.58,0.642,2.67,1.491,0.45,0.251,0.201,1.417,91.236
1.752,3.094,0.51,0.522,2.01,1.373,0.563,0.331,0.252,1.234,1.752,3.094,0.51,0.522,2.01,1.373,0.563,0.331,0.252,1.234,95.258
1.898,3.516,0.478,0.419,2.132,1.515,0.569,0.335,0.247,1.522,1.898,3.516,0.478,0.419,2.132,1.515,0.569,0.335,0.247,1.522,94.372
2.988,5.596,0.533,0.753,3.53,1.502,0.417,0.184,0.234,1.419,2.988,5.596,0.533,0.753,3.53,1.502,0.417,0.184,0.234,1.419,92.136
2.889,5.506,0.592,0.801,3.479,1.479,0.395,0.206,0.189,1.373,2.889,5.506,0.592,0.801,3.479,1.479,0.395,0.206,0.189,1.373,93.022
2.954,6.436,0.632,1.235,4.031,1.507,0.459,0.211,0.248,1.428,2.954,6.436,0.632,1.235,4.031,1.507,0.459,0.211,0.248,1.428,90.802
0.457,1.008,0.165,0.242,0.667,1.441,1.393,0.234,1.283,0.155,0.457,1.008,0.165,0.242,0.667,1.441,1.393,0.234,1.283,0.155,90.785
1.629,2.905,0.496,0.667,2.155,1.283,0.558,0.254,0.309,0.92,1.629,2.905,0.496,0.667,2.155,1.283,0.558,0.254,0.309,0.92,94.021
2.072,4.125,0.543,0.969,2.953,1.366,0.455,0.217,0.254,1.063,2.072,4.125,0.543,0.969,2.953,1.366,0.455,0.217,0.254,1.063,93.915
0.471,1.034,0.129,0.196,0.645,1.568,1.472,0.265,1.356,0.235,0.471,1.034,0.129,0.196,0.645,1.568,1.472,0.265,1.356,0.235,89.894
0.612,1.415,0.298,0.295,0.814,1.556,1.021,0.246,0.868,0.537,0.612,1.415,0.298,0.295,0.814,1.556,1.021,0.246,0.868,0.537,91.788
1.121,2.853,0.5,0.528,1.49,1.704,0.562,0.252,0.356,1.253,1.121,2.853,0.5,0.528,1.49,1.704,0.562,0.252,0.356,1.253,91.241
0.435,1.001,0.114,0.069,0.478,2.016,1.998,0.284,1.93,0.292,0.435,1.001,0.114,0.069,0.478,2.016,1.998,0.284,1.93,0.292,90.824
0.387,0.995,0.066,0.098,0.453,2.089,2.081,0.274,2.105,0.229,0.387,0.995,0.066,0.098,0.453,2.089,2.081,0.274,2.105,0.229,89.471
0.428,0.998,0.151,0.042,0.415,2.305,2.312,0.286,2.142,0.379,0.428,0.998,0.151,0.042,0.415,2.305,2.312,0.286,2.142,0.379,88.323
0.586,1.378,0.193,0.059,0.528,2.585,1.893,0.266,1.774,0.855,0.586,1.378,0.193,0.059,0.528,2.585,1.893,0.266,1.774,0.855,88.323
1.112,2.752,0.337,0.189,1.229,2.153,0.775,0.313,0.561,1.474,1.112,2.752,0.337,0.189,1.229,2.153,0.775,0.313,0.561,1.474,93.536
1.509,4.405,0.454,0.257,1.63,2.593,0.648,0.339,0.335,2.36,1.509,4.405,0.454,0.257,1.63,2.593,0.648,0.339,0.335,2.36,92.13
0.429,0.984,0.077,0.077,0.48,1.975,1.985,0.227,1.966,0.357,0.429,0.984,0.077,0.077,0.48,1.975,1.985,0.227,1.966,0.357,91.302
0.405,1.016,0.225,0.189,0.513,1.749,1.666,0.267,1.511,0.357,0.405,1.016,0.225,0.189,0.513,1.749,1.666,0.267,1.511,0.357,92.179
0.848,2.021,0.227,0.259,1.008,1.863,0.869,0.214,0.767,1.013,0.848,2.021,0.227,0.259,1.008,1.863,0.869,0.214,0.767,1.013,92.59
0.502,1.1,0.175,0.213,0.681,1.586,1.372,0.241,1.225,0.381,0.502,1.1,0.175,0.213,0.681,1.586,1.372,0.241,1.225,0.381,91.302
0.509,0.941,0.201,0.196,0.623,1.373,1.418,0.223,1.286,0.279,0.509,0.941,0.201,0.196,0.623,1.373,1.418,0.223,1.286,0.279,93.15
0.82,1.92,0.135,0.239,1.013,1.847,0.941,0.245,0.854,0.91,0.82,1.92,0.135,0.239,1.013,1.847,0.941,0.245,0.854,0.91,91.236
0.432,0.911,0.079,0.107,0.509,1.719,1.871,0.249,1.824,0.275,0.432,0.911,0.079,0.107,0.509,1.719,1.871,0.249,1.824,0.275,91.302
0.678,1.573,0.173,0.196,0.782,1.885,1.135,0.23,1.06,0.754,0.678,1.573,0.173,0.196,0.782,1.885,1.135,0.23,1.06,0.754,92.59
0.405,0.919,0.112,0.128,0.491,1.78,1.908,0.269,1.81,0.334,0.405,0.919,0.112,0.128,0.491,1.78,1.908,0.269,1.81,0.334,90.355
0.636,1.421,0.224,0.155,0.705,1.87,1.279,0.271,1.108,0.599,0.636,1.421,0.224,0.155,0.705,1.87,1.279,0.271,1.108,0.599,90.427
3.366,8.377,0.811,1.422,4.313,1.776,0.359,0.218,0.144,1.729,3.366,8.377,0.811,1.422,4.313,1.776,0.359,0.218,0.144,1.729,92.59
3.609,8.685,0.809,1.73,4.788,1.653,0.367,0.209,0.18,1.615,3.609,8.685,0.809,1.73,4.788,1.653,0.367,0.209,0.18,1.615,90.918
4.723,12.072,0.526,1.844,6.203,1.844,0.362,0.224,0.161,1.816,4.723,12.072,0.526,1.844,6.203,1.844,0.362,0.224,0.161,1.816,90.918
4.029,8.647,0.307,1.086,5.03,1.689,0.391,0.233,0.159,1.636,4.029,8.647,0.307,1.086,5.03,1.689,0.391,0.233,0.159,1.636,93.059
7.228,14.2,1.02,3.622,10.692,1.334,0.432,0.25,0.188,1.331,7.228,14.2,1.02,3.622,10.692,1.334,0.432,0.25,0.188,1.331,89.006
3.688,8.322,0.253,1.255,4.897,1.709,0.457,0.293,0.164,1.669,3.688,8.322,0.253,1.255,4.897,1.709,0.457,0.293,0.164,1.669,86.764
4.802,10.18,0.814,1.71,6.408,1.567,0.402,0.237,0.182,1.52,4.802,10.18,0.814,1.71,6.408,1.567,0.402,0.237,0.182,1.52,89.443
3.335,6.991,0.606,1.086,4.201,1.569,0.42,0.193,0.228,1.527,3.335,6.991,0.606,1.086,4.201,1.569,0.42,0.193,0.228,1.527,93.038

1.51,1.783,0.779,0.579,0.996,1.259,0.427,0.206,0.222,0.97,1.51,1.783,0.779,0.579,0.996,1.259,0.427,0.206,0.222,0.97,95.189
1.462,1.729,0.763,0.573,0.927,1.287,0.461,0.205,0.256,0.89,1.462,1.729,0.763,0.573,0.927,1.287,0.461,0.205,0.256,0.89,95.016
1.424,1.707,0.806,0.645,0.82,1.343,0.433,0.2,0.238,0.976,1.424,1.707,0.806,0.645,0.82,1.343,0.433,0.2,0.238,0.976,98.005
1.508,1.757,0.777,0.659,0.89,1.266,0.383,0.145,0.256,0.933,1.508,1.757,0.777,0.659,0.89,1.266,0.383,0.145,0.256,0.933,99.81
1.447,1.663,0.816,0.692,0.806,1.233,0.385,0.167,0.229,0.911,1.447,1.663,0.816,0.692,0.806,1.233,0.385,0.167,0.229,0.911,98.6
1.447,1.663,0.816,0.692,0.806,1.233,0.385,0.167,0.229,0.911,1.447,1.663,0.816,0.692,0.806,1.233,0.385,0.167,0.229,0.911,98.6
1.507,1.943,0.76,0.55,0.997,1.476,0.452,0.211,0.241,1.154,1.507,1.943,0.76,0.55,0.997,1.476,0.452,0.211,0.241,1.154,98.494
1.507,1.943,0.76,0.55,0.997,1.476,0.452,0.211,0.241,1.154,1.507,1.943,0.76,0.55,0.997,1.476,0.452,0.211,0.241,1.154,98.494
1.507,1.943,0.76,0.55,0.997,1.476,0.452,0.211,0.241,1.154,1.507,1.943,0.76,0.55,0.997,1.476,0.452,0.211,0.241,1.154,98.494
1.494,1.872,0.727,0.506,1.044,1.335,0.476,0.213,0.262,0.95,1.494,1.872,0.727,0.506,1.044,1.335,0.476,0.213,0.262,0.95,95.671
1.494,1.872,0.727,0.506,1.044,1.335,0.476,0.213,0.262,0.95,1.494,1.872,0.727,0.506,1.044,1.335,0.476,0.213,0.262,0.95,95.671
1.494,1.872,0.727,0.506,1.044,1.335,0.476,0.213,0.262,0.95,1.494,1.872,0.727,0.506,1.044,1.335,0.476,0.213,0.262,0.95,95.671
1.494,1.872,0.727,0.506,1.044,1.335,0.476,0.213,0.262,0.95,1.494,1.872,0.727,0.506,1.044,1.335,0.476,0.213,0.262,0.95,95.671
1.494,1.872,0.727,0.506,1.044,1.335,0.476,0.213,0.262,0.95,1.494,1.872,0.727,0.506,1.044,1.335,0.476,0.213,0.262,0.95,95.671
1.494,1.872,0.727,0.506,1.044,1.335,0.476,0.213,0.262,0.95,1.494,1.872,0.727,0.506,1.044,1.335,0.476,0.213,0.262,0.95,95.671
1.461,1.802,0.714,0.596,0.905,1.385,0.449,0.131,0.318,1.061,1.461,1.802,0.714,0.596,0.905,1.385,0.449,0.131,0.318,1.061,94.112
1.461,1.802,0.714,0.596,0.905,1.385,0.449,0.131,0.318,1.061,1.461,1.802,0.714,0.596,0.905,1.385,0.449,0.131,0.318,1.061,94.112
1.461,1.802,0.714,0.596,0.905,1.385,0.449,0.131,0.318,1.061,1.461,1.802,0.714,0.596,0.905,1.385,0.449,0.131,0.318,1.061,94.112
1.461,1.802,0.714,0.596,0.905,1.385,0.449,0.131,0.318,1.061,1.461,1.802,0.714,0.596,0.905,1.385,0.449,0.131,0.318,1.061,94.112
1.511,1.872,0.742,0.623,0.949,1.353,0.398,0.126,0.272,1.019,1.511,1.872,0.742,0.623,0.949,1.353,0.398,0.126,0.272,1.019,98.717
1.511,1.872,0.742,0.623,0.949,1.353,0.398,0.126,0.272,1.019,1.511,1.872,0.742,0.623,0.949,1.353,0.398,0.126,0.272,1.019,98.717
1.555,1.848,0.786,0.759,0.872,1.311,0.302,0.069,0.251,1.165,1.555,1.848,0.786,0.759,0.872,1.311,0.302,0.069,0.251,1.165,98.234
1.555,1.848,0.786,0.759,0.872,1.311,0.302,0.069,0.251,1.165,1.555,1.848,0.786,0.759,0.872,1.311,0.302,0.069,0.251,1.165,98.234
1.555,1.848,0.786,0.759,0.872,1.311,0.302,0.069,0.251,1.165,1.555,1.848,0.786,0.759,0.872,1.311,0.302,0.069,0.251,1.165,98.234
1.555,1.848,0.786,0.759,0.872,1.311,0.302,0.069,0.251,1.165,1.555,1.848,0.786,0.759,0.872,1.311,0.302,0.069,0.251,1.165,98.234
1.555,1.848,0.786,0.759,0.872,1.311,0.302,0.069,0.251,1.165,1.555,1.848,0.786,0.759,0.872,1.311,0.302,0.069,0.251,1.165,98.234
1.555,1.848,0.786,0.759,0.872,1.311,0.302,0.069,0.251,1.165,1.555,1.848,0.786,0.759,0.872,1.311,0.302,0.069,0.251,1.165,98.234
1.555,1.848,0.786,0.759,0.872,1.311,0.302,0.069,0.251,1.165,1.555,1.848,0.786,0.759,0.872,1.311,0.302,0.069,0.251,1.165,98.234
1.555,1.848,0.786,0.759,0.872,1.311,0.302,0.069,0.251,1.165,1.555,1.848,0.786,0.759,0.872,1.311,0.302,0.069,0.251,1.165,98.234
1.49,1.801,0.774,0.625,0.927,1.315,0.405,0.162,0.244,0.952,1.49,1.801,0.774,0.625,0.927,1.315,0.405,0.162,0.244,0.952,92.801
1.49,1.801,0.774,0.625,0.927,1.315,0.405,0.162,0.244,0.952,1.49,1.801,0.774,0.625,0.927,1.315,0.405,0.162,0.244,0.952,92.801
1.49,1.801,0.774,0.625,0.927,1.315,0.405,0.162,0.244,0.952,1.49,1.801,0.774,0.625,0.927,1.315,0.405,0.162,0.244,0.952,92.801
1.49,1.801,0.774,0.625,0.927,1.315,0.405,0.162,0.244,0.952,1.49,1.801,0.774,0.625,0.927,1.315,0.405,0.162,0.244,0.952,92.801
1.49,1.801,0.774,0.625,0.927,1.315,0.405,0.162,0.244,0.952,1.49,1.801,0.774,0.625,0.927,1.315,0.405,0.162,0.244,0.952,92.801
1.49,1.801,0.774,0.625,0.927,1.315,0.405,0.162,0.244,0.952,1.49,1.801,0.774,0.625,0.927,1.315,0.405,0.162,0.244,0.952,92.801
1.49,1.801,0.774,0.625,0.927,1.315,0.405,0.162,0.244,0.952,1.49,1.801,0.774,0.625,0.927,1.315,0.405,0.162,0.244,0.952,92.801
1.49,1.801,0.774,0.625,0.927,1.315,0.405,0.162,0.244,0.952,1.49,1.801,0.774,0.625,0.927,1.315,0.405,0.162,0.244,0.952,92.801
1.49,1.801,0.774,0.625,0.927,1.315,0.405,0.162,0.244,0.952,1.49,1.801,0.774,0.625,0.927,1.315,0.405,0.162,0.244,0.952,92.801
1.544,1.865,0.783,0.593,1.011,1.281,0.403,0.19,0.215,0.918,1.544,1.865,0.783,0.593,1.011,1.281,0.403,0.19,0.215,0.918,82.71
1.499,1.761,0.805,0.682,0.875,1.251,0.366,0.153,0.225,0.924,1.499,1.761,0.805,0.682,0.875,1.251,0.366,0.153,0.225,0.924,83.433
1.509,1.758,0.822,0.658,0.897,1.247,0.381,0.188,0.203,0.895,1.509,1.758,0.822,0.658,0.897,1.247,0.381,0.188,0.203,0.895,87.098
1.437,1.694,0.819,0.79,0.72,1.285,0.299,0.088,0.252,1.049,1.437,1.694,0.819,0.79,0.72,1.285,0.299,0.088,0.252,1.049,90.338
1.409,1.696,0.823,0.754,0.699,1.414,0.355,0.119,0.254,1.143,1.409,1.696,0.823,0.754,0.699,1.414,0.355,0.119,0.254,1.143,85.0
1.411,1.661,0.838,0.758,0.704,1.314,0.347,0.132,0.232,1.025,1.411,1.661,0.838,0.758,0.704,1.314,0.347,0.132,0.232,1.025,87.207
1.452,1.748,0.833,0.747,0.727,1.462,0.348,0.126,0.236,1.176,1.452,1.748,0.833,0.747,0.727,1.462,0.348,0.126,0.236,1.176,79.555
1.399,1.722,0.828,0.721,0.704,1.504,0.397,0.159,0.247,1.196,1.399,1.722,0.828,0.721,0.704,1.504,0.397,0.159,0.247,1.196,83.774
1.417,1.827,0.845,0.724,0.718,1.647,0.387,0.17,0.228,1.31,1.417,1.827,0.845,0.724,0.718,1.647,0.387,0.17,0.228,1.31,89.051
1.431,1.775,0.834,0.739,0.726,1.511,0.36,0.141,0.232,1.221,1.431,1.775,0.834,0.739,0.726,1.511,0.36,0.141,0.232,1.221,80.281
1.397,1.736,0.831,0.749,0.676,1.548,0.373,0.129,0.251,1.269,1.397,1.736,0.831,0.749,0.676,1.548,0.373,0.129,0.251,1.269,78.848
1.382,1.785,0.83,0.722,0.683,1.646,0.407,0.158,0.251,1.302,1.382,1.785,0.83,0.722,0.683,1.646,0.407,0.158,0.251,1.302,83.385
1.332,1.701,0.849,0.736,0.617,1.688,0.428,0.189,0.248,1.372,1.332,1.701,0.849,0.736,0.617,1.688,0.428,0.189,0.248,1.372,81.492

3.973,2.86,0.73,1.249,5.198,0.79,0.35,0.172,0.179,0.517,3.973,2.86,0.73,1.249,5.198,0.79,0.35,0.172,0.179,0.517,176.505
3.619,2.626,0.173,1.422,5.037,0.803,0.475,0.259,0.217,0.332,3.619,2.626,0.173,1.422,5.037,0.803,0.475,0.259,0.217,0.332,170.0
3.068,2.448,0.351,0.649,3.679,0.824,0.432,0.236,0.195,0.394,3.068,2.448,0.351,0.649,3.679,0.824,0.432,0.236,0.195,0.394,175.414
3.023,2.586,0.36,0.295,3.038,0.85,0.382,0.148,0.234,0.59,3.023,2.586,0.36,0.295,3.038,0.85,0.382,0.148,0.234,0.59,176.505
3.216,2.719,0.383,0.261,3.33,0.845,0.36,0.168,0.192,0.562,3.216,2.719,0.383,0.261,3.33,0.845,0.36,0.168,0.192,0.562,181.334
3.729,2.976,0.272,0.584,4.312,0.823,0.353,0.192,0.169,0.551,3.729,2.976,0.272,0.584,4.312,0.823,0.353,0.192,0.169,0.551,184.456
3.676,2.803,0.258,0.759,4.434,0.801,0.394,0.228,0.167,0.438,3.676,2.803,0.258,0.759,4.434,0.801,0.394,0.228,0.167,0.438,186.132
2.916,2.435,0.059,0.866,3.782,0.87,0.493,0.244,0.25,0.381,2.916,2.435,0.059,0.866,3.782,0.87,0.493,0.244,0.25,0.381,179.524
3.331,2.669,0.332,0.52,3.849,0.826,0.39,0.192,0.204,0.496,3.331,2.669,0.332,0.52,3.849,0.826,0.39,0.192,0.204,0.496,186.762
4.247,2.938,0.349,2.424,6.665,0.799,0.509,0.313,0.198,0.291,4.247,2.938,0.349,2.424,6.665,0.799,0.509,0.313,0.198,0.291,185.952
1.506,1.34,0.592,0.46,1.391,0.905,0.655,0.356,0.312,0.252,1.506,1.34,0.592,0.46,1.391,0.905,0.655,0.356,0.312,0.252,184.743
1.812,1.476,0.607,0.64,1.858,0.84,0.578,0.376,0.225,0.268,1.812,1.476,0.607,0.64,1.858,0.84,0.578,0.376,0.225,0.268,188.298
2.055,1.635,0.657,0.372,1.797,0.781,0.423,0.249,0.191,0.359,2.055,1.635,0.657,0.372,1.797,0.781,0.423,0.249,0.191,0.359,188.733
2.088,1.619,0.64,0.976,2.324,0.837,0.556,0.335,0.231,0.291,2.088,1.619,0.64,0.976,2.324,0.837,0.556,0.335,0.231,0.291,183.967
2.307,1.73,0.637,1.672,2.98,0.873,0.638,0.478,0.186,0.264,2.307,1.73,0.637,1.672,2.98,0.873,0.638,0.478,0.186,0.264,184.177
2.055,1.525,0.808,0.906,1.926,0.76,0.436,0.227,0.213,0.33,2.055,1.525,0.808,0.906,1.926,0.76,0.436,0.227,0.213,0.33,184.743
2.259,1.726,0.745,1.509,2.828,0.88,0.623,0.437,0.191,0.28,2.259,1.726,0.745,1.509,2.828,0.88,0.623,0.437,0.191,0.28,180.826
1.992,1.549,0.784,0.875,1.892,0.799,0.458,0.236,0.225,0.346,1.992,1.549,0.784,0.875,1.892,0.799,0.458,0.236,0.225,0.346,180.427
2.316,1.737,0.575,0.981,2.651,0.833,0.543,0.314,0.236,0.297,2.316,1.737,0.575,0.981,2.651,0.833,0.543,0.314,0.236,0.297,185.154
2.203,1.685,0.753,1.661,2.798,0.888,0.642,0.465,0.19,0.274,2.203,1.685,0.753,1.661,2.798,0.888,0.642,0.465,0.19,0.274,185.925
2.662,0.901,1.494,2.622,4.294,0.581,0.455,0.28,0.176,0.127,2.662,0.901,1.494,2.622,4.294,0.581,0.455,0.28,0.176,0.127,89.022
1.72,1.181,0.966,1.299,2.289,0.644,0.49,0.228,0.266,0.154,1.72,1.181,0.966,1.299,2.289,0.644,0.49,0.228,0.266,0.154,79.605
1.636,1.376,0.941,1.141,1.458,0.917,0.554,0.347,0.21,0.376,1.636,1.376,0.941,1.141,1.458,0.917,0.554,0.347,0.21,0.376,176.505
1.623,1.591,0.801,0.86,1.407,1.079,0.625,0.389,0.24,0.47,1.623,1.591,0.801,0.86,1.407,1.079,0.625,0.389,0.24,0.47,167.872
2.202,1.667,0.615,1.288,2.454,0.854,0.615,0.45,0.201,0.281,2.202,1.667,0.615,1.288,2.454,0.854,0.615,0.45,0.201,0.281,184.61
1.677,1.614,0.73,0.928,1.693,0.987,0.61,0.33,0.289,0.397,1.677,1.614,0.73,0.928,1.693,0.987,0.61,0.33,0.289,0.397,173.159
2.296,1.784,0.593,1.16,2.55,0.87,0.577,0.399,0.204,0.321,2.296,1.784,0.593,1.16,2.55,0.87,0.577,0.399,0.204,0.321,182.661
2.223,1.733,0.687,1.149,2.49,0.872,0.566,0.336,0.239,0.321,2.223,1.733,0.687,1.149,2.49,0.872,0.566,0.336,0.239,0.321,183.371
1.312,0.791,1.22,2.001,2.214,0.65,0.531,0.376,0.162,0.121,1.312,0.791,1.22,2.001,2.214,0.65,0.531,0.376,0.162,0.121,121.062
2.033,1.774,0.504,0.358,1.976,0.888,0.499,0.262,0.254,0.394,2.033,1.774,0.504,0.358,1.976,0.888,0.499,0.262,0.254,0.394,178.709
2.444,1.52,0.628,1.477,2.996,0.795,0.621,0.467,0.169,0.187,2.444,1.52,0.628,1.477,2.996,0.795,0.621,0.467,0.169,0.187,184.391
2.353,1.842,0.601,1.426,2.86,0.898,0.613,0.407,0.226,0.311,2.353,1.842,0.601,1.426,2.86,0.898,0.613,0.407,0.226,0.311,183.565
2.493,1.835,0.63,1.641,3.131,0.866,0.604,0.416,0.211,0.288,2.493,1.835,0.63,1.641,3.131,0.866,0.604,0.416,0.211,0.288,185.925
1.963,1.223,1.285,2.08,3.277,0.314,0.359,0.247,0.119,0.069,1.963,1.223,1.285,2.08,3.277,0.314,0.359,0.247,0.119,0.069,96.317
2.304,1.565,0.648,1.831,2.732,0.928,0.733,0.581,0.187,0.227,2.304,1.565,0.648,1.831,2.732,0.928,0.733,0.581,0.187,0.227,169.248
2.69,1.969,0.802,1.961,3.411,0.914,0.629,0.443,0.193,0.314,2.69,1.969,0.802,1.961,3.411,0.914,0.629,0.443,0.193,0.314,181.033
1.438,1.527,0.884,0.883,0.616,1.438,0.505,0.229,0.294,0.964,1.438,1.527,0.884,0.883,0.616,1.438,0.505,0.229,0.294,0.964,153.734
2.366,1.709,0.681,0.906,2.617,0.8,0.516,0.266,0.25,0.29,2.366,1.709,0.681,0.906,2.617,0.8,0.516,0.266,0.25,0.29,185.723
1.572,1.592,1.051,1.335,0.35,0.883,0.972,0.898,0.235,1.797,1.572,1.592,1.051,1.335,0.35,0.883,0.972,0.898,0.235,1.797,152.555
2.188,1.737,0.506,1.352,2.619,0.911,0.671,0.49,0.22,0.285,2.188,1.737,0.506,1.352,2.619,0.911,0.671,0.49,0.22,0.285,183.371
2.307,1.688,0.864,1.569,2.908,0.848,0.586,0.35,0.239,0.277,2.307,1.688,0.864,1.569,2.908,0.848,0.586,0.35,0.239,0.277,185.526
2.37,1.823,0.629,1.046,2.751,0.86,0.511,0.282,0.236,0.349,2.37,1.823,0.629,1.046,2.751,0.86,0.511,0.282,0.236,0.349,181.218
2.229,1.704,0.729,1.412,2.602,0.871,0.607,0.395,0.225,0.294,2.229,1.704,0.729,1.412,2.602,0.871,0.607,0.395,0.225,0.294,182.39
2.162,0.79,1.402,2.314,3.395,0.523,0.431,0.285,0.146,0.092,2.162,0.79,1.402,2.314,3.395,0.523,0.431,0.285,0.146,0.092,96.338
2.05,1.618,0.84,0.853,1.804,0.818,0.436,0.247,0.19,0.391,2.05,1.618,0.84,0.853,1.804,0.818,0.436,0.247,0.19,0.391,175.935
2.139,1.783,0.595,0.811,2.242,0.911,0.554,0.315,0.245,0.367,2.139,1.783,0.595,0.811,2.242,0.911,0.554,0.315,0.245,0.367,177.291
2.314,1.804,0.546,1.316,2.775,0.889,0.642,0.443,0.216,0.291,2.314,1.804,0.546,1.316,2.775,0.889,0.642,0.443,0.216,0.291,185.335
2.417,1.768,0.74,1.689,3.123,0.864,0.604,0.401,0.215,0.278,2.417,1.768,0.74,1.689,3.123,0.864,0.604,0.401,0.215,0.278,186.132
2.524,1.881,1.086,1.874,3.418,0.875,0.547,0.309,0.238,0.337,2.524,1.881,1.086,1.874,3.418,0.875,0.547,0.309,0.238,0.337,181.838
2.306,1.689,0.83,1.62,2.842,0.87,0.592,0.378,0.224,0.294,2.306,1.689,0.83,1.62,2.842,0.87,0.592,0.378,0.224,0.294,184.743
2.441,1.918,0.639,1.703,3.261,0.891,0.598,0.408,0.212,0.312,2.441,1.918,0.639,1.703,3.261,0.891,0.598,0.408,0.212,0.312,185.952

0.795,1.354,0.623,0.562,0.439,2.206,1.4,0.417,1.004,0.825,0.795,1.354,0.623,0.562,0.439,2.206,1.4,0.417,1.004,0.825,55.317
0.895,1.507,0.711,0.636,0.486,2.202,1.157,0.44,0.73,1.074,0.895,1.507,0.711,0.636,0.486,2.202,1.157,0.44,0.73,1.074,55.444
1.007,1.741,0.806,0.73,0.557,2.227,0.971,0.422,0.55,1.349,1.007,1.741,0.806,0.73,0.557,2.227,0.971,0.422,0.55,1.349,57.201
1.112,1.89,0.84,0.779,0.636,2.143,0.834,0.39,0.444,1.419,1.112,1.89,0.84,0.779,0.636,2.143,0.834,0.39,0.444,1.419,56.036
1.042,1.765,0.822,0.759,0.544,2.249,0.909,0.395,0.516,1.431,1.042,1.765,0.822,0.759,0.544,2.249,0.909,0.395,0.516,1.431,55.606
0.921,1.539,0.706,0.645,0.521,2.102,1.08,0.408,0.691,1.058,0.921,1.539,0.706,0.645,0.521,2.102,1.08,0.408,0.691,1.058,53.413
0.902,1.539,0.71,0.633,0.532,2.064,1.071,0.405,0.676,1.032,0.902,1.539,0.71,0.633,0.532,2.064,1.071,0.405,0.676,1.032,58.694
1.199,1.936,0.879,0.831,0.726,1.893,0.687,0.336,0.352,1.315,1.199,1.936,0.879,0.831,0.726,1.893,0.687,0.336,0.352,1.315,53.759
1.093,1.903,0.859,0.806,0.56,2.414,0.919,0.424,0.496,1.636,1.093,1.903,0.859,0.806,0.56,2.414,0.919,0.424,0.496,1.636,56.859
1.007,1.717,0.784,0.738,0.564,2.166,0.971,0.413,0.566,1.289,1.007,1.717,0.784,0.738,0.564,2.166,0.971,0.413,0.566,1.289,58.009
0.94,1.563,0.728,0.654,0.579,1.937,0.993,0.388,0.613,0.99,0.94,1.563,0.728,0.654,0.579,1.937,0.993,0.388,0.613,0.99,57.28
1.02,1.797,0.807,0.744,0.569,2.247,0.951,0.418,0.535,1.412,1.02,1.797,0.807,0.744,0.569,2.247,0.951,0.418,0.535,1.412,59.034
1.111,1.968,0.873,0.814,0.665,2.188,0.827,0.408,0.419,1.482,1.111,1.968,0.873,0.814,0.665,2.188,0.827,0.408,0.419,1.482,58.249
1.031,1.717,0.796,0.726,0.634,1.941,0.855,0.367,0.49,1.154,1.031,1.717,0.796,0.726,0.634,1.941,0.855,0.367,0.49,1.154,53.759
0.977,1.698,0.782,0.723,0.569,2.145,0.99,0.412,0.582,1.243,0.977,1.698,0.782,0.723,0.569,2.145,0.99,0.412,0.582,1.243,58.258
0.905,1.49,0.703,0.633,0.529,1.993,1.071,0.407,0.68,0.952,0.905,1.49,0.703,0.633,0.529,1.993,1.071,0.407,0.68,0.952,57.315
1.096,1.932,0.865,0.814,0.607,2.271,0.835,0.399,0.437,1.562,1.096,1.932,0.865,0.814,0.607,2.271,0.835,0.399,0.437,1.562,58.6
1.132,1.908,0.873,0.814,0.653,2.088,0.795,0.384,0.412,1.415,1.132,1.908,0.873,0.814,0.653,2.088,0.795,0.384,0.412,1.415,56.08
1.052,1.757,0.804,0.747,0.601,2.086,0.854,0.387,0.474,1.296,1.052,1.757,0.804,0.747,0.601,2.086,0.854,0.387,0.474,1.296,55.317
1.102,1.812,0.834,0.767,0.681,1.911,0.79,0.37,0.42,1.212,1.102,1.812,0.834,0.767,0.681,1.911,0.79,0.37,0.42,1.212,56.586
1.099,1.909,0.877,0.812,0.64,2.145,0.806,0.383,0.423,1.451,1.099,1.909,0.877,0.812,0.64,2.145,0.806,0.383,0.423,1.451,54.818
1.024,1.851,0.831,0.775,0.573,2.361,0.96,0.441,0.52,1.512,1.024,1.851,0.831,0.775,0.573,2.361,0.96,0.441,0.52,1.512,59.076
1.14,1.956,0.884,0.827,0.682,2.069,0.764,0.376,0.387,1.428,1.14,1.956,0.884,0.827,0.682,2.069,0.764,0.376,0.387,1.428,56.223
1.043,1.801,0.825,0.758,0.631,2.067,0.874,0.384,0.491,1.29,1.043,1.801,0.825,0.758,0.631,2.067,0.874,0.384,0.491,1.29,56.851
0.974,1.633,0.756,0.685,0.558,2.084,0.987,0.395,0.597,1.155,0.974,1.633,0.756,0.685,0.558,2.084,0.987,0.395,0.597,1.155,52.345
1.066,1.901,0.852,0.797,0.586,2.338,0.913,0.422,0.491,1.559,1.066,1.901,0.852,0.797,0.586,2.338,0.913,0.422,0.491,1.559,57.245
1.181,1.915,0.873,0.814,0.736,1.848,0.705,0.34,0.365,1.26,1.181,1.915,0.873,0.814,0.736,1.848,0.705,0.34,0.365,1.26,55.866
1.061,1.799,0.818,0.768,0.608,2.125,0.871,0.387,0.488,1.343,1.061,1.799,0.818,0.768,0.608,2.125,0.871,0.387,0.488,1.343,55.317
0.687,1.223,0.573,0.515,0.357,2.44,1.773,0.479,1.332,0.668,0.687,1.223,0.573,0.515,0.357,2.44,1.773,0.479,1.332,0.668,60.803
0.824,1.38,0.66,0.59,0.464,2.104,1.251,0.404,0.864,0.861,0.824,1.38,0.66,0.59,0.464,2.104,1.251,0.404,0.864,0.861,55.973
0.87,1.521,0.71,0.645,0.476,2.244,1.177,0.426,0.764,1.115,0.87,1.521,0.71,0.645,0.476,2.244,1.177,0.426,0.764,1.115,58.138
0.802,1.37,0.651,0.579,0.461,2.104,1.271,0.404,0.884,0.841,0.802,1.37,0.651,0.579,0.461,2.104,1.271,0.404,0.884,0.841,57.315
1.045,1.791,0.828,0.758,0.596,2.14,0.879,0.402,0.477,1.351,1.045,1.791,0.828,0.758,0.596,2.14,0.879,0.402,0.477,1.351,57.689
0.731,1.325,0.618,0.551,0.374,2.57,1.693,0.522,1.195,0.894,0.731,1.325,0.618,0.551,0.374,2.57,1.693,0.522,1.195,0.894,59.682
1.093,1.879,0.855,0.811,0.618,2.166,0.843,0.38,0.463,1.447,1.093,1.879,0.855,0.811,0.618,2.166,0.843,0.38,0.463,1.447,59.548
1.03,1.771,0.802,0.745,0.572,2.203,0.933,0.406,0.531,1.368,1.03,1.771,0.802,0.745,0.572,2.203,0.933,0.406,0.531,1.368,55.606
0.682,1.217,0.578,0.527,0.342,2.5,1.831,0.478,1.392,0.671,0.682,1.217,0.578,0.527,0.342,2.5,1.831,0.478,1.392,0.671,58.523
1.114,1.903,0.87,0.809,0.617,2.199,0.839,0.39,0.449,1.486,1.114,1.903,0.87,0.809,0.617,2.199,0.839,0.39,0.449,1.486,54.562
1.047,1.845,0.859,0.788,0.567,2.314,0.921,0.43,0.491,1.515,1.047,1.845,0.859,0.788,0.567,2.314,0.921,0.43,0.491,1.515,59.641
0.949,1.734,0.807,0.749,0.474,2.576,1.125,0.466,0.661,1.571,0.949,1.734,0.807,0.749,0.474,2.576,1.125,0.466,0.661,1.571,62.682
0.699,1.276,0.599,0.537,0.357,2.546,1.765,0.533,1.268,0.797,0.699,1.276,0.599,0.537,0.357,2.546,1.765,0.533,1.268,0.797,58.523
0.785,1.445,0.697,0.624,0.379,2.662,1.5,0.512,1.0,1.203,0.785,1.445,0.697,0.624,0.379,2.662,1.5,0.512,1.0,1.203,64.14
0.797,1.456,0.69,0.632,0.383,2.67,1.5,0.506,1.012,1.217,0.797,1.456,0.69,0.632,0.383,2.67,1.5,0.506,1.012,1.217,59.641
1.113,1.917,0.878,0.822,0.771,1.782,0.689,0.316,0.373,1.207,1.113,1.917,0.878,0.822,0.771,1.782,0.689,0.316,0.373,1.207,63.891
0.994,1.83,0.848,0.791,0.494,2.629,1.034,0.466,0.568,1.718,0.994,1.83,0.848,0.791,0.494,2.629,1.034,0.466,0.568,1.718,63.285
0.992,1.704,0.803,0.713,0.674,1.798,0.805,0.336,0.469,1.059,0.992,1.704,0.803,0.713,0.674,1.798,0.805,0.336,0.469,1.059,66.843
1.007,1.903,0.87,0.809,0.536,2.533,0.966,0.45,0.517,1.712,1.007,1.903,0.87,0.809,0.536,2.533,0.966,0.45,0.517,1.712,66.219
0.84,1.555,0.741,0.669,0.424,2.578,1.332,0.517,0.822,1.325,0.84,1.555,0.741,0.669,0.424,2.578,1.332,0.517,0.822,1.325,65.437
0.982,1.678,0.781,0.702,0.752,1.601,0.751,0.305,0.446,0.912,0.982,1.678,0.781,0.702,0.752,1.601,0.751,0.305,0.446,0.912,71.868
0.972,1.798,0.849,0.772,0.494,2.571,1.033,0.472,0.561,1.648,0.972,1.798,0.849,0.772,0.494,2.571,1.033,0.472,0.561,1.648,64.405
1.055,1.855,0.855,0.809,0.608,2.129,0.847,0.382,0.465,1.422,1.055,1.855,0.855,0.809,0.608,2.129,0.847,0.382,0.465,1.422,61.522

1.503,2.797,0.681,0.599,1.263,1.811,0.538,0.245,0.302,1.453,1.503,2.797,0.681,0.599,1.263,1.811,0.538,0.245,0.302,1.453,38.288
1.503,2.797,0.681,0.599,1.263,1.811,0.538,0.245,0.302,1.453,1.503,2.797,0.681,0.599,1.263,1.811,0.538,0.245,0.302,1.453,38.288
1.503,2.797,0.681,0.599,1.263,1.811,0.538,0.245,0.302,1.453,1.503,2.797,0.681,0.599,1.263,1.811,0.538,0.245,0.302,1.453,38.288
1.503,2.797,0.681,0.599,1.263,1.811,0.538,0.245,0.302,1.453,1.503,2.797,0.681,0.599,1.263,1.811,0.538,0.245,0.302,1.453,38.288
1.503,2.797,0.681,0.599,1.263,1.811,0.538,0.245,0.302,1.453,1.503,2.797,0.681,0.599,1.263,1.811,0.538,0.245,0.302,1.453,38.288
1.503,2.797,0.681,0.599,1.263,1.811,0.538,0.245,0.302,1.453,1.503,2.797,0.681,0.599,1.263,1.811,0.538,0.245,0.302,1.453,38.288
1.503,2.797,0.681,0.599,1.263,1.811,0.538,0.245,0.302,1.453,1.503,2.797,0.681,0.599,1.263,1.811,0.538,0.245,0.302,1.453,38.288
1.503,2.797,0.681,0.599,1.263,1.811,0.538,0.245,0.302,1.453,1.503,2.797,0.681,0.599,1.263,1.811,0.538,0.245,0.302,1.453,38.288
1.503,2.797,0.681,0.599,1.263,1.811,0.538,0.245,0.302,1.453,1.503,2.797,0.681,0.599,1.263,1.811,0.538,0.245,0.302,1.453,38.288
1.503,2.797,0.681,0.599,1.263,1.811,0.538,0.245,0.302,1.453,1.503,2.797,0.681,0.599,1.263,1.811,0.538,0.245,0.302,1.453,38.288
1.503,2.797,0.681,0.599,1.263,1.811,0.538,0.245,0.302,1.453,1.503,2.797,0.681,0.599,1.263,1.811,0.538,0.245,0.302,1.453,38.288
1.503,2.797,0.681,0.599,1.263,1.811,0.538,0.245,0.302,1.453,1.503,2.797,0.681,0.599,1.263,1.811,0.538,0.245,0.302,1.453,38.288
1.503,2.797,0.681,0.599,1.263,1.811,0.538,0.245,0.302,1.453,1.503,2.797,0.681,0.599,1.263,1.811,0.538,0.245,0.302,1.453,38.288
1.503,2.797,0.681,0.599,1.263,1.811,0.538,0.245,0.302,1.453,1.503,2.797,0.681,0.599,1.263,1.811,0.538,0.245,0.302,1.453,38.288
1.503,2.797,0.681,0.599,1.263,1.811,0.538,0.245,0.302,1.453,1.503,2.797,0.681,0.599,1.263,1.811,0.538,0.245,0.302,1.453,38.288
1.503,2.797,0.681,0.599,1.263,1.811,0.538,0.245,0.302,1.453,1.503,2.797,0.681,0.599,1.263,1.811,0.538,0.245,0.302,1.453,38.288
1.503,2.797,0.681,0.599,1.263,1.811,0.538,0.245,0.302,1.453,1.503,2.797,0.681,0.599,1.263,1.811,0.538,0.245,0.302,1.453,38.288
1.503,2.797,0.681,0.599,1.263,1.811,0.538,0.245,0.302,1.453,1.503,2.797,0.681,0.599,1.263,1.811,0.538,0.245,0.302,1.453,38.288
1.503,2.797,0.681,0.599,1.263,1.811,0.538,0.245,0.302,1.453,1.503,2.797,0.681,0.599,1.263,1.811,0.538,0.245,0.302,1.453,38.288
1.503,2.797,0.681,0.599,1.263,1.811,0.538,0.245,0.302,1.453,1.503,2.797,0.681,0.599,1.263,1.811,0.538,0.245,0.302,1.453,38.288
1.503,2.797,0.681,0.599,1.263,1.811,0.538,0.245,0.302,1.453,1.503,2.797,0.681,0.599,1.263,1.811,0.538,0.245,0.302,1.453,38.288
1.503,2.797,0.681,0.599,1.263,1.811,0.538,0.245,0.302,1.453,1.503,2.797,0.681,0.599,1.263,1.811,0.538,0.245,0.302,1.453,38.288
1.503,2.797,0.681,0.599,1.263,1.811,0.538,0.245,0.302,1.453,1.503,2.797,0.681,0.599,1.263,1.811,0.538,0.245,0.302,1.453,38.288
1.503,2.797,0.681,0.599,1.263,1.811,0.538,0.245,0.302,1.453,1.503,2.797,0.681,0.599,1.263,1.811,0.538,0.245,0.302,1.453,38.288
1.503,2.797,0.681,0.599,1.263,1.811,0.538,0.245,0.302,1.453,1.503,2.797,0.681,0.599,1.263,1.811,0.538,0.245,0.302,1.453,38.288
1.503,2.797,0.681,0.599,1.263,1.811,0.538,0.245,0.302,1.453,1.503,2.797,0.681,0.599,1.263,1.811,0.538,0.245,0.302,1.453,38.288
1.55,2.938,0.637,0.576,1.311,1.887,0.545,0.254,0.31,1.502,1.55,2.938,0.637,0.576,1.311,1.887,0.545,0.254,0.31,1.502,43.267
1.55,2.938,0.637,0.576,1.311,1.887,0.545,0.254,0.31,1.502,1.55,2.938,0.637,0.576,1.311,1.887,0.545,0.254,0.31,1.502,43.267
1.55,2.938,0.637,0.576,1.311,1.887,0.545,0.254,0.31,1.502,1.55,2.938,0.637,0.576,1.311,1.887,0.545,0.254,0.31,1.502,43.267
1.911,2.757,0.723,0.679,1.821,1.215,0.347,0.151,0.202,0.97,1.911,2.757,0.723,0.679,1.821,1.215,0.347,0.151,0.202,0.97,15.232
1.911,2.757,0.723,0.679,1.821,1.215,0.347,0.151,0.202,0.97,1.911,2.757,0.723,0.679,1.821,1.215,0.347,0.151,0.202,0.97,15.232
1.911,2.757,0.723,0.679,1.821,1.215,0.347,0.151,0.202,0.97,1.911,2.757,0.723,0.679,1.821,1.215,0.347,0.151,0.202,0.97,15.232
1.911,2.757,0.723,0.679,1.821,1.215,0.347,0.151,0.202,0.97,1.911,2.757,0.723,0.679,1.821,1.215,0.347,0.151,0.202,0.97,15.232
1.911,2.757,0.723,0.679,1.821,1.215,0.347,0.151,0.202,0.97,1.911,2.757,0.723,0.679,1.821,1.215,0.347,0.151,0.202,0.97,15.232
1.852,2.855,0.665,0.617,1.647,1.414,0.391,0.162,0.24,1.14,1.852,2.855,0.665,0.617,1.647,1.414,0.391,0.162,0.24,1.14,24.207
1.852,2.855,0.665,0.617,1.647,1.414,0.391,0.162,0.24,1.14,1.852,2.855,0.665,0.617,1.647,1.414,0.391,0.162,0.24,1.14,24.207
1.852,2.855,0.665,0.617,1.647,1.414,0.391,0.162,0.24,1.14,1.852,2.855,0.665,0.617,1.647,1.414,0.391,0.162,0.24,1.14,24.207
1.819,2.848,0.676,0.601,1.661,1.411,0.406,0.176,0.236,1.132,1.819,2.848,0.676,0.601,1.661,1.411,0.406,0.176,0.236,1.132,24.759
1.819,2.848,0.676,0.601,1.661,1.411,0.406,0.176,0.236,1.132,1.819,2.848,0.676,0.601,1.661,1.411,0.406,0.176,0.236,1.132,24.759
1.623,2.789,0.667,0.624,1.476,1.559,0.489,0.227,0.274,1.233,1.623,2.789,0.667,0.624,1.476,1.559,0.489,0.227,0.274,1.233,32.558
1.623,2.789,0.667,0.624,1.476,1.559,0.489,0.227,0.274,1.233,1.623,2.789,0.667,0.624,1.476,1.559,0.489,0.227,0.274,1.233,32.558
1.623,2.789,0.667,0.624,1.476,1.559,0.489,0.227,0.274,1.233,1.623,2.789,0.667,0.624,1.476,1.559,0.489,0.227,0.274,1.233,32.558
1.879,2.885,0.728,0.701,1.708,1.345,0.375,0.166,0.216,1.118,1.879,2.885,0.728,0.701,1.708,1.345,0.375,0.166,0.216,1.118,20.518
1.879,2.885,0.728,0.701,1.708,1.345,0.375,0.166,0.216,1.118,1.879,2.885,0.728,0.701,1.708,1.345,0.375,0.166,0.216,1.118,20.518
1.824,2.761,0.743,0.683,1.594,1.364,0.387,0.17,0.22,1.121,1.824,2.761,0.743,0.683,1.594,1.364,0.387,0.17,0.22,1.121,20.809
1.824,2.761,0.743,0.683,1.594,1.364,0.387,0.17,0.22,1.121,1.824,2.761,0.743,0.683,1.594,1.364,0.387,0.17,0.22,1.121,20.809
1.577,2.912,0.592,0.596,1.289,1.884,0.538,0.197,0.369,1.502,1.577,2.912,0.592,0.596,1.289,1.884,0.538,0.197,0.369,1.502,44.418
1.577,2.912,0.592,0.596,1.289,1.884,0.538,0.197,0.369,1.502,1.577,2.912,0.592,0.596,1.289,1.884,0.538,0.197,0.369,1.502,44.418
1.612,2.778,0.627,0.517,1.449,1.611,0.505,0.226,0.288,1.272,1.612,2.778,0.627,0.517,1.449,1.611,0.505,0.226,0.288,1.272,31.113
1.612,2.778,0.627,0.517,1.449,1.611,0.505,0.226,0.288,1.272,1.612,2.778,0.627,0.517,1.449,1.611,0.505,0.226,0.288,1.272,31.113
1.904,2.761,0.645,0.589,1.723,1.305,0.385,0.152,0.242,1.046,1.904,2.761,0.645,0.589,1.723,1.305,0.385,0.152,0.242,1.046,14.866

0.202,1.4,0.395,0.525,0.41,4.266,3.084,0.364,3.004,1.268,0.202,1.4,0.395,0.525,0.41,4.266,3.084,0.364,3.004,1.268,18.439
0.202,1.4,0.395,0.525,0.41,4.266,3.084,0.364,3.004,1.268,0.202,1.4,0.395,0.525,0.41,4.266,3.084,0.364,3.004,1.268,18.439
0.202,1.4,0.395,0.525,0.41,4.266,3.084,0.364,3.004,1.268,0.202,1.4,0.395,0.525,0.41,4.266,3.084,0.364,3.004,1.268,18.439
0.202,1.4,0.395,0.525,0.41,4.266,3.084,0.364,3.004,1.268,0.202,1.4,0.395,0.525,0.41,4.266,3.084,0.364,3.004,1.268,18.439
0.202,1.4,0.395,0.525,0.41,4.266,3.084,0.364,3.004,1.268,0.202,1.4,0.395,0.525,0.41,4.266,3.084,0.364,3.004,1.268,18.439
0.092,1.004,0.264,0.346,0.279,4.558,4.173,0.423,3.767,1.556,0.092,1.004,0.264,0.346,0.279,4.558,4.173,0.423,3.767,1.556,40.162
0.092,1.004,0.264,0.346,0.279,4.558,4.173,0.423,3.767,1.556,0.092,1.004,0.264,0.346,0.279,4.558,4.173,0.423,3.767,1.556,40.162
0.092,1.004,0.264,0.346,0.279,4.558,4.173,0.423,3.767,1.556,0.092,1.004,0.264,0.346,0.279,4.558,4.173,0.423,3.767,1.556,40.162
0.092,1.004,0.264,0.346,0.279,4.558,4.173,0.423,3.767,1.556,0.092,1.004,0.264,0.346,0.279,4.558,4.173,0.423,3.767,1.556,40.162
0.092,1.004,0.264,0.346,0.279,4.558,4.173,0.423,3.767,1.556,0.092,1.004,0.264,0.346,0.279,4.558,4.173,0.423,3.767,1.556,40.162
0.092,1.004,0.264,0.346,0.279,4.558,4.173,0.423,3.767,1.556,0.092,1.004,0.264,0.346,0.279,4.558,4.173,0.423,3.767,1.556,40.162
0.092,1.004,0.264,0.346,0.279,4.558,4.173,0.423,3.767,1.556,0.092,1.004,0.264,0.346,0.279,4.558,4.173,0.423,3.767,1.556,40.162
0.092,1.004,0.264,0.346,0.279,4.558,4.173,0.423,3.767,1.556,0.092,1.004,0.264,0.346,0.279,4.558,4.173,0.423,3.767,1.556,40.162
0.092,1.004,0.264,0.346,0.279,4.558,4.173,0.423,3.767,1.556,0.092,1.004,0.264,0.346,0.279,4.558,4.173,0.423,3.767,1.556,40.162
0.092,1.004,0.264,0.346,0.279,4.558,4.173,0.423,3.767,1.556,0.092,1.004,0.264,0.346,0.279,4.558,4.173,0.423,3.767,1.556,40.162
0.092,1.004,0.264,0.346,0.279,4.558,4.173,0.423,3.767,1.556,0.092,1.004,0.264,0.346,0.279,4.558,4.173,0.423,3.767,1.556,40.162
0.092,1.004,0.264,0.346,0.279,4.558,4.173,0.423,3.767,1.556,0.092,1.004,0.264,0.346,0.279,4.558,4.173,0.423,3.767,1.556,40.162
0.092,1.004,0.264,0.346,0.279,4.558,4.173,0.423,3.767,1.556,0.092,1.004,0.264,0.346,0.279,4.558,4.173,0.423,3.767,1.556,40.162
0.092,1.004,0.264,0.346,0.279,4.558,4.173,0.423,3.767,1.556,0.092,1.004,0.264,0.346,0.279,4.558,4.173,0.423,3.767,1.556,40.162
0.092,1.004,0.264,0.346,0.279,4.558,4.173,0.423,3.767,1.556,0.092,1.004,0.264,0.346,0.279,4.558,4.173,0.423,3.767,1.556,40.162
0.092,1.004,0.264,0.346,0.279,4.558,4.173,0.423,3.767,1.556,0.092,1.004,0.264,0.346,0.279,4.558,4.173,0.423,3.767,1.556,40.162
0.092,1.004,0.264,0.346,0.279,4.558,4.173,0.423,3.767,1.556,0.092,1.004,0.264,0.346,0.279,4.558,4.173,0.423,3.767,1.556,40.162
0.092,1.004,0.264,0.346,0.279,4.558,4.173,0.423,3.767,1.556,0.092,1.004,0.264,0.346,0.279,4.558,4.173,0.423,3.767,1.556,40.162
0.092,1.004,0.264,0.346,0.279,4.558,4.173,0.423,3.767,1.556,0.092,1.004,0.264,0.346,0.279,4.558,4.173,0.423,3.767,1.556,40.162
0.092,1.004,0.264,0.346,0.279,4.558,4.173,0.423,3.767,1.556,0.092,1.004,0.264,0.346,0.279,4.558,4.173,0.423,3.767,1.556,40.162
0.092,1.004,0.264,0.346,0.279,4.558,4.173,0.423,3.767,1.556,0.092,1.004,0.264,0.346,0.279,4.558,4.173,0.423,3.767,1.556,40.162
0.092,1.004,0.264,0.346,0.279,4.558,4.173,0.423,3.767,1.556,0.092,1.004,0.264,0.346,0.279,4.558,4.173,0.423,3.767,1.556,40.162
0.092,1.004,0.264,0.346,0.279,4.558,4.173,0.423,3.767,1.556,0.092,1.004,0.264,0.346,0.279,4.558,4.173,0.423,3.767,1.556,40.162
0.092,1.004,0.264,0.346,0.279,4.558,4.173,0.423,3.767,1.556,0.092,1.004,0.264,0.346,0.279,4.558,4.173,0.423,3.767,1.556,40.162
0.092,1.004,0.264,0.346,0.279,4.558,4.173,0.423,3.767,1.556,0.092,1.004,0.264,0.346,0.279,4.558,4.173,0.423,3.767,1.556,40.162
0.092,1.004,0.264,0.346,0.279,4.558,4.173,0.423,3.767,1.556,0.092,1.004,0.264,0.346,0.279,4.558,4.173,0.423,3.767,1.556,40.162
0.092,1.004,0.264,0.346,0.279,4.558,4.173,0.423,3.767,1.556,0.092,1.004,0.264,0.346,0.279,4.558,4.173,0.423,3.767,1.556,40.162
0.092,1.004,0.264,0.346,0.279,4.558,4.173,0.423,3.767,1.556,0.092,1.004,0.264,0.346,0.279,4.558,4.173,0.423,3.767,1.556,40.162
0.092,1.004,0.264,0.346,0.279,4.558,4.173,0.423,3.767,1.556,0.092,1.004,0.264,0.346,0.279,4.558,4.173,0.423,3.767,1.556,40.162
0.092,1.004,0.264,0.346,0.279,4.558,4.173,0.423,3.767,1.556,0.092,1.004,0.264,0.346,0.279,4.558,4.173,0.423,3.767,1.556,40.162
0.092,1.004,0.264,0.346,0.279,4.558,4.173,0.423,3.767,1.556,0.092,1.004,0.264,0.346,0.279,4.558,4.173,0.423,3.767,1.556,40.162
0.092,1.004,0.264,0.346,0.279,4.558,4.173,0.423,3.767,1.556,0.092,1.004,0.264,0.346,0.279,4.558,4.173,0.423,3.767,1.556,40.162
0.092,1.004,0.264,0.346,0.279,4.558,4.173,0.423,3.767,1.556,0.092,1.004,0.264,0.346,0.279,4.558,4.173,0.423,3.767,1.556,40.162
0.092,1.004,0.264,0.346,0.279,4.558,4.173,0.423,3.767,1.556,0.092,1.004,0.264,0.346,0.279,4.558,4.173,0.423,3.767,1.556,40.162
0.092,1.004,0.264,0.346,0.279,4.558,4.173,0.423,3.767,1.556,0.092,1.004,0.264,0.346,0.279,4.558,4.173,0.423,3.767,1.556,40.162
0.092,1.004,0.264,0.346,0.279,4.558,4.173,0.423,3.767,1.556,0.092,1.004,0.264,0.346,0.279,4.558,4.173,0.423,3.767,1.556,40.162
0.092,1.004,0.264,0.346,0.279,4.558,4.173,0.423,3.767,1.556,0.092,1.004,0.264,0.346,0.279,4.558,4.173,0.423,3.767,1.556,40.162
0.092,1.004,0.264,0.346,0.279,4.558,4.173,0.423,3.767,1.556,0.092,1.004,0.264,0.346,0.279,4.558,4.173,0.423,3.767,1.556,40.162
0.092,1.004,0.264,0.346,0.279,4.558,4.173,0.423,3.767,1.556,0.092,1.004,0.264,0.346,0.279,4.558,4.173,0.423,3.767,1.556,40.162
0.092,1.004,0.264,0.346,0.279,4.558,4.173,0.423,3.767,1.556,0.092,1.004,0.264,0.346,0.279,4.558,4.173,0.423,3.767,1.556,40.162
0.092,1.004,0.264,0.346,0.279,4.558,4.173,0.423,3.767,1.556,0.092,1.004,0.264,0.346,0.279,4.558,4.173,0.423,3.767,1.556,40.162
0.581,2.841,1.276,1.432,1.424,2.712,0.527,0.424,0.204,2.651,0.581,2.841,1.276,1.432,1.424,2.712,0.527,0.424,0.204,2.651,43.382
0.846,0.93,1.023,0.987,0.642,1.188,0.873,0.456,0.444,0.382,0.846,0.93,1.023,0.987,0.642,1.188,0.873,0.456,0.444,0.382,39.446
0.84,1.028,0.985,0.938,0.623,0.419,0.293,0.19,0.106,0.127,0.84,1.028,0.985,0.938,0.623,0.419,0.293,0.19,0.106,0.127,48.765
0.89,1.074,0.924,0.856,0.763,0.574,0.369,0.195,0.174,0.209,0.89,1.074,0.924,0.856,0.763,0.574,0.369,0.195,0.174,0.209,49.649
0.797,1.003,1.009,1.005,0.565,0.02,0.06,0.102,0.045,0.04,0.797,1.003,1.009,1.005,0.565,0.02,0.06,0.102,0.045,0.04,49.244

4.178,4.995,0.632,0.842,4.512,0.972,0.264,0.149,0.118,0.948,4.178,4.995,0.632,0.842,4.512,0.972,0.264,0.149,0.118,0.948,4.472
4.624,5.179,0.694,0.82,4.963,0.925,0.228,0.128,0.101,0.888,4.624,5.179,0.694,0.82,4.963,0.925,0.228,0.128,0.101,0.888,5.0
5.498,5.609,0.652,0.712,5.841,0.878,0.205,0.104,0.101,0.841,5.498,5.609,0.652,0.712,5.841,0.878,0.205,0.104,0.101,0.841,12.53
5.478,5.477,0.551,0.705,5.854,0.862,0.215,0.105,0.11,0.822,5.478,5.477,0.551,0.705,5.854,0.862,0.215,0.105,0.11,0.822,17.804
5.544,5.652,0.565,0.801,5.864,0.867,0.207,0.104,0.106,0.845,5.544,5.652,0.565,0.801,5.864,0.867,0.207,0.104,0.106,0.845,13.038
5.297,5.712,0.645,0.944,5.711,0.886,0.222,0.12,0.105,0.871,5.297,5.712,0.645,0.944,5.711,0.886,0.222,0.12,0.105,0.871,10.63
6.083,6.093,0.568,0.986,6.639,0.831,0.222,0.113,0.111,0.82,6.083,6.093,0.568,0.986,6.639,0.831,0.222,0.113,0.111,0.82,15.62
5.351,5.543,0.587,0.773,5.66,0.882,0.209,0.105,0.106,0.854,5.351,5.543,0.587,0.773,5.66,0.882,0.209,0.105,0.106,0.854,13.038
5.511,5.542,0.638,0.903,5.939,0.831,0.207,0.107,0.102,0.803,5.511,5.542,0.638,0.903,5.939,0.831,0.207,0.107,0.102,0.803,17.029
5.343,5.941,0.629,0.917,5.735,0.924,0.222,0.109,0.115,0.911,5.343,5.941,0.629,0.917,5.735,0.924,0.222,0.109,0.115,0.911,9.487
4.951,5.754,0.645,0.88,5.289,0.965,0.224,0.114,0.113,0.948,4.951,5.754,0.645,0.88,5.289,0.965,0.224,0.114,0.113,0.948,3.606
4.387,5.446,0.678,0.903,4.684,1.014,0.244,0.137,0.111,1.0,4.387,5.446,0.678,0.903,4.684,1.014,0.244,0.137,0.111,1.0,7.28
3.842,4.88,0.782,0.952,4.146,1.0,0.263,0.147,0.116,0.981,3.842,4.88,0.782,0.952,4.146,1.0,0.263,0.147,0.116,0.981,11.18
4.052,4.993,0.721,0.794,4.225,1.025,0.232,0.122,0.111,0.994,4.052,4.993,0.721,0.794,4.225,1.025,0.232,0.122,0.111,0.994,8.544
3.983,5.084,0.659,0.881,4.239,1.038,0.266,0.147,0.124,1.022,3.983,5.084,0.659,0.881,4.239,1.038,0.266,0.147,0.124,1.022,10.77
3.767,4.754,0.755,0.852,3.962,1.022,0.244,0.132,0.113,0.992,3.767,4.754,0.755,0.852,3.962,1.022,0.244,0.132,0.113,0.992,12.166
3.675,4.592,0.701,0.804,3.886,1.014,0.261,0.14,0.123,0.98,3.675,4.592,0.701,0.804,3.886,1.014,0.261,0.14,0.123,0.98,10.05
3.923,4.958,0.688,0.843,4.104,1.037,0.26,0.149,0.114,1.032,3.923,4.958,0.688,0.843,4.104,1.037,0.26,0.149,0.114,1.032,8.944
3.933,4.891,0.686,0.74,4.145,1.037,0.242,0.135,0.109,0.991,3.933,4.891,0.686,0.74,4.145,1.037,0.242,0.135,0.109,0.991,10.05
3.94,5.05,0.772,0.984,4.251,1.008,0.263,0.147,0.117,1.0,3.94,5.05,0.772,0.984,4.251,1.008,0.263,0.147,0.117,1.0,11.18
3.941,4.957,0.721,0.818,4.145,1.036,0.245,0.133,0.113,1.005,3.941,4.957,0.721,0.818,4.145,1.036,0.245,0.133,0.113,1.005,13.342
3.559,4.501,0.774,0.787,3.664,1.04,0.234,0.128,0.106,1.0,3.559,4.501,0.774,0.787,3.664,1.04,0.234,0.128,0.106,1.0,9.487
3.871,5.045,0.689,0.767,4.039,1.092,0.246,0.145,0.104,1.056,3.871,5.045,0.689,0.767,4.039,1.092,0.246,0.145,0.104,1.056,11.402
3.958,4.954,0.745,0.882,4.166,1.015,0.252,0.137,0.116,1.005,3.958,4.954,0.745,0.882,4.166,1.015,0.252,0.137,0.116,1.005,11.402
3.86,4.889,0.675,0.753,4.092,1.051,0.258,0.143,0.116,1.009,3.86,4.889,0.675,0.753,4.092,1.051,0.258,0.143,0.116,1.009,12.369
4.076,5.293,0.758,0.941,4.291,1.052,0.242,0.141,0.103,1.048,4.076,5.293,0.758,0.941,4.291,1.052,0.242,0.141,0.103,1.048,12.166
3.979,5.134,0.746,0.896,4.249,1.045,0.262,0.143,0.119,1.027,3.979,5.134,0.746,0.896,4.249,1.045,0.262,0.143,0.119,1.027,15.133
3.577,4.602,0.732,0.779,3.747,1.057,0.247,0.146,0.103,1.005,3.577,4.602,0.732,0.779,3.747,1.057,0.247,0.146,0.103,1.005,14.318
3.975,5.002,0.733,0.88,4.273,1.012,0.25,0.139,0.111,0.982,3.975,5.002,0.733,0.88,4.273,1.012,0.25,0.139,0.111,0.982,5.099
3.405,4.5,0.713,0.756,3.603,1.081,0.279,0.151,0.129,1.032,3.405,4.5,0.713,0.756,3.603,1.081,0.279,0.151,0.129,1.032,16.279
3.459,4.527,0.683,0.734,3.633,1.081,0.268,0.156,0.116,1.029,3.459,4.527,0.683,0.734,3.633,1.081,0.268,0.156,0.116,1.029,12.166
3.77,4.889,0.675,0.828,4.046,1.053,0.275,0.16,0.118,1.021,3.77,4.889,0.675,0.828,4.046,1.053,0.275,0.16,0.118,1.021,10.198
3.834,4.923,0.652,0.789,4.104,1.054,0.275,0.16,0.118,1.023,3.834,4.923,0.652,0.789,4.104,1.054,0.275,0.16,0.118,1.023,11.045
3.9,5.044,0.697,0.803,4.127,1.066,0.244,0.144,0.103,1.027,3.9,5.044,0.697,0.803,4.127,1.066,0.244,0.144,0.103,1.027,12.042
3.863,4.793,0.706,0.747,3.992,1.042,0.246,0.142,0.106,1.012,3.863,4.793,0.706,0.747,3.992,1.042,0.246,0.142,0.106,1.012,11.705
4.267,5.612,0.689,0.888,4.504,1.089,0.256,0.144,0.114,1.087,4.267,5.612,0.689,0.888,4.504,1.089,0.256,0.144,0.114,1.087,15.033
3.54,4.522,0.713,0.78,3.742,1.04,0.266,0.151,0.116,0.997,3.54,4.522,0.713,0.78,3.742,1.04,0.266,0.151,0.116,0.997,8.0
3.655,4.768,0.657,0.731,3.804,1.096,0.26,0.147,0.118,1.05,3.655,4.768,0.657,0.731,3.804,1.096,0.26,0.147,0.118,1.05,10.44
3.587,4.739,0.798,0.924,3.754,1.054,0.254,0.143,0.112,1.04,3.587,4.739,0.798,0.924,3.754,1.054,0.254,0.143,0.112,1.04,12.042
3.665,4.763,0.691,0.778,3.91,1.065,0.27,0.162,0.11,1.019,3.665,4.763,0.691,0.778,3.91,1.065,0.27,0.162,0.11,1.019,12.0
3.882,4.909,0.709,0.902,4.179,1.009,0.255,0.145,0.114,0.979,3.882,4.909,0.709,0.902,4.179,1.009,0.255,0.145,0.114,0.979,7.28
4.108,5.244,0.72,0.938,4.376,1.03,0.248,0.147,0.105,1.014,4.108,5.244,0.72,0.938,4.376,1.03,0.248,0.147,0.105,1.014,10.44
3.807,4.783,0.72,0.729,3.987,1.051,0.235,0.128,0.108,0.991,3.807,4.783,0.72,0.729,3.987,1.051,0.235,0.128,0.108,0.991,6.0
4.148,5.299,0.694,0.845,4.424,1.055,0.254,0.142,0.113,1.023,4.148,5.299,0.694,0.845,4.424,1.055,0.254,0.142,0.113,1.023,7.28
3.883,4.947,0.688,0.816,4.064,1.055,0.264,0.152,0.115,1.037,3.883,4.947,0.688,0.816,4.064,1.055,0.264,0.152,0.115,1.037,8.246
3.909,5.069,0.696,0.828,4.154,1.067,0.251,0.143,0.11,1.024,3.909,5.069,0.696,0.828,4.154,1.067,0.251,0.143,0.11,1.024,6.325
3.897,5.086,0.671,0.791,4.125,1.085,0.257,0.138,0.121,1.044,3.897,5.086,0.671,0.791,4.125,1.085,0.257,0.138,0.121,1.044,8.0
3.793,4.839,0.708,0.803,3.993,1.048,0.244,0.136,0.111,1.008,3.793,4.839,0.708,0.803,3.993,1.048,0.244,0.136,0.111,1.008,8.062
4.045,5.244,0.758,0.884,4.284,1.062,0.247,0.144,0.104,1.036,4.045,5.244,0.758,0.884,4.284,1.062,0.247,0.144,0.104,1.036,9.055
3.959,5.092,0.709,0.87,4.249,1.044,0.264,0.16,0.106,1.016,3.959,5.092,0.709,0.87,4.249,1.044,0.264,0.16,0.106,1.016,11.0
3.711,4.88,0.734,0.766,3.893,1.096,0.258,0.15,0.108,1.05,3.711,4.88,0.734,0.766,3.893,1.096,0.258,0.15,0.108,1.05,10.05

1.264,2.249,0.727,0.566,0.724,2.537,0.603,0.238,0.38,2.262,1.264,2.249,0.727,0.566,0.724,2.537,0.603,0.238,0.38,2.262,10.198
1.264,2.249,0.727,0.566,0.724,2.537,0.603,0.238,0.38,2.262,1.264,2.249,0.727,0.566,0.724,2.537,0.603,0.238,0.38,2.262,10.198
1.402,2.553,0.763,0.522,0.936,2.37,0.511,0.26,0.26,2.099,1.402,2.553,0.763,0.522,0.936,2.37,0.511,0.26,0.26,2.099,4.123
1.33,2.518,0.729,0.562,0.826,2.597,0.532,0.203,0.336,2.278,1.33,2.518,0.729,0.562,0.826,2.597,0.532,0.203,0.336,2.278,8.062
1.306,2.202,0.696,0.554,0.8,2.245,0.557,0.178,0.38,1.932,1.306,2.202,0.696,0.554,0.8,2.245,0.557,0.178,0.38,1.932,8.944
1.399,2.414,0.714,0.523,0.887,2.246,0.539,0.216,0.323,1.913,1.399,2.414,0.714,0.523,0.887,2.246,0.539,0.216,0.323,1.913,3.606
1.399,2.414,0.714,0.523,0.887,2.246,0.539,0.216,0.323,1.913,1.399,2.414,0.714,0.523,0.887,2.246,0.539,0.216,0.323,1.913,3.606
1.192,2.4,0.751,0.606,0.589,3.203,0.791,0.453,0.424,3.152,1.192,2.4,0.751,0.606,0.589,3.203,0.791,0.453,0.424,3.152,9.487
1.385,2.475,0.729,0.584,0.879,2.405,0.475,0.166,0.309,2.153,1.385,2.475,0.729,0.584,0.879,2.405,0.475,0.166,0.309,2.153,3.162
1.482,2.535,0.729,0.562,0.959,2.249,0.456,0.175,0.286,1.99,1.482,2.535,0.729,0.562,0.959,2.249,0.456,0.175,0.286,1.99,4.243
1.345,2.415,0.704,0.53,0.838,2.413,0.561,0.211,0.356,2.084,1.345,2.415,0.704,0.53,0.838,2.413,0.561,0.211,0.356,2.084,7.071
1.403,2.49,0.804,0.628,0.805,2.516,0.462,0.219,0.244,2.248,1.403,2.49,0.804,0.628,0.805,2.516,0.462,0.219,0.244,2.248,5.099
1.403,2.49,0.804,0.628,0.805,2.516,0.462,0.219,0.244,2.248,1.403,2.49,0.804,0.628,0.805,2.516,0.462,0.219,0.244,2.248,5.099
1.195,2.306,0.696,0.497,0.737,2.689,0.699,0.271,0.458,2.169,1.195,2.306,0.696,0.497,0.737,2.689,0.699,0.271,0.458,2.169,8.062
1.42,2.654,0.739,0.544,0.902,2.505,0.505,0.216,0.29,2.215,1.42,2.654,0.739,0.544,0.902,2.505,0.505,0.216,0.29,2.215,6.325
1.463,2.573,0.749,0.563,0.946,2.295,0.462,0.199,0.267,2.035,1.463,2.573,0.749,0.563,0.946,2.295,0.462,0.199,0.267,2.035,4.472
1.427,2.446,0.751,0.581,0.867,2.302,0.487,0.2,0.288,2.059,1.427,2.446,0.751,0.581,0.867,2.302,0.487,0.2,0.288,2.059,3.0
1.427,2.446,0.751,0.581,0.867,2.302,0.487,0.2,0.288,2.059,1.427,2.446,0.751,0.581,0.867,2.302,0.487,0.2,0.288,2.059,3.0
1.209,2.229,0.695,0.502,0.742,2.61,0.673,0.26,0.415,2.274,1.209,2.229,0.695,0.502,0.742,2.61,0.673,0.26,0.415,2.274,3.606
1.386,2.687,0.691,0.509,0.909,2.55,0.542,0.204,0.353,2.177,1.386,2.687,0.691,0.509,0.909,2.55,0.542,0.204,0.353,2.177,6.403
1.331,2.296,0.68,0.491,0.878,2.239,0.58,0.219,0.368,1.944,1.331,2.296,0.68,0.491,0.878,2.239,0.58,0.219,0.368,1.944,5.0
1.314,2.314,0.739,0.573,0.786,2.454,0.549,0.213,0.337,2.092,1.314,2.314,0.739,0.573,0.786,2.454,0.549,0.213,0.337,2.092,2.236
1.314,2.314,0.739,0.573,0.786,2.454,0.549,0.213,0.337,2.092,1.314,2.314,0.739,0.573,0.786,2.454,0.549,0.213,0.337,2.092,2.236
1.344,2.456,0.788,0.615,0.758,2.716,0.522,0.287,0.291,2.617,1.344,2.456,0.788,0.615,0.758,2.716,0.522,0.287,0.291,2.617,5.099
1.534,3.013,0.684,0.48,1.071,2.463,0.501,0.22,0.295,2.275,1.534,3.013,0.684,0.48,1.071,2.463,0.501,0.22,0.295,2.275,8.246
1.4,2.528,0.746,0.596,0.891,2.399,0.454,0.174,0.295,2.147,1.4,2.528,0.746,0.596,0.891,2.399,0.454,0.174,0.295,2.147,6.325
1.397,2.538,0.704,0.514,0.902,2.382,0.541,0.212,0.33,2.095,1.397,2.538,0.704,0.514,0.902,2.382,0.541,0.212,0.33,2.095,5.099
1.469,2.431,0.745,0.55,0.947,2.134,0.48,0.211,0.27,1.926,1.469,2.431,0.745,0.55,0.947,2.134,0.48,0.211,0.27,1.926,5.0
1.344,2.242,0.75,0.591,0.772,2.319,0.531,0.207,0.324,2.021,1.344,2.242,0.75,0.591,0.772,2.319,0.531,0.207,0.324,2.021,4.243
1.344,2.242,0.75,0.591,0.772,2.319,0.531,0.207,0.324,2.021,1.344,2.242,0.75,0.591,0.772,2.319,0.531,0.207,0.324,2.021,4.243
1.238,2.407,0.673,0.497,0.743,2.699,0.682,0.247,0.44,2.317,1.238,2.407,0.673,0.497,0.743,2.699,0.682,0.247,0.44,2.317,5.0
1.368,2.383,0.708,0.518,0.852,2.278,0.589,0.235,0.354,2.021,1.368,2.383,0.708,0.518,0.852,2.278,0.589,0.235,0.354,2.021,5.0
1.368,2.383,0.708,0.518,0.852,2.278,0.589,0.235,0.354,2.021,1.368,2.383,0.708,0.518,0.852,2.278,0.589,0.235,0.354,2.021,5.0
1.255,2.394,0.714,0.513,0.747,2.673,0.654,0.274,0.383,2.316,1.255,2.394,0.714,0.513,0.747,2.673,0.654,0.274,0.383,2.316,8.246
1.312,2.215,0.668,0.469,0.854,2.158,0.632,0.243,0.391,1.886,1.312,2.215,0.668,0.469,0.854,2.158,0.632,0.243,0.391,1.886,6.403
1.283,2.18,0.696,0.499,0.812,2.227,0.617,0.242,0.375,1.842,1.283,2.18,0.696,0.499,0.812,2.227,0.617,0.242,0.375,1.842,4.123
1.441,2.554,0.749,0.583,0.869,2.412,0.48,0.191,0.289,2.083,1.441,2.554,0.749,0.583,0.869,2.412,0.48,0.191,0.289,2.083,8.062
1.441,2.554,0.749,0.583,0.869,2.412,0.48,0.191,0.289,2.083,1.441,2.554,0.749,0.583,0.869,2.412,0.48,0.191,0.289,2.083,8.062
1.239,2.425,0.755,0.595,0.647,2.957,0.653,0.249,0.432,2.644,1.239,2.425,0.755,0.595,0.647,2.957,0.653,0.249,0.432,2.644,7.211
0.65,1.208,0.36,0.253,0.421,2.462,1.895,0.261,1.775,0.683,0.65,1.208,0.36,0.253,0.421,2.462,1.895,0.261,1.775,0.683,6.0
1.276,2.421,0.695,0.544,0.738,2.667,0.64,0.236,0.414,2.394,1.276,2.421,0.695,0.544,0.738,2.667,0.64,0.236,0.414,2.394,10.296
1.329,2.433,0.74,0.601,0.751,2.661,0.532,0.186,0.346,2.38,1.329,2.433,0.74,0.601,0.751,2.661,0.532,0.186,0.346,2.38,11.18
1.34,2.187,0.775,0.655,0.751,2.298,0.461,0.161,0.302,2.021,1.34,2.187,0.775,0.655,0.751,2.298,0.461,0.161,0.302,2.021,3.162
1.311,2.22,0.777,0.606,0.723,2.422,0.547,0.238,0.309,2.127,1.311,2.22,0.777,0.606,0.723,2.422,0.547,0.238,0.309,2.127,7.616
1.311,2.22,0.777,0.606,0.723,2.422,0.547,0.238,0.309,2.127,1.311,2.22,0.777,0.606,0.723,2.422,0.547,0.238,0.309,2.127,7.616
1.09,2.101,0.711,0.513,0.587,3.044,0.832,0.345,0.521,2.619,1.09,2.101,0.711,0.513,0.587,3.044,0.832,0.345,0.521,2.619,17.464
1.401,2.611,0.755,0.556,0.866,2.555,0.513,0.232,0.283,2.272,1.401,2.611,0.755,0.556,0.866,2.555,0.513,0.232,0.283,2.272,8.485
1.225,2.178,0.636,0.474,0.769,2.364,0.684,0.212,0.473,1.972,1.225,2.178,0.636,0.474,0.769,2.364,0.684,0.212,0.473,1.972,5.831
1.319,2.273,0.709,0.565,0.779,2.375,0.559,0.186,0.373,2.062,1.319,2.273,0.709,0.565,0.779,2.375,0.559,0.186,0.373,2.062,7.071
1.217,1.997,0.717,0.577,0.687,2.328,0.619,0.204,0.418,1.954,1.217,1.997,0.717,0.577,0.687,2.328,0.619,0.204,0.418,1.954,7.0
1.217,1.997,0.717,0.577,0.687,2.328,0.619,0.204,0.418,1.954,1.217,1.997,0.717,0.577,0.687,2.328,0.619,0.204,0.418,1.954,7.0

1.517,2.578,0.698,0.516,1.001,2.136,0.53,0.257,0.301,2.012,1.517,2.578,0.698,0.516,1.001,2.136,0.53,0.257,0.301,2.012,171.593
1.518,2.564,0.712,0.495,1.034,2.113,0.498,0.225,0.279,1.916,1.518,2.564,0.712,0.495,1.034,2.113,0.498,0.225,0.279,1.916,171.593
1.458,2.495,0.689,0.484,0.978,2.144,0.554,0.248,0.318,1.962,1.458,2.495,0.689,0.484,0.978,2.144,0.554,0.248,0.318,1.962,172.525
1.465,2.492,0.713,0.508,0.985,2.171,0.504,0.227,0.297,1.973,1.465,2.492,0.713,0.508,0.985,2.171,0.504,0.227,0.297,1.973,170.3
1.503,2.61,0.71,0.492,1.02,2.188,0.513,0.253,0.289,2.006,1.503,2.61,0.71,0.492,1.02,2.188,0.513,0.253,0.289,2.006,173.819
1.458,2.504,0.699,0.502,0.977,2.195,0.515,0.213,0.309,1.981,1.458,2.504,0.699,0.502,0.977,2.195,0.515,0.213,0.309,1.981,171.234
1.444,2.471,0.708,0.513,0.942,2.204,0.534,0.236,0.31,2.032,1.444,2.471,0.708,0.513,0.942,2.204,0.534,0.236,0.31,2.032,171.234
1.479,2.558,0.709,0.513,0.997,2.215,0.491,0.209,0.296,2.006,1.479,2.558,0.709,0.513,0.997,2.215,0.491,0.209,0.296,2.006,172.525
1.428,2.434,0.711,0.51,0.938,2.2,0.526,0.233,0.313,1.968,1.428,2.434,0.711,0.51,0.938,2.2,0.526,0.233,0.313,1.968,171.234
1.484,2.551,0.696,0.488,0.999,2.152,0.534,0.245,0.305,1.957,1.484,2.551,0.696,0.488,0.999,2.152,0.534,0.245,0.305,1.957,172.754
1.473,2.518,0.717,0.524,0.958,2.198,0.513,0.233,0.296,2.008,1.473,2.518,0.717,0.524,0.958,2.198,0.513,0.233,0.296,2.008,172.169
1.43,2.418,0.7,0.496,0.946,2.156,0.542,0.245,0.32,1.939,1.43,2.418,0.7,0.496,0.946,2.156,0.542,0.245,0.32,1.939,172.525
1.459,2.528,0.696,0.488,0.974,2.185,0.547,0.251,0.312,1.988,1.459,2.528,0.696,0.488,0.974,2.185,0.547,0.251,0.312,1.988,172.169
1.495,2.572,0.701,0.501,1.002,2.178,0.51,0.23,0.301,1.981,1.495,2.572,0.701,0.501,1.002,2.178,0.51,0.23,0.301,1.981,174.393
1.506,2.591,0.686,0.504,1.006,2.171,0.513,0.216,0.313,1.988,1.506,2.591,0.686,0.504,1.006,2.171,0.513,0.216,0.313,1.988,173.459
1.47,2.497,0.693,0.502,0.989,2.162,0.508,0.209,0.312,1.955,1.47,2.497,0.693,0.502,0.989,2.162,0.508,0.209,0.312,1.955,174.393
1.46,2.52,0.701,0.506,0.97,2.212,0.515,0.213,0.309,1.998,1.46,2.52,0.701,0.506,0.97,2.212,0.515,0.213,0.309,1.998,173.104
1.46,2.504,0.717,0.5,0.97,2.183,0.527,0.247,0.293,1.981,1.46,2.504,0.717,0.5,0.97,2.183,0.527,0.247,0.293,1.981,173.104
1.482,2.587,0.702,0.522,0.97,2.246,0.506,0.218,0.308,2.049,1.482,2.587,0.702,0.522,0.97,2.246,0.506,0.218,0.308,2.049,172.754
1.439,2.48,0.739,0.53,0.936,2.249,0.504,0.236,0.286,2.007,1.439,2.48,0.739,0.53,0.936,2.249,0.504,0.236,0.286,2.007,171.817
1.485,2.575,0.688,0.489,1.0,2.177,0.525,0.227,0.312,1.957,1.485,2.575,0.688,0.489,1.0,2.177,0.525,0.227,0.312,1.957,172.169
1.506,2.615,0.695,0.479,1.031,2.161,0.521,0.245,0.297,1.957,1.506,2.615,0.695,0.479,1.031,2.161,0.521,0.245,0.297,1.957,172.525
1.448,2.53,0.675,0.49,0.967,2.223,0.538,0.215,0.336,2.006,1.448,2.53,0.675,0.49,0.967,2.223,0.538,0.215,0.336,2.006,174.04
1.438,2.481,0.706,0.495,0.965,2.205,0.525,0.23,0.309,1.96,1.438,2.481,0.706,0.495,0.965,2.205,0.525,0.23,0.309,1.96,172.409
1.485,2.534,0.707,0.526,0.98,2.193,0.486,0.195,0.3,1.963,1.485,2.534,0.707,0.526,0.98,2.193,0.486,0.195,0.3,1.963,172.169
1.473,2.55,0.727,0.521,0.953,2.203,0.539,0.277,0.287,2.019,1.473,2.55,0.727,0.521,0.953,2.203,0.539,0.277,0.287,2.019,173.104
1.495,2.586,0.704,0.526,0.973,2.215,0.508,0.221,0.304,2.023,1.495,2.586,0.704,0.526,0.973,2.215,0.508,0.221,0.304,2.023,171.817
1.447,2.482,0.727,0.537,0.936,2.245,0.499,0.22,0.296,2.035,1.447,2.482,0.727,0.537,0.936,2.245,0.499,0.22,0.296,2.035,171.593
1.469,2.529,0.71,0.511,0.967,2.204,0.519,0.236,0.3,2.015,1.469,2.529,0.71,0.511,0.967,2.204,0.519,0.236,0.3,2.015,172.169
1.416,2.419,0.717,0.498,0.925,2.187,0.559,0.273,0.308,1.977,1.416,2.419,0.717,0.498,0.925,2.187,0.559,0.273,0.308,1.977,171.593
1.434,2.482,0.704,0.502,0.952,2.229,0.528,0.236,0.317,2.013,1.434,2.482,0.704,0.502,0.952,2.229,0.528,0.236,0.317,2.013,171.956
1.444,2.525,0.699,0.486,0.981,2.23,0.526,0.233,0.313,2.004,1.444,2.525,0.699,0.486,0.981,2.23,0.526,0.233,0.313,2.004,170.66
1.457,2.49,0.722,0.499,0.974,2.17,0.521,0.25,0.288,1.951,1.457,2.49,0.722,0.499,0.974,2.17,0.521,0.25,0.288,1.951,169.729
1.467,2.506,0.688,0.487,0.993,2.148,0.527,0.23,0.316,1.945,1.467,2.506,0.688,0.487,0.993,2.148,0.527,0.23,0.316,1.945,169.729
1.457,2.506,0.706,0.499,0.989,2.185,0.508,0.214,0.3,1.94,1.457,2.506,0.706,0.499,0.989,2.185,0.508,0.214,0.3,1.94,170.3
1.446,2.506,0.716,0.515,0.964,2.236,0.504,0.218,0.301,1.99,1.446,2.506,0.716,0.515,0.964,2.236,0.504,0.218,0.301,1.99,170.3
1.455,2.478,0.702,0.489,0.992,2.148,0.518,0.225,0.301,1.931,1.455,2.478,0.702,0.489,0.992,2.148,0.518,0.225,0.301,1.931,167.869
1.462,2.441,0.706,0.503,0.977,2.116,0.513,0.227,0.305,1.886,1.462,2.441,0.706,0.503,0.977,2.116,0.513,0.227,0.305,1.886,168.434
1.461,2.432,0.715,0.507,0.967,2.11,0.521,0.245,0.297,1.905,1.461,2.432,0.715,0.507,0.967,2.11,0.521,0.245,0.297,1.905,169.729
1.451,2.463,0.68,0.498,0.954,2.136,0.561,0.256,0.336,1.949,1.451,2.463,0.68,0.498,0.954,2.136,0.561,0.256,0.336,1.949,170.66
1.481,2.53,0.707,0.49,0.991,2.119,0.558,0.291,0.296,1.949,1.481,2.53,0.707,0.49,0.991,2.119,0.558,0.291,0.296,1.949,169.366
1.465,2.522,0.692,0.49,0.986,2.176,0.53,0.233,0.313,1.988,1.465,2.522,0.692,0.49,0.986,2.176,0.53,0.233,0.313,1.988,168.434
1.455,2.497,0.704,0.463,1.005,2.132,0.542,0.262,0.297,1.905,1.455,2.497,0.704,0.463,1.005,2.132,0.542,0.262,0.297,1.905,169.944
1.447,2.441,0.689,0.483,0.983,2.121,0.53,0.227,0.32,1.886,1.447,2.441,0.689,0.483,0.983,2.121,0.53,0.227,0.32,1.886,169.366
1.453,2.566,0.717,0.493,0.962,2.241,0.554,0.285,0.295,2.056,1.453,2.566,0.717,0.493,0.962,2.241,0.554,0.285,0.295,2.056,169.009
1.401,2.433,0.709,0.495,0.938,2.244,0.538,0.236,0.317,1.993,1.401,2.433,0.709,0.495,0.938,2.244,0.538,0.236,0.317,1.993,169.009
1.428,2.419,0.711,0.496,0.963,2.16,0.524,0.229,0.305,1.9,1.428,2.419,0.711,0.496,0.963,2.16,0.524,0.229,0.305,1.9,171.593
1.494,2.504,0.717,0.536,0.967,2.152,0.498,0.218,0.293,1.979,1.494,2.504,0.717,0.536,0.967,2.152,0.498,0.218,0.293,1.979,168.074
1.459,2.496,0.702,0.478,0.983,2.133,0.551,0.269,0.304,1.916,1.459,2.496,0.702,0.478,0.983,2.133,0.551,0.269,0.304,1.916,169.366
1.443,2.515,0.716,0.505,0.946,2.238,0.54,0.267,0.304,2.038,1.443,2.515,0.716,0.505,0.946,2.238,0.54,0.267,0.304,2.038,169.944
1.421,2.457,0.693,0.486,0.952,2.203,0.545,0.236,0.324,1.977,1.421,2.457,0.693,0.486,0.952,2.203,0.545,0.236,0.324,1.977,172.169

0.608,0.952,0.974,0.845,0.248,0.432,0.628,0.527,0.104,0.197,0.608,0.952,0.974,0.845,0.248,0.432,0.628,0.527,0.104,0.197,36.346
0.617,0.98,0.988,0.882,0.273,0.365,0.432,0.394,0.068,0.109,0.617,0.98,0.988,0.882,0.273,0.365,0.432,0.394,0.068,0.109,35.511
0.611,0.959,0.97,0.879,0.276,0.29,0.438,0.336,0.13,0.153,0.611,0.959,0.97,0.879,0.276,0.29,0.438,0.336,0.13,0.153,39.459
0.603,0.953,0.982,0.865,0.271,0.324,0.501,0.436,0.069,0.189,0.603,0.953,0.982,0.865,0.271,0.324,0.501,0.436,0.069,0.189,37.483
0.602,0.973,0.992,0.861,0.267,0.437,0.519,0.488,0.031,0.157,0.602,0.973,0.992,0.861,0.267,0.437,0.519,0.488,0.031,0.157,35.511
0.605,0.96,0.992,0.876,0.276,0.319,0.451,0.421,0.031,0.158,0.605,0.96,0.992,0.876,0.276,0.319,0.451,0.421,0.031,0.158,36.222
0.603,0.971,0.972,0.851,0.256,0.472,0.587,0.486,0.117,0.145,0.603,0.971,0.972,0.851,0.256,0.472,0.587,0.486,0.117,0.145,36.674
0.61,0.965,0.992,0.855,0.253,0.456,0.573,0.541,0.033,0.191,0.61,0.965,0.992,0.855,0.253,0.456,0.573,0.541,0.033,0.191,34.525
0.608,0.963,0.984,0.857,0.258,0.41,0.554,0.49,0.065,0.174,0.608,0.963,0.984,0.857,0.258,0.41,0.554,0.49,0.065,0.174,35.355
0.606,0.985,0.974,0.85,0.254,0.544,0.595,0.494,0.104,0.192,0.606,0.985,0.974,0.85,0.254,0.544,0.595,0.494,0.104,0.192,36.346
0.599,0.964,0.973,0.85,0.258,0.451,0.58,0.476,0.113,0.169,0.599,0.964,0.973,0.85,0.258,0.451,0.58,0.476,0.113,0.169,37.336
0.617,0.964,0.99,0.854,0.244,0.47,0.6,0.558,0.048,0.182,0.617,0.964,0.99,0.854,0.244,0.47,0.6,0.558,0.048,0.182,37.656
0.619,0.952,0.982,0.857,0.245,0.386,0.584,0.512,0.076,0.203,0.619,0.952,0.982,0.857,0.245,0.386,0.584,0.512,0.076,0.203,36.497
0.607,0.955,0.981,0.852,0.254,0.404,0.583,0.512,0.09,0.194,0.607,0.955,0.981,0.852,0.254,0.404,0.583,0.512,0.09,0.194,33.734
0.603,0.96,0.979,0.855,0.26,0.409,0.558,0.476,0.113,0.157,0.603,0.96,0.979,0.855,0.26,0.409,0.558,0.476,0.113,0.157,34.928
0.608,0.962,0.974,0.858,0.256,0.414,0.556,0.456,0.101,0.162,0.608,0.962,0.974,0.858,0.256,0.414,0.556,0.456,0.101,0.162,35.511
0.625,0.988,0.969,0.854,0.236,0.578,0.619,0.49,0.175,0.099,0.625,0.988,0.969,0.854,0.236,0.578,0.619,0.49,0.175,0.099,35.355
0.616,0.976,0.984,0.858,0.248,0.501,0.573,0.51,0.066,0.186,0.616,0.976,0.984,0.858,0.248,0.501,0.573,0.51,0.066,0.186,34.713
0.609,0.972,0.992,0.858,0.259,0.445,0.551,0.52,0.032,0.143,0.609,0.972,0.992,0.858,0.259,0.445,0.551,0.52,0.032,0.143,36.346
0.599,0.962,0.965,0.837,0.247,0.51,0.665,0.527,0.147,0.168,0.599,0.962,0.965,0.837,0.247,0.51,0.665,0.527,0.147,0.168,36.497
0.601,0.945,0.967,0.828,0.238,0.493,0.724,0.585,0.14,0.237,0.601,0.945,0.967,0.828,0.238,0.493,0.724,0.585,0.14,0.237,35.228
0.596,0.944,0.98,0.845,0.254,0.404,0.612,0.532,0.091,0.226,0.596,0.944,0.98,0.845,0.254,0.404,0.612,0.532,0.091,0.226,35.355
0.607,0.955,0.982,0.856,0.255,0.399,0.565,0.495,0.071,0.194,0.607,0.955,0.982,0.856,0.255,0.399,0.565,0.495,0.071,0.194,34.366
0.604,0.963,0.981,0.844,0.245,0.488,0.637,0.562,0.093,0.167,0.604,0.963,0.981,0.844,0.245,0.488,0.637,0.562,0.093,0.167,36.346
0.611,0.945,0.963,0.844,0.24,0.427,0.654,0.497,0.186,0.232,0.611,0.945,0.963,0.844,0.24,0.427,0.654,0.497,0.186,0.232,36.346
0.634,1.028,0.979,0.874,0.247,0.636,0.512,0.441,0.122,0.214,0.634,1.028,0.979,0.874,0.247,0.636,0.512,0.441,0.122,0.214,33.956
0.619,0.964,0.992,0.856,0.241,0.46,0.599,0.566,0.034,0.185,0.619,0.964,0.992,0.856,0.241,0.46,0.599,0.566,0.034,0.185,34.234
0.619,0.982,0.99,0.862,0.251,0.493,0.55,0.51,0.047,0.142,0.619,0.982,0.99,0.862,0.251,0.493,0.55,0.51,0.047,0.142,34.525
0.604,0.956,0.98,0.839,0.242,0.5,0.665,0.584,0.096,0.214,0.604,0.956,0.98,0.839,0.242,0.5,0.665,0.584,0.096,0.214,35.128
0.622,0.974,0.992,0.85,0.235,0.532,0.637,0.603,0.035,0.175,0.622,0.974,0.992,0.85,0.235,0.532,0.637,0.603,0.035,0.175,34.366
0.605,0.962,0.974,0.841,0.242,0.503,0.657,0.551,0.107,0.173,0.605,0.962,0.974,0.841,0.242,0.503,0.657,0.551,0.107,0.173,32.558
0.626,0.983,0.992,0.873,0.256,0.45,0.496,0.464,0.032,0.162,0.626,0.983,0.992,0.873,0.256,0.45,0.496,0.464,0.032,0.162,33.242
0.621,0.962,0.982,0.857,0.243,0.44,0.591,0.518,0.076,0.173,0.621,0.962,0.982,0.857,0.243,0.44,0.591,0.518,0.076,0.173,31.78
0.606,0.984,0.97,0.856,0.258,0.507,0.559,0.454,0.137,0.162,0.606,0.984,0.97,0.856,0.258,0.507,0.559,0.454,0.137,0.162,35.228
0.61,0.974,0.954,0.84,0.236,0.578,0.678,0.49,0.204,0.175,0.61,0.974,0.954,0.84,0.236,0.578,0.678,0.49,0.204,0.175,34.132
0.607,0.954,0.973,0.829,0.226,0.579,0.761,0.636,0.129,0.218,0.607,0.954,0.973,0.829,0.226,0.579,0.761,0.636,0.129,0.218,35.511
0.622,0.975,0.992,0.861,0.247,0.508,0.567,0.535,0.034,0.191,0.622,0.975,0.992,0.861,0.247,0.508,0.567,0.535,0.034,0.191,35.128
0.602,0.963,0.98,0.854,0.257,0.448,0.571,0.493,0.091,0.174,0.602,0.963,0.98,0.854,0.257,0.448,0.571,0.493,0.091,0.174,35.355
0.61,0.976,0.984,0.843,0.24,0.581,0.652,0.585,0.07,0.198,0.61,0.976,0.984,0.843,0.24,0.581,0.652,0.585,0.07,0.198,35.355
0.6,0.966,0.984,0.842,0.248,0.514,0.637,0.573,0.066,0.191,0.6,0.966,0.984,0.842,0.248,0.514,0.637,0.573,0.066,0.191,37.216
0.612,0.964,0.99,0.855,0.249,0.456,0.582,0.541,0.046,0.177,0.612,0.964,0.99,0.855,0.249,0.456,0.582,0.541,0.046,0.177,33.136
0.615,0.955,0.984,0.849,0.24,0.454,0.632,0.567,0.068,0.206,0.615,0.955,0.984,0.849,0.24,0.454,0.632,0.567,0.068,0.206,35.014
0.612,0.962,0.988,0.866,0.258,0.413,0.534,0.479,0.072,0.164,0.612,0.962,0.988,0.866,0.258,0.413,0.534,0.479,0.072,0.164,34.234
0.617,0.964,0.974,0.854,0.244,0.47,0.6,0.493,0.107,0.182,0.617,0.964,0.974,0.854,0.244,0.47,0.6,0.493,0.107,0.182,34.366
0.595,0.955,0.971,0.823,0.231,0.59,0.769,0.64,0.147,0.211,0.595,0.955,0.971,0.823,0.231,0.59,0.769,0.64,0.147,0.211,34.0
0.612,0.944,0.984,0.833,0.231,0.483,0.724,0.654,0.071,0.248,0.612,0.944,0.984,0.833,0.231,0.483,0.724,0.654,0.071,0.248,33.015
0.605,0.953,0.971,0.837,0.239,0.5,0.685,0.558,0.144,0.203,0.605,0.953,0.971,0.837,0.239,0.5,0.685,0.558,0.144,0.203,36.014
0.61,0.961,0.97,0.833,0.229,0.573,0.73,0.596,0.155,0.187,0.61,0.961,0.97,0.833,0.229,0.573,0.73,0.596,0.155,0.187,33.015
0.617,0.964,0.992,0.836,0.226,0.59,0.73,0.695,0.037,0.197,0.617,0.964,0.992,0.836,0.226,0.59,0.73,0.695,0.037,0.197,31.145
0.62,0.98,0.99,0.858,0.244,0.516,0.585,0.542,0.049,0.126,0.62,0.98,0.99,0.858,0.244,0.516,0.585,0.542,0.049,0.126,29.0
0.603,0.96,0.958,0.823,0.226,0.622,0.789,0.596,0.234,0.183,0.603,0.96,0.958,0.823,0.226,0.622,0.789,0.596,0.234,0.183,36.056

