F1,F2,F3,F4,F5,F6,F7,F8,F9,F10,F11,F12,F13,F14,F15,F16,F17,F18,F19,F20,F21,Alphabet
1.117,1.741,0.887,0.857,0.88,1.299,0.536,0.245,0.291,0.859,1.117,1.741,0.887,0.857,0.88,1.299,0.536,0.245,0.291,0.859,83.187,1
1.16,1.822,0.859,0.809,0.89,1.392,0.559,0.272,0.288,0.931,1.16,1.822,0.859,0.809,0.89,1.392,0.559,0.272,0.288,0.931,82.735,1
1.112,1.756,0.904,0.873,0.864,1.314,0.523,0.25,0.273,0.893,1.112,1.756,0.904,0.873,0.864,1.314,0.523,0.25,0.273,0.893,83.193,1
1.11,1.77,0.894,0.872,0.885,1.336,0.526,0.257,0.27,0.897,1.11,1.77,0.894,0.872,0.885,1.336,0.526,0.257,0.27,0.897,84.534,1
1.138,1.771,0.884,0.837,0.886,1.32,0.523,0.266,0.258,0.885,1.138,1.771,0.884,0.837,0.886,1.32,0.523,0.266,0.258,0.885,82.292,1
1.131,1.766,0.877,0.832,0.879,1.339,0.514,0.249,0.266,0.895,1.131,1.766,0.877,0.832,0.879,1.339,0.514,0.249,0.266,0.895,83.187,1
1.111,1.741,0.884,0.822,0.856,1.343,0.556,0.278,0.278,0.877,1.111,1.741,0.884,0.822,0.856,1.343,0.556,0.278,0.278,0.877,84.095,1
1.142,1.823,0.894,0.876,0.874,1.362,0.541,0.265,0.277,0.951,1.142,1.823,0.894,0.876,0.874,1.362,0.541,0.265,0.277,0.951,84.077,1
1.066,1.668,0.869,0.857,0.83,1.293,0.521,0.253,0.275,0.839,1.066,1.668,0.869,0.857,0.83,1.293,0.521,0.253,0.275,0.839,84.971,1
1.108,1.763,0.892,0.851,0.871,1.346,0.541,0.251,0.29,0.895,1.108,1.763,0.892,0.851,0.871,1.346,0.541,0.251,0.29,0.895,82.735,1
1.114,1.722,0.867,0.82,0.843,1.347,0.58,0.274,0.306,0.866,1.114,1.722,0.867,0.82,0.843,1.347,0.58,0.274,0.306,0.866,82.735,1
1.143,1.781,0.868,0.824,0.87,1.336,0.553,0.27,0.284,0.901,1.143,1.781,0.868,0.824,0.87,1.336,0.553,0.27,0.284,0.901,82.735,1
1.079,1.705,0.868,0.856,0.843,1.325,0.513,0.24,0.279,0.875,1.079,1.705,0.868,0.856,0.843,1.325,0.513,0.24,0.279,0.875,84.077,1
1.086,1.711,0.871,0.849,0.849,1.322,0.517,0.244,0.277,0.87,1.086,1.711,0.871,0.849,0.849,1.322,0.517,0.244,0.277,0.87,83.187,1
1.081,1.697,0.878,0.844,0.799,1.358,0.539,0.258,0.283,0.896,1.081,1.697,0.878,0.844,0.799,1.358,0.539,0.258,0.283,0.896,82.298,1
1.114,1.744,0.889,0.84,0.83,1.365,0.535,0.263,0.272,0.916,1.114,1.744,0.889,0.84,0.83,1.365,0.535,0.263,0.272,0.916,83.187,1
1.115,1.753,0.885,0.842,0.856,1.352,0.558,0.275,0.283,0.893,1.115,1.753,0.885,0.842,0.856,1.352,0.558,0.275,0.283,0.893,83.187,1
1.129,1.768,0.869,0.851,0.841,1.365,0.544,0.268,0.281,0.926,1.129,1.768,0.869,0.851,0.841,1.365,0.544,0.268,0.281,0.926,81.413,1
1.084,1.679,0.871,0.826,0.837,1.308,0.496,0.235,0.263,0.854,1.084,1.679,0.871,0.826,0.837,1.308,0.496,0.235,0.263,0.854,82.292,1
1.186,1.835,0.919,0.888,0.865,1.38,0.516,0.25,0.266,0.982,1.186,1.835,0.919,0.888,0.865,1.38,0.516,0.25,0.266,0.982,81.884,1
1.114,1.759,0.875,0.87,0.871,1.333,0.55,0.272,0.283,0.888,1.114,1.759,0.875,0.87,0.871,1.333,0.55,0.272,0.283,0.888,83.648,1
1.152,1.778,0.856,0.839,0.839,1.398,0.544,0.264,0.287,0.944,1.152,1.778,0.856,0.839,0.839,1.398,0.544,0.264,0.287,0.944,82.765,1
1.127,1.754,0.894,0.909,0.814,1.357,0.536,0.258,0.285,0.947,1.127,1.754,0.894,0.909,0.814,1.357,0.536,0.258,0.285,0.947,85,1
1.181,1.826,0.898,0.85,0.881,1.367,0.527,0.272,0.255,0.948,1.181,1.826,0.898,0.85,0.881,1.367,0.527,0.272,0.255,0.948,86.764,1
1.092,1.745,0.852,0.809,0.84,1.391,0.525,0.253,0.276,0.918,1.092,1.745,0.852,0.809,0.84,1.391,0.525,0.253,0.276,0.918,89.9,1
1.176,1.86,0.885,0.837,0.872,1.428,0.525,0.259,0.267,1,1.176,1.86,0.885,0.837,0.872,1.428,0.525,0.259,0.267,1,90.785,1
1.12,1.777,0.914,0.885,0.796,1.428,0.52,0.256,0.263,1.005,1.12,1.777,0.914,0.885,0.796,1.428,0.52,0.256,0.263,1.005,91.241,1
1.085,1.754,0.91,0.864,0.814,1.371,0.53,0.257,0.273,0.943,1.085,1.754,0.91,0.864,0.814,1.371,0.53,0.257,0.273,0.943,93.107,1
1.141,1.766,0.882,0.853,0.808,1.413,0.519,0.265,0.257,0.975,1.141,1.766,0.882,0.853,0.808,1.413,0.519,0.265,0.257,0.975,90.338,1
1.099,1.757,0.897,0.865,0.792,1.411,0.529,0.257,0.273,0.978,1.099,1.757,0.897,0.865,0.792,1.411,0.529,0.257,0.273,0.978,90.338,1
1.106,1.742,0.882,0.865,0.806,1.372,0.52,0.247,0.277,0.944,1.106,1.742,0.882,0.865,0.806,1.372,0.52,0.247,0.277,0.944,89.9,1
1.049,1.68,0.929,0.923,0.822,1.279,0.486,0.23,0.257,0.876,1.049,1.68,0.929,0.923,0.822,1.279,0.486,0.23,0.257,0.876,90.802,1
1.059,1.643,0.871,0.857,0.754,1.366,0.504,0.23,0.283,0.909,1.059,1.643,0.871,0.857,0.754,1.366,0.504,0.23,0.283,0.909,90.355,1
1.127,1.78,0.892,0.862,0.834,1.371,0.525,0.264,0.262,0.95,1.127,1.78,0.892,0.862,0.834,1.371,0.525,0.264,0.262,0.95,89.9,1
1.102,1.811,0.899,0.861,0.79,1.463,0.561,0.268,0.293,1.034,1.102,1.811,0.899,0.861,0.79,1.463,0.561,0.268,0.293,1.034,90.785,1
1.137,1.774,0.883,0.842,0.847,1.389,0.518,0.251,0.268,0.942,1.137,1.774,0.883,0.842,0.847,1.389,0.518,0.251,0.268,0.942,88.549,1
1.127,1.801,0.892,0.876,0.805,1.443,0.537,0.268,0.272,1.015,1.127,1.801,0.892,0.876,0.805,1.443,0.537,0.268,0.272,1.015,90.355,1
1.147,1.82,0.881,0.83,0.846,1.434,0.547,0.278,0.269,0.982,1.147,1.82,0.881,0.83,0.846,1.434,0.547,0.278,0.269,0.982,91.679,1
1.119,1.746,0.895,0.865,0.809,1.378,0.518,0.269,0.251,0.947,1.119,1.746,0.895,0.865,0.809,1.378,0.518,0.269,0.251,0.947,89.443,1
1.117,1.801,0.872,0.839,0.843,1.41,0.535,0.256,0.281,0.967,1.117,1.801,0.872,0.839,0.843,1.41,0.535,0.256,0.281,0.967,91.236,1
1.145,1.824,0.904,0.902,0.851,1.385,0.518,0.243,0.277,0.987,1.145,1.824,0.904,0.902,0.851,1.385,0.518,0.243,0.277,0.987,91.236,1
1.134,1.809,0.897,0.874,0.853,1.391,0.523,0.263,0.261,0.969,1.134,1.809,0.897,0.874,0.853,1.391,0.523,0.263,0.261,0.969,90.338,1
1.135,1.821,0.889,0.874,0.83,1.421,0.544,0.263,0.283,1.001,1.135,1.821,0.889,0.874,0.83,1.421,0.544,0.263,0.283,1.001,92.136,1
1.124,1.76,0.882,0.851,0.826,1.386,0.507,0.251,0.26,0.951,1.124,1.76,0.882,0.851,0.826,1.386,0.507,0.251,0.26,0.951,90.338,1
1.149,1.846,0.9,0.866,0.829,1.455,0.544,0.277,0.267,1.033,1.149,1.846,0.9,0.866,0.829,1.455,0.544,0.277,0.267,1.033,92.574,1
1.108,1.791,0.873,0.821,0.805,1.46,0.551,0.267,0.285,0.998,1.108,1.791,0.873,0.821,0.805,1.46,0.551,0.267,0.285,0.998,92.136,1
1.146,1.854,0.89,0.88,0.848,1.451,0.534,0.267,0.271,1.028,1.146,1.854,0.89,0.88,0.848,1.451,0.534,0.267,0.271,1.028,90.785,1
1.106,1.746,0.882,0.851,0.809,1.392,0.525,0.252,0.276,0.947,1.106,1.746,0.882,0.851,0.809,1.392,0.525,0.252,0.276,0.947,90.338,1
1.107,1.753,0.881,0.833,0.823,1.393,0.509,0.254,0.256,0.946,1.107,1.753,0.881,0.833,0.823,1.393,0.509,0.254,0.256,0.946,91.236,1
1.081,1.707,0.849,0.822,0.808,1.388,0.516,0.242,0.283,0.918,1.081,1.707,0.849,0.822,0.808,1.388,0.516,0.242,0.283,0.918,90.802,1
1.35,2.095,0.938,0.837,0.996,1.424,0.462,0.24,0.231,1.099,1.35,2.095,0.938,0.837,0.996,1.424,0.462,0.24,0.231,1.099,63.159,2
1.374,2.205,0.958,0.869,1.032,1.472,0.408,0.219,0.197,1.176,1.374,2.205,0.958,0.869,1.032,1.472,0.408,0.219,0.197,1.176,63.561,2
1.418,2.294,0.963,0.874,1.064,1.512,0.452,0.221,0.244,1.217,1.418,2.294,0.963,0.874,1.064,1.512,0.452,0.221,0.244,1.217,62.032,2
1.375,2.149,0.963,0.882,1.037,1.41,0.462,0.231,0.243,1.109,1.375,2.149,0.963,0.882,1.037,1.41,0.462,0.231,0.243,1.109,64.078,2
1.371,2.227,0.964,0.902,1.04,1.47,0.429,0.221,0.214,1.186,1.371,2.227,0.964,0.902,1.04,1.47,0.429,0.221,0.214,1.186,63.561,2
1.385,2.198,0.949,0.875,1.057,1.441,0.455,0.23,0.232,1.136,1.385,2.198,0.949,0.875,1.057,1.441,0.455,0.23,0.232,1.136,60.926,2
1.39,2.248,0.966,0.875,1.071,1.477,0.449,0.238,0.223,1.169,1.39,2.248,0.966,0.875,1.071,1.477,0.449,0.238,0.223,1.169,64.078,2
1.38,2.216,0.957,0.859,1.046,1.475,0.453,0.24,0.225,1.164,1.38,2.216,0.957,0.859,1.046,1.475,0.453,0.24,0.225,1.164,61.847,2
1.343,2.19,0.969,0.901,0.999,1.483,0.439,0.214,0.235,1.196,1.343,2.19,0.969,0.901,0.999,1.483,0.439,0.214,0.235,1.196,61.327,2
1.398,2.215,0.972,0.875,1.053,1.466,0.456,0.231,0.242,1.156,1.398,2.215,0.972,0.875,1.053,1.466,0.456,0.231,0.242,1.156,60.926,2
1.378,2.178,0.965,0.889,1.029,1.443,0.45,0.232,0.228,1.147,1.378,2.178,0.965,0.889,1.029,1.443,0.45,0.232,0.228,1.147,60.008,2
1.333,2.159,0.949,0.865,1.007,1.457,0.448,0.221,0.236,1.152,1.333,2.159,0.949,0.865,1.007,1.457,0.448,0.221,0.236,1.152,63.071,2
1.353,2.174,0.928,0.828,1.035,1.469,0.443,0.228,0.223,1.137,1.353,2.174,0.928,0.828,1.035,1.469,0.443,0.228,0.223,1.137,63.977,2
1.387,2.212,0.965,0.889,1.057,1.432,0.438,0.226,0.222,1.149,1.387,2.212,0.965,0.889,1.057,1.432,0.438,0.226,0.222,1.149,63.071,2
1.382,2.135,0.967,0.88,1.041,1.393,0.432,0.236,0.206,1.095,1.382,2.135,0.967,0.88,1.041,1.393,0.432,0.236,0.206,1.095,61.27,2
1.376,2.14,0.965,0.879,1.012,1.431,0.436,0.22,0.228,1.131,1.376,2.14,0.965,0.879,1.012,1.431,0.436,0.22,0.228,1.131,60.836,2
1.399,2.211,0.949,0.875,1.062,1.444,0.445,0.224,0.227,1.143,1.399,2.211,0.949,0.875,1.062,1.444,0.445,0.224,0.227,1.143,57.697,2
1.387,2.133,0.938,0.837,1.023,1.434,0.479,0.242,0.248,1.108,1.387,2.133,0.938,0.837,1.023,1.434,0.479,0.242,0.248,1.108,59.615,2
1.39,2.18,0.961,0.867,1.054,1.43,0.449,0.238,0.223,1.121,1.39,2.18,0.961,0.867,1.054,1.43,0.449,0.238,0.223,1.121,60.008,2
1.393,2.273,0.973,0.887,1.062,1.486,0.429,0.233,0.208,1.202,1.393,2.273,0.973,0.887,1.062,1.486,0.429,0.233,0.208,1.202,63.159,2
1.358,2.112,0.951,0.875,1.014,1.411,0.473,0.232,0.25,1.098,1.358,2.112,0.951,0.875,1.014,1.411,0.473,0.232,0.25,1.098,61.327,2
1.446,2.278,0.973,0.858,1.117,1.444,0.433,0.249,0.201,1.146,1.446,2.278,0.973,0.858,1.117,1.444,0.433,0.249,0.201,1.146,59.506,2
1.395,2.256,0.962,0.868,1.063,1.496,0.461,0.244,0.229,1.184,1.395,2.256,0.962,0.868,1.063,1.496,0.461,0.244,0.229,1.184,61.741,2
1.394,2.196,0.949,0.866,1.104,1.387,0.423,0.209,0.222,1.088,1.394,2.196,0.949,0.866,1.104,1.387,0.423,0.209,0.222,1.088,63.561,2
1.336,2.112,0.943,0.845,1.004,1.445,0.48,0.243,0.248,1.11,1.336,2.112,0.943,0.845,1.004,1.445,0.48,0.243,0.248,1.11,58.873,2
1.36,2.176,0.944,0.865,1.048,1.437,0.438,0.228,0.216,1.127,1.36,2.176,0.944,0.865,1.048,1.437,0.438,0.228,0.216,1.127,62.769,2
1.412,2.258,0.969,0.879,1.058,1.472,0.431,0.234,0.209,1.191,1.412,2.258,0.969,0.879,1.058,1.472,0.431,0.234,0.209,1.191,60.539,2
1.37,2.197,0.955,0.878,1.002,1.529,0.441,0.225,0.224,1.206,1.37,2.197,0.955,0.878,1.002,1.529,0.441,0.225,0.224,1.206,60.083,2
1.345,2.235,0.957,0.867,1.053,1.506,0.444,0.227,0.228,1.182,1.345,2.235,0.957,0.867,1.053,1.506,0.444,0.227,0.228,1.182,63.325,2
1.348,2.166,0.947,0.859,1.027,1.45,0.461,0.221,0.251,1.136,1.348,2.166,0.947,0.859,1.027,1.45,0.461,0.221,0.251,1.136,63.695,2
1.398,2.256,0.968,0.882,1.1,1.433,0.436,0.214,0.236,1.144,1.398,2.256,0.968,0.882,1.1,1.433,0.436,0.214,0.236,1.144,65.391,2
1.369,2.231,0.966,0.875,1.047,1.499,0.459,0.244,0.228,1.18,1.369,2.231,0.966,0.875,1.047,1.499,0.459,0.244,0.228,1.18,62.968,2
1.341,2.179,0.953,0.85,0.996,1.502,0.454,0.248,0.217,1.185,1.341,2.179,0.953,0.85,0.996,1.502,0.454,0.248,0.217,1.185,63.695,2
1.366,2.219,0.946,0.868,1.054,1.477,0.471,0.231,0.248,1.158,1.366,2.219,0.946,0.868,1.054,1.477,0.471,0.231,0.248,1.158,63.695,2
1.336,2.179,0.957,0.864,1.007,1.47,0.44,0.222,0.23,1.173,1.336,2.179,0.957,0.864,1.007,1.47,0.44,0.222,0.23,1.173,64.622,2
1.366,2.244,0.964,0.888,1.035,1.509,0.44,0.234,0.215,1.208,1.366,2.244,0.964,0.888,1.035,1.509,0.44,0.234,0.215,1.208,63.325,2
1.346,2.163,0.957,0.873,1.015,1.438,0.45,0.232,0.228,1.147,1.346,2.163,0.957,0.873,1.015,1.438,0.45,0.232,0.228,1.147,64.078,2
1.348,2.197,0.961,0.872,0.984,1.528,0.457,0.231,0.239,1.219,1.348,2.197,0.961,0.872,0.984,1.528,0.457,0.231,0.239,1.219,60.745,2
1.343,2.133,0.951,0.871,1.026,1.422,0.425,0.217,0.216,1.112,1.343,2.133,0.951,0.871,1.026,1.422,0.425,0.217,0.216,1.112,64.078,2
1.349,2.239,0.962,0.868,1.047,1.502,0.468,0.248,0.232,1.185,1.349,2.239,0.962,0.868,1.047,1.502,0.468,0.248,0.232,1.185,63.325,2
1.355,2.283,0.97,0.874,1.087,1.492,0.436,0.228,0.223,1.186,1.355,2.283,0.97,0.874,1.087,1.492,0.436,0.228,0.223,1.186,64.622,2
1.362,2.213,0.96,0.88,1.042,1.47,0.438,0.233,0.214,1.169,1.362,2.213,0.96,0.88,1.042,1.47,0.438,0.233,0.214,1.169,64.257,2
1.368,2.223,0.952,0.872,1.056,1.47,0.427,0.218,0.217,1.164,1.368,2.223,0.952,0.872,1.056,1.47,0.427,0.218,0.217,1.164,64.078,2
1.378,2.266,0.964,0.879,1.053,1.5,0.427,0.223,0.215,1.207,1.378,2.266,0.964,0.879,1.053,1.5,0.427,0.223,0.215,1.207,62.769,2
1.358,2.21,0.949,0.861,1.025,1.52,0.47,0.244,0.235,1.185,1.358,2.21,0.949,0.861,1.025,1.52,0.47,0.244,0.235,1.185,62.032,2
1.366,2.219,0.967,0.885,1.043,1.464,0.415,0.217,0.209,1.175,1.366,2.219,0.967,0.885,1.043,1.464,0.415,0.217,0.209,1.175,64.078,2
1.386,2.178,0.944,0.879,1.076,1.376,0.417,0.211,0.21,1.097,1.386,2.178,0.944,0.879,1.076,1.376,0.417,0.211,0.21,1.097,63.506,2
1.324,2.037,0.953,0.858,0.976,1.392,0.449,0.23,0.231,1.067,1.324,2.037,0.953,0.858,0.976,1.392,0.449,0.23,0.231,1.067,61.465,2
1.366,2.203,0.967,0.881,1.067,1.432,0.428,0.234,0.205,1.134,1.366,2.203,0.967,0.881,1.067,1.432,0.428,0.234,0.205,1.134,62.65,2
1.332,2.2,0.962,0.866,1.059,1.468,0.435,0.219,0.23,1.144,1.332,2.2,0.962,0.866,1.059,1.468,0.435,0.219,0.23,1.144,65.391,2
1.407,2.287,0.966,0.895,1.084,1.464,0.42,0.205,0.224,1.191,1.407,2.287,0.966,0.895,1.084,1.464,0.42,0.205,0.224,1.191,63.977,2
0.933,1.525,0.935,0.837,0.169,4.144,1.166,0.632,0.566,3.1,0.933,1.525,0.935,0.837,0.169,4.144,1.166,0.632,0.566,3.1,126.495,3
1.243,2.14,0.946,0.963,0.328,3.611,0.692,0.254,0.455,3.513,1.243,2.14,0.946,0.963,0.328,3.611,0.692,0.254,0.455,3.513,125.515,3
0.609,1.023,0.962,0.865,0.29,0.625,0.535,0.344,0.227,0.089,0.609,1.023,0.962,0.865,0.29,0.625,0.535,0.344,0.227,0.089,123.968,3
0.811,1.292,0.993,0.881,0.154,2.745,0.916,0.73,0.44,1.9,0.811,1.292,0.993,0.881,0.154,2.745,0.916,0.73,0.44,1.9,122.025,3
0.955,1.593,0.929,0.849,0.185,4.087,1.012,0.474,0.566,3.2,0.955,1.593,0.929,0.849,0.185,4.087,1.012,0.474,0.566,3.2,125.172,3
0.676,1.216,1.059,1.016,0.344,0.591,0.172,0.125,0.236,0.632,0.676,1.216,1.059,1.016,0.344,0.591,0.172,0.125,0.236,0.632,127.475,3
1.31,1.552,0.907,0.868,0.5,1.493,0.476,0.171,0.305,1.11,1.31,1.552,0.907,0.868,0.5,1.493,0.476,0.171,0.305,1.11,126.372,3
1.038,1.693,1.037,1.058,0.116,5.523,1.103,0.368,0.735,6.028,1.038,1.693,1.037,1.058,0.116,5.523,1.103,0.368,0.735,6.028,123.223,3
1.011,1.593,0.975,0.977,0.163,3.835,0.618,0.217,0.413,3.634,1.011,1.593,0.975,0.977,0.163,3.835,0.618,0.217,0.413,3.634,122.004,3
1.209,1.999,0.971,1.107,0.144,6.219,1.352,1.054,0.648,7.028,1.209,1.999,0.971,1.107,0.144,6.219,1.352,1.054,0.648,7.028,123.94,3
1.263,1.97,0.941,0.92,0.364,2.896,0.449,0.136,0.313,2.681,1.263,1.97,0.941,0.92,0.364,2.896,0.449,0.136,0.313,2.681,122.972,3
1.166,1.976,1.004,1.083,0.191,4.761,1.204,0.553,0.729,5.154,1.166,1.976,1.004,1.083,0.191,4.761,1.204,0.553,0.729,5.154,124.427,3
1.11,1.796,0.959,1.062,0.104,7.096,1.303,1.046,0.869,7.723,1.11,1.796,0.959,1.062,0.104,7.096,1.303,1.046,0.869,7.723,120.603,3
0.67,1.086,0.951,0.877,0.217,0.986,0.589,0.339,0.282,0.399,0.67,1.086,0.951,0.877,0.217,0.986,0.589,0.339,0.282,0.399,123.227,3
0.972,1.66,1.106,1.134,0.191,2.781,0.85,0.156,0.702,3.463,0.972,1.66,1.106,1.134,0.191,2.781,0.85,0.156,0.702,3.463,124.427,3
0.833,1.402,0.991,0.922,0.155,3.158,0.781,0.474,0.453,2.6,0.833,1.402,0.991,0.922,0.155,3.158,0.781,0.474,0.453,2.6,121.754,3
1.155,1.83,0.947,0.928,0.261,3.477,0.589,0.178,0.411,3.208,1.155,1.83,0.947,0.928,0.261,3.477,0.589,0.178,0.411,3.208,118.849,3
1.384,2.141,0.983,0.987,0.44,2.645,0.453,0.16,0.294,2.617,1.384,2.141,0.983,0.987,0.44,2.645,0.453,0.16,0.294,2.617,117.047,3
1.198,1.939,1.042,1.089,0.226,3.819,0.869,0.275,0.614,4.187,1.198,1.939,1.042,1.089,0.226,3.819,0.869,0.275,0.614,4.187,116.482,3
1.011,1.621,1.114,1.161,0.189,2.463,0.962,0.255,0.781,3.306,1.011,1.621,1.114,1.161,0.189,2.463,0.962,0.255,0.781,3.306,118.406,3
0.69,1.124,0.983,0.918,0.274,0.834,0.353,0.239,0.182,0.483,0.69,1.124,0.983,0.918,0.274,0.834,0.353,0.239,0.182,0.483,120.071,3
0.665,1.037,0.947,0.857,0.221,0.902,0.689,0.409,0.311,0.231,0.665,1.037,0.947,0.857,0.221,0.902,0.689,0.409,0.311,0.231,118.962,3
0.654,1.043,0.964,0.891,0.261,0.65,0.468,0.289,0.202,0.181,0.654,1.043,0.964,0.891,0.261,0.65,0.468,0.289,0.202,0.181,116.387,3
1.05,1.727,0.996,0.986,0.132,5.614,0.823,0.236,0.596,5.524,1.05,1.727,0.996,0.986,0.132,5.614,0.823,0.236,0.596,5.524,117.175,3
1.107,1.733,1.044,1.053,0.119,5.74,1.11,0.262,0.852,6.221,1.107,1.733,1.044,1.053,0.119,5.74,1.11,0.262,0.852,6.221,114.843,3
0.981,1.616,1.165,1.203,0.261,1.598,0.939,0.161,0.779,2.393,0.981,1.616,1.165,1.203,0.261,1.598,0.939,0.161,0.779,2.393,116.211,3
0.748,1.261,1.06,1.022,0.288,0.835,0.197,0.132,0.293,0.91,0.748,1.261,1.06,1.022,0.288,0.835,0.197,0.132,0.293,0.91,118.14,3
0.672,1.05,0.983,0.909,0.274,0.625,0.398,0.277,0.173,0.228,0.672,1.05,0.983,0.909,0.274,0.625,0.398,0.277,0.173,0.228,114.285,3
0.862,1.301,0.853,0.808,0.128,3.883,1.521,0.382,1.149,2.363,0.862,1.301,0.853,0.808,0.128,3.883,1.521,0.382,1.149,2.363,113.6,3
1.266,2.003,1.019,1.044,0.28,3.431,0.601,0.185,0.421,3.623,1.266,2.003,1.019,1.044,0.28,3.431,0.601,0.185,0.421,3.623,113.759,3
1.309,1.988,0.881,0.785,0.61,2.029,0.528,0.239,0.29,1.624,1.309,1.988,0.881,0.785,0.61,2.029,0.528,0.239,0.29,1.624,113.053,3
0.791,1.247,0.907,0.873,0.142,2.662,1.03,0.292,0.738,1.768,0.791,1.247,0.907,0.873,0.142,2.662,1.03,0.292,0.738,1.768,114.018,3
1.208,1.963,1.044,1.141,0.293,2.877,1.036,0.502,0.546,3.353,1.208,1.963,1.044,1.141,0.293,2.877,1.036,0.502,0.546,3.353,112.792,3
1.319,2.092,1.015,1.052,0.316,3.294,0.54,0.164,0.395,3.518,1.319,2.092,1.015,1.052,0.316,3.294,0.54,0.164,0.395,3.518,110.164,3
1.392,2.186,0.924,0.84,0.583,2.318,0.398,0.165,0.253,2.047,1.392,2.186,0.924,0.84,0.583,2.318,0.398,0.165,0.253,2.047,111.683,3
0.699,1.098,1.022,0.957,0.312,0.547,0.239,0.214,0.16,0.331,0.699,1.098,1.022,0.957,0.312,0.547,0.239,0.214,0.16,0.331,109.202,3
1.355,2.121,0.993,1.011,0.4,2.797,0.59,0.219,0.372,2.85,1.355,2.121,0.993,1.011,0.4,2.797,0.59,0.219,0.372,2.85,112.361,3
1.203,1.819,0.968,0.903,0.398,2.342,0.538,0.259,0.298,2.071,1.203,1.819,0.968,0.903,0.398,2.342,0.538,0.259,0.298,2.071,108.522,3
1.225,1.888,0.95,1.028,0.312,2.78,0.604,0.399,0.313,2.881,1.225,1.888,0.95,1.028,0.312,2.78,0.604,0.399,0.313,2.881,107.564,3
1.411,2.121,0.928,0.866,0.571,2.201,0.403,0.184,0.22,2.006,1.411,2.121,0.928,0.866,0.571,2.201,0.403,0.184,0.22,2.006,105.948,3
0.633,1,0.977,0.93,0.347,0.349,0.252,0.144,0.126,0.14,0.633,1,0.977,0.93,0.347,0.349,0.252,0.144,0.126,0.14,107.968,3
0.894,1.425,1.165,1.138,0.292,0.993,0.532,0.094,0.625,1.46,0.894,1.425,1.165,1.138,0.292,0.993,0.532,0.094,0.625,1.46,107.28,3
0.827,1.284,1.063,1.016,0.233,1.169,0.148,0.209,0.331,1.224,0.827,1.284,1.063,1.016,0.233,1.169,0.148,0.209,0.331,1.224,109.481,3
1.357,2.092,0.991,1.017,0.404,2.668,0.488,0.192,0.303,2.75,1.357,2.092,0.991,1.017,0.404,2.668,0.488,0.192,0.303,2.75,106.32,3
1.197,1.884,1.12,1.208,0.157,4.314,1.726,0.632,1.105,5.825,1.197,1.884,1.12,1.208,0.157,4.314,1.726,0.632,1.105,5.825,106.042,3
1.348,2.154,1.026,1.102,0.269,3.911,0.832,0.404,0.451,4.442,1.348,2.154,1.026,1.102,0.269,3.911,0.832,0.404,0.451,4.442,108.24,3
0.85,1.343,1.086,1.031,0.234,1.34,0.298,0.236,0.474,1.473,0.85,1.343,1.086,1.031,0.234,1.34,0.298,0.236,0.474,1.473,107.005,3
1.568,2.357,0.861,0.787,0.813,1.939,0.369,0.138,0.23,1.691,1.568,2.357,0.861,0.787,0.813,1.939,0.369,0.138,0.23,1.691,105.65,3
1.409,2.106,0.959,0.962,0.482,2.377,0.371,0.146,0.23,2.326,1.409,2.106,0.959,0.962,0.482,2.377,0.371,0.146,0.23,2.326,105.65,3
1.361,2.065,0.933,0.928,0.496,2.311,0.491,0.213,0.284,2.181,1.361,2.065,0.933,0.928,0.496,2.311,0.491,0.213,0.284,2.181,106.32,3
1.366,2.122,0.969,0.98,0.389,2.936,0.288,0.101,0.201,2.937,1.366,2.122,0.969,0.98,0.389,2.936,0.288,0.101,0.201,2.937,107.28,3
0.459,1,0.91,0.888,1.018,0.696,0.614,0.393,0.221,0.094,0.459,1,0.91,0.888,1.018,0.696,0.614,0.393,0.221,0.094,443.072,4
0.459,1,0.91,0.888,1.018,0.696,0.614,0.393,0.221,0.094,0.459,1,0.91,0.888,1.018,0.696,0.614,0.393,0.221,0.094,443.072,4
0.459,1,0.91,0.888,1.018,0.696,0.614,0.393,0.221,0.094,0.459,1,0.91,0.888,1.018,0.696,0.614,0.393,0.221,0.094,443.072,4
0.459,1,0.91,0.888,1.018,0.696,0.614,0.393,0.221,0.094,0.459,1,0.91,0.888,1.018,0.696,0.614,0.393,0.221,0.094,443.072,4
0.459,1,0.91,0.888,1.018,0.696,0.614,0.393,0.221,0.094,0.459,1,0.91,0.888,1.018,0.696,0.614,0.393,0.221,0.094,443.072,4
0.459,1,0.91,0.888,1.018,0.696,0.614,0.393,0.221,0.094,0.459,1,0.91,0.888,1.018,0.696,0.614,0.393,0.221,0.094,443.072,4
0.459,1,0.91,0.888,1.018,0.696,0.614,0.393,0.221,0.094,0.459,1,0.91,0.888,1.018,0.696,0.614,0.393,0.221,0.094,443.072,4
0.459,1,0.91,0.888,1.018,0.696,0.614,0.393,0.221,0.094,0.459,1,0.91,0.888,1.018,0.696,0.614,0.393,0.221,0.094,443.072,4
0.459,1,0.91,0.888,1.018,0.696,0.614,0.393,0.221,0.094,0.459,1,0.91,0.888,1.018,0.696,0.614,0.393,0.221,0.094,443.072,4
0.459,1,0.91,0.888,1.018,0.696,0.614,0.393,0.221,0.094,0.459,1,0.91,0.888,1.018,0.696,0.614,0.393,0.221,0.094,443.072,4
0.459,1,0.91,0.888,1.018,0.696,0.614,0.393,0.221,0.094,0.459,1,0.91,0.888,1.018,0.696,0.614,0.393,0.221,0.094,443.072,4
0.459,1,0.91,0.888,1.018,0.696,0.614,0.393,0.221,0.094,0.459,1,0.91,0.888,1.018,0.696,0.614,0.393,0.221,0.094,443.072,4
0.459,1,0.91,0.888,1.018,0.696,0.614,0.393,0.221,0.094,0.459,1,0.91,0.888,1.018,0.696,0.614,0.393,0.221,0.094,443.072,4
0.459,1,0.91,0.888,1.018,0.696,0.614,0.393,0.221,0.094,0.459,1,0.91,0.888,1.018,0.696,0.614,0.393,0.221,0.094,443.072,4
0.459,1,0.91,0.888,1.018,0.696,0.614,0.393,0.221,0.094,0.459,1,0.91,0.888,1.018,0.696,0.614,0.393,0.221,0.094,443.072,4
0.459,1,0.91,0.888,1.018,0.696,0.614,0.393,0.221,0.094,0.459,1,0.91,0.888,1.018,0.696,0.614,0.393,0.221,0.094,443.072,4
0.459,1,0.91,0.888,1.018,0.696,0.614,0.393,0.221,0.094,0.459,1,0.91,0.888,1.018,0.696,0.614,0.393,0.221,0.094,443.072,4
0.459,1,0.91,0.888,1.018,0.696,0.614,0.393,0.221,0.094,0.459,1,0.91,0.888,1.018,0.696,0.614,0.393,0.221,0.094,443.072,4
0.459,1,0.91,0.888,1.018,0.696,0.614,0.393,0.221,0.094,0.459,1,0.91,0.888,1.018,0.696,0.614,0.393,0.221,0.094,443.072,4
0.633,0.985,0.979,0.919,0.676,0.574,0.338,0.166,0.183,0.266,0.633,0.985,0.979,0.919,0.676,0.574,0.338,0.166,0.183,0.266,6.083,4
0.633,0.985,0.979,0.919,0.676,0.574,0.338,0.166,0.183,0.266,0.633,0.985,0.979,0.919,0.676,0.574,0.338,0.166,0.183,0.266,6.083,4
0.633,0.985,0.979,0.919,0.676,0.574,0.338,0.166,0.183,0.266,0.633,0.985,0.979,0.919,0.676,0.574,0.338,0.166,0.183,0.266,6.083,4
0.633,0.985,0.979,0.919,0.676,0.574,0.338,0.166,0.183,0.266,0.633,0.985,0.979,0.919,0.676,0.574,0.338,0.166,0.183,0.266,6.083,4
0.633,0.985,0.979,0.919,0.676,0.574,0.338,0.166,0.183,0.266,0.633,0.985,0.979,0.919,0.676,0.574,0.338,0.166,0.183,0.266,6.083,4
0.633,0.985,0.979,0.919,0.676,0.574,0.338,0.166,0.183,0.266,0.633,0.985,0.979,0.919,0.676,0.574,0.338,0.166,0.183,0.266,6.083,4
1.154,1.122,0.908,0.893,0.997,0.797,0.549,0.274,0.274,0.249,1.154,1.122,0.908,0.893,0.997,0.797,0.549,0.274,0.274,0.249,3,4
1.154,1.122,0.908,0.893,0.997,0.797,0.549,0.274,0.274,0.249,1.154,1.122,0.908,0.893,0.997,0.797,0.549,0.274,0.274,0.249,3,4
1.154,1.122,0.908,0.893,0.997,0.797,0.549,0.274,0.274,0.249,1.154,1.122,0.908,0.893,0.997,0.797,0.549,0.274,0.274,0.249,3,4
1.154,1.122,0.908,0.893,0.997,0.797,0.549,0.274,0.274,0.249,1.154,1.122,0.908,0.893,0.997,0.797,0.549,0.274,0.274,0.249,3,4
0.601,0.94,0.951,0.846,0.63,0.617,0.454,0.267,0.196,0.269,0.601,0.94,0.951,0.846,0.63,0.617,0.454,0.267,0.196,0.269,8.944,4
0.601,0.94,0.951,0.846,0.63,0.617,0.454,0.267,0.196,0.269,0.601,0.94,0.951,0.846,0.63,0.617,0.454,0.267,0.196,0.269,8.944,4
0.601,0.94,0.951,0.846,0.63,0.617,0.454,0.267,0.196,0.269,0.601,0.94,0.951,0.846,0.63,0.617,0.454,0.267,0.196,0.269,8.944,4
0.601,0.94,0.951,0.846,0.63,0.617,0.454,0.267,0.196,0.269,0.601,0.94,0.951,0.846,0.63,0.617,0.454,0.267,0.196,0.269,8.944,4
0.601,0.94,0.951,0.846,0.63,0.617,0.454,0.267,0.196,0.269,0.601,0.94,0.951,0.846,0.63,0.617,0.454,0.267,0.196,0.269,8.944,4
0.601,0.94,0.951,0.846,0.63,0.617,0.454,0.267,0.196,0.269,0.601,0.94,0.951,0.846,0.63,0.617,0.454,0.267,0.196,0.269,8.944,4
0.601,0.94,0.951,0.846,0.63,0.617,0.454,0.267,0.196,0.269,0.601,0.94,0.951,0.846,0.63,0.617,0.454,0.267,0.196,0.269,8.944,4
0.601,0.94,0.951,0.846,0.63,0.617,0.454,0.267,0.196,0.269,0.601,0.94,0.951,0.846,0.63,0.617,0.454,0.267,0.196,0.269,8.944,4
0.601,0.94,0.951,0.846,0.63,0.617,0.454,0.267,0.196,0.269,0.601,0.94,0.951,0.846,0.63,0.617,0.454,0.267,0.196,0.269,8.944,4
0.601,0.94,0.951,0.846,0.63,0.617,0.454,0.267,0.196,0.269,0.601,0.94,0.951,0.846,0.63,0.617,0.454,0.267,0.196,0.269,8.944,4
0.601,0.94,0.951,0.846,0.63,0.617,0.454,0.267,0.196,0.269,0.601,0.94,0.951,0.846,0.63,0.617,0.454,0.267,0.196,0.269,8.944,4
0.601,0.94,0.951,0.846,0.63,0.617,0.454,0.267,0.196,0.269,0.601,0.94,0.951,0.846,0.63,0.617,0.454,0.267,0.196,0.269,8.944,4
0.601,0.94,0.951,0.846,0.63,0.617,0.454,0.267,0.196,0.269,0.601,0.94,0.951,0.846,0.63,0.617,0.454,0.267,0.196,0.269,8.944,4
0.601,0.94,0.951,0.846,0.63,0.617,0.454,0.267,0.196,0.269,0.601,0.94,0.951,0.846,0.63,0.617,0.454,0.267,0.196,0.269,8.944,4
0.601,0.94,0.951,0.846,0.63,0.617,0.454,0.267,0.196,0.269,0.601,0.94,0.951,0.846,0.63,0.617,0.454,0.267,0.196,0.269,8.944,4
0.601,0.94,0.951,0.846,0.63,0.617,0.454,0.267,0.196,0.269,0.601,0.94,0.951,0.846,0.63,0.617,0.454,0.267,0.196,0.269,8.944,4
0.601,0.94,0.951,0.846,0.63,0.617,0.454,0.267,0.196,0.269,0.601,0.94,0.951,0.846,0.63,0.617,0.454,0.267,0.196,0.269,8.944,4
0.601,0.94,0.951,0.846,0.63,0.617,0.454,0.267,0.196,0.269,0.601,0.94,0.951,0.846,0.63,0.617,0.454,0.267,0.196,0.269,8.944,4
0.601,0.94,0.951,0.846,0.63,0.617,0.454,0.267,0.196,0.269,0.601,0.94,0.951,0.846,0.63,0.617,0.454,0.267,0.196,0.269,8.944,4
0.601,0.94,0.951,0.846,0.63,0.617,0.454,0.267,0.196,0.269,0.601,0.94,0.951,0.846,0.63,0.617,0.454,0.267,0.196,0.269,8.944,4
0.601,0.94,0.951,0.846,0.63,0.617,0.454,0.267,0.196,0.269,0.601,0.94,0.951,0.846,0.63,0.617,0.454,0.267,0.196,0.269,8.944,4
0.601,0.94,0.951,0.846,0.63,0.617,0.454,0.267,0.196,0.269,0.601,0.94,0.951,0.846,0.63,0.617,0.454,0.267,0.196,0.269,8.944,4
1.326,1.322,0.601,0.196,1.461,0.942,0.698,0.404,0.297,0.274,1.326,1.322,0.601,0.196,1.461,0.942,0.698,0.404,0.297,0.274,418.871,5
1.326,1.322,0.601,0.196,1.461,0.942,0.698,0.404,0.297,0.274,1.326,1.322,0.601,0.196,1.461,0.942,0.698,0.404,0.297,0.274,418.871,5
1.326,1.322,0.601,0.196,1.461,0.942,0.698,0.404,0.297,0.274,1.326,1.322,0.601,0.196,1.461,0.942,0.698,0.404,0.297,0.274,418.871,5
1.326,1.322,0.601,0.196,1.461,0.942,0.698,0.404,0.297,0.274,1.326,1.322,0.601,0.196,1.461,0.942,0.698,0.404,0.297,0.274,418.871,5
1.326,1.322,0.601,0.196,1.461,0.942,0.698,0.404,0.297,0.274,1.326,1.322,0.601,0.196,1.461,0.942,0.698,0.404,0.297,0.274,418.871,5
1.326,1.322,0.601,0.196,1.461,0.942,0.698,0.404,0.297,0.274,1.326,1.322,0.601,0.196,1.461,0.942,0.698,0.404,0.297,0.274,418.871,5
1.326,1.322,0.601,0.196,1.461,0.942,0.698,0.404,0.297,0.274,1.326,1.322,0.601,0.196,1.461,0.942,0.698,0.404,0.297,0.274,418.871,5
1.326,1.322,0.601,0.196,1.461,0.942,0.698,0.404,0.297,0.274,1.326,1.322,0.601,0.196,1.461,0.942,0.698,0.404,0.297,0.274,418.871,5
1.326,1.322,0.601,0.196,1.461,0.942,0.698,0.404,0.297,0.274,1.326,1.322,0.601,0.196,1.461,0.942,0.698,0.404,0.297,0.274,418.871,5
1.326,1.322,0.601,0.196,1.461,0.942,0.698,0.404,0.297,0.274,1.326,1.322,0.601,0.196,1.461,0.942,0.698,0.404,0.297,0.274,418.871,5
1.326,1.322,0.601,0.196,1.461,0.942,0.698,0.404,0.297,0.274,1.326,1.322,0.601,0.196,1.461,0.942,0.698,0.404,0.297,0.274,418.871,5
1.326,1.322,0.601,0.196,1.461,0.942,0.698,0.404,0.297,0.274,1.326,1.322,0.601,0.196,1.461,0.942,0.698,0.404,0.297,0.274,418.871,5
1.326,1.322,0.601,0.196,1.461,0.942,0.698,0.404,0.297,0.274,1.326,1.322,0.601,0.196,1.461,0.942,0.698,0.404,0.297,0.274,418.871,5
1.326,1.322,0.601,0.196,1.461,0.942,0.698,0.404,0.297,0.274,1.326,1.322,0.601,0.196,1.461,0.942,0.698,0.404,0.297,0.274,418.871,5
1.326,1.322,0.601,0.196,1.461,0.942,0.698,0.404,0.297,0.274,1.326,1.322,0.601,0.196,1.461,0.942,0.698,0.404,0.297,0.274,418.871,5
1.326,1.322,0.601,0.196,1.461,0.942,0.698,0.404,0.297,0.274,1.326,1.322,0.601,0.196,1.461,0.942,0.698,0.404,0.297,0.274,418.871,5
1.326,1.322,0.601,0.196,1.461,0.942,0.698,0.404,0.297,0.274,1.326,1.322,0.601,0.196,1.461,0.942,0.698,0.404,0.297,0.274,418.871,5
1.326,1.322,0.601,0.196,1.461,0.942,0.698,0.404,0.297,0.274,1.326,1.322,0.601,0.196,1.461,0.942,0.698,0.404,0.297,0.274,418.871,5
1.326,1.322,0.601,0.196,1.461,0.942,0.698,0.404,0.297,0.274,1.326,1.322,0.601,0.196,1.461,0.942,0.698,0.404,0.297,0.274,418.871,5
1.326,1.322,0.601,0.196,1.461,0.942,0.698,0.404,0.297,0.274,1.326,1.322,0.601,0.196,1.461,0.942,0.698,0.404,0.297,0.274,418.871,5
1.326,1.322,0.601,0.196,1.461,0.942,0.698,0.404,0.297,0.274,1.326,1.322,0.601,0.196,1.461,0.942,0.698,0.404,0.297,0.274,418.871,5
1.326,1.322,0.601,0.196,1.461,0.942,0.698,0.404,0.297,0.274,1.326,1.322,0.601,0.196,1.461,0.942,0.698,0.404,0.297,0.274,418.871,5
1.326,1.322,0.601,0.196,1.461,0.942,0.698,0.404,0.297,0.274,1.326,1.322,0.601,0.196,1.461,0.942,0.698,0.404,0.297,0.274,418.871,5
1.326,1.322,0.601,0.196,1.461,0.942,0.698,0.404,0.297,0.274,1.326,1.322,0.601,0.196,1.461,0.942,0.698,0.404,0.297,0.274,418.871,5
1.326,1.322,0.601,0.196,1.461,0.942,0.698,0.404,0.297,0.274,1.326,1.322,0.601,0.196,1.461,0.942,0.698,0.404,0.297,0.274,418.871,5
1.326,1.322,0.601,0.196,1.461,0.942,0.698,0.404,0.297,0.274,1.326,1.322,0.601,0.196,1.461,0.942,0.698,0.404,0.297,0.274,418.871,5
1.326,1.322,0.601,0.196,1.461,0.942,0.698,0.404,0.297,0.274,1.326,1.322,0.601,0.196,1.461,0.942,0.698,0.404,0.297,0.274,418.871,5
1.326,1.322,0.601,0.196,1.461,0.942,0.698,0.404,0.297,0.274,1.326,1.322,0.601,0.196,1.461,0.942,0.698,0.404,0.297,0.274,418.871,5
1.326,1.322,0.601,0.196,1.461,0.942,0.698,0.404,0.297,0.274,1.326,1.322,0.601,0.196,1.461,0.942,0.698,0.404,0.297,0.274,418.871,5
1.326,1.322,0.601,0.196,1.461,0.942,0.698,0.404,0.297,0.274,1.326,1.322,0.601,0.196,1.461,0.942,0.698,0.404,0.297,0.274,418.871,5
1.326,1.322,0.601,0.196,1.461,0.942,0.698,0.404,0.297,0.274,1.326,1.322,0.601,0.196,1.461,0.942,0.698,0.404,0.297,0.274,418.871,5
1.326,1.322,0.601,0.196,1.461,0.942,0.698,0.404,0.297,0.274,1.326,1.322,0.601,0.196,1.461,0.942,0.698,0.404,0.297,0.274,418.871,5
1.326,1.322,0.601,0.196,1.461,0.942,0.698,0.404,0.297,0.274,1.326,1.322,0.601,0.196,1.461,0.942,0.698,0.404,0.297,0.274,418.871,5
1.326,1.322,0.601,0.196,1.461,0.942,0.698,0.404,0.297,0.274,1.326,1.322,0.601,0.196,1.461,0.942,0.698,0.404,0.297,0.274,418.871,5
1.326,1.322,0.601,0.196,1.461,0.942,0.698,0.404,0.297,0.274,1.326,1.322,0.601,0.196,1.461,0.942,0.698,0.404,0.297,0.274,418.871,5
1.326,1.322,0.601,0.196,1.461,0.942,0.698,0.404,0.297,0.274,1.326,1.322,0.601,0.196,1.461,0.942,0.698,0.404,0.297,0.274,418.871,5
1.326,1.322,0.601,0.196,1.461,0.942,0.698,0.404,0.297,0.274,1.326,1.322,0.601,0.196,1.461,0.942,0.698,0.404,0.297,0.274,418.871,5
1.326,1.322,0.601,0.196,1.461,0.942,0.698,0.404,0.297,0.274,1.326,1.322,0.601,0.196,1.461,0.942,0.698,0.404,0.297,0.274,418.871,5
1.326,1.322,0.601,0.196,1.461,0.942,0.698,0.404,0.297,0.274,1.326,1.322,0.601,0.196,1.461,0.942,0.698,0.404,0.297,0.274,418.871,5
1.326,1.322,0.601,0.196,1.461,0.942,0.698,0.404,0.297,0.274,1.326,1.322,0.601,0.196,1.461,0.942,0.698,0.404,0.297,0.274,418.871,5
1.326,1.322,0.601,0.196,1.461,0.942,0.698,0.404,0.297,0.274,1.326,1.322,0.601,0.196,1.461,0.942,0.698,0.404,0.297,0.274,418.871,5
1.326,1.322,0.601,0.196,1.461,0.942,0.698,0.404,0.297,0.274,1.326,1.322,0.601,0.196,1.461,0.942,0.698,0.404,0.297,0.274,418.871,5
1.326,1.322,0.601,0.196,1.461,0.942,0.698,0.404,0.297,0.274,1.326,1.322,0.601,0.196,1.461,0.942,0.698,0.404,0.297,0.274,418.871,5
1.326,1.322,0.601,0.196,1.461,0.942,0.698,0.404,0.297,0.274,1.326,1.322,0.601,0.196,1.461,0.942,0.698,0.404,0.297,0.274,418.871,5
1.326,1.322,0.601,0.196,1.461,0.942,0.698,0.404,0.297,0.274,1.326,1.322,0.601,0.196,1.461,0.942,0.698,0.404,0.297,0.274,418.871,5
1.326,1.322,0.601,0.196,1.461,0.942,0.698,0.404,0.297,0.274,1.326,1.322,0.601,0.196,1.461,0.942,0.698,0.404,0.297,0.274,418.871,5
1.326,1.322,0.601,0.196,1.461,0.942,0.698,0.404,0.297,0.274,1.326,1.322,0.601,0.196,1.461,0.942,0.698,0.404,0.297,0.274,418.871,5
1.326,1.322,0.601,0.196,1.461,0.942,0.698,0.404,0.297,0.274,1.326,1.322,0.601,0.196,1.461,0.942,0.698,0.404,0.297,0.274,418.871,5
1.326,1.322,0.601,0.196,1.461,0.942,0.698,0.404,0.297,0.274,1.326,1.322,0.601,0.196,1.461,0.942,0.698,0.404,0.297,0.274,418.871,5
1.326,1.322,0.601,0.196,1.461,0.942,0.698,0.404,0.297,0.274,1.326,1.322,0.601,0.196,1.461,0.942,0.698,0.404,0.297,0.274,418.871,5
1.326,1.322,0.601,0.196,1.461,0.942,0.698,0.404,0.297,0.274,1.326,1.322,0.601,0.196,1.461,0.942,0.698,0.404,0.297,0.274,418.871,5
1.19,2.148,0.902,0.878,0.698,2.067,0.622,0.287,0.335,1.65,1.19,2.148,0.902,0.878,0.698,2.067,0.622,0.287,0.335,1.65,12,6
1.19,2.148,0.902,0.878,0.698,2.067,0.622,0.287,0.335,1.65,1.19,2.148,0.902,0.878,0.698,2.067,0.622,0.287,0.335,1.65,12,6
1.19,2.148,0.902,0.878,0.698,2.067,0.622,0.287,0.335,1.65,1.19,2.148,0.902,0.878,0.698,2.067,0.622,0.287,0.335,1.65,12,6
1.19,2.148,0.902,0.878,0.698,2.067,0.622,0.287,0.335,1.65,1.19,2.148,0.902,0.878,0.698,2.067,0.622,0.287,0.335,1.65,12,6
1.19,2.148,0.902,0.878,0.698,2.067,0.622,0.287,0.335,1.65,1.19,2.148,0.902,0.878,0.698,2.067,0.622,0.287,0.335,1.65,12,6
1.19,2.148,0.902,0.878,0.698,2.067,0.622,0.287,0.335,1.65,1.19,2.148,0.902,0.878,0.698,2.067,0.622,0.287,0.335,1.65,12,6
1.19,2.148,0.902,0.878,0.698,2.067,0.622,0.287,0.335,1.65,1.19,2.148,0.902,0.878,0.698,2.067,0.622,0.287,0.335,1.65,12,6
1.19,2.148,0.902,0.878,0.698,2.067,0.622,0.287,0.335,1.65,1.19,2.148,0.902,0.878,0.698,2.067,0.622,0.287,0.335,1.65,12,6
1.19,2.148,0.902,0.878,0.698,2.067,0.622,0.287,0.335,1.65,1.19,2.148,0.902,0.878,0.698,2.067,0.622,0.287,0.335,1.65,12,6
1.19,2.148,0.902,0.878,0.698,2.067,0.622,0.287,0.335,1.65,1.19,2.148,0.902,0.878,0.698,2.067,0.622,0.287,0.335,1.65,12,6
1.19,2.148,0.902,0.878,0.698,2.067,0.622,0.287,0.335,1.65,1.19,2.148,0.902,0.878,0.698,2.067,0.622,0.287,0.335,1.65,12,6
1.19,2.148,0.902,0.878,0.698,2.067,0.622,0.287,0.335,1.65,1.19,2.148,0.902,0.878,0.698,2.067,0.622,0.287,0.335,1.65,12,6
1.19,2.148,0.902,0.878,0.698,2.067,0.622,0.287,0.335,1.65,1.19,2.148,0.902,0.878,0.698,2.067,0.622,0.287,0.335,1.65,12,6
1.19,2.148,0.902,0.878,0.698,2.067,0.622,0.287,0.335,1.65,1.19,2.148,0.902,0.878,0.698,2.067,0.622,0.287,0.335,1.65,12,6
1.19,2.148,0.902,0.878,0.698,2.067,0.622,0.287,0.335,1.65,1.19,2.148,0.902,0.878,0.698,2.067,0.622,0.287,0.335,1.65,12,6
1.19,2.148,0.902,0.878,0.698,2.067,0.622,0.287,0.335,1.65,1.19,2.148,0.902,0.878,0.698,2.067,0.622,0.287,0.335,1.65,12,6
1.19,2.148,0.902,0.878,0.698,2.067,0.622,0.287,0.335,1.65,1.19,2.148,0.902,0.878,0.698,2.067,0.622,0.287,0.335,1.65,12,6
1.19,2.148,0.902,0.878,0.698,2.067,0.622,0.287,0.335,1.65,1.19,2.148,0.902,0.878,0.698,2.067,0.622,0.287,0.335,1.65,12,6
0.892,0.946,0.916,0.721,1.099,0.746,0.591,0.405,0.196,0.26,0.892,0.946,0.916,0.721,1.099,0.746,0.591,0.405,0.196,0.26,33.838,6
0.892,0.946,0.916,0.721,1.099,0.746,0.591,0.405,0.196,0.26,0.892,0.946,0.916,0.721,1.099,0.746,0.591,0.405,0.196,0.26,33.838,6
0.892,0.946,0.916,0.721,1.099,0.746,0.591,0.405,0.196,0.26,0.892,0.946,0.916,0.721,1.099,0.746,0.591,0.405,0.196,0.26,33.838,6
0.892,0.946,0.916,0.721,1.099,0.746,0.591,0.405,0.196,0.26,0.892,0.946,0.916,0.721,1.099,0.746,0.591,0.405,0.196,0.26,33.838,6
0.892,0.946,0.916,0.721,1.099,0.746,0.591,0.405,0.196,0.26,0.892,0.946,0.916,0.721,1.099,0.746,0.591,0.405,0.196,0.26,33.838,6
0.892,0.946,0.916,0.721,1.099,0.746,0.591,0.405,0.196,0.26,0.892,0.946,0.916,0.721,1.099,0.746,0.591,0.405,0.196,0.26,33.838,6
0.892,0.946,0.916,0.721,1.099,0.746,0.591,0.405,0.196,0.26,0.892,0.946,0.916,0.721,1.099,0.746,0.591,0.405,0.196,0.26,33.838,6
0.892,0.946,0.916,0.721,1.099,0.746,0.591,0.405,0.196,0.26,0.892,0.946,0.916,0.721,1.099,0.746,0.591,0.405,0.196,0.26,33.838,6
0.892,0.946,0.916,0.721,1.099,0.746,0.591,0.405,0.196,0.26,0.892,0.946,0.916,0.721,1.099,0.746,0.591,0.405,0.196,0.26,33.838,6
0.892,0.946,0.916,0.721,1.099,0.746,0.591,0.405,0.196,0.26,0.892,0.946,0.916,0.721,1.099,0.746,0.591,0.405,0.196,0.26,33.838,6
1.229,2.242,0.917,0.849,0.903,1.753,0.52,0.265,0.257,1.379,1.229,2.242,0.917,0.849,0.903,1.753,0.52,0.265,0.257,1.379,29.967,6
1.229,2.242,0.917,0.849,0.903,1.753,0.52,0.265,0.257,1.379,1.229,2.242,0.917,0.849,0.903,1.753,0.52,0.265,0.257,1.379,29.967,6
1.229,2.242,0.917,0.849,0.903,1.753,0.52,0.265,0.257,1.379,1.229,2.242,0.917,0.849,0.903,1.753,0.52,0.265,0.257,1.379,29.967,6
0.856,0.955,0.891,0.694,1.014,0.722,0.579,0.383,0.201,0.25,0.856,0.955,0.891,0.694,1.014,0.722,0.579,0.383,0.201,0.25,30.364,6
0.856,0.955,0.891,0.694,1.014,0.722,0.579,0.383,0.201,0.25,0.856,0.955,0.891,0.694,1.014,0.722,0.579,0.383,0.201,0.25,30.364,6
0.856,0.955,0.891,0.694,1.014,0.722,0.579,0.383,0.201,0.25,0.856,0.955,0.891,0.694,1.014,0.722,0.579,0.383,0.201,0.25,30.364,6
0.856,0.955,0.891,0.694,1.014,0.722,0.579,0.383,0.201,0.25,0.856,0.955,0.891,0.694,1.014,0.722,0.579,0.383,0.201,0.25,30.364,6
0.856,0.955,0.891,0.694,1.014,0.722,0.579,0.383,0.201,0.25,0.856,0.955,0.891,0.694,1.014,0.722,0.579,0.383,0.201,0.25,30.364,6
0.856,0.955,0.891,0.694,1.014,0.722,0.579,0.383,0.201,0.25,0.856,0.955,0.891,0.694,1.014,0.722,0.579,0.383,0.201,0.25,30.364,6
0.856,0.955,0.891,0.694,1.014,0.722,0.579,0.383,0.201,0.25,0.856,0.955,0.891,0.694,1.014,0.722,0.579,0.383,0.201,0.25,30.364,6
0.856,0.955,0.891,0.694,1.014,0.722,0.579,0.383,0.201,0.25,0.856,0.955,0.891,0.694,1.014,0.722,0.579,0.383,0.201,0.25,30.364,6
0.856,0.955,0.891,0.694,1.014,0.722,0.579,0.383,0.201,0.25,0.856,0.955,0.891,0.694,1.014,0.722,0.579,0.383,0.201,0.25,30.364,6
0.856,0.955,0.891,0.694,1.014,0.722,0.579,0.383,0.201,0.25,0.856,0.955,0.891,0.694,1.014,0.722,0.579,0.383,0.201,0.25,30.364,6
0.856,0.955,0.891,0.694,1.014,0.722,0.579,0.383,0.201,0.25,0.856,0.955,0.891,0.694,1.014,0.722,0.579,0.383,0.201,0.25,30.364,6
0.856,0.955,0.891,0.694,1.014,0.722,0.579,0.383,0.201,0.25,0.856,0.955,0.891,0.694,1.014,0.722,0.579,0.383,0.201,0.25,30.364,6
0.856,0.955,0.891,0.694,1.014,0.722,0.579,0.383,0.201,0.25,0.856,0.955,0.891,0.694,1.014,0.722,0.579,0.383,0.201,0.25,30.364,6
0.856,0.955,0.891,0.694,1.014,0.722,0.579,0.383,0.201,0.25,0.856,0.955,0.891,0.694,1.014,0.722,0.579,0.383,0.201,0.25,30.364,6
0.856,0.955,0.891,0.694,1.014,0.722,0.579,0.383,0.201,0.25,0.856,0.955,0.891,0.694,1.014,0.722,0.579,0.383,0.201,0.25,30.364,6
0.856,0.955,0.891,0.694,1.014,0.722,0.579,0.383,0.201,0.25,0.856,0.955,0.891,0.694,1.014,0.722,0.579,0.383,0.201,0.25,30.364,6
0.856,0.955,0.891,0.694,1.014,0.722,0.579,0.383,0.201,0.25,0.856,0.955,0.891,0.694,1.014,0.722,0.579,0.383,0.201,0.25,30.364,6
0.856,0.955,0.891,0.694,1.014,0.722,0.579,0.383,0.201,0.25,0.856,0.955,0.891,0.694,1.014,0.722,0.579,0.383,0.201,0.25,30.364,6
0.856,0.955,0.891,0.694,1.014,0.722,0.579,0.383,0.201,0.25,0.856,0.955,0.891,0.694,1.014,0.722,0.579,0.383,0.201,0.25,30.364,6
0.856,0.955,0.891,0.694,1.014,0.722,0.579,0.383,0.201,0.25,0.856,0.955,0.891,0.694,1.014,0.722,0.579,0.383,0.201,0.25,30.364,6
0.913,1.304,0.855,0.701,0.32,1.911,0.934,0.48,0.455,1.049,0.913,1.304,0.855,0.701,0.32,1.911,0.934,0.48,0.455,1.049,10.63,7
0.904,1.345,0.844,0.708,0.278,2.384,1.059,0.491,0.569,1.374,0.904,1.345,0.844,0.708,0.278,2.384,1.059,0.491,0.569,1.374,9.22,7
0.957,1.419,0.87,0.735,0.305,2.31,0.87,0.448,0.43,1.501,0.957,1.419,0.87,0.735,0.305,2.31,0.87,0.448,0.43,1.501,10,7
0.87,1.345,0.863,0.725,0.245,2.598,1.125,0.562,0.562,1.53,0.87,1.345,0.863,0.725,0.245,2.598,1.125,0.562,0.562,1.53,8.944,7
0.95,1.388,0.87,0.73,0.299,2.27,0.905,0.47,0.435,1.416,0.95,1.388,0.87,0.73,0.299,2.27,0.905,0.47,0.435,1.416,10.817,7
0.916,1.4,0.867,0.726,0.275,2.542,1.003,0.514,0.49,1.588,0.916,1.4,0.867,0.726,0.275,2.542,1.003,0.514,0.49,1.588,8.602,7
0.898,1.367,0.873,0.71,0.294,2.276,0.988,0.555,0.433,1.36,0.898,1.367,0.873,0.71,0.294,2.276,0.988,0.555,0.433,1.36,9.434,7
0.981,1.386,0.868,0.725,0.332,2.044,0.83,0.431,0.399,1.259,0.981,1.386,0.868,0.725,0.332,2.044,0.83,0.431,0.399,1.259,8.062,7
0.945,1.377,0.861,0.714,0.31,2.214,0.925,0.475,0.451,1.35,0.945,1.377,0.861,0.714,0.31,2.214,0.925,0.475,0.451,1.35,7.81,7
0.902,1.379,0.864,0.719,0.269,2.528,1.048,0.542,0.506,1.581,0.902,1.379,0.864,0.719,0.269,2.528,1.048,0.542,0.506,1.581,9.22,7
0.989,1.441,0.877,0.734,0.348,2.071,0.763,0.409,0.355,1.373,0.989,1.441,0.877,0.734,0.348,2.071,0.763,0.409,0.355,1.373,10.63,7
0.982,1.44,0.868,0.722,0.339,2.175,0.82,0.432,0.4,1.453,0.982,1.44,0.868,0.722,0.339,2.175,0.82,0.432,0.4,1.453,12.042,7
0.96,1.439,0.859,0.725,0.333,2.169,0.825,0.4,0.425,1.397,0.96,1.439,0.859,0.725,0.333,2.169,0.825,0.4,0.425,1.397,10,7
0.986,1.481,0.876,0.741,0.373,1.999,0.706,0.366,0.341,1.371,0.986,1.481,0.876,0.741,0.373,1.999,0.706,0.366,0.341,1.371,11.402,7
0.974,1.416,0.852,0.733,0.365,1.885,0.736,0.329,0.407,1.186,0.974,1.416,0.852,0.733,0.365,1.885,0.736,0.329,0.407,1.186,11.18,7
0.929,1.406,0.857,0.736,0.291,2.344,0.908,0.419,0.491,1.487,0.929,1.406,0.857,0.736,0.291,2.344,0.908,0.419,0.491,1.487,11.402,7
0.992,1.458,0.866,0.703,0.382,1.993,0.781,0.429,0.353,1.279,0.992,1.458,0.866,0.703,0.382,1.993,0.781,0.429,0.353,1.279,13.416,7
0.869,1.322,0.854,0.688,0.287,2.237,1.088,0.58,0.521,1.173,0.869,1.322,0.854,0.688,0.287,2.237,1.088,0.58,0.521,1.173,11.402,7
1.002,1.453,0.878,0.743,0.351,2.049,0.734,0.384,0.354,1.38,1.002,1.453,0.878,0.743,0.351,2.049,0.734,0.384,0.354,1.38,8.602,7
0.887,1.355,0.834,0.673,0.301,2.298,1.087,0.534,0.559,1.243,0.887,1.355,0.834,0.673,0.301,2.298,1.087,0.534,0.559,1.243,7.81,7
0.968,1.457,0.858,0.712,0.35,2.15,0.823,0.416,0.409,1.362,0.968,1.457,0.858,0.712,0.35,2.15,0.823,0.416,0.409,1.362,10,7
0.935,1.401,0.861,0.712,0.327,2.131,0.88,0.456,0.425,1.309,0.935,1.401,0.861,0.712,0.327,2.131,0.88,0.456,0.425,1.309,10.63,7
0.979,1.429,0.85,0.71,0.37,1.969,0.786,0.379,0.407,1.239,0.979,1.429,0.85,0.71,0.37,1.969,0.786,0.379,0.407,1.239,13,7
0.931,1.401,0.853,0.703,0.343,2.046,0.871,0.438,0.435,1.23,0.931,1.401,0.853,0.703,0.343,2.046,0.871,0.438,0.435,1.23,10.63,7
0.938,1.446,0.867,0.735,0.327,2.204,0.819,0.409,0.409,1.476,0.938,1.446,0.867,0.735,0.327,2.204,0.819,0.409,0.409,1.476,10,7
0.899,1.331,0.842,0.676,0.324,2.038,0.999,0.512,0.488,1.076,0.899,1.331,0.842,0.676,0.324,2.038,0.999,0.512,0.488,1.076,10,7
0.92,1.419,0.861,0.727,0.325,2.153,0.843,0.411,0.437,1.386,0.92,1.419,0.861,0.727,0.325,2.153,0.843,0.411,0.437,1.386,10.63,7
0.937,1.435,0.866,0.711,0.342,2.142,0.848,0.455,0.395,1.354,0.937,1.435,0.866,0.711,0.342,2.142,0.848,0.455,0.395,1.354,10.817,7
0.956,1.43,0.855,0.722,0.355,2.007,0.787,0.38,0.408,1.275,0.956,1.43,0.855,0.722,0.355,2.007,0.787,0.38,0.408,1.275,12.207,7
0.958,1.442,0.862,0.705,0.38,1.949,0.784,0.418,0.366,1.228,0.958,1.442,0.862,0.705,0.38,1.949,0.784,0.418,0.366,1.228,10.63,7
0.915,1.416,0.856,0.715,0.308,2.309,0.927,0.46,0.469,1.429,0.915,1.416,0.856,0.715,0.308,2.309,0.927,0.46,0.469,1.429,7.81,7
0.894,1.389,0.858,0.706,0.312,2.227,0.943,0.488,0.455,1.353,0.894,1.389,0.858,0.706,0.312,2.227,0.943,0.488,0.455,1.353,11.662,7
0.838,1.314,0.863,0.673,0.299,2.166,1.096,0.637,0.46,1.103,0.838,1.314,0.863,0.673,0.299,2.166,1.096,0.637,0.46,1.103,11.18,7
0.904,1.36,0.869,0.702,0.331,2.017,0.901,0.506,0.395,1.17,0.904,1.36,0.869,0.702,0.331,2.017,0.901,0.506,0.395,1.17,13.454,7
0.872,1.346,0.849,0.685,0.311,2.153,1.015,0.526,0.497,1.157,0.872,1.346,0.849,0.685,0.311,2.153,1.015,0.526,0.497,1.157,13.038,7
0.854,1.298,0.804,0.648,0.28,2.382,1.268,0.557,0.72,1.151,0.854,1.298,0.804,0.648,0.28,2.382,1.268,0.557,0.72,1.151,10,7
0.947,1.363,0.853,0.678,0.361,1.937,0.893,0.486,0.407,1.093,0.947,1.363,0.853,0.678,0.361,1.937,0.893,0.486,0.407,1.093,12.806,7
0.923,1.381,0.847,0.689,0.33,2.14,0.944,0.482,0.466,1.256,0.923,1.381,0.847,0.689,0.33,2.14,0.944,0.482,0.466,1.256,11.402,7
0.906,1.342,0.851,0.715,0.313,2.046,0.913,0.437,0.479,1.177,0.906,1.342,0.851,0.715,0.313,2.046,0.913,0.437,0.479,1.177,12.042,7
0.953,1.391,0.88,0.7,0.352,1.995,0.853,0.515,0.341,1.177,0.953,1.391,0.88,0.7,0.352,1.995,0.853,0.515,0.341,1.177,13.038,7
0.912,1.348,0.875,0.703,0.309,2.14,0.962,0.555,0.409,1.232,0.912,1.348,0.875,0.703,0.309,2.14,0.962,0.555,0.409,1.232,10,7
0.913,1.371,0.853,0.705,0.31,2.198,0.956,0.484,0.473,1.279,0.913,1.371,0.853,0.705,0.31,2.198,0.956,0.484,0.473,1.279,12.042,7
0.948,1.408,0.859,0.72,0.341,2.044,0.821,0.408,0.415,1.265,0.948,1.408,0.859,0.72,0.341,2.044,0.821,0.408,0.415,1.265,12.53,7
0.882,1.31,0.864,0.68,0.323,1.972,0.993,0.573,0.422,1.021,0.882,1.31,0.864,0.68,0.323,1.972,0.993,0.573,0.422,1.021,12.806,7
0.917,1.412,0.849,0.696,0.338,2.142,0.904,0.455,0.451,1.306,0.917,1.412,0.849,0.696,0.338,2.142,0.904,0.455,0.451,1.306,10,7
0.9,1.416,0.857,0.717,0.294,2.425,0.964,0.479,0.487,1.519,0.9,1.416,0.857,0.717,0.294,2.425,0.964,0.479,0.487,1.519,11.402,7
0.932,1.445,0.866,0.721,0.33,2.221,0.848,0.44,0.409,1.444,0.932,1.445,0.866,0.721,0.33,2.221,0.848,0.44,0.409,1.444,10.296,7
0.952,1.414,0.87,0.729,0.347,2.002,0.784,0.406,0.378,1.289,0.952,1.414,0.87,0.729,0.347,2.002,0.784,0.406,0.378,1.289,11.402,7
0.93,1.414,0.847,0.705,0.336,2.131,0.88,0.425,0.456,1.309,0.93,1.414,0.847,0.705,0.336,2.131,0.88,0.425,0.456,1.309,8.485,7
0.879,1.357,0.845,0.69,0.31,2.191,1.003,0.502,0.502,1.226,0.879,1.357,0.845,0.69,0.31,2.191,1.003,0.502,0.502,1.226,10.817,7
0.959,1.388,0.868,0.734,0.322,2.072,0.826,0.416,0.412,1.314,0.959,1.388,0.868,0.734,0.322,2.072,0.826,0.416,0.412,1.314,10.817,7
1.048,1.23,0.798,0.643,0.79,0.778,0.515,0.278,0.258,0.297,1.048,1.23,0.798,0.643,0.79,0.778,0.515,0.278,0.258,0.297,26.926,8
0.977,1.112,0.746,0.557,0.757,0.792,0.635,0.291,0.346,0.158,0.977,1.112,0.746,0.557,0.757,0.792,0.635,0.291,0.346,0.158,26.833,8
1.165,1.249,0.805,0.642,0.902,0.717,0.456,0.239,0.223,0.276,1.165,1.249,0.805,0.642,0.902,0.717,0.456,0.239,0.223,0.276,28.601,8
1,1.113,0.775,0.578,0.748,0.758,0.598,0.297,0.304,0.162,1,1.113,0.775,0.578,0.748,0.758,0.598,0.297,0.304,0.162,27.203,8
1.015,1.14,0.782,0.621,0.756,0.735,0.553,0.276,0.291,0.185,1.015,1.14,0.782,0.621,0.756,0.735,0.553,0.276,0.291,0.185,22.472,8
1.036,1.184,0.73,0.571,0.802,0.804,0.574,0.252,0.337,0.231,1.036,1.184,0.73,0.571,0.802,0.804,0.574,0.252,0.337,0.231,27.659,8
1.073,1.094,0.814,0.619,0.818,0.646,0.517,0.277,0.241,0.131,1.073,1.094,0.814,0.619,0.818,0.646,0.517,0.277,0.241,0.131,29.411,8
0.997,1.114,0.74,0.575,0.787,0.756,0.603,0.265,0.343,0.153,0.997,1.114,0.74,0.575,0.787,0.756,0.603,0.265,0.343,0.153,27.731,8
1,1.073,0.75,0.592,0.756,0.691,0.58,0.257,0.334,0.116,1,1.073,0.75,0.592,0.756,0.691,0.58,0.257,0.334,0.116,29.155,8
1,1.073,0.75,0.592,0.756,0.691,0.58,0.257,0.334,0.116,1,1.073,0.75,0.592,0.756,0.691,0.58,0.257,0.334,0.116,29.155,8
0.98,1.095,0.76,0.568,0.761,0.764,0.602,0.277,0.325,0.196,0.98,1.095,0.76,0.568,0.761,0.764,0.602,0.277,0.325,0.196,27.203,8
0.973,1.099,0.722,0.552,0.759,0.776,0.635,0.282,0.368,0.142,0.973,1.099,0.722,0.552,0.759,0.776,0.635,0.282,0.368,0.142,29.411,8
0.936,1,0.702,0.519,0.711,0.747,0.717,0.303,0.423,0.112,0.936,1,0.702,0.519,0.711,0.747,0.717,0.303,0.423,0.112,29.206,8
0.964,1.092,0.743,0.563,0.723,0.771,0.638,0.289,0.357,0.133,0.964,1.092,0.743,0.563,0.723,0.771,0.638,0.289,0.357,0.133,28.284,8
1.043,1.153,0.818,0.613,0.837,0.718,0.525,0.293,0.233,0.193,1.043,1.153,0.818,0.613,0.837,0.718,0.525,0.293,0.233,0.193,25,8
1.042,1.054,0.774,0.595,0.78,0.667,0.559,0.263,0.298,0.149,1.042,1.054,0.774,0.595,0.78,0.667,0.559,0.263,0.298,0.149,29.206,8
1.028,1.125,0.823,0.622,0.796,0.712,0.534,0.298,0.237,0.18,1.028,1.125,0.823,0.622,0.796,0.712,0.534,0.298,0.237,0.18,25.554,8
0.971,1.101,0.713,0.558,0.749,0.776,0.627,0.257,0.385,0.154,0.971,1.101,0.713,0.558,0.749,0.776,0.627,0.257,0.385,0.154,28.302,8
1.05,1.195,0.767,0.601,0.802,0.783,0.549,0.265,0.295,0.243,1.05,1.195,0.767,0.601,0.802,0.783,0.549,0.265,0.295,0.243,29.411,8
1.169,1.206,0.817,0.652,0.907,0.666,0.447,0.236,0.214,0.228,1.169,1.206,0.817,0.652,0.907,0.666,0.447,0.236,0.214,0.228,28.302,8
0.979,1.045,0.713,0.569,0.749,0.721,0.626,0.249,0.389,0.131,0.979,1.045,0.713,0.569,0.749,0.721,0.626,0.249,0.389,0.131,26.627,8
1.125,1.174,0.821,0.647,0.886,0.663,0.468,0.252,0.218,0.199,1.125,1.174,0.821,0.647,0.886,0.663,0.468,0.252,0.218,0.199,26.627,8
1.101,1.227,0.766,0.644,0.859,0.737,0.482,0.218,0.279,0.265,1.101,1.227,0.766,0.644,0.859,0.737,0.482,0.218,0.279,0.265,25.942,8
1.034,1.24,0.769,0.642,0.799,0.783,0.511,0.229,0.296,0.304,1.034,1.24,0.769,0.642,0.799,0.783,0.511,0.229,0.296,0.304,27.203,8
0.992,1.074,0.756,0.578,0.754,0.727,0.608,0.29,0.327,0.128,0.992,1.074,0.756,0.578,0.754,0.727,0.608,0.29,0.327,0.128,26.926,8
0.979,1.1,0.722,0.554,0.73,0.786,0.636,0.275,0.381,0.157,0.979,1.1,0.722,0.554,0.73,0.786,0.636,0.275,0.381,0.157,27.785,8
0.942,1.07,0.67,0.535,0.714,0.801,0.685,0.253,0.462,0.128,0.942,1.07,0.67,0.535,0.714,0.801,0.685,0.253,0.462,0.128,29.155,8
0.968,1.071,0.751,0.587,0.733,0.727,0.615,0.27,0.35,0.116,0.968,1.071,0.751,0.587,0.733,0.727,0.615,0.27,0.35,0.116,27.785,8
1.098,1.168,0.788,0.623,0.832,0.706,0.499,0.24,0.263,0.208,1.098,1.168,0.788,0.623,0.832,0.706,0.499,0.24,0.263,0.208,27.803,8
0.985,1.091,0.73,0.562,0.754,0.766,0.629,0.27,0.365,0.142,0.985,1.091,0.73,0.562,0.754,0.766,0.629,0.27,0.365,0.142,27.203,8
1.014,1.059,0.763,0.61,0.8,0.649,0.556,0.265,0.303,0.099,1.014,1.059,0.763,0.61,0.8,0.649,0.556,0.265,0.303,0.099,28.231,8
1.083,1.156,0.811,0.662,0.857,0.66,0.472,0.236,0.239,0.19,1.083,1.156,0.811,0.662,0.857,0.66,0.472,0.236,0.239,0.19,27.203,8
1.059,1.062,0.81,0.632,0.824,0.632,0.519,0.265,0.254,0.13,1.059,1.062,0.81,0.632,0.824,0.632,0.519,0.265,0.254,0.13,28.018,8
1.099,1.139,0.822,0.651,0.833,0.658,0.489,0.257,0.233,0.171,1.099,1.139,0.822,0.651,0.833,0.658,0.489,0.257,0.233,0.171,27.203,8
0.95,1.048,0.688,0.527,0.722,0.78,0.693,0.277,0.433,0.112,0.95,1.048,0.688,0.527,0.722,0.78,0.693,0.277,0.433,0.112,29.206,8
1.02,1.079,0.77,0.614,0.752,0.685,0.559,0.249,0.315,0.133,1.02,1.079,0.77,0.614,0.752,0.685,0.559,0.249,0.315,0.133,26.926,8
0.954,1.095,0.679,0.542,0.74,0.793,0.655,0.24,0.435,0.139,0.954,1.095,0.679,0.542,0.74,0.793,0.655,0.24,0.435,0.139,26.401,8
0.955,1.095,0.736,0.571,0.729,0.767,0.627,0.283,0.362,0.142,0.955,1.095,0.736,0.571,0.729,0.767,0.627,0.283,0.362,0.142,31.401,8
0.955,1.095,0.736,0.571,0.729,0.767,0.627,0.283,0.362,0.142,0.955,1.095,0.736,0.571,0.729,0.767,0.627,0.283,0.362,0.142,31.401,8
1.017,1.205,0.754,0.588,0.838,0.784,0.533,0.238,0.3,0.251,1.017,1.205,0.754,0.588,0.838,0.784,0.533,0.238,0.3,0.251,28.018,8
1.068,1.134,0.775,0.626,0.87,0.683,0.51,0.236,0.277,0.174,1.068,1.134,0.775,0.626,0.87,0.683,0.51,0.236,0.277,0.174,28.018,8
1.025,1.094,0.774,0.603,0.819,0.685,0.551,0.261,0.292,0.137,1.025,1.094,0.774,0.603,0.819,0.685,0.551,0.261,0.292,0.137,27.295,8
1.094,1.108,0.787,0.635,0.883,0.645,0.497,0.236,0.263,0.151,1.094,1.108,0.787,0.635,0.883,0.645,0.497,0.236,0.263,0.151,27.203,8
1.085,1.153,0.811,0.623,0.852,0.689,0.507,0.278,0.233,0.184,1.085,1.153,0.811,0.623,0.852,0.689,0.507,0.278,0.233,0.184,29.682,8
1.057,1.151,0.788,0.619,0.861,0.691,0.512,0.274,0.251,0.181,1.057,1.151,0.788,0.619,0.861,0.691,0.512,0.274,0.251,0.181,26.401,8
1.015,1.074,0.799,0.609,0.798,0.682,0.557,0.284,0.273,0.138,1.015,1.074,0.799,0.609,0.798,0.682,0.557,0.284,0.273,0.138,25.554,8
1.106,1.14,0.793,0.656,0.856,0.668,0.48,0.228,0.257,0.19,1.106,1.14,0.793,0.656,0.856,0.668,0.48,0.228,0.257,0.19,28.601,8
0.99,1.066,0.726,0.542,0.751,0.754,0.646,0.277,0.372,0.124,0.99,1.066,0.726,0.542,0.751,0.754,0.646,0.277,0.372,0.124,25.807,8
1.031,1.156,0.756,0.625,0.779,0.727,0.524,0.219,0.318,0.203,1.031,1.156,0.756,0.625,0.779,0.727,0.524,0.219,0.318,0.203,25.495,8
1.002,1.099,0.744,0.603,0.804,0.721,0.572,0.24,0.337,0.154,1.002,1.099,0.744,0.603,0.804,0.721,0.572,0.24,0.337,0.154,25,8
0.998,1.032,0.816,0.593,0.754,0.669,0.589,0.332,0.257,0.125,0.998,1.032,0.816,0.593,0.754,0.669,0.589,0.332,0.257,0.125,29.206,8
0.842,0.969,0.985,0.908,0.179,0.852,1.023,0.877,0.146,0.196,0.842,0.969,0.985,0.908,0.179,0.852,1.023,0.877,0.146,0.196,26.249,9
0.82,0.964,0.991,0.908,0.184,0.848,0.976,0.811,0.176,0.197,0.82,0.964,0.991,0.908,0.184,0.848,0.976,0.811,0.176,0.197,21.932,9
0.84,0.97,0.996,0.916,0.191,0.716,0.88,0.799,0.087,0.184,0.84,0.97,0.996,0.916,0.191,0.716,0.88,0.799,0.087,0.184,20.396,9
0.836,0.98,1.001,0.915,0.185,0.894,1,0.888,0.139,0.124,0.836,0.98,1.001,0.915,0.185,0.894,1,0.888,0.139,0.124,18.385,9
0.839,0.98,1.001,0.936,0.163,0.812,0.929,0.797,0.159,0.142,0.839,0.98,1.001,0.936,0.163,0.812,0.929,0.797,0.159,0.142,27.659,9
0.839,0.97,1.007,0.936,0.163,0.757,0.929,0.767,0.225,0.214,0.839,0.97,1.007,0.936,0.163,0.757,0.929,0.767,0.225,0.214,20.616,9
0.873,0.99,1.002,0.934,0.166,0.815,0.875,0.752,0.156,0.07,0.873,0.99,1.002,0.934,0.166,0.815,0.875,0.752,0.156,0.07,21.587,9
0.861,0.98,1.003,0.934,0.199,0.74,0.842,0.733,0.136,0.121,0.861,0.98,1.003,0.934,0.199,0.74,0.842,0.733,0.136,0.121,19.313,9
0.836,0.97,0.991,0.912,0.16,0.831,1.02,0.834,0.202,0.214,0.836,0.97,0.991,0.912,0.16,0.831,1.02,0.834,0.202,0.214,25.962,9
0.855,0.974,1.001,0.94,0.161,0.759,0.833,0.703,0.16,0.16,0.855,0.974,1.001,0.94,0.161,0.759,0.833,0.703,0.16,0.16,21.84,9
0.874,0.979,1.002,0.966,0.182,0.707,0.801,0.665,0.149,0.133,0.874,0.979,1.002,0.966,0.182,0.707,0.801,0.665,0.149,0.133,18.358,9
0.863,0.984,0.99,0.909,0.145,0.977,1.023,0.946,0.081,0.114,0.863,0.984,0.99,0.909,0.145,0.977,1.023,0.946,0.081,0.114,19.925,9
0.851,0.979,0.991,0.927,0.179,0.807,0.918,0.739,0.187,0.132,0.851,0.979,0.991,0.927,0.179,0.807,0.918,0.739,0.187,0.132,24.042,9
0.848,0.979,1.002,0.946,0.181,0.709,0.814,0.686,0.149,0.133,0.848,0.979,1.002,0.946,0.181,0.709,0.814,0.686,0.149,0.133,25.632,9
0.876,0.99,1.002,0.937,0.171,0.853,0.911,0.781,0.156,0.07,0.876,0.99,1.002,0.937,0.171,0.853,0.911,0.781,0.156,0.07,22.804,9
0.861,0.979,0.985,0.918,0.159,0.977,1.107,0.939,0.168,0.15,0.861,0.979,0.985,0.918,0.159,0.977,1.107,0.939,0.168,0.15,20.616,9
0.854,0.98,0.982,0.91,0.155,1.041,1.173,0.906,0.27,0.15,0.854,0.98,0.982,0.91,0.155,1.041,1.173,0.906,0.27,0.15,21.84,9
0.849,0.98,0.992,0.921,0.152,0.894,1.029,0.826,0.217,0.153,0.849,0.98,0.992,0.921,0.152,0.894,1.029,0.826,0.217,0.153,22.804,9
0.838,0.974,0.98,0.903,0.141,1.041,1.157,1.003,0.166,0.186,0.838,0.974,0.98,0.903,0.141,1.041,1.157,1.003,0.166,0.186,25.08,9
0.855,0.98,0.991,0.917,0.177,0.852,0.965,0.79,0.185,0.131,0.855,0.98,0.991,0.917,0.177,0.852,0.965,0.79,0.185,0.131,24.352,9
0.84,0.973,1.002,0.929,0.179,0.852,0.924,0.804,0.149,0.149,0.84,0.973,1.002,0.929,0.179,0.852,0.924,0.804,0.149,0.149,24.166,9
0.856,0.973,0.986,0.937,0.18,0.889,0.953,0.807,0.148,0.148,0.856,0.973,0.986,0.937,0.18,0.889,0.953,0.807,0.148,0.148,25.71,9
0.866,0.973,1.002,0.927,0.184,0.916,0.983,0.864,0.144,0.144,0.866,0.973,1.002,0.927,0.184,0.916,0.983,0.864,0.144,0.144,24.352,9
0.859,0.973,1.002,0.946,0.193,0.789,0.844,0.723,0.139,0.139,0.859,0.973,1.002,0.946,0.193,0.789,0.844,0.723,0.139,0.139,27.514,9
0.85,0.973,0.992,0.926,0.207,0.894,0.953,0.795,0.162,0.128,0.85,0.973,0.992,0.926,0.207,0.894,0.953,0.795,0.162,0.128,25.632,9
0.865,0.99,1.002,0.943,0.21,0.894,0.939,0.826,0.128,0.057,0.865,0.99,1.002,0.943,0.21,0.894,0.939,0.826,0.128,0.057,25,9
0.859,0.963,0.986,0.941,0.18,0.748,0.862,0.715,0.148,0.209,0.859,0.963,0.986,0.941,0.18,0.748,0.862,0.715,0.148,0.209,25.962,9
0.846,0.974,0.985,0.951,0.189,0.841,0.888,0.753,0.14,0.14,0.846,0.974,0.985,0.951,0.189,0.841,0.888,0.753,0.14,0.14,21.024,9
0.85,0.973,1,0.951,0.184,0.66,0.721,0.721,0,0.149,0.85,0.973,1,0.951,0.184,0.66,0.721,0.721,0,0.149,27.514,9
0.851,0.979,1.001,0.925,0.192,0.836,0.938,0.824,0.137,0.123,0.851,0.979,1.001,0.925,0.192,0.836,0.938,0.824,0.137,0.123,25,9
0.85,0.973,1.002,0.95,0.167,0.705,0.771,0.637,0.159,0.159,0.85,0.973,1.002,0.95,0.167,0.705,0.771,0.637,0.159,0.159,25.962,9
0.875,0.979,0.992,0.931,0.16,0.811,0.939,0.738,0.212,0.15,0.875,0.979,0.992,0.931,0.16,0.811,0.939,0.738,0.212,0.15,25.318,9
0.846,0.984,0.982,0.903,0.182,0.951,0.981,0.754,0.232,0.091,0.846,0.984,0.982,0.903,0.182,0.951,0.981,0.754,0.232,0.091,26.249,9
0.851,0.99,0.996,0.941,0.182,0.72,0.776,0.685,0.094,0.067,0.851,0.99,0.996,0.941,0.182,0.72,0.776,0.685,0.094,0.067,26.683,9
0.872,0.979,0.991,0.932,0.196,0.776,0.874,0.707,0.171,0.121,0.872,0.979,0.991,0.932,0.196,0.776,0.874,0.707,0.171,0.121,29.428,9
0.873,0.973,0.986,0.93,0.203,0.764,0.829,0.696,0.133,0.133,0.873,0.973,0.986,0.93,0.203,0.764,0.829,0.696,0.133,0.133,27.514,9
0.87,0.973,0.991,0.932,0.198,0.816,0.874,0.707,0.171,0.136,0.87,0.973,0.991,0.932,0.198,0.816,0.874,0.707,0.171,0.136,24.352,9
0.867,0.99,1.001,0.915,0.199,0.829,0.881,0.776,0.133,0.06,0.867,0.99,1.001,0.915,0.199,0.829,0.881,0.776,0.133,0.06,29.411,9
0.867,0.989,0.998,0.928,0.189,0.84,0.895,0.694,0.232,0.064,0.867,0.989,0.998,0.928,0.189,0.84,0.895,0.694,0.232,0.064,28.636,9
0.871,0.973,0.991,0.927,0.185,0.825,0.895,0.72,0.182,0.144,0.871,0.973,0.991,0.927,0.185,0.825,0.895,0.72,0.182,0.144,25.298,9
0.878,0.989,0.992,0.926,0.208,0.844,0.893,0.733,0.166,0.059,0.878,0.989,0.992,0.926,0.208,0.844,0.893,0.733,0.166,0.059,21.378,9
0.87,0.979,1.001,0.94,0.171,0.851,0.962,0.825,0.158,0.141,0.87,0.979,1.001,0.94,0.171,0.851,0.962,0.825,0.158,0.141,23.707,9
0.9,0.989,0.991,0.966,0.204,0.816,0.857,0.686,0.171,0.061,0.9,0.989,0.991,0.966,0.204,0.816,0.857,0.686,0.171,0.061,25.962,9
0.871,0.979,1.002,0.945,0.215,0.689,0.779,0.668,0.128,0.115,0.871,0.979,1.002,0.945,0.215,0.689,0.779,0.668,0.128,0.115,25.71,9
0.857,0.984,1.002,0.938,0.19,0.794,0.809,0.693,0.139,0.088,0.857,0.984,1.002,0.938,0.19,0.794,0.809,0.693,0.139,0.088,25.962,9
0.88,0.979,0.982,0.914,0.142,0.955,1.111,0.811,0.308,0.171,0.88,0.979,0.982,0.914,0.142,0.955,1.111,0.811,0.308,0.171,26.683,9
0.897,0.985,0.985,0.935,0.179,0.728,0.877,0.728,0.15,0.15,0.897,0.985,0.985,0.935,0.179,0.728,0.877,0.728,0.15,0.15,23.537,9
0.86,0.973,0.985,0.927,0.183,0.837,0.908,0.762,0.146,0.146,0.86,0.973,0.985,0.927,0.183,0.837,0.908,0.762,0.146,0.146,29.833,9
0.892,0.989,1.003,0.948,0.196,0.81,0.86,0.738,0.141,0.063,0.892,0.989,1.003,0.948,0.196,0.81,0.86,0.738,0.141,0.063,26.306,9
0.888,0.979,0.985,0.936,0.196,0.721,0.825,0.684,0.141,0.126,0.888,0.979,0.985,0.936,0.196,0.721,0.825,0.684,0.141,0.126,29.833,9
0.872,0.979,0.995,0.94,0.182,0.702,0.807,0.715,0.093,0.132,0.872,0.979,0.995,0.94,0.182,0.702,0.807,0.715,0.093,0.132,29.833,9
1.166,1.903,0.745,0.688,0.58,2.094,0.584,0.124,0.463,1.62,1.166,1.903,0.745,0.688,0.58,2.094,0.584,0.124,0.463,1.62,22.361,10
1.317,2.122,0.814,0.785,0.64,2.092,0.371,0.049,0.322,1.798,1.317,2.122,0.814,0.785,0.64,2.092,0.371,0.049,0.322,1.798,21.471,10
1.195,2.042,0.823,0.768,0.554,2.31,0.459,0.108,0.351,1.952,1.195,2.042,0.823,0.768,0.554,2.31,0.459,0.108,0.351,1.952,16.643,10
1.221,1.978,0.827,0.746,0.579,2.131,0.477,0.15,0.327,1.749,1.221,1.978,0.827,0.746,0.579,2.131,0.477,0.15,0.327,1.749,21.541,10
1.282,2.055,0.79,0.7,0.683,1.985,0.492,0.157,0.335,1.61,1.282,2.055,0.79,0.7,0.683,1.985,0.492,0.157,0.335,1.61,23.77,10
1.277,2.135,0.777,0.727,0.632,2.228,0.452,0.079,0.376,1.824,1.277,2.135,0.777,0.727,0.632,2.228,0.452,0.079,0.376,1.824,20.881,10
1.19,2.025,0.8,0.752,0.597,2.132,0.495,0.142,0.365,1.791,1.19,2.025,0.8,0.752,0.597,2.132,0.495,0.142,0.365,1.791,17.205,10
1.28,2.011,0.773,0.759,0.592,2.119,0.472,0.069,0.417,1.777,1.28,2.011,0.773,0.759,0.592,2.119,0.472,0.069,0.417,1.777,25.962,10
1.324,2.067,0.842,0.795,0.591,2.16,0.376,0.079,0.304,1.859,1.324,2.067,0.842,0.795,0.591,2.16,0.376,0.079,0.304,1.859,24.698,10
1.213,1.994,0.754,0.694,0.604,2.155,0.558,0.124,0.437,1.718,1.213,1.994,0.754,0.694,0.604,2.155,0.558,0.124,0.437,1.718,23.087,10
1.346,2.081,0.798,0.742,0.674,1.991,0.41,0.091,0.319,1.653,1.346,2.081,0.798,0.742,0.674,1.991,0.41,0.091,0.319,1.653,23.77,10
1.199,2.057,0.815,0.76,0.548,2.37,0.493,0.109,0.385,2.006,1.199,2.057,0.815,0.76,0.548,2.37,0.493,0.109,0.385,2.006,19.698,10
1.299,2.108,0.831,0.796,0.622,2.111,0.407,0.078,0.329,1.832,1.299,2.108,0.831,0.796,0.622,2.111,0.407,0.078,0.329,1.832,22.472,10
1.224,1.955,0.773,0.733,0.606,2.019,0.508,0.107,0.408,1.66,1.224,1.955,0.773,0.733,0.606,2.019,0.508,0.107,0.408,1.66,23.259,10
1.134,1.972,0.811,0.758,0.538,2.263,0.514,0.107,0.409,1.895,1.134,1.972,0.811,0.758,0.538,2.263,0.514,0.107,0.409,1.895,14.765,10
1.313,2.087,0.81,0.735,0.664,2.042,0.436,0.117,0.324,1.695,1.313,2.087,0.81,0.735,0.664,2.042,0.436,0.117,0.324,1.695,22.361,10
1.278,2.005,0.769,0.688,0.668,1.978,0.484,0.132,0.354,1.558,1.278,2.005,0.769,0.688,0.668,1.978,0.484,0.132,0.354,1.558,22.361,10
1.356,2.138,0.798,0.735,0.688,2.039,0.428,0.115,0.315,1.699,1.356,2.138,0.798,0.735,0.688,2.039,0.428,0.115,0.315,1.699,24.739,10
1.252,2.1,0.818,0.735,0.606,2.257,0.477,0.151,0.327,1.867,1.252,2.1,0.818,0.735,0.606,2.257,0.477,0.151,0.327,1.867,20.881,10
1.157,1.957,0.804,0.726,0.562,2.196,0.528,0.151,0.377,1.781,1.157,1.957,0.804,0.726,0.562,2.196,0.528,0.151,0.377,1.781,16.643,10
1.294,2.056,0.803,0.748,0.589,2.228,0.46,0.102,0.358,1.853,1.294,2.056,0.803,0.748,0.589,2.228,0.46,0.102,0.358,1.853,25.495,10
1.274,1.954,0.827,0.757,0.587,2.043,0.453,0.121,0.337,1.69,1.274,1.954,0.827,0.757,0.587,2.043,0.453,0.121,0.337,1.69,24.698,10
1.311,2.034,0.768,0.733,0.642,2.03,0.458,0.072,0.388,1.682,1.311,2.034,0.768,0.733,0.642,2.03,0.458,0.072,0.388,1.682,23.409,10
1.351,2.049,0.81,0.766,0.619,2.08,0.439,0.106,0.336,1.788,1.351,2.049,0.81,0.766,0.619,2.08,0.439,0.106,0.336,1.788,27.893,10
1.297,1.969,0.786,0.726,0.631,1.972,0.47,0.114,0.358,1.592,1.297,1.969,0.786,0.726,0.631,1.972,0.47,0.114,0.358,1.592,26.249,10
1.297,1.969,0.786,0.726,0.631,1.972,0.47,0.114,0.358,1.592,1.297,1.969,0.786,0.726,0.631,1.972,0.47,0.114,0.358,1.592,26.249,10
1.297,1.969,0.786,0.726,0.631,1.972,0.47,0.114,0.358,1.592,1.297,1.969,0.786,0.726,0.631,1.972,0.47,0.114,0.358,1.592,26.249,10
1.307,2.065,0.814,0.744,0.626,2.117,0.425,0.112,0.326,1.749,1.307,2.065,0.814,0.744,0.626,2.117,0.425,0.112,0.326,1.749,23.77,10
1.293,2.038,0.782,0.72,0.643,2.05,0.496,0.119,0.377,1.67,1.293,2.038,0.782,0.72,0.643,2.05,0.496,0.119,0.377,1.67,23.087,10
1.351,2.129,0.819,0.791,0.638,2.095,0.404,0.049,0.357,1.819,1.351,2.129,0.819,0.791,0.638,2.095,0.404,0.049,0.357,1.819,25.962,10
1.215,1.915,0.783,0.707,0.594,2.033,0.542,0.141,0.401,1.583,1.215,1.915,0.783,0.707,0.594,2.033,0.542,0.141,0.401,1.583,23.77,10
1.397,2.073,0.802,0.741,0.745,1.788,0.416,0.104,0.312,1.485,1.397,2.073,0.802,0.741,0.745,1.788,0.416,0.104,0.312,1.485,26,10
1.297,1.925,0.771,0.732,0.654,1.825,0.483,0.097,0.391,1.473,1.297,1.925,0.771,0.732,0.654,1.825,0.483,0.097,0.391,1.473,23.77,10
1.323,2.012,0.815,0.771,0.632,1.966,0.422,0.102,0.324,1.667,1.323,2.012,0.815,0.771,0.632,1.966,0.422,0.102,0.324,1.667,23.259,10
1.331,1.974,0.779,0.7,0.695,1.836,0.488,0.126,0.363,1.466,1.331,1.974,0.779,0.7,0.695,1.836,0.488,0.126,0.363,1.466,28.46,10
1.353,2.014,0.833,0.806,0.588,2.065,0.381,0.05,0.332,1.803,1.353,2.014,0.833,0.806,0.588,2.065,0.381,0.05,0.332,1.803,28.46,10
1.295,2.008,0.768,0.721,0.631,2.046,0.468,0.074,0.398,1.662,1.295,2.008,0.768,0.721,0.631,2.046,0.468,0.074,0.398,1.662,25.632,10
1.316,2.04,0.782,0.721,0.693,1.904,0.465,0.112,0.354,1.558,1.316,2.04,0.782,0.721,0.693,1.904,0.465,0.112,0.354,1.558,23.259,10
1.276,1.992,0.755,0.68,0.648,2.032,0.528,0.117,0.416,1.624,1.276,1.992,0.755,0.68,0.648,2.032,0.528,0.117,0.416,1.624,22.136,10
1.238,1.939,0.737,0.668,0.666,1.913,0.534,0.135,0.406,1.485,1.238,1.939,0.737,0.668,0.666,1.913,0.534,0.135,0.406,1.485,22.472,10
1.299,2.032,0.79,0.763,0.61,2.091,0.42,0.049,0.371,1.758,1.299,2.032,0.79,0.763,0.61,2.091,0.42,0.049,0.371,1.758,21.541,10
1.333,2.027,0.777,0.713,0.673,1.955,0.478,0.115,0.363,1.6,1.333,2.027,0.777,0.713,0.673,1.955,0.478,0.115,0.363,1.6,23.77,10
1.276,1.945,0.746,0.658,0.718,1.797,0.554,0.168,0.388,1.363,1.276,1.945,0.746,0.658,0.718,1.797,0.554,0.168,0.388,1.363,23.409,10
1.282,1.995,0.768,0.667,0.672,1.975,0.527,0.155,0.374,1.533,1.282,1.995,0.768,0.667,0.672,1.975,0.527,0.155,0.374,1.533,24.698,10
1.288,2.091,0.825,0.817,0.61,2.093,0.366,0.036,0.335,1.859,1.288,2.091,0.825,0.817,0.61,2.093,0.366,0.036,0.335,1.859,19.416,10
1.309,1.988,0.768,0.721,0.621,2.048,0.476,0.075,0.405,1.657,1.309,1.988,0.768,0.721,0.621,2.048,0.476,0.075,0.405,1.657,26.249,10
1.247,1.952,0.773,0.713,0.603,2.056,0.526,0.121,0.406,1.634,1.247,1.952,0.773,0.713,0.603,2.056,0.526,0.121,0.406,1.634,20.616,10
1.346,2.052,0.782,0.72,0.715,1.863,0.446,0.107,0.339,1.528,1.346,2.052,0.782,0.72,0.715,1.863,0.446,0.107,0.339,1.528,25.495,10
1.44,2.144,0.801,0.755,0.738,1.883,0.39,0.095,0.299,1.604,1.44,2.144,0.801,0.755,0.738,1.883,0.39,0.095,0.299,1.604,30.083,10
1.282,1.987,0.749,0.695,0.637,2.033,0.505,0.092,0.413,1.607,1.282,1.987,0.749,0.695,0.637,2.033,0.505,0.092,0.413,1.607,23.77,10
1.324,1.946,0.792,0.732,0.632,1.919,0.482,0.116,0.366,1.553,1.324,1.946,0.792,0.732,0.632,1.919,0.482,0.116,0.366,1.553,30.594,10
0.871,1.192,0.842,0.727,0.601,0.848,0.455,0.193,0.262,0.539,0.871,1.192,0.842,0.727,0.601,0.848,0.455,0.193,0.262,0.539,37.696,11
0.776,1.07,0.773,0.658,0.554,0.812,0.619,0.211,0.41,0.373,0.776,1.07,0.773,0.658,0.554,0.812,0.619,0.211,0.41,0.373,39,11
0.876,1.213,0.853,0.734,0.644,0.814,0.419,0.19,0.229,0.439,0.876,1.213,0.853,0.734,0.644,0.814,0.419,0.19,0.229,0.439,37.696,11
0.847,1.177,0.856,0.756,0.592,0.773,0.412,0.17,0.244,0.462,0.847,1.177,0.856,0.756,0.592,0.773,0.412,0.17,0.244,0.462,38.626,11
0.787,1.075,0.78,0.68,0.549,0.787,0.583,0.185,0.401,0.404,0.787,1.075,0.78,0.68,0.549,0.787,0.583,0.185,0.401,0.404,39,11
0.87,1.084,0.881,0.757,0.611,0.547,0.398,0.205,0.195,0.188,0.87,1.084,0.881,0.757,0.611,0.547,0.398,0.205,0.195,0.188,40.162,11
0.753,1.052,0.76,0.639,0.54,0.828,0.675,0.224,0.452,0.293,0.753,1.052,0.76,0.639,0.54,0.828,0.675,0.224,0.452,0.293,37.696,11
0.777,1.087,0.799,0.684,0.53,0.787,0.597,0.216,0.383,0.26,0.777,1.087,0.799,0.684,0.53,0.787,0.597,0.216,0.383,0.26,40.497,11
0.902,1.159,0.89,0.782,0.638,0.607,0.342,0.17,0.173,0.292,0.902,1.159,0.89,0.782,0.638,0.607,0.342,0.17,0.173,0.292,37.162,11
0.789,1.101,0.794,0.676,0.559,0.82,0.582,0.213,0.369,0.356,0.789,1.101,0.794,0.676,0.559,0.82,0.582,0.213,0.369,0.356,36.77,11
0.72,1.02,0.715,0.602,0.516,0.869,0.777,0.223,0.554,0.278,0.72,1.02,0.715,0.602,0.516,0.869,0.777,0.223,0.554,0.278,37.162,11
0.882,1.214,0.875,0.776,0.632,0.757,0.355,0.157,0.199,0.462,0.882,1.214,0.875,0.776,0.632,0.757,0.355,0.157,0.199,0.462,39,11
0.887,1.232,0.891,0.792,0.636,0.771,0.331,0.159,0.172,0.488,0.887,1.232,0.891,0.792,0.636,0.771,0.331,0.159,0.172,0.488,37.59,11
0.86,1.168,0.877,0.755,0.598,0.752,0.41,0.204,0.207,0.436,0.86,1.168,0.877,0.755,0.598,0.752,0.41,0.204,0.207,0.436,38.626,11
0.887,1.215,0.833,0.738,0.597,0.845,0.44,0.162,0.279,0.459,0.887,1.215,0.833,0.738,0.597,0.845,0.44,0.162,0.279,0.459,36.77,11
0.913,1.255,0.898,0.804,0.644,0.759,0.307,0.146,0.161,0.482,0.913,1.255,0.898,0.804,0.644,0.759,0.307,0.146,0.161,0.482,38.484,11
0.88,1.21,0.872,0.77,0.638,0.761,0.361,0.159,0.202,0.469,0.88,1.21,0.872,0.77,0.638,0.761,0.361,0.159,0.202,0.469,35.847,11
0.877,1.22,0.86,0.748,0.62,0.808,0.408,0.181,0.227,0.504,0.877,1.22,0.86,0.748,0.62,0.808,0.408,0.181,0.227,0.504,33.838,11
0.881,1.196,0.847,0.748,0.63,0.766,0.4,0.157,0.242,0.443,0.881,1.196,0.847,0.748,0.63,0.766,0.4,0.157,0.242,0.443,35.847,11
0.874,1.238,0.857,0.733,0.622,0.866,0.429,0.2,0.23,0.506,0.874,1.238,0.857,0.733,0.622,0.866,0.429,0.2,0.23,0.506,35.847,11
0.746,1.039,0.745,0.632,0.52,0.821,0.708,0.217,0.491,0.311,0.746,1.039,0.745,0.632,0.52,0.821,0.708,0.217,0.491,0.311,33.541,11
0.777,1.1,0.735,0.65,0.546,0.858,0.642,0.158,0.486,0.305,0.777,1.1,0.735,0.65,0.546,0.858,0.642,0.158,0.486,0.305,36.249,11
0.693,0.993,0.721,0.601,0.472,0.878,0.846,0.257,0.59,0.317,0.693,0.993,0.721,0.601,0.472,0.878,0.846,0.257,0.59,0.317,36.401,11
0.862,1.182,0.853,0.722,0.604,0.815,0.463,0.218,0.247,0.41,0.862,1.182,0.853,0.722,0.604,0.815,0.463,0.218,0.247,0.41,34.015,11
0.913,1.263,0.863,0.754,0.639,0.849,0.386,0.171,0.215,0.511,0.913,1.263,0.863,0.754,0.639,0.849,0.386,0.171,0.215,0.511,35.341,11
0.881,1.218,0.84,0.728,0.629,0.834,0.432,0.181,0.256,0.49,0.881,1.218,0.84,0.728,0.629,0.834,0.432,0.181,0.256,0.49,34.482,11
0.726,1.024,0.754,0.643,0.537,0.782,0.671,0.21,0.461,0.296,0.726,1.024,0.754,0.643,0.537,0.782,0.671,0.21,0.461,0.296,35.341,11
0.75,1.061,0.754,0.648,0.512,0.852,0.689,0.207,0.484,0.316,0.75,1.061,0.754,0.648,0.512,0.852,0.689,0.207,0.484,0.316,36.77,11
0.84,1.141,0.851,0.731,0.59,0.725,0.456,0.205,0.253,0.332,0.84,1.141,0.851,0.731,0.59,0.725,0.456,0.205,0.253,0.332,37.696,11
0.856,1.215,0.841,0.744,0.591,0.847,0.434,0.164,0.27,0.486,0.856,1.215,0.841,0.744,0.591,0.847,0.434,0.164,0.27,0.486,33.287,11
0.909,1.195,0.901,0.776,0.638,0.712,0.352,0.197,0.155,0.418,0.909,1.195,0.901,0.776,0.638,0.712,0.352,0.197,0.155,0.418,36.249,11
0.894,1.23,0.871,0.771,0.657,0.763,0.349,0.153,0.196,0.49,0.894,1.23,0.871,0.771,0.657,0.763,0.349,0.153,0.196,0.49,34.886,11
0.865,1.223,0.839,0.742,0.607,0.851,0.425,0.16,0.267,0.531,0.865,1.223,0.839,0.742,0.607,0.851,0.425,0.16,0.267,0.531,36.77,11
0.76,1.061,0.78,0.664,0.553,0.772,0.61,0.213,0.398,0.306,0.76,1.061,0.78,0.664,0.553,0.772,0.61,0.213,0.398,0.306,37.696,11
0.9,1.246,0.867,0.751,0.631,0.837,0.395,0.183,0.212,0.501,0.9,1.246,0.867,0.751,0.631,0.837,0.395,0.183,0.212,0.501,36.674,11
0.747,1.024,0.755,0.645,0.521,0.772,0.682,0.213,0.47,0.301,0.747,1.024,0.755,0.645,0.521,0.772,0.682,0.213,0.47,0.301,36.056,11
0.906,1.24,0.865,0.758,0.656,0.787,0.369,0.164,0.205,0.467,0.906,1.24,0.865,0.758,0.656,0.787,0.369,0.164,0.205,0.467,35.341,11
0.682,1.018,0.72,0.602,0.49,0.91,0.822,0.245,0.578,0.26,0.682,1.018,0.72,0.602,0.49,0.91,0.822,0.245,0.578,0.26,37.336,11
0.849,1.179,0.863,0.761,0.588,0.768,0.409,0.175,0.234,0.414,0.849,1.179,0.863,0.761,0.588,0.768,0.409,0.175,0.234,0.414,37.336,11
0.852,1.182,0.857,0.731,0.616,0.8,0.446,0.208,0.239,0.392,0.852,1.182,0.857,0.731,0.616,0.8,0.446,0.208,0.239,0.392,36.401,11
0.806,1.146,0.826,0.713,0.592,0.799,0.491,0.198,0.295,0.377,0.806,1.146,0.826,0.713,0.592,0.799,0.491,0.198,0.295,0.377,36.401,11
0.757,1.077,0.766,0.643,0.531,0.864,0.675,0.237,0.441,0.302,0.757,1.077,0.766,0.643,0.531,0.864,0.675,0.237,0.441,0.302,36.401,11
0.89,1.227,0.849,0.751,0.613,0.824,0.406,0.16,0.247,0.475,0.89,1.227,0.849,0.751,0.613,0.824,0.406,0.16,0.247,0.475,36.401,11
0.793,1.096,0.788,0.695,0.566,0.763,0.551,0.171,0.381,0.258,0.793,1.096,0.788,0.695,0.566,0.763,0.551,0.171,0.381,0.258,36.401,11
0.879,1.207,0.879,0.768,0.618,0.754,0.379,0.183,0.196,0.404,0.879,1.207,0.879,0.768,0.618,0.754,0.379,0.183,0.196,0.404,34.928,11
0.816,1.107,0.812,0.706,0.567,0.748,0.519,0.188,0.332,0.309,0.816,1.107,0.812,0.706,0.567,0.748,0.519,0.188,0.332,0.309,35.114,11
0.733,1.016,0.772,0.657,0.519,0.743,0.665,0.228,0.439,0.256,0.733,1.016,0.772,0.657,0.519,0.743,0.665,0.228,0.439,0.256,38.275,11
0.807,1.128,0.854,0.716,0.567,0.767,0.505,0.246,0.26,0.307,0.807,1.128,0.854,0.716,0.567,0.767,0.505,0.246,0.26,0.307,35.847,11
0.892,1.22,0.866,0.766,0.63,0.766,0.376,0.159,0.221,0.416,0.892,1.22,0.866,0.766,0.63,0.766,0.376,0.159,0.221,0.416,35.114,11
0.891,1.235,0.864,0.765,0.629,0.784,0.375,0.159,0.217,0.44,0.891,1.235,0.864,0.765,0.629,0.784,0.375,0.159,0.217,0.44,35.468,11
0.928,1.24,0.911,0.812,0.664,0.7,0.298,0.152,0.149,0.408,0.928,1.24,0.911,0.812,0.664,0.7,0.298,0.152,0.149,0.408,35.468,11
1.435,2.163,0.85,0.731,0.721,1.988,0.41,0.178,0.234,1.622,1.435,2.163,0.85,0.731,0.721,1.988,0.41,0.178,0.234,1.622,9.22,12
1.419,2.184,0.858,0.745,0.68,2.116,0.387,0.169,0.221,1.745,1.419,2.184,0.858,0.745,0.68,2.116,0.387,0.169,0.221,1.745,9.487,12
1.32,2.118,0.889,0.765,0.591,2.294,0.46,0.247,0.212,1.903,1.32,2.118,0.889,0.765,0.591,2.294,0.46,0.247,0.212,1.903,7.211,12
1.427,2.211,0.89,0.781,0.738,1.955,0.372,0.202,0.171,1.641,1.427,2.211,0.89,0.781,0.738,1.955,0.372,0.202,0.171,1.641,4.123,12
1.403,2.208,0.856,0.735,0.703,2.1,0.406,0.188,0.218,1.722,1.403,2.208,0.856,0.735,0.703,2.1,0.406,0.188,0.218,1.722,6.403,12
1.421,2.122,0.873,0.746,0.705,1.953,0.383,0.184,0.204,1.598,1.421,2.122,0.873,0.746,0.705,1.953,0.383,0.184,0.204,1.598,5.099,12
1.387,2.181,0.85,0.714,0.696,2.115,0.456,0.214,0.243,1.707,1.387,2.181,0.85,0.714,0.696,2.115,0.456,0.214,0.243,1.707,9.434,12
1.428,2.152,0.819,0.682,0.762,1.937,0.459,0.201,0.258,1.517,1.428,2.152,0.819,0.682,0.762,1.937,0.459,0.201,0.258,1.517,12.083,12
1.451,2.308,0.829,0.689,0.784,2.065,0.412,0.182,0.232,1.678,1.451,2.308,0.829,0.689,0.784,2.065,0.412,0.182,0.232,1.678,5.099,12
1.427,2.186,0.859,0.752,0.752,1.917,0.373,0.171,0.202,1.578,1.427,2.186,0.859,0.752,0.752,1.917,0.373,0.171,0.202,1.578,2.828,12
1.354,2.214,0.811,0.679,0.708,2.168,0.467,0.19,0.277,1.719,1.354,2.214,0.811,0.679,0.708,2.168,0.467,0.19,0.277,1.719,6.708,12
1.455,2.274,0.824,0.731,0.742,2.083,0.392,0.149,0.246,1.721,1.455,2.274,0.824,0.731,0.742,2.083,0.392,0.149,0.246,1.721,8.544,12
1.413,2.219,0.856,0.742,0.689,2.145,0.382,0.166,0.218,1.781,1.413,2.219,0.856,0.742,0.689,2.145,0.382,0.166,0.218,1.781,4.472,12
1.425,2.251,0.851,0.755,0.679,2.204,0.393,0.163,0.231,1.854,1.425,2.251,0.851,0.755,0.679,2.204,0.393,0.163,0.231,1.854,10,12
1.461,2.23,0.854,0.73,0.742,2.024,0.389,0.18,0.209,1.664,1.461,2.23,0.854,0.73,0.742,2.024,0.389,0.18,0.209,1.664,10.296,12
1.394,2.167,0.877,0.763,0.647,2.173,0.379,0.179,0.202,1.808,1.394,2.167,0.877,0.763,0.647,2.173,0.379,0.179,0.202,1.808,8.062,12
1.417,2.167,0.877,0.811,0.632,2.145,0.313,0.107,0.207,1.848,1.417,2.167,0.877,0.811,0.632,2.145,0.313,0.107,0.207,1.848,5,12
1.341,2.125,0.861,0.742,0.648,2.136,0.424,0.196,0.228,1.744,1.341,2.125,0.861,0.742,0.648,2.136,0.424,0.196,0.228,1.744,6.083,12
1.413,2.223,0.859,0.77,0.667,2.189,0.388,0.161,0.228,1.834,1.413,2.223,0.859,0.77,0.667,2.189,0.388,0.161,0.228,1.834,10,12
1.423,2.23,0.875,0.747,0.722,2.06,0.392,0.211,0.183,1.71,1.423,2.23,0.875,0.747,0.722,2.06,0.392,0.211,0.183,1.71,5,12
1.463,2.225,0.867,0.782,0.689,2.102,0.358,0.134,0.227,1.779,1.463,2.225,0.867,0.782,0.689,2.102,0.358,0.134,0.227,1.779,13.454,12
1.32,2.079,0.857,0.721,0.621,2.186,0.455,0.219,0.238,1.741,1.32,2.079,0.857,0.721,0.621,2.186,0.455,0.219,0.238,1.741,4.472,12
1.36,2.124,0.85,0.761,0.625,2.19,0.451,0.196,0.26,1.805,1.36,2.124,0.85,0.761,0.625,2.19,0.451,0.196,0.26,1.805,12.207,12
1.48,2.282,0.854,0.778,0.708,2.123,0.342,0.124,0.219,1.82,1.48,2.282,0.854,0.778,0.708,2.123,0.342,0.124,0.219,1.82,12.806,12
1.448,2.26,0.868,0.765,0.711,2.105,0.368,0.156,0.214,1.778,1.448,2.26,0.868,0.765,0.711,2.105,0.368,0.156,0.214,1.778,4.243,12
1.452,2.242,0.888,0.782,0.704,2.079,0.366,0.183,0.183,1.771,1.452,2.242,0.888,0.782,0.704,2.079,0.366,0.183,0.183,1.771,6.325,12
1.374,2.185,0.892,0.777,0.635,2.223,0.396,0.2,0.197,1.87,1.374,2.185,0.892,0.777,0.635,2.223,0.396,0.2,0.197,1.87,11.18,12
1.429,2.188,0.862,0.777,0.698,2.035,0.37,0.154,0.217,1.704,1.429,2.188,0.862,0.777,0.698,2.035,0.37,0.154,0.217,1.704,7.616,12
1.423,2.238,0.867,0.763,0.673,2.19,0.384,0.163,0.223,1.852,1.423,2.238,0.867,0.763,0.673,2.19,0.384,0.163,0.223,1.852,9.899,12
1.402,2.213,0.88,0.763,0.691,2.109,0.377,0.189,0.189,1.755,1.402,2.213,0.88,0.763,0.691,2.109,0.377,0.189,0.189,1.755,6.403,12
1.394,2.111,0.865,0.796,0.617,2.132,0.367,0.133,0.235,1.809,1.394,2.111,0.865,0.796,0.617,2.132,0.367,0.133,0.235,1.809,10.817,12
1.416,2.225,0.861,0.738,0.687,2.164,0.388,0.179,0.217,1.788,1.416,2.225,0.861,0.738,0.687,2.164,0.388,0.179,0.217,1.788,10.817,12
1.35,2.138,0.881,0.765,0.63,2.185,0.404,0.202,0.202,1.812,1.35,2.138,0.881,0.765,0.63,2.185,0.404,0.202,0.202,1.812,3.606,12
1.403,2.149,0.893,0.796,0.633,2.144,0.367,0.169,0.199,1.816,1.403,2.149,0.893,0.796,0.633,2.144,0.367,0.169,0.199,1.816,9.849,12
1.403,2.14,0.871,0.771,0.637,2.151,0.395,0.167,0.23,1.805,1.403,2.14,0.871,0.771,0.637,2.151,0.395,0.167,0.23,1.805,14.213,12
1.348,2.156,0.876,0.734,0.637,2.237,0.455,0.234,0.225,1.823,1.348,2.156,0.876,0.734,0.637,2.237,0.455,0.234,0.225,1.823,7.211,12
1.45,2.226,0.835,0.737,0.77,1.938,0.399,0.173,0.23,1.606,1.45,2.226,0.835,0.737,0.77,1.938,0.399,0.173,0.23,1.606,4.472,12
1.327,2.099,0.863,0.742,0.603,2.252,0.438,0.202,0.245,1.826,1.327,2.099,0.863,0.742,0.603,2.252,0.438,0.202,0.245,1.826,7.211,12
1.375,2.16,0.89,0.807,0.613,2.206,0.346,0.142,0.206,1.9,1.375,2.16,0.89,0.807,0.613,2.206,0.346,0.142,0.206,1.9,5,12
1.388,2.144,0.899,0.835,0.593,2.211,0.293,0.112,0.181,1.931,1.388,2.144,0.899,0.835,0.593,2.211,0.293,0.112,0.181,1.931,3.606,12
1.438,2.199,0.869,0.768,0.687,2.083,0.373,0.158,0.217,1.754,1.438,2.199,0.869,0.768,0.687,2.083,0.373,0.158,0.217,1.754,9.434,12
1.376,2.122,0.865,0.774,0.617,2.185,0.379,0.149,0.235,1.828,1.376,2.122,0.865,0.774,0.617,2.185,0.379,0.149,0.235,1.828,10.63,12
1.41,2.251,0.877,0.763,0.649,2.294,0.374,0.177,0.2,1.943,1.41,2.251,0.877,0.763,0.649,2.294,0.374,0.177,0.2,1.943,12.042,12
1.502,2.224,0.867,0.782,0.735,1.962,0.323,0.121,0.205,1.685,1.502,2.224,0.867,0.782,0.735,1.962,0.323,0.121,0.205,1.685,5.657,12
1.342,1.994,0.89,0.776,0.591,2.061,0.385,0.192,0.2,1.69,1.342,1.994,0.89,0.776,0.591,2.061,0.385,0.192,0.2,1.69,2.828,12
1.427,2.212,0.891,0.774,0.681,2.116,0.376,0.19,0.187,1.787,1.427,2.212,0.891,0.774,0.681,2.116,0.376,0.19,0.187,1.787,8.062,12
1.384,2.174,0.858,0.756,0.652,2.176,0.398,0.167,0.231,1.818,1.384,2.174,0.858,0.756,0.652,2.176,0.398,0.167,0.231,1.818,8.062,12
1.326,2.055,0.878,0.773,0.564,2.275,0.405,0.207,0.225,1.871,1.326,2.055,0.878,0.773,0.564,2.275,0.405,0.207,0.225,1.871,7.071,12
1.445,2.131,0.881,0.77,0.681,1.998,0.347,0.164,0.185,1.672,1.445,2.131,0.881,0.77,0.681,1.998,0.347,0.164,0.185,1.672,10.63,12
1.429,2.174,0.869,0.768,0.673,2.088,0.381,0.161,0.221,1.758,1.429,2.174,0.869,0.768,0.673,2.088,0.381,0.161,0.221,1.758,7.211,12
1.43,2.266,0.869,0.736,0.714,2.148,0.404,0.194,0.215,1.781,1.43,2.266,0.869,0.736,0.714,2.148,0.404,0.194,0.215,1.781,8.485,12
0.778,0.925,0.772,0.568,0.509,0.798,0.865,0.402,0.487,0.334,0.778,0.925,0.772,0.568,0.509,0.798,0.865,0.402,0.487,0.334,110.386,13
0.784,0.937,0.738,0.552,0.495,0.823,0.908,0.377,0.544,0.291,0.784,0.937,0.738,0.552,0.495,0.823,0.908,0.377,0.544,0.291,109.786,13
0.765,0.911,0.755,0.571,0.493,0.797,0.878,0.374,0.522,0.421,0.765,0.911,0.755,0.571,0.493,0.797,0.878,0.374,0.522,0.421,108.503,13
0.886,1.162,0.723,0.6,0.577,0.976,0.696,0.213,0.483,0.28,0.886,1.162,0.723,0.6,0.577,0.976,0.696,0.213,0.483,0.28,110.136,13
0.783,0.94,0.712,0.512,0.482,0.908,1.014,0.416,0.605,0.229,0.783,0.94,0.712,0.512,0.482,0.908,1.014,0.416,0.605,0.229,108.167,13
0.759,0.882,0.786,0.594,0.489,0.726,0.837,0.392,0.462,0.479,0.759,0.882,0.786,0.594,0.489,0.726,0.837,0.392,0.462,0.479,109.786,13
0.802,0.928,0.746,0.572,0.518,0.774,0.835,0.339,0.52,0.351,0.802,0.928,0.746,0.572,0.518,0.774,0.835,0.339,0.52,0.351,108.503,13
0.742,0.881,0.672,0.516,0.491,0.848,0.996,0.318,0.69,0.449,0.742,0.881,0.672,0.516,0.491,0.848,0.996,0.318,0.69,0.449,110.136,13
0.761,0.88,0.795,0.577,0.491,0.765,0.875,0.446,0.459,0.478,0.761,0.88,0.795,0.577,0.491,0.765,0.875,0.446,0.459,0.478,109.11,13
0.767,0.937,0.684,0.52,0.511,0.839,0.947,0.321,0.63,0.171,0.767,0.937,0.684,0.52,0.511,0.839,0.947,0.321,0.63,0.171,110.386,13
0.781,0.981,0.665,0.495,0.514,0.958,0.99,0.333,0.677,0.056,0.781,0.981,0.665,0.495,0.514,0.958,0.99,0.333,0.677,0.056,110.725,13
0.793,1.023,0.564,0.571,0.509,0.896,0.845,0.02,0.861,0.082,0.793,1.023,0.564,0.571,0.509,0.896,0.845,0.02,0.861,0.082,111.427,13
0.79,1.027,0.684,0.575,0.488,0.927,0.873,0.224,0.65,0.063,0.79,1.027,0.684,0.575,0.488,0.927,0.873,0.224,0.65,0.063,108.849,13
0.79,0.978,0.609,0.589,0.487,0.838,0.845,0.044,0.802,0.276,0.79,0.978,0.609,0.589,0.487,0.838,0.845,0.044,0.802,0.276,109.786,13
0.75,0.883,0.805,0.573,0.47,0.814,0.914,0.496,0.419,0.567,0.75,0.883,0.805,0.573,0.47,0.814,0.914,0.496,0.419,0.567,108.503,13
0.772,0.902,0.663,0.57,0.498,0.83,0.879,0.188,0.692,0.496,0.772,0.902,0.663,0.57,0.498,0.83,0.879,0.188,0.692,0.496,107.912,13
0.78,0.902,0.703,0.582,0.489,0.794,0.86,0.252,0.632,0.512,0.78,0.902,0.703,0.582,0.489,0.794,0.86,0.252,0.632,0.512,107.224,13
0.788,1.007,0.767,0.616,0.486,0.806,0.791,0.315,0.492,0.02,0.788,1.007,0.767,0.616,0.486,0.806,0.791,0.315,0.492,0.02,108.503,13
0.766,0.932,0.706,0.553,0.468,0.884,0.956,0.328,0.632,0.465,0.766,0.932,0.706,0.553,0.468,0.884,0.956,0.328,0.632,0.465,107.564,13
0.758,0.932,0.668,0.52,0.477,0.911,1.009,0.311,0.7,0.349,0.758,0.932,0.668,0.52,0.477,0.911,1.009,0.311,0.7,0.349,108.268,13
0.775,0.925,0.683,0.54,0.488,0.88,0.944,0.295,0.654,0.496,0.775,0.925,0.683,0.54,0.488,0.88,0.944,0.295,0.654,0.496,109.444,13
0.784,0.952,0.627,0.593,0.476,0.835,0.857,0.074,0.787,0.422,0.784,0.952,0.627,0.593,0.476,0.835,0.857,0.074,0.787,0.422,105.342,13
0.792,0.989,0.689,0.565,0.491,0.886,0.888,0.254,0.635,0.187,0.792,0.989,0.689,0.565,0.491,0.886,0.888,0.254,0.635,0.187,105.342,13
0.92,1.238,0.73,0.68,0.574,0.972,0.558,0.103,0.471,0.414,0.92,1.238,0.73,0.68,0.574,0.972,0.558,0.103,0.471,0.414,106.283,13
0.84,1.08,0.744,0.591,0.507,0.964,0.807,0.302,0.505,0.159,0.84,1.08,0.744,0.591,0.507,0.964,0.807,0.302,0.505,0.159,105.688,13
0.778,0.944,0.752,0.579,0.435,0.856,0.969,0.4,0.57,0.311,0.778,0.944,0.752,0.579,0.435,0.856,0.969,0.4,0.57,0.311,106.283,13
0.778,0.939,0.794,0.576,0.467,0.84,0.909,0.467,0.443,0.358,0.778,0.939,0.794,0.576,0.467,0.84,0.909,0.467,0.443,0.358,106.042,13
0.775,0.912,0.647,0.546,0.488,0.879,0.937,0.208,0.731,0.521,0.775,0.912,0.647,0.546,0.488,0.879,0.937,0.208,0.731,0.521,105.342,13
0.778,0.944,0.765,0.548,0.496,0.87,0.92,0.44,0.483,0.318,0.778,0.944,0.765,0.548,0.496,0.87,0.92,0.44,0.483,0.318,105.342,13
0.764,0.924,0.72,0.559,0.472,0.859,0.94,0.343,0.613,0.411,0.764,0.924,0.72,0.559,0.472,0.859,0.94,0.343,0.613,0.411,105.688,13
0.854,1.114,0.754,0.64,0.533,0.893,0.679,0.215,0.465,0.215,0.854,1.114,0.754,0.64,0.533,0.893,0.679,0.215,0.465,0.215,105.688,13
0.783,1.022,0.723,0.578,0.483,0.939,0.876,0.3,0.582,0.174,0.783,1.022,0.723,0.578,0.483,0.939,0.876,0.3,0.582,0.174,104.752,13
0.814,1.087,0.74,0.625,0.488,0.949,0.77,0.235,0.537,0.179,0.814,1.087,0.74,0.625,0.488,0.949,0.77,0.235,0.537,0.179,103.247,13
0.917,1.247,0.746,0.664,0.574,1.018,0.586,0.145,0.442,0.432,0.917,1.247,0.746,0.664,0.574,1.018,0.586,0.145,0.442,0.432,105.109,13
0.877,1.161,0.779,0.665,0.526,0.943,0.638,0.218,0.42,0.307,0.877,1.161,0.779,0.665,0.526,0.943,0.638,0.218,0.42,0.307,102.318,13
0.874,1.188,0.736,0.648,0.53,1.017,0.663,0.168,0.5,0.354,0.874,1.188,0.736,0.648,0.53,1.017,0.663,0.168,0.5,0.354,105.109,13
0.835,1.134,0.725,0.627,0.491,1.032,0.76,0.202,0.561,0.273,0.835,1.134,0.725,0.627,0.491,1.032,0.76,0.202,0.561,0.273,104.178,13
0.784,1.035,0.728,0.583,0.463,0.976,0.9,0.314,0.587,0.076,0.784,1.035,0.728,0.583,0.463,0.976,0.9,0.314,0.587,0.076,104.752,13
0.841,1.036,0.72,0.618,0.498,0.874,0.767,0.206,0.562,0.338,0.841,1.036,0.72,0.618,0.498,0.874,0.767,0.206,0.562,0.338,103.817,13
0.784,0.984,0.727,0.575,0.484,0.882,0.881,0.315,0.566,0.253,0.784,0.984,0.727,0.575,0.484,0.882,0.881,0.315,0.566,0.253,102.528,13
0.792,1.041,0.791,0.608,0.48,0.903,0.82,0.382,0.447,0.093,0.792,1.041,0.791,0.608,0.48,0.903,0.82,0.382,0.447,0.093,103.121,13
0.825,1.07,0.695,0.598,0.46,1.027,0.873,0.217,0.669,0.159,0.825,1.07,0.695,0.598,0.46,1.027,0.873,0.217,0.669,0.159,101.514,13
0.745,0.928,0.706,0.554,0.439,0.887,1.018,0.349,0.673,0.37,0.745,0.928,0.706,0.554,0.439,0.887,1.018,0.349,0.673,0.37,104.178,13
0.804,1.064,0.683,0.555,0.477,1.069,0.935,0.271,0.665,0.136,0.804,1.064,0.683,0.555,0.477,1.069,0.935,0.271,0.665,0.136,102.181,13
0.863,1.185,0.721,0.608,0.539,1.07,0.728,0.21,0.52,0.344,0.863,1.185,0.721,0.608,0.539,1.07,0.728,0.21,0.52,0.344,103.817,13
0.807,1.087,0.72,0.59,0.461,1.076,0.888,0.282,0.607,0.189,0.807,1.087,0.72,0.59,0.461,1.076,0.888,0.282,0.607,0.189,104.403,13
0.875,1.193,0.739,0.654,0.524,1.029,0.661,0.162,0.499,0.37,0.875,1.193,0.739,0.654,0.524,1.029,0.661,0.162,0.499,0.37,104.752,13
0.752,0.933,0.646,0.554,0.445,0.93,1.003,0.207,0.796,0.452,0.752,0.933,0.646,0.554,0.445,0.93,1.003,0.207,0.796,0.452,102.181,13
0.79,1.069,0.675,0.597,0.471,1.002,0.856,0.165,0.692,0.152,0.79,1.069,0.675,0.597,0.471,1.002,0.856,0.165,0.692,0.152,106.283,13
0.745,0.956,0.738,0.552,0.445,0.954,1.008,0.417,0.597,0.333,0.745,0.956,0.738,0.552,0.445,0.954,1.008,0.417,0.597,0.333,104.752,13
0.762,1.006,0.654,0.537,0.463,1.011,1,0.253,0.752,0.047,0.762,1.006,0.654,0.537,0.463,1.011,1,0.253,0.752,0.047,105.005,13
0.551,0.947,0.613,0.546,0.396,1.071,1.147,0.209,1.002,0.57,0.551,0.947,0.613,0.546,0.396,1.071,1.147,0.209,1.002,0.57,73.98,14
0.538,0.94,0.606,0.547,0.388,1.068,1.166,0.211,1.039,0.521,0.538,0.94,0.606,0.547,0.388,1.068,1.166,0.211,1.039,0.521,73.082,14
0.541,0.942,0.601,0.535,0.374,1.131,1.245,0.207,1.095,0.583,0.541,0.942,0.601,0.535,0.374,1.131,1.245,0.207,1.095,0.583,78.16,14
0.539,0.938,0.603,0.535,0.39,1.077,1.194,0.214,1.048,0.534,0.539,0.938,0.603,0.535,0.39,1.077,1.194,0.214,1.048,0.534,80.654,14
0.538,0.918,0.605,0.548,0.382,1.018,1.184,0.186,1.056,0.558,0.538,0.918,0.605,0.548,0.382,1.018,1.184,0.186,1.056,0.558,81.043,14
0.545,0.933,0.62,0.545,0.394,1.045,1.157,0.237,0.994,0.55,0.545,0.933,0.62,0.545,0.394,1.045,1.157,0.237,0.994,0.55,76.655,14
0.542,0.929,0.593,0.535,0.391,1.05,1.193,0.184,1.066,0.518,0.542,0.929,0.593,0.535,0.391,1.05,1.193,0.184,1.066,0.518,80.362,14
0.556,0.94,0.609,0.547,0.396,1.034,1.147,0.211,1.022,0.504,0.556,0.94,0.609,0.547,0.396,1.034,1.147,0.211,1.022,0.504,77.885,14
0.551,0.939,0.618,0.553,0.407,1.002,1.101,0.192,0.958,0.508,0.551,0.939,0.618,0.553,0.407,1.002,1.101,0.192,0.958,0.508,78.16,14
0.531,0.923,0.586,0.534,0.384,1.069,1.215,0.205,1.103,0.536,0.531,0.923,0.586,0.534,0.384,1.069,1.215,0.205,1.103,0.536,78.848,14
0.551,0.937,0.593,0.548,0.39,1.042,1.158,0.176,1.065,0.492,0.551,0.937,0.593,0.548,0.39,1.042,1.158,0.176,1.065,0.492,77.885,14
0.552,0.921,0.584,0.531,0.384,1.06,1.224,0.188,1.111,0.542,0.552,0.921,0.584,0.531,0.384,1.06,1.224,0.188,1.111,0.542,71.784,14
0.539,0.938,0.597,0.537,0.393,1.077,1.179,0.212,1.045,0.492,0.539,0.938,0.597,0.537,0.393,1.077,1.179,0.212,1.045,0.492,76.844,14
0.539,0.933,0.552,0.491,0.372,1.219,1.372,0.211,1.236,0.508,0.539,0.933,0.552,0.491,0.372,1.219,1.372,0.211,1.236,0.508,78.447,14
0.529,0.925,0.535,0.475,0.374,1.247,1.405,0.225,1.27,0.549,0.529,0.925,0.535,0.475,0.374,1.247,1.405,0.225,1.27,0.549,80.362,14
0.535,0.931,0.533,0.472,0.371,1.266,1.425,0.225,1.288,0.488,0.535,0.931,0.533,0.472,0.371,1.266,1.425,0.225,1.288,0.488,75.286,14
0.525,0.94,0.532,0.464,0.369,1.326,1.454,0.255,1.298,0.516,0.525,0.94,0.532,0.464,0.369,1.326,1.454,0.255,1.298,0.516,77.201,14
0.536,0.923,0.528,0.46,0.378,1.259,1.43,0.247,1.273,0.47,0.536,0.923,0.528,0.46,0.378,1.259,1.43,0.247,1.273,0.47,77.201,14
0.526,0.931,0.528,0.459,0.396,1.241,1.37,0.265,1.214,0.438,0.526,0.931,0.528,0.459,0.396,1.241,1.37,0.265,1.214,0.438,79.812,14
0.548,0.936,0.543,0.457,0.403,1.24,1.35,0.285,1.149,0.435,0.548,0.936,0.543,0.457,0.403,1.24,1.35,0.285,1.149,0.435,84.119,14
0.543,0.937,0.528,0.475,0.418,1.172,1.267,0.25,1.135,0.363,0.543,0.937,0.528,0.475,0.418,1.172,1.267,0.25,1.135,0.363,82.28,14
0.536,0.924,0.54,0.466,0.41,1.175,1.308,0.266,1.137,0.433,0.536,0.924,0.54,0.466,0.41,1.175,1.308,0.266,1.137,0.433,81.908,14
0.546,0.933,0.528,0.458,0.407,1.213,1.335,0.257,1.178,0.411,0.546,0.933,0.528,0.458,0.407,1.213,1.335,0.257,1.178,0.411,79.404,14
0.551,0.937,0.533,0.472,0.423,1.152,1.253,0.239,1.116,0.371,0.551,0.937,0.533,0.472,0.423,1.152,1.253,0.239,1.116,0.371,79.48,14
0.555,0.945,0.538,0.476,0.419,1.171,1.257,0.243,1.117,0.368,0.555,0.945,0.538,0.476,0.419,1.171,1.257,0.243,1.117,0.368,82.219,14
0.553,0.945,0.547,0.486,0.431,1.132,1.203,0.252,1.06,0.36,0.553,0.945,0.547,0.486,0.431,1.132,1.203,0.252,1.06,0.36,81.271,14
0.55,0.939,0.57,0.534,0.446,0.988,1.056,0.192,0.969,0.369,0.55,0.939,0.57,0.534,0.446,0.988,1.056,0.192,0.969,0.369,82.541,14
0.55,0.936,0.552,0.561,0.462,0.891,0.959,0.163,0.974,0.359,0.55,0.936,0.552,0.561,0.462,0.891,0.959,0.163,0.974,0.359,83.169,14
0.541,0.928,0.557,0.632,0.502,0.699,0.752,0.29,0.898,0.31,0.541,0.928,0.557,0.632,0.502,0.699,0.752,0.29,0.898,0.31,80.324,14
0.562,0.941,0.596,0.654,0.518,0.685,0.684,0.222,0.786,0.339,0.562,0.941,0.596,0.654,0.518,0.685,0.684,0.222,0.786,0.339,82.541,14
0.548,0.931,0.53,0.664,0.527,0.639,0.659,0.397,0.921,0.315,0.548,0.931,0.53,0.664,0.527,0.639,0.659,0.397,0.921,0.315,82.541,14
0.528,0.925,0.548,0.767,0.697,0.596,0.498,0.509,0.664,0.253,0.528,0.925,0.548,0.767,0.697,0.596,0.498,0.509,0.664,0.253,81.908,14
0.543,0.936,0.549,0.781,0.727,0.632,0.511,0.514,0.631,0.243,0.543,0.936,0.549,0.781,0.727,0.632,0.511,0.514,0.631,0.243,80.654,14
0.554,0.93,0.571,0.78,0.737,0.629,0.518,0.497,0.591,0.237,0.554,0.93,0.571,0.78,0.737,0.629,0.518,0.497,0.591,0.237,82.565,14
0.548,0.93,0.558,0.773,0.727,0.64,0.531,0.518,0.619,0.24,0.548,0.93,0.558,0.773,0.727,0.64,0.531,0.518,0.619,0.24,71.47,14
0.547,0.923,0.562,0.777,0.731,0.627,0.518,0.511,0.611,0.246,0.547,0.923,0.562,0.777,0.731,0.627,0.518,0.511,0.611,0.246,78.109,14
0.543,0.927,0.556,0.746,0.686,0.611,0.533,0.488,0.66,0.239,0.543,0.927,0.556,0.746,0.686,0.611,0.533,0.488,0.66,0.239,82.565,14
0.564,0.94,0.582,0.581,0.506,0.844,0.863,0.247,0.829,0.314,0.564,0.94,0.582,0.581,0.506,0.844,0.863,0.247,0.829,0.314,76.896,14
0.544,0.935,0.577,0.534,0.475,0.952,1.012,0.258,0.894,0.308,0.544,0.935,0.577,0.534,0.475,0.952,1.012,0.258,0.894,0.308,84.119,14
0.56,0.933,0.598,0.547,0.471,0.922,0.994,0.275,0.856,0.281,0.56,0.933,0.598,0.547,0.471,0.922,0.994,0.275,0.856,0.281,81.597,14
0.555,0.934,0.596,0.55,0.483,0.894,0.962,0.266,0.841,0.276,0.555,0.934,0.596,0.55,0.483,0.894,0.962,0.266,0.841,0.276,80.324,14
0.568,0.943,0.6,0.559,0.474,0.903,0.952,0.256,0.853,0.301,0.568,0.943,0.6,0.559,0.474,0.903,0.952,0.256,0.853,0.301,80.056,14
0.557,0.949,0.59,0.553,0.498,0.903,0.929,0.247,0.826,0.283,0.557,0.949,0.59,0.553,0.498,0.903,0.929,0.247,0.826,0.283,85.094,14
0.558,0.942,0.579,0.549,0.491,0.908,0.949,0.245,0.861,0.293,0.558,0.942,0.579,0.549,0.491,0.908,0.949,0.245,0.861,0.293,78.39,14
0.55,0.933,0.588,0.552,0.474,0.903,0.973,0.252,0.872,0.294,0.55,0.933,0.588,0.552,0.474,0.903,0.973,0.252,0.872,0.294,79.48,14
0.554,0.932,0.578,0.549,0.482,0.905,0.969,0.262,0.88,0.291,0.554,0.932,0.578,0.549,0.482,0.905,0.969,0.262,0.88,0.291,83.57,14
0.55,0.932,0.567,0.544,0.481,0.903,0.978,0.258,0.905,0.278,0.55,0.932,0.567,0.544,0.481,0.903,0.978,0.258,0.905,0.278,77.833,14
0.558,0.936,0.582,0.566,0.493,0.87,0.914,0.254,0.85,0.298,0.558,0.936,0.582,0.566,0.493,0.87,0.914,0.254,0.85,0.298,78.186,14
0.563,0.937,0.596,0.559,0.488,0.893,0.935,0.249,0.831,0.314,0.563,0.937,0.596,0.559,0.488,0.893,0.935,0.249,0.831,0.314,76.896,14
0.555,0.935,0.584,0.557,0.485,0.896,0.945,0.245,0.86,0.314,0.555,0.935,0.584,0.557,0.485,0.896,0.945,0.245,0.86,0.314,68.949,14
0.569,0.929,0.6,0.555,0.481,0.889,0.955,0.254,0.836,0.313,0.569,0.929,0.6,0.555,0.481,0.889,0.955,0.254,0.836,0.313,82.079,14
1.309,1.874,0.806,0.832,0.489,2.664,0.581,0.319,0.414,2.083,1.309,1.874,0.806,0.832,0.489,2.664,0.581,0.319,0.414,2.083,140.014,15
1.273,1.837,0.79,0.765,0.535,2.344,0.497,0.166,0.396,1.877,1.273,1.837,0.79,0.765,0.535,2.344,0.497,0.166,0.396,1.877,137.179,15
1.248,1.785,0.774,0.73,0.535,2.294,0.569,0.174,0.432,1.76,1.248,1.785,0.774,0.73,0.535,2.294,0.569,0.174,0.432,1.76,136.473,15
1.325,1.895,0.788,0.802,0.533,2.477,0.494,0.186,0.416,1.988,1.325,1.895,0.788,0.802,0.533,2.477,0.494,0.186,0.416,1.988,138.593,15
1.335,1.947,0.815,0.818,0.522,2.605,0.514,0.213,0.382,2.091,1.335,1.947,0.815,0.818,0.522,2.605,0.514,0.213,0.382,2.091,136.488,15
1.314,1.882,0.835,0.808,0.509,2.565,0.535,0.24,0.348,2.031,1.314,1.882,0.835,0.808,0.509,2.565,0.535,0.24,0.348,2.031,136.473,15
1.318,1.872,0.778,0.792,0.533,2.445,0.517,0.184,0.437,1.934,1.318,1.872,0.778,0.792,0.533,2.445,0.517,0.184,0.437,1.934,137.888,15
1.327,1.872,0.789,0.785,0.543,2.46,0.563,0.26,0.403,1.9,1.327,1.872,0.789,0.785,0.543,2.46,0.563,0.26,0.403,1.9,136.473,15
1.321,1.862,0.802,0.809,0.515,2.543,0.535,0.252,0.399,2.011,1.321,1.862,0.802,0.809,0.515,2.543,0.535,0.252,0.399,2.011,135.074,15
1.341,1.873,0.811,0.796,0.548,2.412,0.51,0.243,0.354,1.909,1.341,1.873,0.811,0.796,0.548,2.412,0.51,0.243,0.354,1.909,135.794,15
1.324,1.926,0.757,0.802,0.523,2.667,0.614,0.288,0.493,2.054,1.324,1.926,0.757,0.802,0.523,2.667,0.614,0.288,0.493,2.054,136.488,15
1.344,1.902,0.792,0.82,0.525,2.535,0.544,0.258,0.418,1.991,1.344,1.902,0.792,0.82,0.525,2.535,0.544,0.258,0.418,1.991,135.059,15
1.377,1.942,0.803,0.838,0.54,2.568,0.482,0.258,0.376,2.087,1.377,1.942,0.803,0.838,0.54,2.568,0.482,0.258,0.376,2.087,135.794,15
1.335,1.931,0.791,0.846,0.498,2.632,0.483,0.273,0.429,2.149,1.335,1.931,0.791,0.846,0.498,2.632,0.483,0.273,0.429,2.149,135.765,15
1.329,1.902,0.805,0.832,0.502,2.628,0.505,0.227,0.409,2.124,1.329,1.902,0.805,0.832,0.502,2.628,0.505,0.227,0.409,2.124,135.074,15
1.326,1.902,0.804,0.864,0.466,2.797,0.559,0.334,0.44,2.244,1.326,1.902,0.804,0.864,0.466,2.797,0.559,0.334,0.44,2.244,134.417,15
1.299,1.838,0.81,0.812,0.492,2.555,0.559,0.263,0.403,1.996,1.299,1.838,0.81,0.812,0.492,2.555,0.559,0.263,0.403,1.996,134.38,15
1.309,1.861,0.821,0.836,0.478,2.675,0.519,0.253,0.391,2.157,1.309,1.861,0.821,0.836,0.478,2.675,0.519,0.253,0.391,2.157,135.794,15
1.318,1.865,0.789,0.623,0.706,1.93,0.549,0.245,0.304,1.456,1.318,1.865,0.789,0.623,0.706,1.93,0.549,0.245,0.304,1.456,134.38,15
1.29,1.821,0.781,0.654,0.644,2.045,0.568,0.21,0.358,1.546,1.29,1.821,0.781,0.654,0.644,2.045,0.568,0.21,0.358,1.546,135.059,15
1.324,1.843,0.778,0.648,0.69,1.905,0.525,0.19,0.337,1.45,1.324,1.843,0.778,0.648,0.69,1.905,0.525,0.19,0.337,1.45,134.358,15
1.347,1.898,0.772,0.638,0.716,1.966,0.534,0.21,0.326,1.493,1.347,1.898,0.772,0.638,0.716,1.966,0.534,0.21,0.326,1.493,135.772,15
1.357,1.917,0.781,0.632,0.737,1.908,0.514,0.213,0.301,1.462,1.357,1.917,0.781,0.632,0.737,1.908,0.514,0.213,0.301,1.462,134.35,15
1.336,1.895,0.777,0.657,0.687,2.004,0.524,0.192,0.332,1.541,1.336,1.895,0.777,0.657,0.687,2.004,0.524,0.192,0.332,1.541,133.645,15
1.359,1.95,0.83,0.683,0.694,1.988,0.462,0.215,0.247,1.603,1.359,1.95,0.83,0.683,0.694,1.988,0.462,0.215,0.247,1.603,133.004,15
1.304,1.796,0.787,0.639,0.677,1.886,0.549,0.226,0.323,1.413,1.304,1.796,0.787,0.639,0.677,1.886,0.549,0.226,0.323,1.413,135.765,15
1.358,1.899,0.789,0.668,0.707,1.93,0.481,0.177,0.305,1.525,1.358,1.899,0.789,0.668,0.707,1.93,0.481,0.177,0.305,1.525,135.059,15
1.369,1.941,0.808,0.671,0.721,1.91,0.462,0.196,0.268,1.518,1.369,1.941,0.808,0.671,0.721,1.91,0.462,0.196,0.268,1.518,134.35,15
1.34,1.926,0.81,0.653,0.701,1.97,0.502,0.23,0.273,1.547,1.34,1.926,0.81,0.653,0.701,1.97,0.502,0.23,0.273,1.547,132.246,15
1.344,1.838,0.803,0.696,0.67,1.876,0.465,0.163,0.303,1.474,1.344,1.838,0.803,0.696,0.67,1.876,0.465,0.163,0.303,1.474,133.645,15
1.324,1.847,0.801,0.65,0.704,1.827,0.499,0.215,0.291,1.418,1.324,1.847,0.801,0.65,0.704,1.827,0.499,0.215,0.291,1.418,133.66,15
1.34,1.873,0.798,0.652,0.706,1.885,0.505,0.218,0.289,1.445,1.34,1.873,0.798,0.652,0.706,1.885,0.505,0.218,0.289,1.445,132.944,15
1.315,1.903,0.82,0.674,0.657,2.047,0.51,0.234,0.277,1.599,1.315,1.903,0.82,0.674,0.657,2.047,0.51,0.234,0.277,1.599,130.908,15
1.332,1.894,0.813,0.693,0.658,1.984,0.472,0.182,0.292,1.588,1.332,1.894,0.813,0.693,0.658,1.984,0.472,0.182,0.292,1.588,130.115,15
1.335,1.856,0.802,0.682,0.665,1.959,0.495,0.197,0.3,1.529,1.335,1.856,0.802,0.682,0.665,1.959,0.495,0.197,0.3,1.529,130.832,15
1.349,1.869,0.812,0.668,0.705,1.845,0.474,0.207,0.268,1.455,1.349,1.869,0.812,0.668,0.705,1.845,0.474,0.207,0.268,1.455,130.817,15
1.349,1.896,0.775,0.642,0.717,1.904,0.509,0.188,0.322,1.469,1.349,1.896,0.775,0.642,0.717,1.904,0.509,0.188,0.322,1.469,127.988,15
1.365,1.901,0.809,0.686,0.693,1.922,0.465,0.182,0.283,1.517,1.365,1.901,0.809,0.686,0.693,1.922,0.465,0.182,0.283,1.517,128.725,15
1.359,1.867,0.797,0.675,0.7,1.88,0.48,0.18,0.3,1.46,1.359,1.867,0.797,0.675,0.7,1.88,0.48,0.18,0.3,1.46,132.944,15
1.341,1.918,0.808,0.674,0.7,1.9,0.466,0.192,0.276,1.546,1.341,1.918,0.808,0.674,0.7,1.9,0.466,0.192,0.276,1.546,130.908,15
1.349,1.892,0.809,0.687,0.68,1.937,0.466,0.18,0.289,1.552,1.349,1.892,0.809,0.687,0.68,1.937,0.466,0.18,0.289,1.552,130.817,15
1.323,1.845,0.791,0.682,0.658,1.936,0.491,0.165,0.333,1.52,1.323,1.845,0.791,0.682,0.658,1.936,0.491,0.165,0.333,1.52,130.138,15
1.364,1.911,0.822,0.713,0.659,2.025,0.463,0.194,0.274,1.6,1.364,1.911,0.822,0.713,0.659,2.025,0.463,0.194,0.274,1.6,130.115,15
1.366,1.892,0.814,0.716,0.665,1.963,0.443,0.155,0.289,1.57,1.366,1.892,0.814,0.716,0.665,1.963,0.443,0.155,0.289,1.57,131.529,15
1.377,1.901,0.809,0.719,0.672,1.957,0.438,0.147,0.292,1.565,1.377,1.901,0.809,0.719,0.672,1.957,0.438,0.147,0.292,1.565,129.402,15
1.357,1.889,0.813,0.726,0.651,1.959,0.432,0.137,0.295,1.579,1.357,1.889,0.813,0.726,0.651,1.959,0.432,0.137,0.295,1.579,129.402,15
1.376,1.882,0.833,0.745,0.644,1.974,0.42,0.152,0.269,1.588,1.376,1.882,0.833,0.745,0.644,1.974,0.42,0.152,0.269,1.588,128.693,15
1.425,1.997,0.824,0.732,0.704,2.005,0.407,0.147,0.26,1.632,1.425,1.997,0.824,0.732,0.704,2.005,0.407,0.147,0.26,1.632,129.402,15
1.389,1.944,0.791,0.7,0.696,1.977,0.465,0.145,0.32,1.539,1.389,1.944,0.791,0.7,0.696,1.977,0.465,0.145,0.32,1.539,128.701,15
1.413,2.003,0.825,0.758,0.661,2.111,0.411,0.125,0.287,1.715,1.413,2.003,0.825,0.758,0.661,2.111,0.411,0.125,0.287,1.715,127.988,15
1.37,1.954,0.803,0.71,0.677,1.981,0.442,0.149,0.295,1.575,1.37,1.954,0.803,0.71,0.677,1.981,0.442,0.149,0.295,1.575,126.574,15
1.326,1.881,0.892,0.836,0.529,2.202,0.6,0.324,0.283,1.691,1.326,1.881,0.892,0.836,0.529,2.202,0.6,0.324,0.283,1.691,60.033,16
1.338,1.916,0.887,0.798,0.567,2.158,0.588,0.321,0.269,1.637,1.338,1.916,0.887,0.798,0.567,2.158,0.588,0.321,0.269,1.637,67.067,16
1.321,1.882,0.891,0.829,0.538,2.183,0.63,0.363,0.276,1.658,1.321,1.882,0.891,0.829,0.538,2.183,0.63,0.363,0.276,1.658,65.742,16
1.336,1.902,0.894,0.842,0.546,2.183,0.585,0.316,0.276,1.683,1.336,1.902,0.894,0.842,0.546,2.183,0.585,0.316,0.276,1.683,65.552,16
1.32,1.872,0.88,0.829,0.53,2.214,0.625,0.321,0.313,1.674,1.32,1.872,0.88,0.829,0.53,2.214,0.625,0.321,0.313,1.674,64.846,16
1.28,1.849,0.871,0.816,0.5,2.283,0.64,0.335,0.322,1.723,1.28,1.849,0.871,0.816,0.5,2.283,0.64,0.335,0.322,1.723,61.294,16
1.312,1.918,0.887,0.837,0.52,2.348,0.667,0.335,0.337,1.791,1.312,1.918,0.887,0.837,0.52,2.348,0.667,0.335,0.337,1.791,64.885,16
1.336,1.977,0.885,0.811,0.562,2.287,0.625,0.35,0.28,1.757,1.336,1.977,0.885,0.811,0.562,2.287,0.625,0.35,0.28,1.757,64.622,16
1.302,1.938,0.888,0.849,0.495,2.502,0.707,0.368,0.349,1.926,1.302,1.938,0.888,0.849,0.495,2.502,0.707,0.368,0.349,1.926,60.828,16
1.32,1.884,0.903,0.848,0.516,2.255,0.62,0.327,0.296,1.74,1.32,1.884,0.903,0.848,0.516,2.255,0.62,0.327,0.296,1.74,63.063,16
1.289,1.875,0.886,0.828,0.488,2.369,0.621,0.343,0.293,1.825,1.289,1.875,0.886,0.828,0.488,2.369,0.621,0.343,0.293,1.825,67.779,16
1.26,1.892,0.866,0.816,0.483,2.504,0.71,0.347,0.375,1.882,1.26,1.892,0.866,0.816,0.483,2.504,0.71,0.347,0.375,1.882,62.769,16
1.28,1.889,0.893,0.797,0.521,2.337,0.652,0.37,0.283,1.745,1.28,1.889,0.893,0.797,0.521,2.337,0.652,0.37,0.283,1.745,63.953,16
1.309,1.933,0.903,0.847,0.496,2.421,0.635,0.335,0.303,1.903,1.309,1.933,0.903,0.847,0.496,2.421,0.635,0.335,0.303,1.903,67.779,16
1.315,1.941,0.918,0.848,0.504,2.419,0.635,0.366,0.27,1.895,1.315,1.941,0.918,0.848,0.504,2.419,0.635,0.366,0.27,1.895,65.307,16
1.325,1.93,0.928,0.86,0.504,2.383,0.652,0.366,0.286,1.869,1.325,1.93,0.928,0.86,0.504,2.383,0.652,0.366,0.286,1.869,62.65,16
1.285,1.895,0.893,0.822,0.492,2.438,0.668,0.374,0.3,1.853,1.285,1.895,0.893,0.822,0.492,2.438,0.668,0.374,0.3,1.853,73.164,16
1.285,1.944,0.9,0.829,0.49,2.539,0.691,0.378,0.314,1.954,1.285,1.944,0.9,0.829,0.49,2.539,0.691,0.378,0.314,1.954,62.266,16
1.3,1.88,0.881,0.816,0.522,2.313,0.657,0.35,0.313,1.727,1.3,1.88,0.881,0.816,0.522,2.313,0.657,0.35,0.313,1.727,67.676,16
1.295,1.927,0.88,0.816,0.525,2.405,0.663,0.354,0.317,1.812,1.295,1.927,0.88,0.816,0.525,2.405,0.663,0.354,0.317,1.812,65.391,16
1.306,1.956,0.905,0.842,0.508,2.488,0.667,0.366,0.303,1.922,1.306,1.956,0.905,0.842,0.508,2.488,0.667,0.366,0.303,1.922,63.953,16
1.311,1.966,0.892,0.823,0.517,2.431,0.6,0.314,0.29,1.902,1.311,1.966,0.892,0.823,0.517,2.431,0.6,0.314,0.29,1.902,68.949,16
1.295,1.921,0.9,0.829,0.496,2.473,0.683,0.374,0.311,1.889,1.295,1.921,0.9,0.829,0.496,2.473,0.683,0.374,0.311,1.889,65.391,16
1.3,1.903,0.896,0.841,0.5,2.416,0.667,0.384,0.293,1.846,1.3,1.903,0.896,0.841,0.5,2.416,0.667,0.384,0.293,1.846,61.098,16
1.294,1.888,0.87,0.785,0.53,2.269,0.621,0.327,0.301,1.702,1.294,1.888,0.87,0.785,0.53,2.269,0.621,0.327,0.301,1.702,61.717,16
1.342,1.953,0.879,0.831,0.569,2.257,0.634,0.348,0.297,1.712,1.342,1.953,0.879,0.831,0.569,2.257,0.634,0.348,0.297,1.712,61.847,16
1.273,1.851,0.879,0.833,0.487,2.416,0.686,0.384,0.322,1.804,1.273,1.851,0.879,0.833,0.487,2.416,0.686,0.384,0.322,1.804,64.405,16
1.304,1.919,0.881,0.828,0.517,2.372,0.631,0.324,0.317,1.818,1.304,1.919,0.881,0.828,0.517,2.372,0.631,0.324,0.317,1.818,69.893,16
1.295,1.996,0.885,0.829,0.496,2.59,0.683,0.343,0.345,2.028,1.295,1.996,0.885,0.829,0.496,2.59,0.683,0.343,0.345,2.028,64.475,16
1.326,1.902,0.9,0.828,0.533,2.297,0.642,0.372,0.274,1.734,1.326,1.902,0.9,0.828,0.533,2.297,0.642,0.372,0.274,1.734,58.6,16
1.302,1.926,0.891,0.815,0.53,2.373,0.625,0.368,0.266,1.803,1.302,1.926,0.891,0.815,0.53,2.373,0.625,0.368,0.266,1.803,59.808,16
1.315,1.958,0.9,0.853,0.504,2.499,0.66,0.38,0.29,1.944,1.315,1.958,0.9,0.853,0.504,2.499,0.66,0.38,0.29,1.944,62.65,16
1.32,1.981,0.882,0.823,0.559,2.371,0.627,0.334,0.299,1.809,1.32,1.981,0.882,0.823,0.559,2.371,0.627,0.334,0.299,1.809,63.695,16
1.308,1.923,0.875,0.827,0.521,2.382,0.613,0.321,0.308,1.828,1.308,1.923,0.875,0.827,0.521,2.382,0.613,0.321,0.308,1.828,63.561,16
1.347,1.974,0.886,0.824,0.578,2.27,0.617,0.372,0.257,1.728,1.347,1.974,0.886,0.824,0.578,2.27,0.617,0.372,0.257,1.728,62.241,16
1.317,2.01,0.892,0.823,0.538,2.475,0.631,0.354,0.283,1.92,1.317,2.01,0.892,0.823,0.538,2.475,0.631,0.354,0.283,1.92,63.325,16
1.327,2.046,0.909,0.829,0.539,2.522,0.625,0.38,0.248,1.981,1.327,2.046,0.909,0.829,0.539,2.522,0.625,0.38,0.248,1.981,66.129,16
1.326,2.11,0.888,0.816,0.552,2.604,0.596,0.331,0.271,2.065,1.326,2.11,0.888,0.816,0.552,2.604,0.596,0.331,0.271,2.065,56.921,16
1.362,2.101,0.897,0.865,0.568,2.501,0.624,0.37,0.268,1.986,1.362,2.101,0.897,0.865,0.568,2.501,0.624,0.37,0.268,1.986,62.394,16
1.336,2.056,0.902,0.85,0.541,2.556,0.625,0.35,0.28,2.014,1.336,2.056,0.902,0.85,0.541,2.556,0.625,0.35,0.28,2.014,67.779,16
1.358,2.008,0.897,0.839,0.578,2.333,0.629,0.372,0.263,1.791,1.358,2.008,0.897,0.839,0.578,2.333,0.629,0.372,0.263,1.791,66.851,16
1.28,2.019,0.885,0.803,0.502,2.636,0.636,0.354,0.289,2.064,1.28,2.019,0.885,0.803,0.502,2.636,0.636,0.354,0.289,2.064,69.26,16
1.351,2.098,0.912,0.837,0.569,2.498,0.629,0.4,0.232,1.967,1.351,2.098,0.912,0.837,0.569,2.498,0.629,0.4,0.232,1.967,62.032,16
1.315,2.108,0.897,0.837,0.542,2.653,0.66,0.391,0.276,2.091,1.315,2.108,0.897,0.837,0.542,2.653,0.66,0.391,0.276,2.091,60.374,16
1.354,2.086,0.9,0.803,0.589,2.419,0.599,0.352,0.248,1.883,1.354,2.086,0.9,0.803,0.589,2.419,0.599,0.352,0.248,1.883,50.22,16
1.324,2.022,0.9,0.857,0.537,2.516,0.675,0.409,0.276,1.953,1.324,2.022,0.9,0.857,0.537,2.516,0.675,0.409,0.276,1.953,62.298,16
1.367,2.157,0.905,0.831,0.591,2.491,0.61,0.346,0.265,1.984,1.367,2.157,0.905,0.831,0.591,2.491,0.61,0.346,0.265,1.984,63.325,16
1.337,2.014,0.892,0.836,0.559,2.428,0.617,0.372,0.257,1.879,1.337,2.014,0.892,0.836,0.559,2.428,0.617,0.372,0.257,1.879,57.585,16
1.37,2.369,0.884,0.785,0.633,2.701,0.622,0.371,0.253,2.176,1.37,2.369,0.884,0.785,0.633,2.701,0.622,0.371,0.253,2.176,58.523,16
1.312,1.888,0.887,0.828,0.53,2.306,0.636,0.339,0.304,1.733,1.312,1.888,0.887,0.828,0.53,2.306,0.636,0.339,0.304,1.733,64.288,16
1.375,2.324,0.878,0.792,0.647,2.593,0.583,0.315,0.27,2.078,1.375,2.324,0.878,0.792,0.647,2.593,0.583,0.315,0.27,2.078,62.394,16
1.339,1.926,0.847,1.014,0.618,2.141,0.513,0.336,0.368,1.727,1.339,1.926,0.847,1.014,0.618,2.141,0.513,0.336,0.368,1.727,32.28,17
1.233,1.876,0.877,1.018,0.496,2.621,0.539,0.335,0.407,2.164,1.233,1.876,0.877,1.018,0.496,2.621,0.539,0.335,0.407,2.164,31.145,17
1.289,1.959,0.874,1.034,0.598,2.355,0.487,0.316,0.35,1.951,1.289,1.959,0.874,1.034,0.598,2.355,0.487,0.316,0.35,1.951,26.249,17
1.359,1.92,0.846,1.061,0.682,1.89,0.387,0.322,0.354,1.611,1.359,1.92,0.846,1.061,0.682,1.89,0.387,0.322,0.354,1.611,35.44,17
1.355,2.031,0.862,1.047,0.672,2.113,0.325,0.29,0.286,1.869,1.355,2.031,0.862,1.047,0.672,2.113,0.325,0.29,0.286,1.869,35.171,17
1.385,2.03,0.884,1.072,0.727,2.012,0.379,0.299,0.247,1.729,1.385,2.03,0.884,1.072,0.727,2.012,0.379,0.299,0.247,1.729,29.53,17
1.318,1.957,0.874,1.069,0.648,2.15,0.444,0.33,0.323,1.81,1.318,1.957,0.874,1.069,0.648,2.15,0.444,0.33,0.323,1.81,36.139,17
1.219,1.885,0.849,1.032,0.389,3.298,0.758,0.595,0.507,2.694,1.219,1.885,0.849,1.032,0.389,3.298,0.758,0.595,0.507,2.694,21,17
1.27,1.976,0.863,1.03,0.554,2.449,0.398,0.329,0.337,2.135,1.27,1.976,0.863,1.03,0.554,2.449,0.398,0.329,0.337,2.135,33.242,17
1.272,1.934,0.856,1.009,0.61,2.219,0.524,0.339,0.348,1.783,1.272,1.934,0.856,1.009,0.61,2.219,0.524,0.339,0.348,1.783,32.985,17
1.314,1.917,0.894,1.058,0.604,2.109,0.468,0.314,0.322,1.775,1.314,1.917,0.894,1.058,0.604,2.109,0.468,0.314,0.322,1.775,26.401,17
1.257,1.88,0.839,1.03,0.444,2.872,0.648,0.502,0.491,2.355,1.257,1.88,0.839,1.03,0.444,2.872,0.648,0.502,0.491,2.355,26.173,17
1.281,1.95,0.895,1.062,0.52,2.607,0.55,0.394,0.338,2.193,1.281,1.95,0.895,1.062,0.52,2.607,0.55,0.394,0.338,2.193,23.087,17
1.33,1.902,0.872,0.999,0.701,1.899,0.37,0.238,0.265,1.574,1.33,1.902,0.872,0.999,0.701,1.899,0.37,0.238,0.265,1.574,31.305,17
1.279,1.898,0.861,1.025,0.483,2.756,0.505,0.409,0.37,2.329,1.279,1.898,0.861,1.025,0.483,2.756,0.505,0.409,0.37,2.329,15.811,17
1.385,2.037,0.872,1.067,0.454,3.146,0.547,0.483,0.384,2.756,1.385,2.037,0.872,1.067,0.454,3.146,0.547,0.483,0.384,2.756,14.56,17
1.348,1.932,0.881,1.058,0.594,2.3,0.375,0.327,0.281,2.009,1.348,1.932,0.881,1.058,0.594,2.3,0.375,0.327,0.281,2.009,33.838,17
1.273,1.937,0.834,1.063,0.52,2.594,0.594,0.481,0.458,2.144,1.273,1.937,0.834,1.063,0.52,2.594,0.594,0.481,0.458,2.144,24.739,17
1.287,1.975,0.83,1.063,0.652,2.142,0.45,0.379,0.374,1.799,1.287,1.975,0.83,1.063,0.652,2.142,0.45,0.379,0.374,1.799,38.079,17
1.226,1.903,0.843,1.051,0.484,2.742,0.543,0.469,0.439,2.312,1.226,1.903,0.843,1.051,0.484,2.742,0.543,0.469,0.439,2.312,28.16,17
1.303,1.917,0.885,1.035,0.668,2.024,0.414,0.299,0.254,1.682,1.303,1.917,0.885,1.035,0.668,2.024,0.414,0.299,0.254,1.682,32.311,17
1.264,1.895,0.871,1.02,0.613,2.14,0.459,0.299,0.33,1.757,1.264,1.895,0.871,1.02,0.613,2.14,0.459,0.299,0.33,1.757,26.571,17
1.254,1.962,0.842,1.06,0.595,2.364,0.422,0.398,0.343,2.033,1.254,1.962,0.842,1.06,0.595,2.364,0.422,0.398,0.343,2.033,29.614,17
1.27,1.916,0.854,1.046,0.378,3.668,0.677,0.561,0.534,3.103,1.27,1.916,0.854,1.046,0.378,3.668,0.677,0.561,0.534,3.103,14.142,17
1.257,1.95,0.898,1.065,0.419,3.247,0.678,0.485,0.416,2.738,1.257,1.95,0.898,1.065,0.419,3.247,0.678,0.485,0.416,2.738,24.021,17
1.308,1.91,0.872,1.058,0.613,2.111,0.461,0.362,0.303,1.769,1.308,1.91,0.872,1.058,0.613,2.111,0.461,0.362,0.303,1.769,27.731,17
1.323,2.003,0.842,1.067,0.646,2.231,0.461,0.378,0.357,1.877,1.323,2.003,0.842,1.067,0.646,2.231,0.461,0.378,0.357,1.877,30.364,17
1.337,1.915,0.869,1.05,0.714,1.876,0.327,0.276,0.26,1.617,1.337,1.915,0.869,1.05,0.714,1.876,0.327,0.276,0.26,1.617,32.202,17
1.336,1.94,0.847,0.993,0.736,1.904,0.378,0.257,0.28,1.565,1.336,1.94,0.847,0.993,0.736,1.904,0.378,0.257,0.28,1.565,38.484,17
1.299,1.936,0.875,1.019,0.561,2.453,0.53,0.357,0.333,2.006,1.299,1.936,0.875,1.019,0.561,2.453,0.53,0.357,0.333,2.006,23.77,17
1.255,1.894,0.889,1.028,0.588,2.2,0.439,0.283,0.316,1.844,1.255,1.894,0.889,1.028,0.588,2.2,0.439,0.283,0.316,1.844,37.108,17
1.249,1.904,0.866,1.028,0.597,2.224,0.432,0.311,0.332,1.865,1.249,1.904,0.866,1.028,0.597,2.224,0.432,0.311,0.332,1.865,32.558,17
1.271,1.931,0.87,1.029,0.437,3.188,0.716,0.464,0.476,2.583,1.271,1.931,0.87,1.029,0.437,3.188,0.716,0.464,0.476,2.583,16.125,17
1.331,2.035,0.833,1.041,0.438,3.422,0.745,0.552,0.544,2.812,1.331,2.035,0.833,1.041,0.438,3.422,0.745,0.552,0.544,2.812,20.1,17
1.289,1.845,0.851,1.011,0.627,2.04,0.425,0.295,0.341,1.672,1.289,1.845,0.851,1.011,0.627,2.04,0.425,0.295,0.341,1.672,27.313,17
1.321,1.985,0.871,1.045,0.678,2.116,0.425,0.311,0.286,1.771,1.321,1.985,0.871,1.045,0.678,2.116,0.425,0.311,0.286,1.771,28.178,17
1.306,2.049,0.817,1.056,0.573,2.566,0.458,0.444,0.403,2.216,1.306,2.049,0.817,1.056,0.573,2.566,0.458,0.444,0.403,2.216,21.541,17
1.272,1.879,0.864,0.988,0.642,2.059,0.471,0.281,0.316,1.641,1.272,1.879,0.864,0.988,0.642,2.059,0.471,0.281,0.316,1.641,29.53,17
1.246,1.902,0.839,0.991,0.448,3.027,0.598,0.411,0.479,2.488,1.246,1.902,0.839,0.991,0.448,3.027,0.598,0.411,0.479,2.488,12.083,17
1.267,1.811,0.838,1.05,0.471,2.49,0.611,0.486,0.494,2.034,1.267,1.811,0.838,1.05,0.471,2.49,0.611,0.486,0.494,2.034,22.361,17
1.213,1.817,0.883,0.97,0.428,3.025,0.598,0.375,0.369,2.457,1.213,1.817,0.883,0.97,0.428,3.025,0.598,0.375,0.369,2.457,18.248,17
1.294,1.928,0.85,1.007,0.658,2.121,0.432,0.283,0.333,1.74,1.294,1.928,0.85,1.007,0.658,2.121,0.432,0.283,0.333,1.74,28.636,17
1.208,1.873,0.869,1.03,0.48,2.668,0.486,0.363,0.41,2.269,1.208,1.873,0.869,1.03,0.48,2.668,0.486,0.363,0.41,2.269,19.647,17
1.288,1.972,0.855,1.027,0.627,2.288,0.473,0.335,0.335,1.887,1.288,1.972,0.855,1.027,0.627,2.288,0.473,0.335,0.335,1.887,26.833,17
1.302,1.928,0.898,1.066,0.607,2.288,0.505,0.359,0.287,1.887,1.302,1.928,0.898,1.066,0.607,2.288,0.505,0.359,0.287,1.887,22.825,17
1.325,1.904,0.831,1.045,0.679,1.977,0.466,0.36,0.349,1.601,1.325,1.904,0.831,1.045,0.679,1.977,0.466,0.36,0.349,1.601,32.696,17
1.217,1.927,0.846,1.079,0.405,3.314,0.617,0.598,0.528,2.868,1.217,1.927,0.846,1.079,0.405,3.314,0.617,0.598,0.528,2.868,26.077,17
1.352,1.987,0.858,1.063,0.694,2.044,0.443,0.338,0.308,1.703,1.352,1.987,0.858,1.063,0.694,2.044,0.443,0.338,0.308,1.703,32.202,17
1.285,1.854,0.853,0.98,0.447,2.942,0.528,0.357,0.426,2.448,1.285,1.854,0.853,0.98,0.447,2.942,0.528,0.357,0.426,2.448,11.18,17
1.362,2.004,0.856,1.054,0.658,2.166,0.429,0.355,0.294,1.835,1.362,2.004,0.856,1.054,0.658,2.166,0.429,0.355,0.294,1.835,27.295,17
1.324,1.963,0.882,1.068,0.678,2.053,0.463,0.312,0.319,1.701,1.324,1.963,0.882,1.068,0.678,2.053,0.463,0.312,0.319,1.701,30.871,17
0.881,1.12,0.854,0.757,0.339,1.076,0.718,0.287,0.432,0.366,0.881,1.12,0.854,0.757,0.339,1.076,0.718,0.287,0.432,0.366,91.351,18
0.889,1.102,0.858,0.753,0.336,1.041,0.736,0.318,0.424,0.329,0.889,1.102,0.858,0.753,0.336,1.041,0.736,0.318,0.424,0.329,89.022,18
0.86,1.173,0.876,0.788,0.314,1.241,0.675,0.278,0.397,0.578,0.86,1.173,0.876,0.788,0.314,1.241,0.675,0.278,0.397,0.578,87.144,18
0.885,1.192,0.833,0.741,0.34,1.347,0.763,0.277,0.497,0.615,0.885,1.192,0.833,0.741,0.34,1.347,0.763,0.277,0.497,0.615,90.139,18
0.88,1.169,0.868,0.79,0.332,1.146,0.633,0.237,0.397,0.52,0.88,1.169,0.868,0.79,0.332,1.146,0.633,0.237,0.397,0.52,88.204,18
0.948,1.214,0.886,0.8,0.343,1.218,0.582,0.253,0.335,0.646,0.948,1.214,0.886,0.8,0.343,1.218,0.582,0.253,0.335,0.646,89.09,18
0.895,1.19,0.899,0.809,0.324,1.191,0.592,0.279,0.318,0.604,0.895,1.19,0.899,0.809,0.324,1.191,0.592,0.279,0.318,0.604,88.091,18
0.86,1.095,0.876,0.765,0.314,1.062,0.749,0.355,0.394,0.351,0.86,1.095,0.876,0.765,0.314,1.062,0.749,0.355,0.394,0.351,88.278,18
0.842,1.119,0.817,0.731,0.313,1.247,0.859,0.275,0.585,0.419,0.842,1.119,0.817,0.731,0.313,1.247,0.859,0.275,0.585,0.419,89.051,18
0.855,1.171,0.862,0.776,0.315,1.274,0.712,0.276,0.436,0.587,0.855,1.171,0.862,0.776,0.315,1.274,0.712,0.276,0.436,0.587,87.092,18
0.907,1.25,0.849,0.759,0.324,1.534,0.745,0.284,0.468,0.827,0.907,1.25,0.849,0.759,0.324,1.534,0.745,0.284,0.468,0.827,89,18
0.837,1.104,0.837,0.757,0.305,1.141,0.798,0.269,0.534,0.344,0.837,1.104,0.837,0.757,0.305,1.141,0.798,0.269,0.534,0.344,89.359,18
0.928,1.147,0.85,0.739,0.36,1.139,0.724,0.312,0.417,0.443,0.928,1.147,0.85,0.739,0.36,1.139,0.724,0.312,0.417,0.443,90.139,18
1.033,1.312,0.886,0.794,0.433,1.216,0.487,0.218,0.308,0.73,1.033,1.312,0.886,0.794,0.433,1.216,0.487,0.218,0.308,0.73,92.022,18
0.922,1.252,0.896,0.815,0.353,1.256,0.53,0.23,0.311,0.727,0.922,1.252,0.896,0.815,0.353,1.256,0.53,0.23,0.311,0.727,88.051,18
0.908,1.203,0.823,0.74,0.363,1.288,0.716,0.229,0.489,0.595,0.908,1.203,0.823,0.74,0.363,1.288,0.716,0.229,0.489,0.595,90.022,18
0.882,1.19,0.873,0.782,0.314,1.311,0.695,0.297,0.41,0.633,0.882,1.19,0.873,0.782,0.314,1.311,0.695,0.297,0.41,0.633,90.089,18
0.993,1.312,0.89,0.817,0.384,1.333,0.488,0.189,0.317,0.847,0.993,1.312,0.89,0.817,0.384,1.333,0.488,0.189,0.317,0.847,91.198,18
0.927,1.263,0.831,0.75,0.342,1.512,0.732,0.258,0.506,0.803,0.927,1.263,0.831,0.75,0.342,1.512,0.732,0.258,0.506,0.803,89.051,18
0.907,1.206,0.883,0.793,0.321,1.304,0.647,0.283,0.364,0.667,0.907,1.206,0.883,0.793,0.321,1.304,0.647,0.283,0.364,0.667,90.05,18
0.914,1.195,0.868,0.791,0.328,1.243,0.64,0.243,0.402,0.605,0.914,1.195,0.868,0.791,0.328,1.243,0.64,0.243,0.402,0.605,90.089,18
0.863,1.187,0.886,0.797,0.28,1.403,0.726,0.318,0.408,0.712,0.863,1.187,0.886,0.797,0.28,1.403,0.726,0.318,0.408,0.712,87.006,18
0.902,1.185,0.864,0.778,0.297,1.388,0.749,0.291,0.458,0.658,0.902,1.185,0.864,0.778,0.297,1.388,0.749,0.291,0.458,0.658,89,18
0.858,1.13,0.853,0.768,0.298,1.23,0.779,0.286,0.496,0.493,0.858,1.13,0.853,0.768,0.298,1.23,0.779,0.286,0.496,0.493,90.089,18
0.862,1.107,0.853,0.744,0.304,1.201,0.844,0.36,0.487,0.379,0.862,1.107,0.853,0.744,0.304,1.201,0.844,0.36,0.487,0.379,89.051,18
0.874,1.209,0.841,0.766,0.305,1.482,0.768,0.246,0.527,0.743,0.874,1.209,0.841,0.766,0.305,1.482,0.768,0.246,0.527,0.743,91.137,18
0.905,1.13,0.868,0.776,0.328,1.081,0.681,0.28,0.402,0.408,0.905,1.13,0.868,0.776,0.328,1.081,0.681,0.28,0.402,0.408,91.137,18
0.878,1.143,0.893,0.786,0.28,1.277,0.766,0.382,0.385,0.512,0.878,1.143,0.893,0.786,0.28,1.277,0.766,0.382,0.385,0.512,90.05,18
0.859,1.121,0.825,0.712,0.319,1.288,0.905,0.36,0.548,0.42,0.859,1.121,0.825,0.712,0.319,1.288,0.905,0.36,0.548,0.42,92.266,18
0.867,1.143,0.855,0.759,0.309,1.254,0.779,0.311,0.468,0.506,0.867,1.143,0.855,0.759,0.309,1.254,0.779,0.311,0.468,0.506,90.022,18
0.927,1.157,0.856,0.764,0.362,1.091,0.654,0.254,0.4,0.438,0.927,1.157,0.856,0.764,0.362,1.091,0.654,0.254,0.4,0.438,92.266,18
0.883,1.169,0.878,0.782,0.301,1.304,0.729,0.326,0.404,0.579,0.883,1.169,0.878,0.782,0.301,1.304,0.729,0.326,0.404,0.579,90.089,18
0.918,1.063,0.857,0.766,0.332,0.897,0.707,0.276,0.431,0.21,0.918,1.063,0.857,0.766,0.332,0.897,0.707,0.276,0.431,0.21,90.05,18
0.872,1.155,0.891,0.795,0.281,1.286,0.729,0.345,0.395,0.563,0.872,1.155,0.891,0.795,0.281,1.286,0.729,0.345,0.395,0.563,91.269,18
0.87,1.132,0.805,0.695,0.332,1.32,0.918,0.332,0.587,0.429,0.87,1.132,0.805,0.695,0.332,1.32,0.918,0.332,0.587,0.429,92.136,18
0.888,1.203,0.847,0.758,0.312,1.443,0.78,0.287,0.493,0.668,0.888,1.203,0.847,0.758,0.312,1.443,0.78,0.287,0.493,0.668,90.006,18
0.894,1.179,0.844,0.753,0.328,1.31,0.752,0.277,0.476,0.576,0.894,1.179,0.844,0.753,0.328,1.31,0.752,0.277,0.476,0.576,89.09,18
0.895,1.185,0.877,0.779,0.297,1.375,0.75,0.335,0.416,0.625,0.895,1.185,0.877,0.779,0.297,1.375,0.75,0.335,0.416,0.625,90.089,18
0.845,1.107,0.855,0.759,0.293,1.198,0.823,0.331,0.5,0.405,0.845,1.107,0.855,0.759,0.293,1.198,0.823,0.331,0.5,0.405,90.139,18
0.809,1.096,0.781,0.683,0.274,1.514,1.16,0.367,0.801,0.38,0.809,1.096,0.781,0.683,0.274,1.514,1.16,0.367,0.801,0.38,88.051,18
0.945,1.243,0.894,0.813,0.351,1.254,0.552,0.231,0.329,0.703,0.945,1.243,0.894,0.813,0.351,1.254,0.552,0.231,0.329,0.703,88.006,18
0.921,1.233,0.865,0.767,0.355,1.341,0.664,0.276,0.398,0.681,0.921,1.233,0.865,0.767,0.355,1.341,0.664,0.276,0.398,0.681,89.022,18
0.875,1.19,0.866,0.775,0.298,1.406,0.757,0.307,0.458,0.693,0.875,1.19,0.866,0.775,0.298,1.406,0.757,0.307,0.458,0.693,88.006,18
0.838,1.148,0.825,0.725,0.276,1.542,0.995,0.361,0.634,0.571,0.838,1.148,0.825,0.725,0.276,1.542,0.995,0.361,0.634,0.571,88.006,18
0.879,1.115,0.871,0.782,0.289,1.152,0.755,0.313,0.452,0.401,0.879,1.115,0.871,0.782,0.289,1.152,0.755,0.313,0.452,0.401,86,18
0.897,1.132,0.866,0.773,0.307,1.169,0.738,0.303,0.435,0.435,0.897,1.132,0.866,0.773,0.307,1.169,0.738,0.303,0.435,0.435,87.052,18
0.899,1.206,0.87,0.793,0.308,1.352,0.673,0.256,0.423,0.685,0.899,1.206,0.87,0.793,0.308,1.352,0.673,0.256,0.423,0.685,89.022,18
0.918,1.159,0.867,0.76,0.329,1.215,0.73,0.326,0.405,0.488,0.918,1.159,0.867,0.76,0.329,1.215,0.73,0.326,0.405,0.488,89.006,18
0.856,1.147,0.816,0.73,0.289,1.458,0.941,0.299,0.642,0.52,0.856,1.147,0.816,0.73,0.289,1.458,0.941,0.299,0.642,0.52,88.051,18
0.858,1.171,0.851,0.766,0.29,1.408,0.808,0.3,0.517,0.619,0.858,1.171,0.851,0.766,0.29,1.408,0.808,0.3,0.517,0.619,87.023,18
0.859,1.156,0.841,0.756,0.289,1.391,0.846,0.297,0.549,0.572,0.859,1.156,0.841,0.756,0.289,1.391,0.846,0.297,0.549,0.572,88.051,18
1.34,2.022,0.887,0.81,0.535,2.461,0.515,0.273,0.249,1.97,1.34,2.022,0.887,0.81,0.535,2.461,0.515,0.273,0.249,1.97,67.052,19
1.369,2.07,0.886,0.865,0.507,2.622,0.483,0.243,0.271,2.187,1.369,2.07,0.886,0.865,0.507,2.622,0.483,0.243,0.271,2.187,69.921,19
1.311,2.01,0.871,0.797,0.517,2.539,0.526,0.253,0.282,2.026,1.311,2.01,0.871,0.797,0.517,2.539,0.526,0.253,0.282,2.026,66.408,19
1.353,2.028,0.89,0.83,0.526,2.468,0.462,0.242,0.235,2.026,1.353,2.028,0.89,0.83,0.526,2.468,0.462,0.242,0.235,2.026,66.098,19
1.314,2.019,0.876,0.819,0.496,2.597,0.471,0.219,0.271,2.135,1.314,2.019,0.876,0.819,0.496,2.597,0.471,0.219,0.271,2.135,68.308,19
1.328,2.064,0.885,0.825,0.506,2.647,0.507,0.25,0.268,2.168,1.328,2.064,0.885,0.825,0.506,2.647,0.507,0.25,0.268,2.168,66.761,19
1.379,2.111,0.888,0.842,0.545,2.536,0.467,0.263,0.231,2.104,1.379,2.111,0.888,0.842,0.545,2.536,0.467,0.263,0.231,2.104,66.761,19
1.367,2.087,0.883,0.824,0.543,2.519,0.483,0.238,0.255,2.063,1.367,2.087,0.883,0.824,0.543,2.519,0.483,0.238,0.255,2.063,69.376,19
1.367,2.037,0.89,0.845,0.526,2.492,0.476,0.268,0.235,2.048,1.367,2.037,0.89,0.845,0.526,2.492,0.476,0.268,0.235,2.048,68.154,19
1.364,2.089,0.885,0.801,0.563,2.42,0.457,0.241,0.224,1.979,1.364,2.089,0.885,0.801,0.563,2.42,0.457,0.241,0.224,1.979,66.219,19
1.367,2.037,0.89,0.83,0.538,2.433,0.451,0.236,0.23,2,1.367,2.037,0.89,0.83,0.538,2.433,0.451,0.236,0.23,2,65.253,19
1.353,2.043,0.89,0.845,0.514,2.548,0.487,0.274,0.24,2.098,1.353,2.043,0.89,0.845,0.514,2.548,0.487,0.274,0.24,2.098,63.063,19
1.364,2.106,0.898,0.838,0.531,2.597,0.487,0.248,0.245,2.146,1.364,2.106,0.898,0.838,0.531,2.597,0.487,0.248,0.245,2.146,64.846,19
1.333,1.978,0.878,0.837,0.503,2.473,0.467,0.238,0.263,2.025,1.333,1.978,0.878,0.837,0.503,2.473,0.467,0.238,0.263,2.025,62.817,19
1.354,2.022,0.866,0.825,0.535,2.461,0.528,0.257,0.294,1.97,1.354,2.022,0.866,0.825,0.535,2.461,0.528,0.257,0.294,1.97,62.169,19
1.352,2.019,0.882,0.822,0.537,2.437,0.523,0.261,0.272,1.952,1.352,2.019,0.882,0.822,0.537,2.437,0.523,0.261,0.272,1.952,61.188,19
1.38,2.01,0.89,0.835,0.551,2.345,0.453,0.224,0.24,1.912,1.38,2.01,0.89,0.835,0.551,2.345,0.453,0.224,0.24,1.912,62.169,19
1.395,2.049,0.886,0.811,0.594,2.299,0.477,0.252,0.231,1.841,1.395,2.049,0.886,0.811,0.594,2.299,0.477,0.252,0.231,1.841,62.169,19
1.389,2.002,0.903,0.839,0.559,2.328,0.491,0.28,0.219,1.87,1.389,2.002,0.903,0.839,0.559,2.328,0.491,0.28,0.219,1.87,65.115,19
1.377,2.031,0.887,0.827,0.557,2.366,0.481,0.253,0.24,1.915,1.377,2.031,0.887,0.827,0.557,2.366,0.481,0.253,0.24,1.915,64.133,19
1.39,1.978,0.894,0.801,0.591,2.166,0.453,0.256,0.202,1.724,1.39,1.978,0.894,0.801,0.591,2.166,0.453,0.256,0.202,1.724,64.777,19
1.399,2.066,0.881,0.818,0.588,2.323,0.481,0.253,0.24,1.871,1.399,2.066,0.881,0.818,0.588,2.323,0.481,0.253,0.24,1.871,63.348,19
1.39,2,0.876,0.8,0.596,2.215,0.459,0.248,0.227,1.764,1.39,2,0.876,0.8,0.596,2.215,0.459,0.248,0.227,1.764,64.938,19
1.377,2.007,0.887,0.827,0.557,2.323,0.481,0.253,0.24,1.871,1.377,2.007,0.887,0.827,0.557,2.323,0.481,0.253,0.24,1.871,64.133,19
1.374,2.022,0.869,0.81,0.569,2.323,0.469,0.224,0.261,1.869,1.374,2.022,0.869,0.81,0.569,2.323,0.469,0.224,0.261,1.869,64.938,19
1.356,1.979,0.882,0.822,0.543,2.373,0.518,0.258,0.269,1.881,1.356,1.979,0.882,0.822,0.543,2.373,0.518,0.258,0.269,1.881,62.801,19
1.356,1.984,0.866,0.79,0.569,2.278,0.496,0.227,0.275,1.794,1.356,1.984,0.866,0.79,0.569,2.278,0.496,0.227,0.275,1.794,62.801,19
1.376,1.99,0.887,0.827,0.553,2.279,0.453,0.224,0.24,1.848,1.376,1.99,0.887,0.827,0.553,2.279,0.453,0.224,0.24,1.848,61.66,19
1.36,1.999,0.868,0.794,0.571,2.279,0.456,0.204,0.258,1.827,1.36,1.999,0.868,0.794,0.571,2.279,0.456,0.204,0.258,1.827,60.828,19
1.372,1.996,0.887,0.831,0.546,2.325,0.435,0.198,0.244,1.904,1.372,1.996,0.887,0.831,0.546,2.325,0.435,0.198,0.244,1.904,61.984,19
1.373,2.012,0.9,0.801,0.575,2.278,0.481,0.267,0.215,1.816,1.373,2.012,0.9,0.801,0.575,2.278,0.481,0.267,0.215,1.816,64.938,19
1.318,1.937,0.875,0.817,0.505,2.421,0.498,0.237,0.277,1.937,1.318,1.937,0.875,0.817,0.505,2.421,0.498,0.237,0.277,1.937,63.151,19
1.34,2.007,0.88,0.803,0.541,2.416,0.515,0.243,0.275,1.922,1.34,2.007,0.88,0.803,0.541,2.416,0.515,0.243,0.275,1.922,63.151,19
1.344,1.978,0.871,0.812,0.535,2.371,0.487,0.232,0.271,1.899,1.344,1.978,0.871,0.812,0.535,2.371,0.487,0.232,0.271,1.899,61.984,19
1.326,1.982,0.894,0.813,0.514,2.422,0.515,0.251,0.266,1.944,1.326,1.982,0.894,0.813,0.514,2.422,0.515,0.251,0.266,1.944,61.188,19
1.345,2.046,0.899,0.854,0.494,2.611,0.495,0.251,0.256,2.169,1.345,2.046,0.899,0.854,0.494,2.611,0.495,0.251,0.256,2.169,63.348,19
1.318,1.973,0.889,0.797,0.524,2.416,0.505,0.257,0.249,1.922,1.318,1.973,0.889,0.797,0.524,2.416,0.505,0.257,0.249,1.922,62.169,19
1.327,2.007,0.884,0.823,0.508,2.525,0.502,0.248,0.266,2.047,1.327,2.007,0.884,0.823,0.508,2.525,0.502,0.248,0.266,2.047,62.169,19
1.338,1.95,0.873,0.795,0.55,2.279,0.506,0.26,0.258,1.787,1.338,1.95,0.873,0.795,0.55,2.279,0.506,0.26,0.258,1.787,60.017,19
1.357,1.986,0.854,0.774,0.583,2.192,0.447,0.202,0.259,1.746,1.357,1.986,0.854,0.774,0.583,2.192,0.447,0.202,0.259,1.746,54.342,19
1.381,1.936,0.868,0.784,0.6,2.016,0.446,0.215,0.239,1.585,1.381,1.936,0.868,0.784,0.6,2.016,0.446,0.215,0.239,1.585,57.07,19
1.353,1.99,0.852,0.81,0.544,2.28,0.426,0.16,0.289,1.864,1.353,1.99,0.852,0.81,0.544,2.28,0.426,0.16,0.289,1.864,59.228,19
1.334,1.959,0.886,0.806,0.53,2.326,0.483,0.241,0.247,1.859,1.334,1.959,0.886,0.806,0.53,2.326,0.483,0.241,0.247,1.859,61,19
1.33,1.959,0.886,0.803,0.53,2.348,0.51,0.27,0.247,1.859,1.33,1.959,0.886,0.803,0.53,2.348,0.51,0.27,0.247,1.859,61.984,19
1.272,1.967,0.868,0.755,0.518,2.435,0.528,0.254,0.275,1.909,1.272,1.967,0.868,0.755,0.518,2.435,0.528,0.254,0.275,1.909,59.666,19
1.322,1.99,0.868,0.793,0.529,2.37,0.458,0.188,0.273,1.918,1.322,1.99,0.868,0.793,0.529,2.37,0.458,0.188,0.273,1.918,61.188,19
1.3,1.993,0.859,0.816,0.485,2.538,0.488,0.179,0.324,2.076,1.3,1.993,0.859,0.816,0.485,2.538,0.488,0.179,0.324,2.076,62.37,19
1.277,1.947,0.886,0.825,0.453,2.625,0.511,0.232,0.287,2.137,1.277,1.947,0.886,0.825,0.453,2.625,0.511,0.232,0.287,2.137,61.847,19
1.263,1.916,0.874,0.816,0.447,2.608,0.521,0.229,0.307,2.102,1.263,1.916,0.874,0.816,0.447,2.608,0.521,0.229,0.307,2.102,63.561,19
1.302,1.945,0.878,0.848,0.454,2.557,0.453,0.217,0.282,2.129,1.302,1.945,0.878,0.848,0.454,2.557,0.453,0.217,0.282,2.129,62.37,19
1.306,1.971,0.888,0.876,0.431,2.75,0.482,0.232,0.298,2.319,1.306,1.971,0.888,0.876,0.431,2.75,0.482,0.232,0.298,2.319,62.37,19
1.601,1.806,0.885,0.921,0.714,1.242,0.133,0.053,0.171,1.129,1.601,1.806,0.885,0.921,0.714,1.242,0.133,0.053,0.171,1.129,78.568,20
1.56,1.917,0.895,0.901,0.697,1.457,0.168,0.059,0.153,1.32,1.56,1.917,0.895,0.901,0.697,1.457,0.168,0.059,0.153,1.32,79.31,20
1.693,2.053,0.925,0.97,0.773,1.402,0.126,0.091,0.107,1.378,1.693,2.053,0.925,0.97,0.773,1.402,0.126,0.091,0.107,1.378,77.897,20
1.652,1.618,0.914,0.918,0.754,0.928,0.128,0.057,0.114,0.83,1.652,1.618,0.914,0.918,0.754,0.928,0.128,0.057,0.114,0.83,77.897,20
1.717,2.145,0.926,0.945,0.825,1.456,0.192,0.086,0.129,1.401,1.717,2.145,0.926,0.945,0.825,1.456,0.192,0.086,0.129,1.401,77.897,20
1.615,1.986,0.894,0.887,0.758,1.451,0.182,0.025,0.161,1.308,1.615,1.986,0.894,0.887,0.758,1.451,0.182,0.025,0.161,1.308,76.485,20
1.509,1.848,0.899,0.893,0.65,1.47,0.174,0.027,0.158,1.307,1.509,1.848,0.899,0.893,0.65,1.47,0.174,0.027,0.158,1.307,79.31,20
1.574,2.051,0.859,0.882,0.73,1.605,0.248,0.074,0.225,1.449,1.574,2.051,0.859,0.882,0.73,1.605,0.248,0.074,0.225,1.449,78.645,20
1.574,1.941,0.898,0.903,0.712,1.462,0.196,0.057,0.165,1.325,1.574,1.941,0.898,0.903,0.712,1.462,0.196,0.057,0.165,1.325,77.156,20
1.569,1.984,0.827,0.872,0.726,1.541,0.23,0.081,0.254,1.356,1.569,1.984,0.827,0.872,0.726,1.541,0.23,0.081,0.254,1.356,77.897,20
1.628,2.022,0.883,0.893,0.754,1.497,0.161,0.036,0.161,1.358,1.628,2.022,0.883,0.893,0.754,1.497,0.161,0.036,0.161,1.358,77.897,20
1.619,1.671,0.922,0.91,0.75,1.014,0.126,0.05,0.104,0.894,1.619,1.671,0.922,0.91,0.75,1.014,0.126,0.05,0.104,0.894,77.987,20
1.604,1.944,0.893,0.887,0.74,1.431,0.161,0.025,0.146,1.286,1.604,1.944,0.893,0.887,0.74,1.431,0.161,0.025,0.146,1.286,77.233,20
1.582,1.992,0.866,0.897,0.718,1.526,0.241,0.111,0.204,1.403,1.582,1.992,0.866,0.897,0.718,1.526,0.241,0.111,0.204,1.403,77.337,20
1.739,2.234,0.881,0.945,0.83,1.554,0.176,0.113,0.161,1.503,1.739,2.234,0.881,0.945,0.83,1.554,0.176,0.113,0.161,1.503,77.337,20
1.441,1.73,0.826,0.809,0.66,1.401,0.329,0.131,0.264,1.112,1.441,1.73,0.826,0.809,0.66,1.401,0.329,0.131,0.264,1.112,78.746,20
1.708,2.134,0.901,0.961,0.803,1.466,0.154,0.129,0.129,1.416,1.708,2.134,0.901,0.961,0.803,1.466,0.154,0.129,0.129,1.416,78.102,20
1.679,2.065,0.894,0.96,0.739,1.501,0.135,0.111,0.153,1.475,1.679,2.065,0.894,0.96,0.739,1.501,0.135,0.111,0.153,1.475,79.398,20
1.704,2.159,0.911,0.981,0.761,1.547,0.139,0.112,0.136,1.536,1.704,2.159,0.911,0.981,0.761,1.547,0.139,0.112,0.136,1.536,79.398,20
1.379,1.76,0.747,0.749,0.646,1.572,0.481,0.115,0.42,1.207,1.379,1.76,0.747,0.749,0.646,1.572,0.481,0.115,0.42,1.207,77.987,20
1.58,2.01,0.869,0.887,0.718,1.568,0.192,0.027,0.207,1.406,1.58,2.01,0.869,0.887,0.718,1.568,0.192,0.027,0.207,1.406,79.31,20
1.497,1.783,0.873,0.883,0.634,1.419,0.199,0.04,0.203,1.24,1.497,1.783,0.873,0.883,0.634,1.419,0.199,0.04,0.203,1.24,80.808,20
1.645,2.014,0.896,0.941,0.753,1.427,0.162,0.096,0.151,1.352,1.645,2.014,0.896,0.941,0.753,1.427,0.162,0.096,0.151,1.352,79.398,20
1.681,2.073,0.886,0.935,0.778,1.464,0.156,0.081,0.164,1.39,1.681,2.073,0.886,0.935,0.778,1.464,0.156,0.081,0.164,1.39,78.645,20
1.639,2.079,0.889,0.913,0.769,1.519,0.187,0.073,0.165,1.406,1.639,2.079,0.889,0.913,0.769,1.519,0.187,0.073,0.165,1.406,77.987,20
1.559,1.906,0.854,0.893,0.7,1.451,0.224,0.094,0.222,1.299,1.559,1.906,0.854,0.893,0.7,1.451,0.224,0.094,0.222,1.299,77.897,20
1.755,2.201,0.874,0.936,0.88,1.448,0.216,0.12,0.173,1.373,1.755,2.201,0.874,0.936,0.88,1.448,0.216,0.12,0.173,1.373,77.233,20
1.471,1.822,0.798,0.812,0.692,1.468,0.329,0.091,0.304,1.19,1.471,1.822,0.798,0.812,0.692,1.468,0.329,0.091,0.304,1.19,77.987,20
1.671,2.012,0.88,0.945,0.787,1.367,0.154,0.113,0.162,1.286,1.671,2.012,0.88,0.945,0.787,1.367,0.154,0.113,0.162,1.286,75.822,20
1.369,1.681,0.746,0.758,0.632,1.466,0.441,0.092,0.417,1.094,1.369,1.681,0.746,0.758,0.632,1.466,0.441,0.092,0.417,1.094,76.485,20
1.642,2.046,0.863,0.894,0.797,1.453,0.189,0.055,0.194,1.313,1.642,2.046,0.863,0.894,0.797,1.453,0.189,0.055,0.194,1.313,77.337,20
1.614,2.007,0.888,0.914,0.745,1.467,0.153,0.074,0.153,1.36,1.614,2.007,0.888,0.914,0.745,1.467,0.153,0.074,0.153,1.36,76.577,20
1.7,1.951,0.904,0.938,0.798,1.27,0.151,0.105,0.124,1.21,1.7,1.951,0.904,0.938,0.798,1.27,0.151,0.105,0.124,1.21,74.411,20
0.804,1.05,0.451,0.417,0.404,1.582,1.474,0.175,1.361,0.188,0.804,1.05,0.451,0.417,0.404,1.582,1.474,0.175,1.361,0.188,77.233,20
1.671,2.122,0.873,0.928,0.784,1.524,0.185,0.131,0.168,1.459,1.671,2.122,0.873,0.928,0.784,1.524,0.185,0.131,0.168,1.459,75.928,20
1.68,2.109,0.894,0.941,0.788,1.482,0.159,0.094,0.148,1.417,1.68,2.109,0.894,0.941,0.788,1.482,0.159,0.094,0.148,1.417,75.166,20
1.661,2.101,0.872,0.941,0.743,1.562,0.193,0.114,0.199,1.516,1.661,2.101,0.872,0.941,0.743,1.562,0.193,0.114,0.199,1.516,76.577,20
1.668,2.033,0.913,0.926,0.782,1.416,0.141,0.037,0.131,1.334,1.668,2.033,0.913,0.926,0.782,1.416,0.141,0.037,0.131,1.334,75.928,20
1.586,2,0.892,0.904,0.72,1.521,0.182,0.038,0.174,1.397,1.586,2,0.892,0.904,0.72,1.521,0.182,0.038,0.174,1.397,77.233,20
1.573,2.001,0.874,0.882,0.745,1.503,0.215,0.06,0.189,1.355,1.573,2.001,0.874,0.882,0.745,1.503,0.215,0.06,0.189,1.355,76.577,20
1.653,2.072,0.894,0.927,0.773,1.482,0.144,0.06,0.151,1.404,1.653,2.072,0.894,0.927,0.773,1.482,0.144,0.06,0.151,1.404,76.694,20
1.76,2.243,0.899,0.933,0.874,1.499,0.151,0.055,0.145,1.432,1.76,2.243,0.899,0.933,0.874,1.499,0.151,0.055,0.145,1.432,75.166,20
1.565,1.892,0.905,0.894,0.727,1.375,0.185,0.051,0.145,1.229,1.565,1.892,0.905,0.894,0.727,1.375,0.185,0.051,0.145,1.229,77.233,20
1.547,1.941,0.886,0.896,0.685,1.525,0.207,0.038,0.196,1.386,1.547,1.941,0.886,0.896,0.685,1.525,0.207,0.038,0.196,1.386,75.166,20
1.604,2.042,0.889,0.963,0.685,1.576,0.144,0.115,0.185,1.524,1.604,2.042,0.889,0.963,0.685,1.576,0.144,0.115,0.185,1.524,75.928,20
1.586,1.952,0.873,0.884,0.73,1.464,0.189,0.037,0.185,1.308,1.586,1.952,0.873,0.884,0.73,1.464,0.189,0.037,0.185,1.308,74.518,20
1.646,2.027,0.888,0.928,0.756,1.455,0.138,0.093,0.15,1.372,1.646,2.027,0.888,0.928,0.756,1.455,0.138,0.093,0.15,1.372,75.166,20
1.605,1.977,0.876,0.905,0.737,1.456,0.172,0.057,0.182,1.335,1.605,1.977,0.876,0.905,0.737,1.456,0.172,0.057,0.182,1.335,74.411,20
1.572,1.962,0.876,0.922,0.697,1.496,0.172,0.086,0.192,1.384,1.572,1.962,0.876,0.922,0.697,1.496,0.172,0.086,0.192,1.384,75.286,20
1.699,2.152,0.922,0.947,0.828,1.456,0.151,0.089,0.105,1.403,1.699,2.152,0.922,0.947,0.828,1.456,0.151,0.089,0.105,1.403,75.166,20
1.603,1.977,0.907,0.937,0.707,1.471,0.122,0.061,0.136,1.386,1.603,1.977,0.907,0.937,0.707,1.471,0.122,0.061,0.136,1.386,75.166,20
1.071,2.055,0.838,0.828,0.485,2.986,0.999,0.423,0.587,2.194,1.071,2.055,0.838,0.828,0.485,2.986,0.999,0.423,0.587,2.194,62,21
1.018,1.983,0.846,0.892,0.446,3.021,1.111,0.547,0.604,2.221,1.018,1.983,0.846,0.892,0.446,3.021,1.111,0.547,0.604,2.221,69.007,21
1.104,2.136,0.855,0.901,0.533,2.816,0.951,0.504,0.478,2.149,1.104,2.136,0.855,0.901,0.533,2.816,0.951,0.504,0.478,2.149,58.009,21
1.061,1.939,0.838,0.839,0.483,2.731,0.989,0.456,0.553,1.959,1.061,1.939,0.838,0.839,0.483,2.731,0.989,0.456,0.553,1.959,62,21
1.106,2.107,0.855,0.867,0.53,2.807,0.967,0.486,0.497,2.099,1.106,2.107,0.855,0.867,0.53,2.807,0.967,0.486,0.497,2.099,65.031,21
1.034,2.005,0.859,0.866,0.458,3.021,1.079,0.497,0.595,2.211,1.034,2.005,0.859,0.866,0.458,3.021,1.079,0.497,0.595,2.211,70.029,21
1.028,2.026,0.854,0.869,0.483,2.928,1.054,0.504,0.566,2.139,1.028,2.026,0.854,0.869,0.483,2.928,1.054,0.504,0.566,2.139,67.119,21
1.036,2.078,0.82,0.844,0.557,2.648,0.956,0.441,0.539,1.941,1.036,2.078,0.82,0.844,0.557,2.648,0.956,0.441,0.539,1.941,66.189,21
1.034,2.05,0.846,0.853,0.487,2.994,1.079,0.497,0.595,2.172,1.034,2.05,0.846,0.853,0.487,2.994,1.079,0.497,0.595,2.172,68,21
1.014,2.019,0.845,0.84,0.45,3.111,1.111,0.511,0.613,2.276,1.014,2.019,0.845,0.84,0.45,3.111,1.111,0.511,0.613,2.276,58.009,21
1.024,1.994,0.826,0.824,0.486,2.876,1.023,0.471,0.572,2.061,1.024,1.994,0.826,0.824,0.486,2.876,1.023,0.471,0.572,2.061,66.03,21
1.077,2.165,0.853,0.871,0.472,3.241,1.05,0.501,0.569,2.481,1.077,2.165,0.853,0.871,0.472,3.241,1.05,0.501,0.569,2.481,66.272,21
1.062,2.118,0.859,0.864,0.511,2.938,0.973,0.471,0.514,2.206,1.062,2.118,0.859,0.864,0.511,2.938,0.973,0.471,0.514,2.206,65.069,21
1.052,2.1,0.852,0.848,0.479,3.106,1.045,0.462,0.592,2.312,1.052,2.1,0.852,0.848,0.479,3.106,1.045,0.462,0.592,2.312,75.027,21
1.069,2.036,0.844,0.861,0.456,3.024,1.048,0.508,0.568,2.278,1.069,2.036,0.844,0.861,0.456,3.024,1.048,0.508,0.568,2.278,106.254,21
1.087,2.044,0.844,0.874,0.505,2.827,0.995,0.483,0.54,2.086,1.087,2.044,0.844,0.874,0.505,2.827,0.995,0.483,0.54,2.086,104.043,21
1.067,2.037,0.832,0.85,0.497,2.836,1.019,0.451,0.59,2.091,1.067,2.037,0.832,0.85,0.497,2.836,1.019,0.451,0.59,2.091,105.304,21
1.034,2.065,0.853,0.884,0.467,3.067,1.086,0.513,0.597,2.295,1.034,2.065,0.853,0.884,0.467,3.067,1.086,0.513,0.597,2.295,109.11,21
1.111,2.109,0.855,0.907,0.501,2.899,1.007,0.516,0.526,2.223,1.111,2.109,0.855,0.907,0.501,2.899,1.007,0.516,0.526,2.223,104.695,21
1.024,2.015,0.854,0.882,0.483,2.831,1.03,0.486,0.566,2.107,1.024,2.015,0.854,0.882,0.483,2.831,1.03,0.486,0.566,2.107,108.467,21
1.083,2.013,0.866,0.84,0.468,2.933,0.983,0.428,0.558,2.179,1.083,2.013,0.866,0.84,0.468,2.933,0.983,0.428,0.558,2.179,104.403,21
1.063,2.035,0.825,0.852,0.483,2.882,0.996,0.447,0.585,2.15,1.063,2.035,0.825,0.852,0.483,2.882,0.996,0.447,0.585,2.15,104.995,21
1.019,2.06,0.835,0.842,0.454,3.175,1.14,0.559,0.604,2.341,1.019,2.06,0.835,0.842,0.454,3.175,1.14,0.559,0.604,2.341,107.564,21
1.046,2.042,0.851,0.879,0.47,2.975,1.028,0.499,0.557,2.233,1.046,2.042,0.851,0.879,0.47,2.975,1.028,0.499,0.557,2.233,109.11,21
1.093,1.92,0.838,0.841,0.487,2.64,0.932,0.404,0.548,1.907,1.093,1.92,0.838,0.841,0.487,2.64,0.932,0.404,0.548,1.907,103.092,21
1.049,2.017,0.843,0.887,0.46,2.956,1.062,0.532,0.573,2.219,1.049,2.017,0.843,0.887,0.46,2.956,1.062,0.532,0.573,2.219,106.607,21
1.094,2.079,0.848,0.873,0.549,2.643,0.902,0.42,0.503,1.98,1.094,2.079,0.848,0.873,0.549,2.643,0.902,0.42,0.503,1.98,106.254,21
1.066,2.083,0.835,0.849,0.54,2.782,0.993,0.446,0.562,2.021,1.066,2.083,0.835,0.849,0.54,2.782,0.993,0.446,0.562,2.021,106.607,21
1.062,2.122,0.843,0.889,0.536,2.802,0.98,0.494,0.517,2.106,1.062,2.122,0.843,0.889,0.536,2.802,0.98,0.494,0.517,2.106,106.902,21
1.086,2.066,0.864,0.893,0.465,2.999,1.029,0.53,0.526,2.299,1.086,2.066,0.864,0.893,0.465,2.999,1.029,0.53,0.526,2.299,107.856,21
1.128,2.066,0.861,0.873,0.606,2.402,0.87,0.457,0.425,1.768,1.128,2.066,0.861,0.873,0.606,2.402,0.87,0.457,0.425,1.768,102.46,21
1.069,2.017,0.828,0.837,0.46,2.998,1.036,0.471,0.594,2.219,1.069,2.017,0.828,0.837,0.46,2.998,1.036,0.471,0.594,2.219,104.12,21
1.061,2.009,0.841,0.856,0.49,2.833,0.996,0.519,0.507,2.076,1.061,2.009,0.841,0.856,0.49,2.833,0.996,0.519,0.507,2.076,105.65,21
1.124,2.127,0.838,0.867,0.545,2.755,0.94,0.456,0.51,2.077,1.124,2.127,0.838,0.867,0.545,2.755,0.94,0.456,0.51,2.077,103.446,21
1.092,2.061,0.836,0.855,0.478,2.954,1.039,0.504,0.563,2.224,1.092,2.061,0.836,0.855,0.478,2.954,1.039,0.504,0.563,2.224,103.16,21
1.052,2.048,0.868,0.9,0.475,2.956,1.062,0.513,0.568,2.219,1.052,2.048,0.868,0.9,0.475,2.956,1.062,0.513,0.568,2.219,106.607,21
1.079,2.084,0.852,0.886,0.54,2.7,0.956,0.451,0.525,2.021,1.079,2.084,0.852,0.886,0.54,2.7,0.956,0.451,0.525,2.021,105.65,21
1.059,2.013,0.847,0.87,0.496,2.758,0.977,0.474,0.53,2.051,1.059,2.013,0.847,0.87,0.496,2.758,0.977,0.474,0.53,2.051,104.403,21
1.086,2.003,0.845,0.854,0.48,2.835,1.017,0.461,0.574,2.098,1.086,2.003,0.845,0.854,0.48,2.835,1.017,0.461,0.574,2.098,101.922,21
1.103,2.06,0.858,0.868,0.522,2.755,0.963,0.443,0.531,2.043,1.103,2.06,0.858,0.868,0.522,2.755,0.963,0.443,0.531,2.043,105.081,21
1.102,2.067,0.835,0.876,0.54,2.674,0.947,0.49,0.494,1.989,1.102,2.067,0.835,0.876,0.54,2.674,0.947,0.49,0.494,1.989,102.489,21
1.051,1.999,0.846,0.861,0.457,2.948,1.051,0.489,0.586,2.195,1.051,1.999,0.846,0.861,0.457,2.948,1.051,0.489,0.586,2.195,103.446,21
1.061,2.044,0.861,0.876,0.488,2.875,0.976,0.466,0.528,2.156,1.061,2.044,0.861,0.876,0.488,2.875,0.976,0.466,0.528,2.156,106.32,21
1.061,2.046,0.844,0.848,0.516,2.782,0.97,0.459,0.528,2.042,1.061,2.046,0.844,0.848,0.516,2.782,0.97,0.459,0.528,2.042,105.65,21
1.083,2.064,0.844,0.888,0.502,2.832,0.977,0.47,0.542,2.134,1.083,2.064,0.844,0.888,0.502,2.832,0.977,0.47,0.542,2.134,105.65,21
1.082,2.019,0.838,0.854,0.49,2.818,0.995,0.483,0.54,2.087,1.082,2.019,0.838,0.854,0.49,2.818,0.995,0.483,0.54,2.087,105.361,21
1.054,2.076,0.852,0.87,0.454,3.144,1.088,0.54,0.572,2.378,1.054,2.076,0.852,0.87,0.454,3.144,1.088,0.54,0.572,2.378,108.812,21
1.076,2.107,0.838,0.867,0.551,2.7,0.93,0.451,0.505,2.019,1.076,2.107,0.838,0.867,0.551,2.7,0.93,0.451,0.505,2.019,108.784,21
1.108,2.172,0.86,0.874,0.573,2.741,0.947,0.446,0.509,2.057,1.108,2.172,0.86,0.874,0.573,2.741,0.947,0.446,0.509,2.057,108.784,21
1.064,2.046,0.862,0.886,0.48,2.911,1.004,0.499,0.528,2.194,1.064,2.046,0.862,0.886,0.48,2.911,1.004,0.499,0.528,2.194,110.055,21
1.062,2.015,0.843,0.862,0.486,2.832,1,0.485,0.542,2.098,1.062,2.015,0.843,0.862,0.486,2.832,1,0.485,0.542,2.098,111,21
0.821,0.997,1.029,1.09,0.853,0.533,0.342,0.181,0.162,0.191,0.821,0.997,1.029,1.09,0.853,0.533,0.342,0.181,0.162,0.191,59.816,22
0.821,0.997,1.029,1.09,0.853,0.533,0.342,0.181,0.162,0.191,0.821,0.997,1.029,1.09,0.853,0.533,0.342,0.181,0.162,0.191,59.816,22
0.821,0.997,1.029,1.09,0.853,0.533,0.342,0.181,0.162,0.191,0.821,0.997,1.029,1.09,0.853,0.533,0.342,0.181,0.162,0.191,59.816,22
0.821,0.997,1.029,1.09,0.853,0.533,0.342,0.181,0.162,0.191,0.821,0.997,1.029,1.09,0.853,0.533,0.342,0.181,0.162,0.191,59.816,22
0.821,0.997,1.029,1.09,0.853,0.533,0.342,0.181,0.162,0.191,0.821,0.997,1.029,1.09,0.853,0.533,0.342,0.181,0.162,0.191,59.816,22
0.821,0.997,1.029,1.09,0.853,0.533,0.342,0.181,0.162,0.191,0.821,0.997,1.029,1.09,0.853,0.533,0.342,0.181,0.162,0.191,59.816,22
0.821,0.997,1.029,1.09,0.853,0.533,0.342,0.181,0.162,0.191,0.821,0.997,1.029,1.09,0.853,0.533,0.342,0.181,0.162,0.191,59.816,22
0.821,0.997,1.029,1.09,0.853,0.533,0.342,0.181,0.162,0.191,0.821,0.997,1.029,1.09,0.853,0.533,0.342,0.181,0.162,0.191,59.816,22
0.821,0.997,1.029,1.09,0.853,0.533,0.342,0.181,0.162,0.191,0.821,0.997,1.029,1.09,0.853,0.533,0.342,0.181,0.162,0.191,59.816,22
0.821,0.997,1.029,1.09,0.853,0.533,0.342,0.181,0.162,0.191,0.821,0.997,1.029,1.09,0.853,0.533,0.342,0.181,0.162,0.191,59.816,22
0.821,0.997,1.029,1.09,0.853,0.533,0.342,0.181,0.162,0.191,0.821,0.997,1.029,1.09,0.853,0.533,0.342,0.181,0.162,0.191,59.816,22
0.821,0.997,1.029,1.09,0.853,0.533,0.342,0.181,0.162,0.191,0.821,0.997,1.029,1.09,0.853,0.533,0.342,0.181,0.162,0.191,59.816,22
0.821,0.997,1.029,1.09,0.853,0.533,0.342,0.181,0.162,0.191,0.821,0.997,1.029,1.09,0.853,0.533,0.342,0.181,0.162,0.191,59.816,22
0.821,0.997,1.029,1.09,0.853,0.533,0.342,0.181,0.162,0.191,0.821,0.997,1.029,1.09,0.853,0.533,0.342,0.181,0.162,0.191,59.816,22
0.821,0.997,1.029,1.09,0.853,0.533,0.342,0.181,0.162,0.191,0.821,0.997,1.029,1.09,0.853,0.533,0.342,0.181,0.162,0.191,59.816,22
0.821,0.997,1.029,1.09,0.853,0.533,0.342,0.181,0.162,0.191,0.821,0.997,1.029,1.09,0.853,0.533,0.342,0.181,0.162,0.191,59.816,22
0.821,0.997,1.029,1.09,0.853,0.533,0.342,0.181,0.162,0.191,0.821,0.997,1.029,1.09,0.853,0.533,0.342,0.181,0.162,0.191,59.816,22
0.821,0.997,1.029,1.09,0.853,0.533,0.342,0.181,0.162,0.191,0.821,0.997,1.029,1.09,0.853,0.533,0.342,0.181,0.162,0.191,59.816,22
0.821,0.997,1.029,1.09,0.853,0.533,0.342,0.181,0.162,0.191,0.821,0.997,1.029,1.09,0.853,0.533,0.342,0.181,0.162,0.191,59.816,22
0.821,0.997,1.029,1.09,0.853,0.533,0.342,0.181,0.162,0.191,0.821,0.997,1.029,1.09,0.853,0.533,0.342,0.181,0.162,0.191,59.816,22
0.821,0.997,1.029,1.09,0.853,0.533,0.342,0.181,0.162,0.191,0.821,0.997,1.029,1.09,0.853,0.533,0.342,0.181,0.162,0.191,59.816,22
0.821,0.997,1.029,1.09,0.853,0.533,0.342,0.181,0.162,0.191,0.821,0.997,1.029,1.09,0.853,0.533,0.342,0.181,0.162,0.191,59.816,22
0.821,0.997,1.029,1.09,0.853,0.533,0.342,0.181,0.162,0.191,0.821,0.997,1.029,1.09,0.853,0.533,0.342,0.181,0.162,0.191,59.816,22
0.821,0.997,1.029,1.09,0.853,0.533,0.342,0.181,0.162,0.191,0.821,0.997,1.029,1.09,0.853,0.533,0.342,0.181,0.162,0.191,59.816,22
0.821,0.997,1.029,1.09,0.853,0.533,0.342,0.181,0.162,0.191,0.821,0.997,1.029,1.09,0.853,0.533,0.342,0.181,0.162,0.191,59.816,22
0.821,0.997,1.029,1.09,0.853,0.533,0.342,0.181,0.162,0.191,0.821,0.997,1.029,1.09,0.853,0.533,0.342,0.181,0.162,0.191,59.816,22
0.821,0.997,1.029,1.09,0.853,0.533,0.342,0.181,0.162,0.191,0.821,0.997,1.029,1.09,0.853,0.533,0.342,0.181,0.162,0.191,59.816,22
0.821,0.997,1.029,1.09,0.853,0.533,0.342,0.181,0.162,0.191,0.821,0.997,1.029,1.09,0.853,0.533,0.342,0.181,0.162,0.191,59.816,22
0.821,0.997,1.029,1.09,0.853,0.533,0.342,0.181,0.162,0.191,0.821,0.997,1.029,1.09,0.853,0.533,0.342,0.181,0.162,0.191,59.816,22
0.821,0.997,1.029,1.09,0.853,0.533,0.342,0.181,0.162,0.191,0.821,0.997,1.029,1.09,0.853,0.533,0.342,0.181,0.162,0.191,59.816,22
0.821,0.997,1.029,1.09,0.853,0.533,0.342,0.181,0.162,0.191,0.821,0.997,1.029,1.09,0.853,0.533,0.342,0.181,0.162,0.191,59.816,22
0.821,0.997,1.029,1.09,0.853,0.533,0.342,0.181,0.162,0.191,0.821,0.997,1.029,1.09,0.853,0.533,0.342,0.181,0.162,0.191,59.816,22
0.821,0.997,1.029,1.09,0.853,0.533,0.342,0.181,0.162,0.191,0.821,0.997,1.029,1.09,0.853,0.533,0.342,0.181,0.162,0.191,59.816,22
0.821,0.997,1.029,1.09,0.853,0.533,0.342,0.181,0.162,0.191,0.821,0.997,1.029,1.09,0.853,0.533,0.342,0.181,0.162,0.191,59.816,22
0.821,0.997,1.029,1.09,0.853,0.533,0.342,0.181,0.162,0.191,0.821,0.997,1.029,1.09,0.853,0.533,0.342,0.181,0.162,0.191,59.816,22
0.821,0.997,1.029,1.09,0.853,0.533,0.342,0.181,0.162,0.191,0.821,0.997,1.029,1.09,0.853,0.533,0.342,0.181,0.162,0.191,59.816,22
0.821,0.997,1.029,1.09,0.853,0.533,0.342,0.181,0.162,0.191,0.821,0.997,1.029,1.09,0.853,0.533,0.342,0.181,0.162,0.191,59.816,22
0.821,0.997,1.029,1.09,0.853,0.533,0.342,0.181,0.162,0.191,0.821,0.997,1.029,1.09,0.853,0.533,0.342,0.181,0.162,0.191,59.816,22
0.821,0.997,1.029,1.09,0.853,0.533,0.342,0.181,0.162,0.191,0.821,0.997,1.029,1.09,0.853,0.533,0.342,0.181,0.162,0.191,59.816,22
0.821,0.997,1.029,1.09,0.853,0.533,0.342,0.181,0.162,0.191,0.821,0.997,1.029,1.09,0.853,0.533,0.342,0.181,0.162,0.191,59.816,22
0.821,0.997,1.029,1.09,0.853,0.533,0.342,0.181,0.162,0.191,0.821,0.997,1.029,1.09,0.853,0.533,0.342,0.181,0.162,0.191,59.816,22
0.821,0.997,1.029,1.09,0.853,0.533,0.342,0.181,0.162,0.191,0.821,0.997,1.029,1.09,0.853,0.533,0.342,0.181,0.162,0.191,59.816,22
0.821,0.997,1.029,1.09,0.853,0.533,0.342,0.181,0.162,0.191,0.821,0.997,1.029,1.09,0.853,0.533,0.342,0.181,0.162,0.191,59.816,22
0.821,0.997,1.029,1.09,0.853,0.533,0.342,0.181,0.162,0.191,0.821,0.997,1.029,1.09,0.853,0.533,0.342,0.181,0.162,0.191,59.816,22
0.821,0.997,1.029,1.09,0.853,0.533,0.342,0.181,0.162,0.191,0.821,0.997,1.029,1.09,0.853,0.533,0.342,0.181,0.162,0.191,59.816,22
0.821,0.997,1.029,1.09,0.853,0.533,0.342,0.181,0.162,0.191,0.821,0.997,1.029,1.09,0.853,0.533,0.342,0.181,0.162,0.191,59.816,22
0.821,0.997,1.029,1.09,0.853,0.533,0.342,0.181,0.162,0.191,0.821,0.997,1.029,1.09,0.853,0.533,0.342,0.181,0.162,0.191,59.816,22
0.821,0.997,1.029,1.09,0.853,0.533,0.342,0.181,0.162,0.191,0.821,0.997,1.029,1.09,0.853,0.533,0.342,0.181,0.162,0.191,59.816,22
0.821,0.997,1.029,1.09,0.853,0.533,0.342,0.181,0.162,0.191,0.821,0.997,1.029,1.09,0.853,0.533,0.342,0.181,0.162,0.191,59.816,22
0.821,0.997,1.029,1.09,0.853,0.533,0.342,0.181,0.162,0.191,0.821,0.997,1.029,1.09,0.853,0.533,0.342,0.181,0.162,0.191,59.816,22
0.821,0.997,1.029,1.09,0.853,0.533,0.342,0.181,0.162,0.191,0.821,0.997,1.029,1.09,0.853,0.533,0.342,0.181,0.162,0.191,59.816,22
0.685,0.966,0.926,0.796,0.753,0.624,0.475,0.286,0.192,0.232,0.685,0.966,0.926,0.796,0.753,0.624,0.475,0.286,0.192,0.232,98.311,23
0.667,0.952,0.927,0.798,0.711,0.661,0.508,0.307,0.206,0.252,0.667,0.952,0.927,0.798,0.711,0.661,0.508,0.307,0.206,0.252,94.26,23
0.638,0.948,0.937,0.786,0.632,0.728,0.569,0.345,0.241,0.283,0.638,0.948,0.937,0.786,0.632,0.728,0.569,0.345,0.241,0.283,85.913,23
0.625,0.955,0.933,0.8,0.639,0.74,0.569,0.34,0.238,0.278,0.625,0.955,0.933,0.8,0.639,0.74,0.569,0.34,0.238,0.278,85.703,23
0.633,0.947,0.944,0.812,0.669,0.729,0.56,0.337,0.236,0.272,0.633,0.947,0.944,0.812,0.669,0.729,0.56,0.337,0.236,0.272,85.276,23
0.632,0.941,0.934,0.809,0.658,0.729,0.56,0.325,0.244,0.284,0.632,0.941,0.934,0.809,0.658,0.729,0.56,0.325,0.244,0.284,85.913,23
0.631,0.954,0.938,0.808,0.643,0.748,0.569,0.343,0.236,0.282,0.631,0.954,0.938,0.808,0.643,0.748,0.569,0.343,0.236,0.282,85.147,23
0.624,0.941,0.945,0.808,0.654,0.741,0.569,0.345,0.24,0.289,0.624,0.941,0.945,0.808,0.654,0.741,0.569,0.345,0.24,0.289,83.738,23
0.622,0.945,0.939,0.818,0.658,0.733,0.563,0.338,0.233,0.274,0.622,0.945,0.939,0.818,0.658,0.733,0.563,0.338,0.233,0.274,88.408,23
0.63,0.945,0.946,0.81,0.654,0.732,0.566,0.343,0.238,0.276,0.63,0.945,0.946,0.81,0.654,0.732,0.566,0.343,0.238,0.276,91.269,23
0.623,0.934,0.935,0.801,0.647,0.732,0.578,0.343,0.247,0.282,0.623,0.934,0.935,0.801,0.647,0.732,0.578,0.343,0.247,0.282,91.706,23
0.631,0.954,0.945,0.811,0.64,0.741,0.56,0.334,0.241,0.284,0.631,0.954,0.945,0.811,0.64,0.741,0.56,0.334,0.241,0.284,95.708,23
0.623,0.947,0.933,0.812,0.65,0.745,0.576,0.338,0.245,0.274,0.623,0.947,0.933,0.812,0.65,0.745,0.576,0.338,0.245,0.274,92.13,23
0.618,0.946,0.945,0.811,0.64,0.742,0.569,0.34,0.245,0.283,0.618,0.946,0.945,0.811,0.64,0.742,0.569,0.34,0.245,0.283,93.472,23
0.624,0.951,0.945,0.818,0.658,0.721,0.554,0.329,0.238,0.264,0.624,0.951,0.945,0.818,0.658,0.721,0.554,0.329,0.238,0.264,93.15,23
0.624,0.942,0.934,0.788,0.647,0.755,0.606,0.359,0.264,0.272,0.624,0.942,0.934,0.788,0.647,0.755,0.606,0.359,0.264,0.272,113.318,23
0.628,0.942,0.939,0.803,0.654,0.749,0.578,0.343,0.25,0.287,0.628,0.942,0.939,0.803,0.654,0.749,0.578,0.343,0.25,0.287,119.013,23
0.615,0.947,0.94,0.801,0.643,0.76,0.594,0.357,0.252,0.277,0.615,0.947,0.94,0.801,0.643,0.76,0.594,0.357,0.252,0.277,118.186,23
0.617,0.937,0.927,0.794,0.636,0.749,0.591,0.338,0.265,0.289,0.617,0.937,0.927,0.794,0.636,0.749,0.591,0.338,0.265,0.289,118.596,23
0.631,0.959,0.933,0.786,0.636,0.767,0.6,0.363,0.251,0.274,0.631,0.959,0.933,0.786,0.636,0.767,0.6,0.363,0.251,0.274,118.596,23
0.626,0.953,0.934,0.805,0.636,0.745,0.566,0.325,0.252,0.287,0.626,0.953,0.934,0.805,0.636,0.745,0.566,0.325,0.252,0.287,116.362,23
0.613,0.937,0.936,0.79,0.636,0.753,0.589,0.349,0.257,0.299,0.613,0.937,0.936,0.79,0.636,0.753,0.589,0.349,0.257,0.299,114.543,23
0.627,0.944,0.934,0.801,0.654,0.736,0.572,0.334,0.25,0.279,0.627,0.944,0.934,0.801,0.654,0.736,0.572,0.334,0.25,0.279,84.629,23
0.619,0.944,0.941,0.809,0.658,0.737,0.569,0.332,0.252,0.277,0.619,0.944,0.941,0.809,0.658,0.737,0.569,0.332,0.252,0.277,92.13,23
0.617,0.944,0.935,0.801,0.65,0.748,0.585,0.347,0.25,0.279,0.617,0.944,0.935,0.801,0.65,0.748,0.585,0.347,0.25,0.279,92.13,23
0.607,0.939,0.924,0.804,0.65,0.741,0.572,0.32,0.259,0.29,0.607,0.939,0.924,0.804,0.65,0.741,0.572,0.32,0.259,0.29,89.471,23
0.615,0.948,0.941,0.814,0.658,0.724,0.56,0.322,0.253,0.267,0.615,0.948,0.941,0.814,0.658,0.724,0.56,0.322,0.253,0.267,92.661,23
0.619,0.949,0.941,0.805,0.647,0.728,0.566,0.328,0.256,0.27,0.619,0.949,0.941,0.805,0.647,0.728,0.566,0.328,0.256,0.27,92.59,23
0.622,0.943,0.93,0.8,0.647,0.732,0.585,0.334,0.262,0.262,0.622,0.943,0.93,0.8,0.647,0.732,0.585,0.334,0.262,0.262,92.574,23
0.62,0.939,0.94,0.818,0.64,0.735,0.57,0.325,0.257,0.278,0.62,0.939,0.94,0.818,0.64,0.735,0.57,0.325,0.257,0.278,89.443,23
0.611,0.944,0.941,0.805,0.643,0.737,0.569,0.329,0.257,0.283,0.611,0.944,0.941,0.805,0.643,0.737,0.569,0.329,0.257,0.283,92.13,23
0.611,0.944,0.941,0.82,0.658,0.729,0.557,0.318,0.252,0.277,0.611,0.944,0.941,0.82,0.658,0.729,0.557,0.318,0.252,0.277,89.443,23
0.615,0.944,0.938,0.81,0.639,0.757,0.588,0.336,0.267,0.28,0.615,0.944,0.938,0.81,0.639,0.757,0.588,0.336,0.267,0.28,92.574,23
0.62,0.94,0.944,0.802,0.636,0.725,0.569,0.342,0.245,0.278,0.62,0.94,0.944,0.802,0.636,0.725,0.569,0.342,0.245,0.278,91.679,23
0.609,0.942,0.946,0.808,0.654,0.732,0.569,0.325,0.268,0.277,0.609,0.942,0.946,0.808,0.654,0.732,0.569,0.325,0.268,0.277,92.136,23
0.611,0.938,0.936,0.79,0.643,0.744,0.595,0.345,0.27,0.278,0.611,0.938,0.936,0.79,0.643,0.744,0.595,0.345,0.27,0.278,91.236,23
0.613,0.944,0.931,0.802,0.639,0.752,0.588,0.336,0.263,0.28,0.613,0.944,0.931,0.802,0.639,0.752,0.588,0.336,0.263,0.28,91.236,23
0.616,0.943,0.948,0.81,0.639,0.733,0.566,0.34,0.244,0.282,0.616,0.943,0.948,0.81,0.639,0.733,0.566,0.34,0.244,0.282,91.706,23
0.605,0.942,0.943,0.813,0.654,0.741,0.572,0.334,0.253,0.279,0.605,0.942,0.943,0.813,0.654,0.741,0.572,0.334,0.253,0.279,93.472,23
0.607,0.944,0.93,0.793,0.647,0.748,0.588,0.338,0.263,0.28,0.607,0.944,0.93,0.793,0.647,0.748,0.588,0.338,0.263,0.28,93.038,23
0.606,0.948,0.937,0.792,0.647,0.752,0.595,0.345,0.27,0.272,0.606,0.948,0.937,0.792,0.647,0.752,0.595,0.345,0.27,0.272,93.038,23
0.612,0.938,0.93,0.803,0.662,0.737,0.569,0.32,0.26,0.289,0.612,0.938,0.93,0.803,0.662,0.737,0.569,0.32,0.26,0.289,92.136,23
0.615,0.943,0.941,0.803,0.654,0.74,0.575,0.338,0.255,0.28,0.615,0.943,0.941,0.803,0.654,0.74,0.575,0.338,0.255,0.28,92.574,23
0.613,0.936,0.931,0.799,0.658,0.744,0.594,0.345,0.26,0.272,0.613,0.936,0.931,0.799,0.658,0.744,0.594,0.345,0.26,0.272,95.273,23
0.613,0.949,0.943,0.814,0.658,0.748,0.582,0.332,0.268,0.266,0.613,0.949,0.943,0.814,0.658,0.748,0.582,0.332,0.268,0.266,91.706,23
0.602,0.942,0.931,0.782,0.647,0.769,0.611,0.359,0.268,0.285,0.602,0.942,0.931,0.782,0.647,0.769,0.611,0.359,0.268,0.285,93.038,23
0.611,0.944,0.929,0.798,0.651,0.752,0.588,0.336,0.263,0.28,0.611,0.944,0.929,0.798,0.651,0.752,0.588,0.336,0.263,0.28,91.236,23
0.616,0.939,0.935,0.8,0.643,0.733,0.578,0.328,0.268,0.277,0.616,0.939,0.935,0.8,0.643,0.733,0.578,0.328,0.268,0.277,91.706,23
0.615,0.938,0.941,0.795,0.647,0.749,0.582,0.345,0.258,0.295,0.615,0.938,0.941,0.795,0.647,0.749,0.582,0.345,0.258,0.295,92.136,23
0.616,0.951,0.935,0.797,0.647,0.748,0.588,0.338,0.267,0.269,0.616,0.951,0.935,0.797,0.647,0.748,0.588,0.338,0.267,0.269,91.236,23
0.624,0.946,0.934,0.782,0.636,0.756,0.611,0.359,0.271,0.268,0.624,0.946,0.934,0.782,0.636,0.756,0.611,0.359,0.271,0.268,91.679,23
0.625,0.666,1.002,0.97,0.939,0.936,0.613,0.348,0.278,0.548,0.625,0.666,1.002,0.97,0.939,0.936,0.613,0.348,0.278,0.548,58.189,24
0.626,0.665,1.017,0.981,0.946,0.955,0.606,0.326,0.296,0.565,0.626,0.665,1.017,0.981,0.946,0.955,0.606,0.326,0.296,0.565,58.822,24
0.643,0.697,1.016,0.983,0.937,0.971,0.605,0.34,0.281,0.559,0.643,0.697,1.016,0.983,0.937,0.971,0.605,0.34,0.281,0.559,58.189,24
0.624,0.685,1.02,0.978,0.918,0.963,0.604,0.346,0.276,0.565,0.624,0.685,1.02,0.978,0.918,0.963,0.604,0.346,0.276,0.565,56.613,24
0.631,0.685,1.019,0.997,0.943,0.955,0.569,0.321,0.261,0.567,0.631,0.685,1.019,0.997,0.943,0.955,0.569,0.321,0.261,0.567,56.921,24
0.637,0.684,1.028,0.991,0.948,0.961,0.569,0.343,0.245,0.577,0.637,0.684,1.028,0.991,0.948,0.961,0.569,0.343,0.245,0.577,55.027,24
0.637,0.67,1.013,0.974,0.907,0.958,0.55,0.288,0.277,0.607,0.637,0.67,1.013,0.974,0.907,0.958,0.55,0.288,0.277,0.607,57.585,24
0.632,0.685,1.009,0.982,0.921,0.966,0.537,0.315,0.232,0.61,0.632,0.685,1.009,0.982,0.921,0.966,0.537,0.315,0.232,0.61,55.027,24
0.652,0.71,1.03,1.006,0.934,0.955,0.527,0.306,0.236,0.577,0.652,0.71,1.03,1.006,0.934,0.955,0.527,0.306,0.236,0.577,53.451,24
0.625,0.671,1.025,1,0.931,0.956,0.551,0.335,0.23,0.587,0.625,0.671,1.025,1,0.931,0.956,0.551,0.335,0.23,0.587,54.708,24
0.634,0.683,1.03,1.003,0.923,0.97,0.555,0.321,0.249,0.59,0.634,0.683,1.03,1.003,0.923,0.97,0.555,0.321,0.249,0.59,55.362,24
0.628,0.682,1.029,0.994,0.9,0.962,0.546,0.303,0.261,0.594,0.628,0.682,1.029,0.994,0.9,0.962,0.546,0.303,0.261,0.594,55.362,24
0.634,0.682,1.017,0.99,0.903,0.97,0.553,0.311,0.255,0.6,0.634,0.682,1.017,0.99,0.903,0.97,0.553,0.311,0.255,0.6,56.303,24
0.639,0.678,1.051,1.01,0.903,0.944,0.537,0.307,0.255,0.576,0.639,0.678,1.051,1.01,0.903,0.944,0.537,0.307,0.255,0.576,55.714,24
0.62,0.656,1.029,0.97,0.869,0.929,0.545,0.312,0.257,0.597,0.62,0.656,1.029,0.97,0.869,0.929,0.545,0.312,0.257,0.597,56.648,24
0.604,0.639,1.02,0.966,0.886,0.93,0.546,0.307,0.258,0.61,0.604,0.639,1.02,0.966,0.886,0.93,0.546,0.307,0.258,0.61,57.94,24
0.616,0.671,1.03,0.989,0.905,0.938,0.542,0.322,0.239,0.584,0.616,0.671,1.03,0.989,0.905,0.938,0.542,0.322,0.239,0.584,56.08,24
0.608,0.649,1.014,0.975,0.9,0.938,0.528,0.311,0.23,0.615,0.608,0.649,1.014,0.975,0.9,0.938,0.528,0.311,0.23,0.615,54.781,24
0.619,0.657,1.024,0.98,0.897,0.96,0.552,0.322,0.249,0.612,0.619,0.657,1.024,0.98,0.897,0.96,0.552,0.322,0.249,0.612,54.781,24
0.629,0.673,1.017,0.975,0.886,0.953,0.534,0.303,0.246,0.612,0.629,0.673,1.017,0.975,0.886,0.953,0.534,0.303,0.246,0.612,57.585,24
0.625,0.672,1.018,0.963,0.888,0.946,0.535,0.32,0.233,0.613,0.625,0.672,1.018,0.963,0.888,0.946,0.535,0.32,0.233,0.613,56.462,24
0.626,0.671,1.021,0.985,0.9,0.954,0.553,0.343,0.225,0.594,0.626,0.671,1.021,0.985,0.9,0.954,0.553,0.343,0.225,0.594,57.94,24
0.623,0.669,1.038,0.984,0.88,0.952,0.554,0.33,0.25,0.595,0.623,0.669,1.038,0.984,0.88,0.952,0.554,0.33,0.25,0.595,57.94,24
0.626,0.685,1.03,0.997,0.899,0.952,0.541,0.315,0.243,0.585,0.626,0.685,1.03,0.997,0.899,0.952,0.541,0.315,0.243,0.585,55.362,24
0.623,0.668,1.023,0.972,0.876,0.953,0.582,0.317,0.287,0.586,0.623,0.668,1.023,0.972,0.876,0.953,0.582,0.317,0.287,0.586,57.94,24
0.624,0.674,1.031,0.989,0.891,0.944,0.547,0.302,0.265,0.585,0.624,0.674,1.031,0.989,0.891,0.944,0.547,0.302,0.265,0.585,57.009,24
0.615,0.661,1.036,0.984,0.874,0.951,0.558,0.321,0.261,0.597,0.615,0.661,1.036,0.984,0.874,0.951,0.558,0.321,0.261,0.597,57.585,24
0.623,0.655,1.03,0.971,0.869,0.952,0.553,0.299,0.279,0.614,0.623,0.655,1.03,0.971,0.869,0.952,0.553,0.299,0.279,0.614,57.94,24
0.623,0.674,1.031,0.984,0.886,0.945,0.538,0.306,0.253,0.596,0.623,0.674,1.031,0.984,0.886,0.945,0.538,0.306,0.253,0.596,57.94,24
0.632,0.677,1.026,0.983,0.894,0.953,0.55,0.316,0.253,0.593,0.632,0.677,1.026,0.983,0.894,0.953,0.55,0.316,0.253,0.593,57.009,24
0.634,0.681,1.037,1.003,0.902,0.953,0.565,0.337,0.248,0.569,0.634,0.681,1.037,1.003,0.902,0.953,0.565,0.337,0.248,0.569,57.385,24
0.614,0.667,1.042,1.006,0.9,0.943,0.534,0.296,0.259,0.586,0.614,0.667,1.042,1.006,0.9,0.943,0.534,0.296,0.259,0.586,56.08,24
0.623,0.669,1.041,0.993,0.889,0.951,0.545,0.286,0.284,0.594,0.623,0.669,1.041,0.993,0.889,0.951,0.545,0.286,0.284,0.594,57.009,24
0.615,0.664,1.029,0.992,0.888,0.928,0.532,0.285,0.264,0.584,0.615,0.664,1.029,0.992,0.888,0.928,0.532,0.285,0.264,0.584,55.714,24
0.623,0.674,1.034,0.985,0.887,0.945,0.561,0.317,0.267,0.58,0.623,0.674,1.034,0.985,0.887,0.945,0.561,0.317,0.267,0.58,57.009,24
0.626,0.671,1.023,0.977,0.885,0.954,0.555,0.304,0.271,0.599,0.626,0.671,1.023,0.977,0.885,0.954,0.555,0.304,0.271,0.599,57.585,24
0.637,0.677,1.033,0.993,0.888,0.96,0.545,0.296,0.269,0.597,0.637,0.677,1.033,0.993,0.888,0.96,0.545,0.296,0.269,0.597,58.873,24
0.626,0.68,1.033,0.989,0.884,0.96,0.567,0.329,0.26,0.584,0.626,0.68,1.033,0.989,0.884,0.96,0.567,0.329,0.26,0.584,57.94,24
0.621,0.658,1.026,0.975,0.894,0.945,0.544,0.314,0.251,0.607,0.621,0.658,1.026,0.975,0.894,0.945,0.544,0.314,0.251,0.607,56.303,24
0.64,0.682,1.033,0.993,0.908,0.939,0.544,0.3,0.263,0.574,0.64,0.682,1.033,0.993,0.908,0.939,0.544,0.3,0.263,0.574,57.385,24
0.653,0.698,1.036,0.985,0.893,0.955,0.57,0.315,0.28,0.568,0.653,0.698,1.036,0.985,0.893,0.955,0.57,0.315,0.28,0.568,59.237,24
0.623,0.669,1.033,0.992,0.882,0.95,0.538,0.287,0.271,0.599,0.623,0.669,1.033,0.992,0.882,0.95,0.538,0.287,0.271,0.599,57.585,24
0.639,0.686,1.049,1.011,0.91,0.953,0.543,0.305,0.263,0.575,0.639,0.686,1.049,1.011,0.91,0.953,0.543,0.305,0.263,0.575,59.237,24
0.632,0.666,1.037,1.006,0.907,0.968,0.543,0.304,0.257,0.603,0.632,0.666,1.037,1.006,0.907,0.968,0.543,0.304,0.257,0.603,58.189,24
0.64,0.675,1.04,0.997,0.906,0.968,0.565,0.316,0.272,0.591,0.64,0.675,1.04,0.997,0.906,0.968,0.565,0.316,0.272,0.591,58.873,24
0.638,0.684,1.06,1.005,0.923,0.953,0.554,0.286,0.302,0.572,0.638,0.684,1.06,1.005,0.923,0.953,0.554,0.286,0.302,0.572,58.873,24
0.618,0.666,1.044,0.988,0.885,0.967,0.571,0.29,0.311,0.597,0.618,0.666,1.044,0.988,0.885,0.967,0.571,0.29,0.311,0.597,58.189,24
0.629,0.669,1.042,0.993,0.909,0.961,0.569,0.325,0.27,0.586,0.629,0.669,1.042,0.993,0.909,0.961,0.569,0.325,0.27,0.586,57.94,24
0.635,0.667,1.04,1.001,0.904,0.952,0.558,0.296,0.284,0.582,0.635,0.667,1.04,1.001,0.904,0.952,0.558,0.296,0.284,0.582,58.189,24
0.64,0.695,1.053,1.009,0.905,0.959,0.554,0.31,0.272,0.57,0.64,0.695,1.053,1.009,0.905,0.959,0.554,0.31,0.272,0.57,57.871,24
0.635,0.69,1.052,1.025,0.923,0.96,0.582,0.293,0.311,0.545,0.635,0.69,1.052,1.025,0.923,0.96,0.582,0.293,0.311,0.545,58.523,24
0.502,0.945,0.486,0.392,0.142,4.187,4.326,0.767,3.625,1.621,0.502,0.945,0.486,0.392,0.142,4.187,4.326,0.767,3.625,1.621,58.258,25
0.397,0.904,0.359,0.286,0.13,4.926,5.51,0.733,4.978,2.058,0.397,0.904,0.359,0.286,0.13,4.926,5.51,0.733,4.978,2.058,75.604,25
0.441,0.963,0.419,0.314,0.151,4.431,4.549,0.819,3.864,1.451,0.441,0.963,0.419,0.314,0.151,4.431,4.549,0.819,3.864,1.451,93.193,25
0.403,0.92,0.361,0.298,0.132,4.894,5.357,0.64,4.861,1.542,0.403,0.92,0.361,0.298,0.132,4.894,5.357,0.64,4.861,1.542,76.276,25
0.444,0.959,0.424,0.339,0.143,4.472,4.634,0.721,4.054,1.446,0.444,0.959,0.424,0.339,0.143,4.472,4.634,0.721,4.054,1.446,58.796,25
0.453,0.955,0.409,0.317,0.155,4.246,4.42,0.683,3.841,1.459,0.453,0.955,0.409,0.317,0.155,4.246,4.42,0.683,3.841,1.459,60.108,25
0.431,0.963,0.435,0.323,0.13,5.032,5.231,0.914,4.394,1.693,0.431,0.963,0.435,0.323,0.13,5.032,5.231,0.914,4.394,1.693,58.412,25
0.435,0.954,0.413,0.304,0.152,4.374,4.572,0.819,3.897,1.505,0.435,0.954,0.413,0.304,0.152,4.374,4.572,0.819,3.897,1.505,59.666,25
0.455,0.955,0.433,0.323,0.148,4.337,4.563,0.818,3.868,1.479,0.455,0.955,0.433,0.323,0.148,4.337,4.563,0.818,3.868,1.479,58.052,25
0.449,0.956,0.41,0.318,0.149,4.4,4.59,0.734,4,1.479,0.449,0.956,0.41,0.318,0.149,4.4,4.59,0.734,4,1.479,58.052,25
0.433,0.963,0.419,0.315,0.129,5.111,5.309,0.857,4.525,1.699,0.433,0.963,0.419,0.315,0.129,5.111,5.309,0.857,4.525,1.699,58.898,25
0.443,0.954,0.413,0.312,0.152,4.313,4.521,0.77,3.897,1.402,0.443,0.954,0.413,0.312,0.152,4.313,4.521,0.77,3.897,1.402,56.639,25
0.438,0.971,0.411,0.317,0.153,4.392,4.466,0.707,3.864,1.404,0.438,0.971,0.411,0.317,0.153,4.392,4.466,0.707,3.864,1.404,56.727,25
0.451,0.958,0.406,0.301,0.17,3.913,4.099,0.676,3.523,1.257,0.451,0.958,0.406,0.301,0.17,3.913,4.099,0.676,3.523,1.257,53.075,25
0.455,0.962,0.435,0.317,0.158,4.185,4.322,0.817,3.587,1.356,0.455,0.962,0.435,0.317,0.158,4.185,4.322,0.817,3.587,1.356,56.569,25
0.446,0.962,0.418,0.312,0.153,4.313,4.483,0.732,3.815,1.451,0.446,0.962,0.418,0.312,0.153,4.313,4.483,0.732,3.815,1.451,55.902,25
0.472,0.965,0.418,0.329,0.157,4.138,4.284,0.63,3.735,1.324,0.472,0.965,0.418,0.329,0.157,4.138,4.284,0.63,3.735,1.324,54.452,25
0.45,0.96,0.405,0.315,0.145,4.513,4.723,0.66,4.133,1.574,0.45,0.96,0.405,0.315,0.145,4.513,4.723,0.66,4.133,1.574,55.154,25
0.44,0.959,0.412,0.324,0.14,4.596,4.815,0.691,4.227,1.622,0.44,0.959,0.412,0.324,0.14,4.596,4.815,0.691,4.227,1.622,53.263,25
0.448,0.949,0.412,0.327,0.144,4.422,4.671,0.688,4.113,1.581,0.448,0.949,0.412,0.327,0.144,4.422,4.671,0.688,4.113,1.581,54.452,25
0.449,0.96,0.412,0.326,0.148,4.385,4.557,0.692,4.024,1.544,0.449,0.96,0.412,0.326,0.148,4.385,4.557,0.692,4.024,1.544,52.402,25
0.445,0.953,0.401,0.322,0.147,4.376,4.622,0.623,4.124,1.494,0.445,0.953,0.401,0.322,0.147,4.376,4.622,0.623,4.124,1.494,55.172,25
0.454,0.97,0.411,0.325,0.154,4.284,4.384,0.642,3.853,1.421,0.454,0.97,0.411,0.325,0.154,4.284,4.384,0.642,3.853,1.421,53.759,25
0.465,0.953,0.421,0.329,0.165,3.872,4.061,0.663,3.536,1.335,0.465,0.953,0.421,0.329,0.165,3.872,4.061,0.663,3.536,1.335,51.624,25
0.441,0.951,0.403,0.309,0.149,4.386,4.641,0.717,4.053,1.532,0.441,0.951,0.403,0.309,0.149,4.386,4.641,0.717,4.053,1.532,53.74,25
0.436,0.967,0.408,0.314,0.156,4.283,4.39,0.69,3.816,1.521,0.436,0.967,0.408,0.314,0.156,4.283,4.39,0.69,3.816,1.521,53.151,25
0.449,0.954,0.421,0.317,0.159,4.089,4.302,0.711,3.677,1.395,0.449,0.954,0.421,0.317,0.159,4.089,4.302,0.711,3.677,1.395,50.931,25
0.439,0.957,0.427,0.325,0.148,4.367,4.564,0.772,3.905,1.435,0.439,0.957,0.427,0.325,0.148,4.367,4.564,0.772,3.905,1.435,53.814,25
0.434,0.962,0.405,0.317,0.138,4.769,4.958,0.724,4.364,1.604,0.434,0.962,0.405,0.317,0.138,4.769,4.958,0.724,4.364,1.604,53.759,25
0.451,0.956,0.413,0.318,0.153,4.266,4.471,0.704,3.881,1.453,0.451,0.956,0.413,0.318,0.153,4.266,4.471,0.704,3.881,1.453,53.038,25
0.429,0.962,0.399,0.299,0.143,4.665,4.899,0.73,4.246,1.554,0.429,0.962,0.399,0.299,0.143,4.665,4.899,0.73,4.246,1.554,52.402,25
0.433,0.952,0.411,0.3,0.155,4.275,4.519,0.788,3.856,1.476,0.433,0.952,0.411,0.3,0.155,4.275,4.519,0.788,3.856,1.476,53.151,25
0.427,0.956,0.406,0.307,0.145,4.533,4.783,0.716,4.134,1.529,0.427,0.956,0.406,0.307,0.145,4.533,4.783,0.716,4.134,1.529,52.631,25
0.431,0.956,0.386,0.314,0.148,4.415,4.64,0.571,4.19,1.488,0.431,0.956,0.386,0.314,0.148,4.415,4.64,0.571,4.19,1.488,51.856,25
0.434,0.956,0.397,0.316,0.145,4.483,4.717,0.638,4.203,1.529,0.434,0.956,0.397,0.316,0.145,4.483,4.717,0.638,4.203,1.529,52.498,25
0.445,0.945,0.417,0.313,0.157,4.086,4.376,0.711,3.757,1.449,0.445,0.945,0.417,0.313,0.157,4.086,4.376,0.711,3.757,1.449,49.679,25
0.439,0.956,0.395,0.31,0.161,4.103,4.277,0.631,3.778,1.363,0.439,0.956,0.395,0.31,0.161,4.103,4.277,0.631,3.778,1.363,51.74,25
0.434,0.954,0.38,0.3,0.166,3.996,4.208,0.555,3.763,1.378,0.434,0.954,0.38,0.3,0.166,3.996,4.208,0.555,3.763,1.378,51.225,25
0.427,0.956,0.428,0.316,0.152,4.289,4.507,0.823,3.839,1.513,0.427,0.956,0.428,0.316,0.152,4.289,4.507,0.823,3.839,1.513,51.856,25
0.423,0.956,0.402,0.31,0.157,4.23,4.404,0.716,3.858,1.453,0.423,0.956,0.402,0.31,0.157,4.23,4.404,0.716,3.858,1.453,54.562,25
0.425,0.942,0.394,0.299,0.163,4.007,4.29,0.669,3.754,1.359,0.425,0.942,0.394,0.299,0.163,4.007,4.29,0.669,3.754,1.359,53.263,25
0.438,0.971,0.4,0.307,0.172,3.956,4.026,0.662,3.523,1.341,0.438,0.971,0.4,0.307,0.172,3.956,4.026,0.662,3.523,1.341,52.498,25
0.432,0.958,0.41,0.316,0.152,4.306,4.486,0.717,3.909,1.497,0.432,0.958,0.41,0.316,0.152,4.306,4.486,0.717,3.909,1.497,53.151,25
0.436,0.965,0.398,0.303,0.171,3.951,4.071,0.644,3.552,1.295,0.436,0.965,0.398,0.303,0.171,3.951,4.071,0.644,3.552,1.295,51.74,25
0.435,0.965,0.392,0.305,0.171,3.956,4.061,0.585,3.569,1.295,0.435,0.965,0.392,0.305,0.171,3.956,4.061,0.585,3.569,1.295,53.151,25
0.427,0.948,0.406,0.32,0.162,3.972,4.197,0.634,3.699,1.372,0.427,0.948,0.406,0.32,0.162,3.972,4.197,0.634,3.699,1.372,51.225,25
0.447,0.965,0.395,0.308,0.184,3.68,3.774,0.549,3.312,1.26,0.447,0.965,0.395,0.308,0.184,3.68,3.774,0.549,3.312,1.26,50.931,25
0.43,0.971,0.41,0.315,0.164,4.103,4.178,0.66,3.62,1.407,0.43,0.971,0.41,0.315,0.164,4.103,4.178,0.66,3.62,1.407,52.01,25
0.426,0.97,0.414,0.312,0.163,4.137,4.236,0.706,3.635,1.31,0.426,0.97,0.414,0.312,0.163,4.137,4.236,0.706,3.635,1.31,52.01,25
0.442,0.956,0.391,0.312,0.171,3.854,4.026,0.541,3.582,1.251,0.442,0.956,0.391,0.312,0.171,3.854,4.026,0.541,3.582,1.251,50.329,25
0.425,0.96,0.395,0.311,0.157,4.215,4.378,0.671,3.892,1.401,0.425,0.96,0.395,0.311,0.157,4.215,4.378,0.671,3.892,1.401,49.82,25
0.613,0.933,0.947,0.827,0.509,0.619,0.522,0.322,0.211,0.257,0.613,0.933,0.947,0.827,0.509,0.619,0.522,0.322,0.211,0.257,28,26
0.583,0.941,0.956,0.837,0.559,0.565,0.458,0.284,0.189,0.236,0.583,0.941,0.956,0.837,0.559,0.565,0.458,0.284,0.189,0.236,31.78,26
0.583,0.947,0.948,0.843,0.55,0.589,0.468,0.286,0.188,0.237,0.583,0.947,0.948,0.843,0.55,0.589,0.468,0.286,0.188,0.237,27.731,26
0.589,0.934,0.947,0.833,0.522,0.611,0.497,0.309,0.196,0.266,0.589,0.934,0.947,0.833,0.522,0.611,0.497,0.309,0.196,0.266,26.401,26
0.566,0.931,0.949,0.82,0.547,0.572,0.489,0.313,0.186,0.242,0.566,0.931,0.949,0.82,0.547,0.572,0.489,0.313,0.186,0.242,29.069,26
0.569,0.931,0.945,0.81,0.545,0.589,0.52,0.314,0.226,0.232,0.569,0.931,0.945,0.81,0.545,0.589,0.52,0.314,0.226,0.232,30.083,26
0.569,0.923,0.946,0.818,0.556,0.585,0.513,0.317,0.208,0.238,0.569,0.923,0.946,0.818,0.556,0.585,0.513,0.317,0.208,0.238,26.833,26
0.576,0.931,0.945,0.826,0.545,0.596,0.515,0.303,0.226,0.232,0.576,0.931,0.945,0.826,0.545,0.596,0.515,0.303,0.226,0.232,22.361,26
0.565,0.934,0.932,0.813,0.564,0.574,0.495,0.298,0.201,0.231,0.565,0.934,0.932,0.813,0.564,0.574,0.495,0.298,0.201,0.231,30.887,26
0.584,0.939,0.954,0.847,0.566,0.542,0.45,0.273,0.187,0.214,0.584,0.939,0.954,0.847,0.566,0.542,0.45,0.273,0.187,0.214,28.653,26
0.586,0.931,0.946,0.823,0.532,0.615,0.531,0.345,0.191,0.24,0.586,0.931,0.946,0.823,0.532,0.615,0.531,0.345,0.191,0.24,24.698,26
0.578,0.939,0.947,0.827,0.541,0.594,0.51,0.321,0.197,0.22,0.578,0.939,0.947,0.827,0.541,0.594,0.51,0.321,0.197,0.22,26.571,26
0.588,0.936,0.948,0.824,0.518,0.612,0.51,0.31,0.217,0.258,0.588,0.936,0.948,0.824,0.518,0.612,0.51,0.31,0.217,0.258,28.792,26
0.573,0.932,0.955,0.813,0.537,0.608,0.525,0.338,0.21,0.245,0.573,0.932,0.955,0.813,0.537,0.608,0.525,0.338,0.21,0.245,29.069,26
0.594,0.94,0.948,0.839,0.529,0.602,0.5,0.296,0.214,0.235,0.594,0.94,0.948,0.839,0.529,0.602,0.5,0.296,0.214,0.235,27.295,26
0.589,0.934,0.956,0.837,0.511,0.604,0.504,0.316,0.202,0.253,0.589,0.934,0.956,0.837,0.511,0.604,0.504,0.316,0.202,0.253,24.597,26
0.597,0.944,0.947,0.833,0.556,0.59,0.467,0.29,0.184,0.252,0.597,0.944,0.947,0.833,0.556,0.59,0.467,0.29,0.184,0.252,27.459,26
0.596,0.941,0.954,0.848,0.561,0.574,0.466,0.286,0.189,0.226,0.596,0.941,0.954,0.848,0.561,0.574,0.466,0.286,0.189,0.226,30.871,26
0.587,0.934,0.948,0.829,0.521,0.629,0.531,0.334,0.205,0.25,0.587,0.934,0.948,0.829,0.521,0.629,0.531,0.334,0.205,0.25,23.707,26
0.612,0.94,0.953,0.865,0.545,0.588,0.466,0.254,0.222,0.232,0.612,0.94,0.953,0.865,0.545,0.588,0.466,0.254,0.222,0.232,26.401,26
0.586,0.938,0.962,0.849,0.572,0.582,0.485,0.313,0.183,0.214,0.586,0.938,0.962,0.849,0.572,0.582,0.485,0.313,0.183,0.214,31.064,26
0.595,0.933,0.954,0.836,0.553,0.622,0.52,0.327,0.203,0.237,0.595,0.933,0.954,0.836,0.553,0.622,0.52,0.327,0.203,0.237,27.295,26
0.586,0.941,0.948,0.831,0.549,0.62,0.509,0.31,0.21,0.24,0.586,0.941,0.948,0.831,0.549,0.62,0.509,0.31,0.21,0.24,27.785,26
0.61,0.949,0.97,0.857,0.556,0.586,0.456,0.28,0.2,0.232,0.61,0.949,0.97,0.857,0.556,0.586,0.456,0.28,0.2,0.232,25.495,26
0.603,0.946,0.961,0.864,0.572,0.588,0.48,0.294,0.195,0.202,0.603,0.946,0.961,0.864,0.572,0.588,0.48,0.294,0.195,0.202,30.017,26
0.586,0.932,0.948,0.821,0.525,0.63,0.525,0.319,0.223,0.266,0.586,0.932,0.948,0.821,0.525,0.63,0.525,0.319,0.223,0.266,26.42,26
0.59,0.938,0.955,0.828,0.541,0.625,0.524,0.329,0.212,0.237,0.59,0.938,0.955,0.828,0.541,0.625,0.524,0.329,0.212,0.237,26.833,26
0.586,0.936,0.955,0.855,0.57,0.615,0.48,0.28,0.211,0.251,0.586,0.936,0.955,0.855,0.57,0.615,0.48,0.28,0.211,0.251,25.807,26
0.585,0.959,0.962,0.852,0.557,0.64,0.495,0.308,0.2,0.233,0.585,0.959,0.962,0.852,0.557,0.64,0.495,0.308,0.2,0.233,27.459,26
0.582,0.95,0.954,0.842,0.556,0.626,0.502,0.308,0.204,0.23,0.582,0.95,0.954,0.842,0.556,0.626,0.502,0.308,0.204,0.23,28.302,26
0.588,0.94,0.953,0.84,0.538,0.62,0.51,0.31,0.212,0.237,0.588,0.94,0.953,0.84,0.538,0.62,0.51,0.31,0.212,0.237,26.077,26
0.563,0.93,0.93,0.817,0.548,0.612,0.522,0.299,0.228,0.247,0.563,0.93,0.93,0.817,0.548,0.612,0.522,0.299,0.228,0.247,28.178,26
0.583,0.936,0.951,0.838,0.564,0.582,0.502,0.298,0.217,0.208,0.583,0.936,0.951,0.838,0.564,0.582,0.502,0.298,0.217,0.208,27.459,26
0.583,0.938,0.952,0.83,0.559,0.604,0.514,0.32,0.206,0.22,0.583,0.938,0.952,0.83,0.559,0.604,0.514,0.32,0.206,0.22,25.554,26
0.572,0.94,0.952,0.838,0.558,0.608,0.5,0.304,0.208,0.233,0.572,0.94,0.952,0.838,0.558,0.608,0.5,0.304,0.208,0.233,24.597,26
0.586,0.931,0.936,0.823,0.538,0.623,0.537,0.31,0.235,0.237,0.586,0.931,0.936,0.823,0.538,0.623,0.537,0.31,0.235,0.237,19.925,26
0.565,0.93,0.946,0.834,0.561,0.602,0.502,0.301,0.21,0.24,0.565,0.93,0.946,0.834,0.561,0.602,0.502,0.301,0.21,0.24,23.77,26
0.585,0.932,0.945,0.823,0.543,0.623,0.525,0.319,0.216,0.247,0.585,0.932,0.945,0.823,0.543,0.623,0.525,0.319,0.216,0.247,23.77,26
0.572,0.932,0.947,0.834,0.545,0.614,0.512,0.318,0.201,0.245,0.572,0.932,0.947,0.834,0.545,0.614,0.512,0.318,0.201,0.245,22.361,26
0.582,0.948,0.952,0.843,0.557,0.58,0.468,0.284,0.194,0.223,0.582,0.948,0.952,0.843,0.557,0.58,0.468,0.284,0.194,0.223,24.698,26
0.585,0.939,0.952,0.839,0.565,0.604,0.509,0.316,0.202,0.216,0.585,0.939,0.952,0.839,0.565,0.604,0.509,0.316,0.202,0.216,23.77,26
0.579,0.941,0.946,0.846,0.553,0.598,0.473,0.277,0.201,0.246,0.579,0.941,0.946,0.846,0.553,0.598,0.473,0.277,0.201,0.246,23.77,26
0.608,0.947,0.952,0.845,0.543,0.628,0.522,0.32,0.21,0.214,0.608,0.947,0.952,0.845,0.543,0.628,0.522,0.32,0.21,0.214,27.313,26
0.594,0.951,0.952,0.844,0.557,0.622,0.492,0.306,0.194,0.234,0.594,0.951,0.952,0.844,0.557,0.622,0.492,0.306,0.194,0.234,25.239,26
0.577,0.947,0.959,0.838,0.569,0.612,0.502,0.307,0.214,0.219,0.577,0.947,0.959,0.838,0.569,0.612,0.502,0.307,0.214,0.219,25.942,26
0.59,0.941,0.945,0.821,0.531,0.639,0.536,0.337,0.207,0.242,0.59,0.941,0.945,0.821,0.531,0.639,0.536,0.337,0.207,0.242,25.06,26
0.578,0.935,0.943,0.828,0.535,0.642,0.536,0.324,0.219,0.25,0.578,0.935,0.943,0.828,0.535,0.642,0.536,0.324,0.219,0.25,23.854,26
0.601,0.95,0.957,0.846,0.558,0.64,0.516,0.32,0.206,0.225,0.601,0.95,0.957,0.846,0.558,0.64,0.516,0.32,0.206,0.225,27.514,26
0.597,0.952,0.95,0.855,0.553,0.631,0.489,0.283,0.212,0.239,0.597,0.952,0.95,0.855,0.553,0.631,0.489,0.283,0.212,0.239,22.825,26
0.574,0.931,0.952,0.815,0.537,0.612,0.534,0.34,0.212,0.237,0.574,0.931,0.952,0.815,0.537,0.612,0.534,0.34,0.212,0.237,27.731,26
0.602,0.939,0.957,0.849,0.578,0.586,0.483,0.286,0.212,0.216,0.602,0.939,0.957,0.849,0.578,0.586,0.483,0.286,0.212,0.216,26.571,26
0.928,0.947,1.025,0.991,0.279,0.26,0.043,0.123,0.097,0.263,0.928,0.947,1.025,0.991,0.279,0.26,0.043,0.123,0.097,0.263,11.18,27
0.901,0.951,1.024,0.974,0.274,0.13,0.097,0.184,0.097,0.194,0.901,0.951,1.024,0.974,0.274,0.13,0.097,0.184,0.097,0.194,10.77,27
0.891,0.944,1.007,0.965,0.274,0.179,0.137,0.156,0.097,0.233,0.891,0.944,1.007,0.965,0.274,0.179,0.137,0.156,0.097,0.233,10.77,27
0.907,0.959,1.017,0.966,0.271,0.1,0.126,0.189,0.063,0.183,0.907,0.959,1.017,0.966,0.271,0.1,0.126,0.189,0.063,0.183,10.44,27
0.866,0.949,1.02,0.985,0.275,0.409,0.216,0.136,0.178,0.262,0.866,0.949,1.02,0.985,0.275,0.409,0.216,0.136,0.178,0.262,12.53,27
0.907,0.958,1.015,0.989,0.252,0.194,0.108,0.108,0.097,0.175,0.907,0.958,1.015,0.989,0.252,0.194,0.108,0.108,0.097,0.175,9.487,27
0.91,0.965,1.033,0.987,0.296,0.171,0.15,0.171,0.132,0.118,0.91,0.965,1.033,0.987,0.296,0.171,0.15,0.171,0.132,0.118,13.416,27
0.915,0.967,1.008,0.972,0.275,0.16,0.133,0.141,0.044,0.141,0.915,0.967,1.008,0.972,0.275,0.16,0.133,0.141,0.044,0.141,11.662,27
0.934,0.966,1.035,0.999,0.266,0.189,0.067,0.149,0.133,0.149,0.934,0.966,1.035,0.999,0.266,0.189,0.067,0.149,0.133,0.149,8.944,27
0.977,0.968,1.036,1.008,0.332,0.484,0.269,0.112,0.227,0.227,0.977,0.968,1.036,1.008,0.332,0.484,0.269,0.112,0.227,0.227,11.045,27
0.948,0.959,1.025,1.015,0.35,0.251,0.114,0.036,0.108,0.148,0.948,0.959,1.025,1.015,0.35,0.251,0.114,0.036,0.108,0.148,14.036,27
0.921,0.961,1.015,0.98,0.308,0.21,0.123,0.123,0.078,0.161,0.921,0.961,1.015,0.98,0.308,0.21,0.123,0.123,0.078,0.161,12.166,27
0.909,0.969,1.025,0.982,0.307,0.177,0.079,0.143,0.088,0.158,0.909,0.969,1.025,0.982,0.307,0.177,0.079,0.143,0.088,0.158,12.649,27
0.945,0.961,1.025,0.99,0.251,0.198,0.049,0.14,0.11,0.204,0.945,0.961,1.025,0.99,0.251,0.198,0.049,0.14,0.11,0.204,12.083,27
0.914,0.952,1.024,0.972,0.316,0.21,0.117,0.166,0.117,0.199,0.914,0.952,1.024,0.972,0.316,0.21,0.117,0.166,0.117,0.199,13.153,27
0.956,0.964,1.033,0.983,0.244,0.209,0.072,0.227,0.161,0.254,0.956,0.964,1.033,0.983,0.244,0.209,0.072,0.227,0.161,0.254,11.18,27
0.944,0.959,1.01,0.965,0.279,0.1,0.126,0.161,0.045,0.184,0.944,0.959,1.01,0.965,0.279,0.1,0.126,0.161,0.045,0.184,10.198,27
0.883,0.951,1.008,0.956,0.279,0.098,0.158,0.186,0.044,0.196,0.883,0.951,1.008,0.956,0.279,0.098,0.158,0.186,0.044,0.196,15.232,27
0.921,0.984,1.018,0.971,0.296,0.152,0.126,0.173,0.059,0.084,0.921,0.984,1.018,0.971,0.296,0.152,0.126,0.173,0.059,0.084,11.705,27
0.903,0.96,1.008,0.955,0.263,0.133,0.17,0.2,0.047,0.195,0.903,0.96,1.008,0.955,0.263,0.133,0.17,0.2,0.047,0.195,11.705,27
0.937,0.96,1.016,0.972,0.285,0.192,0.129,0.155,0.086,0.177,0.937,0.96,1.016,0.972,0.285,0.192,0.129,0.155,0.086,0.177,9.055,27
0.888,0.959,1.016,0.98,0.323,0.207,0.122,0.122,0.077,0.159,0.888,0.959,1.016,0.98,0.323,0.207,0.122,0.122,0.077,0.159,12.649,27
0.944,0.951,1.024,0.997,0.275,0.328,0.131,0.104,0.139,0.237,0.944,0.951,1.024,0.997,0.275,0.328,0.131,0.104,0.139,0.237,9.849,27
0.949,0.96,1.025,0.979,0.291,0.232,0.136,0.177,0.096,0.177,0.949,0.96,1.025,0.979,0.291,0.232,0.136,0.177,0.096,0.177,9.22,27
0.891,0.965,1.017,0.973,0.282,0.044,0.098,0.158,0.062,0.124,0.891,0.965,1.017,0.973,0.282,0.044,0.098,0.158,0.062,0.124,10.77,27
0.91,0.953,1.015,0.981,0.269,0.233,0.092,0.13,0.092,0.233,0.91,0.953,1.015,0.981,0.269,0.233,0.092,0.13,0.092,0.233,13,27
0.902,0.931,0.997,0.971,0.301,0.326,0.163,0.088,0.112,0.288,0.902,0.931,0.997,0.971,0.301,0.326,0.163,0.088,0.112,0.288,12.166,27
0.9,0.936,1.008,0.966,0.302,0.158,0.112,0.143,0.04,0.25,0.9,0.936,1.008,0.966,0.302,0.158,0.112,0.143,0.04,0.25,12.166,27
0.926,0.973,1.008,0.971,0.306,0.057,0.121,0.128,0.04,0.091,0.926,0.973,1.008,0.971,0.306,0.057,0.121,0.128,0.04,0.091,14,27
0.879,0.949,1.026,0.99,0.305,0.169,0.041,0.116,0.092,0.184,0.879,0.949,1.026,0.99,0.305,0.169,0.041,0.116,0.092,0.184,14.866,27
0.971,0.966,1.028,1.012,0.249,0.187,0.116,0.104,0.116,0.164,0.971,0.966,1.028,1.012,0.249,0.187,0.116,0.104,0.116,0.164,10.05,27
0.996,0.956,1.052,1.016,0.328,0.211,0.078,0.111,0.175,0.141,0.996,0.956,1.052,1.016,0.328,0.211,0.078,0.111,0.175,0.141,14.036,27
0.93,0.951,1.018,0.982,0.283,0.178,0.063,0.126,0.063,0.227,0.93,0.951,1.018,0.982,0.283,0.178,0.063,0.126,0.063,0.227,10.198,27
0.938,0.963,1.025,0.99,0.265,0.241,0.047,0.133,0.106,0.236,0.938,0.963,1.025,0.99,0.265,0.241,0.047,0.133,0.106,0.236,13.601,27
0.91,0.953,1.014,0.978,0.325,0.287,0.168,0.119,0.119,0.192,0.91,0.953,1.014,0.978,0.325,0.287,0.168,0.119,0.119,0.192,13.601,27
0.887,0.952,1.018,0.959,0.29,0.042,0.171,0.208,0.083,0.212,0.887,0.952,1.018,0.959,0.29,0.042,0.171,0.208,0.083,0.212,12.042,27
0.937,0.954,1.017,0.976,0.259,0.139,0.104,0.167,0.066,0.237,0.937,0.954,1.017,0.976,0.259,0.139,0.104,0.167,0.066,0.237,11.402,27
0.887,0.942,1.017,0.975,0.263,0.146,0.104,0.167,0.066,0.249,0.887,0.942,1.017,0.975,0.263,0.146,0.104,0.167,0.066,0.249,11.18,27
0.931,0.952,1.018,0.992,0.264,0.197,0.048,0.107,0.068,0.244,0.931,0.952,1.018,0.992,0.264,0.197,0.048,0.107,0.068,0.244,13.342,27
0.885,0.958,1.009,0.966,0.275,0.044,0.124,0.158,0.044,0.158,0.885,0.958,1.009,0.966,0.275,0.044,0.124,0.158,0.044,0.158,11.402,27
0.886,0.944,1.017,0.975,0.279,0.177,0.099,0.16,0.063,0.27,0.886,0.944,1.017,0.975,0.279,0.177,0.099,0.16,0.063,0.27,16.125,27
0.866,0.952,1.002,0.967,0.26,0.094,0.149,0.133,0.067,0.24,0.866,0.952,1.002,0.967,0.26,0.094,0.149,0.133,0.067,0.24,12.53,27
0.932,0.959,1.009,0.959,0.271,0,0.188,0.204,0.046,0.188,0.932,0.959,1.009,0.959,0.271,0,0.188,0.204,0.046,0.188,13.038,27
0.919,0.96,1.017,0.975,0.273,0.09,0.101,0.163,0.064,0.186,0.919,0.96,1.017,0.975,0.273,0.09,0.101,0.163,0.064,0.186,13.342,27
0.936,0.96,1.002,0.969,0.25,0.049,0.194,0.153,0.069,0.2,0.936,0.96,1.002,0.969,0.25,0.049,0.194,0.153,0.069,0.2,11.045,27
0.911,0.974,1.036,1.008,0.326,0.123,0.039,0.087,0.11,0.087,0.911,0.974,1.036,1.008,0.326,0.123,0.039,0.087,0.11,0.087,17.088,27
0.966,0.975,1.018,0.993,0.258,0.069,0.049,0.108,0.069,0.108,0.966,0.975,1.018,0.993,0.258,0.069,0.049,0.108,0.069,0.108,13.342,27
0.91,0.951,1.017,0.975,0.267,0.102,0.102,0.165,0.065,0.205,0.91,0.951,1.017,0.975,0.267,0.102,0.102,0.165,0.065,0.205,13.601,27
0.908,0.965,1.01,0.985,0.216,0.116,0.116,0.13,0.058,0.164,0.908,0.965,1.01,0.985,0.216,0.116,0.116,0.13,0.058,0.164,11.662,27
0.969,0.967,1.042,1.005,0.294,0.262,0.155,0.136,0.177,0.136,0.969,0.967,1.042,1.005,0.294,0.262,0.155,0.136,0.177,0.136,10.44,27
0.938,0.964,1.016,0.98,0.248,0.104,0.104,0.146,0.104,0.146,0.938,0.964,1.016,0.98,0.248,0.104,0.104,0.146,0.104,0.146,11.402,27
0.526,0.976,0.941,0.571,0.131,4.089,3.929,3.26,0.783,0.74,0.526,0.976,0.941,0.571,0.131,4.089,3.929,3.26,0.783,0.74,100.722,28
0.539,0.979,0.928,0.625,0.172,2.965,2.774,2.176,0.639,0.583,0.539,0.979,0.928,0.625,0.172,2.965,2.774,2.176,0.639,0.583,98.899,28
0.521,0.976,0.933,0.55,0.092,5.823,5.65,4.634,1.185,1.045,0.521,0.976,0.933,0.55,0.092,5.823,5.65,4.634,1.185,1.045,105.309,28
0.543,0.975,0.948,0.515,0.152,3.807,3.712,3.187,0.676,0.64,0.543,0.975,0.948,0.515,0.152,3.807,3.712,3.187,0.676,0.64,98.087,28
0.535,0.967,0.949,0.521,0.154,3.731,3.676,3.14,0.711,0.639,0.535,0.967,0.949,0.521,0.154,3.731,3.676,3.14,0.711,0.639,98.615,28
0.518,0.967,0.946,0.467,0.124,4.843,4.838,4.217,0.828,0.796,0.518,0.967,0.946,0.467,0.124,4.843,4.838,4.217,0.828,0.796,102.883,28
0.522,1.009,0.939,0.46,0.126,5.288,4.838,4.142,0.922,1.129,0.522,1.009,0.939,0.46,0.126,5.288,4.838,4.142,0.922,1.129,101.242,28
0.497,0.958,0.95,0.458,0.117,5.179,5.274,4.651,0.822,0.788,0.497,0.958,0.95,0.458,0.117,5.179,5.274,4.651,0.822,0.788,107.154,28
0.532,0.989,0.941,0.472,0.164,3.854,3.707,3.184,0.666,0.589,0.532,0.989,0.941,0.472,0.164,3.854,3.707,3.184,0.666,0.589,98.234,28
0.518,0.967,0.937,0.487,0.117,5.104,5.095,4.329,0.943,0.767,0.518,0.967,0.937,0.487,0.117,5.104,5.095,4.329,0.943,0.767,104.752,28
0.508,0.975,0.975,0.483,0.109,5.497,5.378,4.94,0.772,0.974,0.508,0.975,0.975,0.483,0.109,5.497,5.378,4.94,0.772,0.974,104.785,28
0.526,0.975,0.957,0.483,0.122,4.888,4.782,4.236,0.779,0.866,0.526,0.975,0.957,0.483,0.122,4.888,4.782,4.236,0.779,0.866,103.619,28
0.531,0.982,0.955,0.527,0.095,5.82,5.632,4.888,1.032,0.989,0.531,0.982,0.955,0.527,0.095,5.82,5.632,4.888,1.032,0.989,103.247,28
0.53,0.976,0.954,0.495,0.123,4.937,4.849,4.239,0.834,0.71,0.53,0.976,0.954,0.495,0.123,4.937,4.849,4.239,0.834,0.71,105.475,28
0.517,0.972,0.947,0.505,0.118,4.974,4.902,4.224,0.869,0.788,0.517,0.972,0.947,0.505,0.118,4.974,4.902,4.224,0.869,0.788,105.475,28
0.5,0.979,0.948,0.469,0.118,5.291,5.154,4.536,0.767,0.874,0.5,0.979,0.948,0.469,0.118,5.291,5.154,4.536,0.767,0.874,107.541,28
0.538,0.992,0.93,0.592,0.164,3.444,3.203,2.574,0.683,0.57,0.538,0.992,0.93,0.592,0.164,3.444,3.203,2.574,0.683,0.57,100.464,28
0.511,0.977,0.949,0.452,0.127,4.958,4.847,4.296,0.707,0.883,0.511,0.977,0.949,0.452,0.127,4.958,4.847,4.296,0.707,0.883,104.924,28
0.52,0.983,0.951,0.48,0.118,5.15,5.038,4.402,0.883,0.707,0.52,0.983,0.951,0.48,0.118,5.15,5.038,4.402,0.883,0.707,104.178,28
0.538,0.976,0.951,0.477,0.147,4.249,4.182,3.639,0.75,0.599,0.538,0.976,0.951,0.477,0.147,4.249,4.182,3.639,0.75,0.599,103.465,28
0.537,0.973,0.948,0.483,0.181,3.406,3.323,2.883,0.577,0.601,0.537,0.973,0.948,0.483,0.181,3.406,3.323,2.883,0.577,0.601,97.309,28
0.529,0.986,0.943,0.477,0.127,4.929,4.779,4.108,0.877,0.697,0.529,0.986,0.943,0.477,0.127,4.929,4.779,4.108,0.877,0.697,104.403,28
0.511,0.974,0.951,0.458,0.113,5.536,5.435,4.802,0.849,0.947,0.511,0.974,0.951,0.458,0.113,5.536,5.435,4.802,0.849,0.947,107.564,28
0.543,0.977,0.95,0.495,0.148,4.025,3.925,3.402,0.716,0.677,0.543,0.977,0.95,0.495,0.148,4.025,3.925,3.402,0.716,0.677,100.658,28
0.534,0.964,0.925,0.479,0.182,3.354,3.323,2.776,0.626,0.608,0.534,0.964,0.925,0.479,0.182,3.354,3.323,2.776,0.626,0.608,97.862,28
0.511,0.966,0.933,0.447,0.146,4.281,4.263,3.633,0.803,0.745,0.511,0.966,0.933,0.447,0.146,4.281,4.263,3.633,0.803,0.745,103.619,28
0.533,0.978,0.941,0.469,0.141,4.43,4.296,3.71,0.737,0.798,0.533,0.978,0.941,0.469,0.141,4.43,4.296,3.71,0.737,0.798,104.403,28
0.548,0.973,0.937,0.451,0.207,3.056,3.027,2.61,0.514,0.465,0.548,0.973,0.937,0.451,0.207,3.056,3.027,2.61,0.514,0.465,96.566,28
0.536,0.966,0.93,0.501,0.161,3.682,3.641,3.04,0.698,0.625,0.536,0.966,0.93,0.501,0.161,3.682,3.641,3.04,0.698,0.625,101.592,28
0.551,0.966,0.942,0.481,0.181,3.3,3.267,2.799,0.615,0.608,0.551,0.966,0.942,0.481,0.181,3.3,3.267,2.799,0.615,0.608,98.234,28
0.534,0.982,0.945,0.476,0.147,4.177,4.067,3.521,0.711,0.638,0.534,0.982,0.945,0.476,0.147,4.177,4.067,3.521,0.711,0.638,103.121,28
0.524,0.977,0.942,0.475,0.147,4.191,4.12,3.533,0.761,0.609,0.524,0.977,0.942,0.475,0.147,4.191,4.12,3.533,0.761,0.609,105.342,28
0.536,0.97,0.935,0.462,0.144,4.211,4.15,3.537,0.786,0.804,0.536,0.97,0.935,0.462,0.144,4.211,4.15,3.537,0.786,0.804,102.528,28
0.536,0.976,0.93,0.468,0.157,4.02,3.936,3.324,0.721,0.636,0.536,0.976,0.93,0.468,0.157,4.02,3.936,3.324,0.721,0.636,105.005,28
0.556,0.977,0.938,0.466,0.173,3.634,3.557,3.03,0.687,0.575,0.556,0.977,0.938,0.466,0.173,3.634,3.557,3.03,0.687,0.575,101.843,28
0.529,0.975,0.941,0.467,0.139,4.424,4.332,3.741,0.743,0.772,0.529,0.975,0.941,0.467,0.139,4.424,4.332,3.741,0.743,0.772,105.342,28
0.543,0.974,0.943,0.444,0.17,3.802,3.713,3.253,0.576,0.699,0.543,0.974,0.943,0.444,0.17,3.802,3.713,3.253,0.576,0.699,104.676,28
0.527,0.962,0.935,0.464,0.139,4.356,4.341,3.707,0.793,0.823,0.527,0.962,0.935,0.464,0.139,4.356,4.341,3.707,0.793,0.823,106.283,28
0.553,0.963,0.934,0.469,0.182,3.315,3.309,2.812,0.613,0.583,0.553,0.963,0.934,0.469,0.182,3.315,3.309,2.812,0.613,0.583,98.082,28
0.511,0.953,0.943,0.452,0.144,4.343,4.384,3.84,0.662,0.801,0.511,0.953,0.943,0.452,0.144,4.343,4.384,3.84,0.662,0.801,107.224,28
0.537,0.968,0.933,0.453,0.164,3.878,3.808,3.25,0.681,0.731,0.537,0.968,0.933,0.453,0.164,3.878,3.808,3.25,0.681,0.731,104.043,28
0.536,0.952,0.933,0.461,0.174,3.537,3.551,3.038,0.601,0.729,0.536,0.952,0.933,0.461,0.174,3.537,3.551,3.038,0.601,0.729,101.843,28
0.541,0.975,0.935,0.464,0.169,3.699,3.624,3.108,0.622,0.62,0.541,0.975,0.935,0.464,0.169,3.699,3.624,3.108,0.622,0.62,102.786,28
0.587,0.969,0.938,0.478,0.248,2.538,2.487,2.121,0.455,0.45,0.587,0.969,0.938,0.478,0.248,2.538,2.487,2.121,0.455,0.45,91.082,28
0.549,0.965,0.938,0.463,0.169,3.664,3.603,3.085,0.658,0.741,0.549,0.965,0.938,0.463,0.169,3.664,3.603,3.085,0.658,0.741,100.881,28
0.524,0.962,0.942,0.447,0.169,3.757,3.75,3.252,0.663,0.667,0.524,0.962,0.942,0.447,0.169,3.757,3.75,3.252,0.663,0.667,103.092,28
0.531,0.961,0.939,0.453,0.16,3.91,3.909,3.369,0.685,0.691,0.531,0.961,0.939,0.453,0.16,3.91,3.909,3.369,0.685,0.691,105.65,28
0.532,0.969,0.939,0.463,0.148,4.27,4.204,3.613,0.748,0.74,0.532,0.969,0.939,0.463,0.148,4.27,4.204,3.613,0.748,0.74,107.856,28
0.554,0.97,0.948,0.475,0.162,3.797,3.731,3.248,0.644,0.677,0.554,0.97,0.948,0.475,0.162,3.797,3.731,3.248,0.644,0.677,102.489,28
0.527,0.957,0.93,0.446,0.157,3.987,3.982,3.391,0.717,0.821,0.527,0.957,0.93,0.446,0.157,3.987,3.982,3.391,0.717,0.821,104.403,28
0.525,0.958,0.938,0.459,0.174,3.622,3.614,3.091,0.681,0.679,0.525,0.958,0.938,0.459,0.174,3.622,3.614,3.091,0.681,0.679,103.407,28
0.703,0.992,0.966,0.876,0.175,1.527,1.128,0.635,0.557,0.541,0.703,0.992,0.966,0.876,0.175,1.527,1.128,0.635,0.557,0.541,3.606,29
0.703,0.992,0.966,0.876,0.175,1.527,1.128,0.635,0.557,0.541,0.703,0.992,0.966,0.876,0.175,1.527,1.128,0.635,0.557,0.541,3.606,29
0.703,0.992,0.966,0.876,0.175,1.527,1.128,0.635,0.557,0.541,0.703,0.992,0.966,0.876,0.175,1.527,1.128,0.635,0.557,0.541,3.606,29
0.703,0.992,0.966,0.876,0.175,1.527,1.128,0.635,0.557,0.541,0.703,0.992,0.966,0.876,0.175,1.527,1.128,0.635,0.557,0.541,3.606,29
0.703,0.992,0.966,0.876,0.175,1.527,1.128,0.635,0.557,0.541,0.703,0.992,0.966,0.876,0.175,1.527,1.128,0.635,0.557,0.541,3.606,29
0.703,0.992,0.966,0.876,0.175,1.527,1.128,0.635,0.557,0.541,0.703,0.992,0.966,0.876,0.175,1.527,1.128,0.635,0.557,0.541,3.606,29
0.703,0.992,0.966,0.876,0.175,1.527,1.128,0.635,0.557,0.541,0.703,0.992,0.966,0.876,0.175,1.527,1.128,0.635,0.557,0.541,3.606,29
0.703,0.992,0.966,0.876,0.175,1.527,1.128,0.635,0.557,0.541,0.703,0.992,0.966,0.876,0.175,1.527,1.128,0.635,0.557,0.541,3.606,29
0.703,0.992,0.966,0.876,0.175,1.527,1.128,0.635,0.557,0.541,0.703,0.992,0.966,0.876,0.175,1.527,1.128,0.635,0.557,0.541,3.606,29
0.703,0.992,0.966,0.876,0.175,1.527,1.128,0.635,0.557,0.541,0.703,0.992,0.966,0.876,0.175,1.527,1.128,0.635,0.557,0.541,3.606,29
0.703,0.992,0.966,0.876,0.175,1.527,1.128,0.635,0.557,0.541,0.703,0.992,0.966,0.876,0.175,1.527,1.128,0.635,0.557,0.541,3.606,29
0.703,0.992,0.966,0.876,0.175,1.527,1.128,0.635,0.557,0.541,0.703,0.992,0.966,0.876,0.175,1.527,1.128,0.635,0.557,0.541,3.606,29
0.703,0.992,0.966,0.876,0.175,1.527,1.128,0.635,0.557,0.541,0.703,0.992,0.966,0.876,0.175,1.527,1.128,0.635,0.557,0.541,3.606,29
0.703,0.992,0.966,0.876,0.175,1.527,1.128,0.635,0.557,0.541,0.703,0.992,0.966,0.876,0.175,1.527,1.128,0.635,0.557,0.541,3.606,29
0.703,0.992,0.966,0.876,0.175,1.527,1.128,0.635,0.557,0.541,0.703,0.992,0.966,0.876,0.175,1.527,1.128,0.635,0.557,0.541,3.606,29
0.703,0.992,0.966,0.876,0.175,1.527,1.128,0.635,0.557,0.541,0.703,0.992,0.966,0.876,0.175,1.527,1.128,0.635,0.557,0.541,3.606,29
0.703,0.992,0.966,0.876,0.175,1.527,1.128,0.635,0.557,0.541,0.703,0.992,0.966,0.876,0.175,1.527,1.128,0.635,0.557,0.541,3.606,29
0.703,0.992,0.966,0.876,0.175,1.527,1.128,0.635,0.557,0.541,0.703,0.992,0.966,0.876,0.175,1.527,1.128,0.635,0.557,0.541,3.606,29
0.703,0.992,0.966,0.876,0.175,1.527,1.128,0.635,0.557,0.541,0.703,0.992,0.966,0.876,0.175,1.527,1.128,0.635,0.557,0.541,3.606,29
0.703,0.992,0.966,0.876,0.175,1.527,1.128,0.635,0.557,0.541,0.703,0.992,0.966,0.876,0.175,1.527,1.128,0.635,0.557,0.541,3.606,29
0.703,0.992,0.966,0.876,0.175,1.527,1.128,0.635,0.557,0.541,0.703,0.992,0.966,0.876,0.175,1.527,1.128,0.635,0.557,0.541,3.606,29
0.703,0.992,0.966,0.876,0.175,1.527,1.128,0.635,0.557,0.541,0.703,0.992,0.966,0.876,0.175,1.527,1.128,0.635,0.557,0.541,3.606,29
0.703,0.992,0.966,0.876,0.175,1.527,1.128,0.635,0.557,0.541,0.703,0.992,0.966,0.876,0.175,1.527,1.128,0.635,0.557,0.541,3.606,29
0.703,0.992,0.966,0.876,0.175,1.527,1.128,0.635,0.557,0.541,0.703,0.992,0.966,0.876,0.175,1.527,1.128,0.635,0.557,0.541,3.606,29
0.703,0.992,0.966,0.876,0.175,1.527,1.128,0.635,0.557,0.541,0.703,0.992,0.966,0.876,0.175,1.527,1.128,0.635,0.557,0.541,3.606,29
0.703,0.992,0.966,0.876,0.175,1.527,1.128,0.635,0.557,0.541,0.703,0.992,0.966,0.876,0.175,1.527,1.128,0.635,0.557,0.541,3.606,29
0.703,0.992,0.966,0.876,0.175,1.527,1.128,0.635,0.557,0.541,0.703,0.992,0.966,0.876,0.175,1.527,1.128,0.635,0.557,0.541,3.606,29
0.703,0.992,0.966,0.876,0.175,1.527,1.128,0.635,0.557,0.541,0.703,0.992,0.966,0.876,0.175,1.527,1.128,0.635,0.557,0.541,3.606,29
0.703,0.992,0.966,0.876,0.175,1.527,1.128,0.635,0.557,0.541,0.703,0.992,0.966,0.876,0.175,1.527,1.128,0.635,0.557,0.541,3.606,29
0.703,0.992,0.966,0.876,0.175,1.527,1.128,0.635,0.557,0.541,0.703,0.992,0.966,0.876,0.175,1.527,1.128,0.635,0.557,0.541,3.606,29
0.703,0.992,0.966,0.876,0.175,1.527,1.128,0.635,0.557,0.541,0.703,0.992,0.966,0.876,0.175,1.527,1.128,0.635,0.557,0.541,3.606,29
0.703,0.992,0.966,0.876,0.175,1.527,1.128,0.635,0.557,0.541,0.703,0.992,0.966,0.876,0.175,1.527,1.128,0.635,0.557,0.541,3.606,29
0.703,0.992,0.966,0.876,0.175,1.527,1.128,0.635,0.557,0.541,0.703,0.992,0.966,0.876,0.175,1.527,1.128,0.635,0.557,0.541,3.606,29
0.703,0.992,0.966,0.876,0.175,1.527,1.128,0.635,0.557,0.541,0.703,0.992,0.966,0.876,0.175,1.527,1.128,0.635,0.557,0.541,3.606,29
0.703,0.992,0.966,0.876,0.175,1.527,1.128,0.635,0.557,0.541,0.703,0.992,0.966,0.876,0.175,1.527,1.128,0.635,0.557,0.541,3.606,29
0.703,0.992,0.966,0.876,0.175,1.527,1.128,0.635,0.557,0.541,0.703,0.992,0.966,0.876,0.175,1.527,1.128,0.635,0.557,0.541,3.606,29
0.703,0.992,0.966,0.876,0.175,1.527,1.128,0.635,0.557,0.541,0.703,0.992,0.966,0.876,0.175,1.527,1.128,0.635,0.557,0.541,3.606,29
0.703,0.992,0.966,0.876,0.175,1.527,1.128,0.635,0.557,0.541,0.703,0.992,0.966,0.876,0.175,1.527,1.128,0.635,0.557,0.541,3.606,29
0.703,0.992,0.966,0.876,0.175,1.527,1.128,0.635,0.557,0.541,0.703,0.992,0.966,0.876,0.175,1.527,1.128,0.635,0.557,0.541,3.606,29
0.703,0.992,0.966,0.876,0.175,1.527,1.128,0.635,0.557,0.541,0.703,0.992,0.966,0.876,0.175,1.527,1.128,0.635,0.557,0.541,3.606,29
0.703,0.992,0.966,0.876,0.175,1.527,1.128,0.635,0.557,0.541,0.703,0.992,0.966,0.876,0.175,1.527,1.128,0.635,0.557,0.541,3.606,29
0.703,0.992,0.966,0.876,0.175,1.527,1.128,0.635,0.557,0.541,0.703,0.992,0.966,0.876,0.175,1.527,1.128,0.635,0.557,0.541,3.606,29
0.703,0.992,0.966,0.876,0.175,1.527,1.128,0.635,0.557,0.541,0.703,0.992,0.966,0.876,0.175,1.527,1.128,0.635,0.557,0.541,3.606,29
0.703,0.992,0.966,0.876,0.175,1.527,1.128,0.635,0.557,0.541,0.703,0.992,0.966,0.876,0.175,1.527,1.128,0.635,0.557,0.541,3.606,29
0.703,0.992,0.966,0.876,0.175,1.527,1.128,0.635,0.557,0.541,0.703,0.992,0.966,0.876,0.175,1.527,1.128,0.635,0.557,0.541,3.606,29
0.703,0.992,0.966,0.876,0.175,1.527,1.128,0.635,0.557,0.541,0.703,0.992,0.966,0.876,0.175,1.527,1.128,0.635,0.557,0.541,3.606,29
0.703,0.992,0.966,0.876,0.175,1.527,1.128,0.635,0.557,0.541,0.703,0.992,0.966,0.876,0.175,1.527,1.128,0.635,0.557,0.541,3.606,29
0.703,0.992,0.966,0.876,0.175,1.527,1.128,0.635,0.557,0.541,0.703,0.992,0.966,0.876,0.175,1.527,1.128,0.635,0.557,0.541,3.606,29
0.703,0.992,0.966,0.876,0.175,1.527,1.128,0.635,0.557,0.541,0.703,0.992,0.966,0.876,0.175,1.527,1.128,0.635,0.557,0.541,3.606,29
0.703,0.992,0.966,0.876,0.175,1.527,1.128,0.635,0.557,0.541,0.703,0.992,0.966,0.876,0.175,1.527,1.128,0.635,0.557,0.541,3.606,29
0.703,0.992,0.966,0.876,0.175,1.527,1.128,0.635,0.557,0.541,0.703,0.992,0.966,0.876,0.175,1.527,1.128,0.635,0.557,0.541,3.606,29
0.519,0.861,0.506,0.471,0.146,3.173,4.242,0.568,3.722,1.077,0.519,0.861,0.506,0.471,0.146,3.173,4.242,0.568,3.722,1.077,102.533,30
0.528,0.857,0.488,0.441,0.183,2.61,3.504,0.481,3.046,0.913,0.528,0.857,0.488,0.441,0.183,2.61,3.504,0.481,3.046,0.913,97.673,30
0.531,0.903,0.479,0.444,0.166,3.141,3.832,0.51,3.376,0.722,0.531,0.903,0.479,0.444,0.166,3.141,3.832,0.51,3.376,0.722,100.419,30
0.544,0.918,0.515,0.478,0.167,3.099,3.624,0.517,3.158,0.525,0.544,0.918,0.515,0.478,0.167,3.099,3.624,0.517,3.158,0.525,100.419,30
0.56,0.895,0.494,0.465,0.219,2.315,2.853,0.411,2.5,0.542,0.56,0.895,0.494,0.465,0.219,2.315,2.853,0.411,2.5,0.542,92.655,30
0.523,0.903,0.489,0.449,0.163,3.223,3.886,0.505,3.413,0.67,0.523,0.903,0.489,0.449,0.163,3.223,3.886,0.505,3.413,0.67,98.29,30
0.514,0.899,0.485,0.444,0.15,3.497,4.266,0.58,3.729,0.786,0.514,0.899,0.485,0.444,0.15,3.497,4.266,0.58,3.729,0.786,101.823,30
0.512,0.849,0.493,0.446,0.141,3.296,4.471,0.557,3.931,1.182,0.512,0.849,0.493,0.446,0.141,3.296,4.471,0.557,3.931,1.182,98.351,30
0.513,0.879,0.498,0.453,0.134,3.659,4.689,0.618,4.098,1.05,0.513,0.879,0.498,0.453,0.134,3.659,4.689,0.618,4.098,1.05,106.075,30
0.529,0.897,0.481,0.439,0.178,2.921,3.62,0.506,3.153,0.743,0.529,0.897,0.481,0.439,0.178,2.921,3.62,0.506,3.153,0.743,96.177,30
0.493,0.888,0.469,0.435,0.154,3.494,4.38,0.587,3.837,0.931,0.493,0.888,0.469,0.435,0.154,3.494,4.38,0.587,3.837,0.931,99.725,30
0.486,0.83,0.469,0.423,0.139,3.345,4.833,0.643,4.213,1.58,0.486,0.83,0.469,0.423,0.139,3.345,4.833,0.643,4.213,1.58,105.361,30
0.534,0.921,0.486,0.452,0.18,3.066,3.603,0.485,3.158,0.569,0.534,0.921,0.486,0.452,0.18,3.066,3.603,0.485,3.158,0.569,96.876,30
0.523,0.914,0.479,0.431,0.161,3.417,4.03,0.564,3.494,0.631,0.523,0.914,0.479,0.431,0.161,3.417,4.03,0.564,3.494,0.631,99.035,30
0.499,0.867,0.47,0.435,0.152,3.34,4.41,0.602,3.855,1.126,0.499,0.867,0.47,0.435,0.152,3.34,4.41,0.602,3.855,1.126,103.247,30
0.542,0.888,0.51,0.469,0.16,3.038,3.859,0.539,3.357,0.846,0.542,0.888,0.51,0.469,0.16,3.038,3.859,0.539,3.357,0.846,96.167,30
0.525,0.87,0.497,0.469,0.158,2.995,3.953,0.51,3.498,0.977,0.525,0.87,0.497,0.469,0.158,2.995,3.953,0.51,3.498,0.977,96.876,30
0.532,0.916,0.477,0.429,0.204,2.779,3.268,0.471,2.82,0.509,0.532,0.916,0.477,0.429,0.204,2.779,3.268,0.471,2.82,0.509,96.208,30
0.522,0.858,0.492,0.443,0.181,2.622,3.557,0.504,3.075,0.98,0.522,0.858,0.492,0.443,0.181,2.622,3.557,0.504,3.075,0.98,93.434,30
0.544,0.903,0.513,0.469,0.161,3.069,3.798,0.526,3.301,0.773,0.544,0.903,0.513,0.469,0.161,3.069,3.798,0.526,3.301,0.773,95.462,30
0.522,0.828,0.488,0.433,0.158,2.828,4.093,0.559,3.547,1.312,0.522,0.828,0.488,0.433,0.158,2.828,4.093,0.559,3.547,1.312,96.897,30
0.542,0.903,0.476,0.428,0.197,2.745,3.352,0.46,2.911,0.661,0.542,0.903,0.476,0.428,0.197,2.745,3.352,0.46,2.911,0.661,91.22,30
0.535,0.887,0.466,0.421,0.186,2.76,3.539,0.473,3.096,0.904,0.535,0.887,0.466,0.421,0.186,2.76,3.539,0.473,3.096,0.904,94.048,30
0.506,0.842,0.487,0.445,0.156,2.968,4.146,0.537,3.633,1.209,0.506,0.842,0.487,0.445,0.156,2.968,4.146,0.537,3.633,1.209,94.752,30
0.514,0.856,0.466,0.429,0.182,2.71,3.643,0.475,3.206,0.971,0.514,0.856,0.466,0.429,0.182,2.71,3.643,0.475,3.206,0.971,97.591,30
0.519,0.944,0.473,0.448,0.142,4.016,4.494,0.561,4.019,0.508,0.519,0.944,0.473,0.448,0.142,4.016,4.494,0.561,4.019,0.508,100.449,30
0.529,0.892,0.491,0.456,0.152,3.323,4.123,0.526,3.642,0.81,0.529,0.892,0.491,0.456,0.152,3.323,4.123,0.526,3.642,0.81,100.499,30
0.505,0.891,0.492,0.446,0.147,3.509,4.386,0.591,3.818,0.913,0.505,0.891,0.492,0.446,0.147,3.509,4.386,0.591,3.818,0.913,103.247,30
0.5,0.893,0.463,0.415,0.158,3.47,4.278,0.573,3.728,0.852,0.5,0.893,0.463,0.415,0.158,3.47,4.278,0.573,3.728,0.852,99.086,30
0.51,0.873,0.493,0.455,0.133,3.599,4.753,0.652,4.155,1.216,0.51,0.873,0.493,0.455,0.133,3.599,4.753,0.652,4.155,1.216,98.311,30
0.526,0.867,0.484,0.441,0.172,2.854,3.794,0.543,3.283,0.994,0.526,0.867,0.484,0.441,0.172,2.854,3.794,0.543,3.283,0.994,94.763,30
0.56,0.938,0.485,0.455,0.213,2.679,3.025,0.442,2.639,0.357,0.56,0.938,0.485,0.455,0.213,2.679,3.025,0.442,2.639,0.357,91.22,30
0.514,0.882,0.499,0.452,0.174,2.867,3.654,0.529,3.153,0.805,0.514,0.882,0.499,0.452,0.174,2.867,3.654,0.529,3.153,0.805,99.035,30
0.559,0.89,0.475,0.42,0.232,2.283,2.864,0.4,2.474,0.636,0.559,0.89,0.475,0.42,0.232,2.283,2.864,0.4,2.474,0.636,89.828,30
0.519,0.93,0.494,0.452,0.147,3.775,4.329,0.588,3.775,0.57,0.519,0.93,0.494,0.452,0.147,3.775,4.329,0.588,3.775,0.57,102.65,30
0.535,0.86,0.512,0.467,0.151,3.027,3.988,0.573,3.458,0.963,0.535,0.86,0.512,0.467,0.151,3.027,3.988,0.573,3.458,0.963,98.29,30
0.533,0.867,0.474,0.43,0.185,2.674,3.482,0.47,3.048,0.821,0.533,0.867,0.474,0.43,0.185,2.674,3.482,0.47,3.048,0.821,94.763,30
0.538,0.883,0.494,0.464,0.167,2.867,3.692,0.449,3.292,0.859,0.538,0.883,0.494,0.464,0.167,2.867,3.692,0.449,3.292,0.859,90.609,30
0.523,0.878,0.487,0.451,0.164,3.017,3.874,0.512,3.408,0.877,0.523,0.878,0.487,0.451,0.164,3.017,3.874,0.512,3.408,0.877,99.725,30
0.523,0.838,0.505,0.476,0.162,2.695,3.757,0.533,3.298,1.062,0.523,0.838,0.505,0.476,0.162,2.695,3.757,0.533,3.298,1.062,103.238,30
0.545,0.873,0.502,0.465,0.173,2.741,3.584,0.505,3.127,0.858,0.545,0.873,0.502,0.465,0.173,2.741,3.584,0.505,3.127,0.858,99.086,30
0.524,0.932,0.499,0.456,0.154,3.583,4.126,0.615,3.556,0.58,0.524,0.932,0.499,0.456,0.154,3.583,4.126,0.615,3.556,0.58,101.912,30
0.505,0.886,0.481,0.444,0.148,3.434,4.395,0.609,3.84,1.037,0.505,0.886,0.481,0.444,0.148,3.434,4.395,0.609,3.84,1.037,103.276,30
0.547,0.88,0.466,0.426,0.206,2.487,3.181,0.441,2.781,0.736,0.547,0.88,0.466,0.426,0.206,2.487,3.181,0.441,2.781,0.736,91.924,30
0.525,0.939,0.502,0.453,0.142,3.988,4.433,0.621,3.839,0.447,0.525,0.939,0.502,0.453,0.142,3.988,4.433,0.621,3.839,0.447,104.89,30
0.52,0.923,0.476,0.438,0.161,3.478,4.073,0.568,3.554,0.647,0.52,0.923,0.476,0.438,0.161,3.478,4.073,0.568,3.554,0.647,101.863,30
0.537,0.904,0.498,0.461,0.168,3.038,3.666,0.495,3.218,0.632,0.537,0.904,0.498,0.461,0.168,3.038,3.666,0.495,3.218,0.632,80.604,30
0.523,0.901,0.476,0.435,0.168,3.139,3.832,0.507,3.362,0.729,0.523,0.901,0.476,0.435,0.168,3.139,3.832,0.507,3.362,0.729,102.533,30
0.505,0.855,0.476,0.424,0.15,3.28,4.411,0.599,3.828,1.177,0.505,0.855,0.476,0.424,0.15,3.28,4.411,0.599,3.828,1.177,104.738,30
0.491,0.88,0.464,0.411,0.142,3.741,4.748,0.656,4.111,1.073,0.491,0.88,0.464,0.411,0.142,3.741,4.748,0.656,4.111,1.073,104.738,30
0.506,0.877,0.47,0.417,0.158,3.294,4.238,0.613,3.646,1.018,0.506,0.877,0.47,0.417,0.158,3.294,4.238,0.613,3.646,1.018,101.833,30
1.123,1.9,0.874,0.845,0.509,2.62,0.872,0.376,0.499,1.848,1.123,1.9,0.874,0.845,0.509,2.62,0.872,0.376,0.499,1.848,168.514,31
1.165,1.919,0.889,0.873,0.528,2.504,0.804,0.349,0.459,1.817,1.165,1.919,0.889,0.873,0.528,2.504,0.804,0.349,0.459,1.817,166.469,31
1.112,1.841,0.87,0.817,0.504,2.565,0.904,0.389,0.514,1.744,1.112,1.841,0.87,0.817,0.504,2.565,0.904,0.389,0.514,1.744,168.908,31
1.217,1.892,0.897,0.866,0.568,2.31,0.754,0.33,0.424,1.651,1.217,1.892,0.897,0.866,0.568,2.31,0.754,0.33,0.424,1.651,158.146,31
1.162,1.88,0.845,0.819,0.576,2.337,0.825,0.366,0.465,1.594,1.162,1.88,0.845,0.819,0.576,2.337,0.825,0.366,0.465,1.594,161.037,31
1.065,1.841,0.878,0.835,0.472,2.742,0.973,0.443,0.53,1.868,1.065,1.841,0.878,0.835,0.472,2.742,0.973,0.443,0.53,1.868,167.275,31
1.263,1.935,0.889,0.899,0.565,2.393,0.732,0.306,0.435,1.76,1.263,1.935,0.889,0.899,0.565,2.393,0.732,0.306,0.435,1.76,161.533,31
1.18,1.858,0.875,0.834,0.543,2.381,0.797,0.337,0.46,1.661,1.18,1.858,0.875,0.834,0.543,2.381,0.797,0.337,0.46,1.661,161.245,31
1.155,1.892,0.885,0.848,0.528,2.535,0.858,0.379,0.479,1.773,1.155,1.892,0.885,0.848,0.528,2.535,0.858,0.379,0.479,1.773,164.125,31
1.209,1.885,0.881,0.837,0.559,2.346,0.774,0.318,0.456,1.655,1.209,1.885,0.881,0.837,0.559,2.346,0.774,0.318,0.456,1.655,159.389,31
1.199,1.894,0.869,0.837,0.577,2.369,0.784,0.349,0.437,1.649,1.199,1.894,0.869,0.837,0.577,2.369,0.784,0.349,0.437,1.649,161.137,31
1.224,1.968,0.886,0.86,0.592,2.366,0.75,0.347,0.405,1.71,1.224,1.968,0.886,0.86,0.592,2.366,0.75,0.347,0.405,1.71,160.524,31
1.134,1.925,0.869,0.83,0.523,2.607,0.87,0.368,0.502,1.836,1.134,1.925,0.869,0.83,0.523,2.607,0.87,0.368,0.502,1.836,164.83,31
1.115,1.949,0.894,0.887,0.456,2.999,0.951,0.385,0.569,2.187,1.115,1.949,0.894,0.887,0.456,2.999,0.951,0.385,0.569,2.187,171.19,31
1.195,1.876,0.865,0.849,0.558,2.39,0.777,0.33,0.453,1.679,1.195,1.876,0.865,0.849,0.558,2.39,0.777,0.33,0.453,1.679,162.114,31
1.172,1.892,0.863,0.832,0.549,2.446,0.795,0.339,0.459,1.719,1.172,1.892,0.863,0.832,0.549,2.446,0.795,0.339,0.459,1.719,162.41,31
1.107,1.88,0.878,0.841,0.495,2.634,0.891,0.377,0.515,1.851,1.107,1.88,0.878,0.841,0.495,2.634,0.891,0.377,0.515,1.851,163.67,31
1.191,1.978,0.9,0.892,0.523,2.663,0.788,0.361,0.43,1.981,1.191,1.978,0.9,0.892,0.523,2.663,0.788,0.361,0.43,1.981,164.83,31
1.102,2.003,0.891,0.868,0.484,2.948,0.9,0.402,0.499,2.169,1.102,2.003,0.891,0.868,0.484,2.948,0.9,0.402,0.499,2.169,170.578,31
1.135,1.943,0.904,0.881,0.493,2.746,0.877,0.384,0.493,2,1.135,1.943,0.904,0.881,0.493,2.746,0.877,0.384,0.493,2,167.275,31
1.108,1.892,0.889,0.849,0.491,2.729,0.883,0.387,0.496,1.929,1.108,1.892,0.889,0.849,0.491,2.729,0.883,0.387,0.496,1.929,168.119,31
1.142,1.898,0.879,0.842,0.535,2.49,0.814,0.354,0.461,1.761,1.142,1.898,0.879,0.842,0.535,2.49,0.814,0.354,0.461,1.761,163.67,31
1.166,1.892,0.878,0.846,0.547,2.452,0.772,0.341,0.433,1.744,1.166,1.892,0.878,0.846,0.547,2.452,0.772,0.341,0.433,1.744,162.929,31
1.163,1.931,0.868,0.827,0.553,2.477,0.832,0.374,0.459,1.742,1.163,1.931,0.868,0.827,0.553,2.477,0.832,0.374,0.459,1.742,162.604,31
1.073,1.888,0.859,0.842,0.497,2.733,0.922,0.396,0.533,1.893,1.073,1.888,0.859,0.842,0.497,2.733,0.922,0.396,0.533,1.893,168.36,31
1.173,1.91,0.874,0.86,0.55,2.501,0.822,0.343,0.482,1.761,1.173,1.91,0.874,0.86,0.55,2.501,0.822,0.343,0.482,1.761,164.985,31
1.148,1.899,0.881,0.861,0.527,2.565,0.846,0.355,0.492,1.81,1.148,1.899,0.881,0.861,0.527,2.565,0.846,0.355,0.492,1.81,165.36,31
1.149,1.993,0.906,0.899,0.525,2.699,0.82,0.368,0.454,1.998,1.149,1.993,0.906,0.899,0.525,2.699,0.82,0.368,0.454,1.998,165.303,31
1.115,1.886,0.876,0.829,0.538,2.483,0.857,0.378,0.478,1.717,1.115,1.886,0.876,0.829,0.538,2.483,0.857,0.378,0.478,1.717,163.371,31
1.21,1.952,0.916,0.886,0.583,2.374,0.784,0.36,0.424,1.709,1.21,1.952,0.916,0.886,0.583,2.374,0.784,0.36,0.424,1.709,160.605,31
1.151,1.894,0.882,0.85,0.531,2.527,0.836,0.363,0.474,1.777,1.151,1.894,0.882,0.85,0.531,2.527,0.836,0.363,0.474,1.777,162.29,31
1.154,1.9,0.881,0.843,0.568,2.331,0.824,0.375,0.449,1.629,1.154,1.9,0.881,0.843,0.568,2.331,0.824,0.375,0.449,1.629,158.373,31
1.109,1.858,0.877,0.85,0.492,2.598,0.875,0.368,0.509,1.825,1.109,1.858,0.877,0.85,0.492,2.598,0.875,0.368,0.509,1.825,162.533,31
1.134,1.854,0.876,0.839,0.549,2.361,0.812,0.344,0.469,1.633,1.134,1.854,0.876,0.839,0.549,2.361,0.812,0.344,0.469,1.633,160.066,31
1.12,1.856,0.875,0.83,0.526,2.515,0.808,0.36,0.449,1.755,1.12,1.856,0.875,0.83,0.526,2.515,0.808,0.36,0.449,1.755,163.982,31
1.11,1.86,0.866,0.81,0.52,2.504,0.874,0.386,0.488,1.716,1.11,1.86,0.866,0.81,0.52,2.504,0.874,0.386,0.488,1.716,160.605,31
1.112,1.828,0.87,0.84,0.493,2.536,0.911,0.387,0.526,1.741,1.112,1.828,0.87,0.84,0.493,2.536,0.911,0.387,0.526,1.741,161.227,31
1.183,1.836,0.863,0.822,0.56,2.259,0.78,0.327,0.454,1.557,1.183,1.836,0.863,0.822,0.56,2.259,0.78,0.327,0.454,1.557,156.064,31
1.107,1.86,0.882,0.834,0.486,2.639,0.883,0.387,0.496,1.848,1.107,1.86,0.882,0.834,0.486,2.639,0.883,0.387,0.496,1.848,163.67,31
1.14,1.846,0.886,0.832,0.534,2.359,0.819,0.374,0.445,1.639,1.14,1.846,0.886,0.832,0.534,2.359,0.819,0.374,0.445,1.639,157.305,31
1.132,1.898,0.864,0.845,0.557,2.42,0.833,0.36,0.477,1.684,1.132,1.898,0.864,0.845,0.557,2.42,0.833,0.36,0.477,1.684,158.382,31
1.174,1.881,0.889,0.837,0.543,2.379,0.8,0.354,0.446,1.68,1.174,1.881,0.889,0.837,0.543,2.379,0.8,0.354,0.446,1.68,155.724,31
1.111,1.865,0.871,0.851,0.509,2.566,0.872,0.364,0.512,1.79,1.111,1.865,0.871,0.851,0.509,2.566,0.872,0.364,0.512,1.79,160.031,31
1.101,1.806,0.84,0.801,0.511,2.488,0.827,0.339,0.494,1.698,1.101,1.806,0.84,0.801,0.511,2.488,0.827,0.339,0.494,1.698,159.531,31
1.137,1.829,0.871,0.817,0.514,2.422,0.877,0.387,0.49,1.655,1.137,1.829,0.871,0.817,0.514,2.422,0.877,0.387,0.49,1.655,157.544,31
1.051,1.83,0.847,0.796,0.47,2.708,0.992,0.43,0.563,1.818,1.051,1.83,0.847,0.796,0.47,2.708,0.992,0.43,0.563,1.818,161.419,31
1.176,2.078,0.927,0.922,0.541,2.73,0.854,0.376,0.478,2.062,1.176,2.078,0.927,0.922,0.541,2.73,0.854,0.376,0.478,2.062,164.757,31
1.121,1.891,0.884,0.844,0.505,2.581,0.884,0.377,0.507,1.821,1.121,1.891,0.884,0.844,0.505,2.581,0.884,0.377,0.507,1.821,159.477,31
1.101,1.87,0.874,0.847,0.495,2.59,0.881,0.38,0.503,1.824,1.101,1.87,0.874,0.847,0.495,2.59,0.881,0.38,0.503,1.824,159.477,31
1.12,1.88,0.899,0.851,0.493,2.574,0.892,0.386,0.507,1.829,1.12,1.88,0.899,0.851,0.493,2.574,0.892,0.386,0.507,1.829,158.092,31
1.132,1.967,0.887,0.871,0.561,2.455,0.829,0.374,0.456,1.773,1.132,1.967,0.887,0.871,0.561,2.455,0.829,0.374,0.456,1.773,157.293,31
1.192,1.001,0.964,0.929,0.272,0.322,0.288,0.144,0.144,0.064,1.192,1.001,0.964,0.929,0.272,0.322,0.288,0.144,0.144,0.064,19.105,32
1.203,0.983,1,0.964,0.256,0.221,0.198,0.198,0,0.099,1.203,0.983,1,0.964,0.256,0.221,0.198,0.198,0,0.099,18.358,32
1.189,1,0.964,0.927,0.267,0.327,0.327,0.185,0.146,0,1.189,1,0.964,0.927,0.267,0.327,0.327,0.185,0.146,0,16.553,32
1.189,1,0.964,0.927,0.267,0.327,0.327,0.185,0.146,0,1.189,1,0.964,0.927,0.267,0.327,0.327,0.185,0.146,0,16.553,32
1.189,1,0.964,0.927,0.267,0.327,0.327,0.185,0.146,0,1.189,1,0.964,0.927,0.267,0.327,0.327,0.185,0.146,0,16.553,32
1.011,1,0.935,0.913,0.118,1.067,1.067,0.511,0.62,0,1.011,1,0.935,0.913,0.118,1.067,1.067,0.511,0.62,0,15.652,32
1.011,1,0.935,0.913,0.118,1.067,1.067,0.511,0.62,0,1.011,1,0.935,0.913,0.118,1.067,1.067,0.511,0.62,0,15.652,32
0.889,0.995,0.937,0.891,0.026,5.701,6.519,3.354,3.202,1,0.889,0.995,0.937,0.891,0.026,5.701,6.519,3.354,3.202,1,19.849,32
0.889,0.995,0.937,0.891,0.026,5.701,6.519,3.354,3.202,1,0.889,0.995,0.937,0.891,0.026,5.701,6.519,3.354,3.202,1,19.849,32
0.889,0.995,0.937,0.891,0.026,5.701,6.519,3.354,3.202,1,0.889,0.995,0.937,0.891,0.026,5.701,6.519,3.354,3.202,1,19.849,32
0.889,0.995,0.937,0.891,0.026,5.701,6.519,3.354,3.202,1,0.889,0.995,0.937,0.891,0.026,5.701,6.519,3.354,3.202,1,19.849,32
0.889,0.995,0.937,0.891,0.026,5.701,6.519,3.354,3.202,1,0.889,0.995,0.937,0.891,0.026,5.701,6.519,3.354,3.202,1,19.849,32
0.889,0.995,0.937,0.891,0.026,5.701,6.519,3.354,3.202,1,0.889,0.995,0.937,0.891,0.026,5.701,6.519,3.354,3.202,1,19.849,32
0.889,0.995,0.937,0.891,0.026,5.701,6.519,3.354,3.202,1,0.889,0.995,0.937,0.891,0.026,5.701,6.519,3.354,3.202,1,19.849,32
0.889,0.995,0.937,0.891,0.026,5.701,6.519,3.354,3.202,1,0.889,0.995,0.937,0.891,0.026,5.701,6.519,3.354,3.202,1,19.849,32
0.889,0.995,0.937,0.891,0.026,5.701,6.519,3.354,3.202,1,0.889,0.995,0.937,0.891,0.026,5.701,6.519,3.354,3.202,1,19.849,32
0.889,0.995,0.937,0.891,0.026,5.701,6.519,3.354,3.202,1,0.889,0.995,0.937,0.891,0.026,5.701,6.519,3.354,3.202,1,19.849,32
0.889,0.995,0.937,0.891,0.026,5.701,6.519,3.354,3.202,1,0.889,0.995,0.937,0.891,0.026,5.701,6.519,3.354,3.202,1,19.849,32
0.889,0.995,0.937,0.891,0.026,5.701,6.519,3.354,3.202,1,0.889,0.995,0.937,0.891,0.026,5.701,6.519,3.354,3.202,1,19.849,32
0.889,0.995,0.937,0.891,0.026,5.701,6.519,3.354,3.202,1,0.889,0.995,0.937,0.891,0.026,5.701,6.519,3.354,3.202,1,19.849,32
0.889,0.995,0.937,0.891,0.026,5.701,6.519,3.354,3.202,1,0.889,0.995,0.937,0.891,0.026,5.701,6.519,3.354,3.202,1,19.849,32
0.889,0.995,0.937,0.891,0.026,5.701,6.519,3.354,3.202,1,0.889,0.995,0.937,0.891,0.026,5.701,6.519,3.354,3.202,1,19.849,32
0.889,0.995,0.937,0.891,0.026,5.701,6.519,3.354,3.202,1,0.889,0.995,0.937,0.891,0.026,5.701,6.519,3.354,3.202,1,19.849,32
0.967,1.009,0.887,0.793,0.225,1.11,1.11,0.536,0.575,0.082,0.967,1.009,0.887,0.793,0.225,1.11,1.11,0.536,0.575,0.082,12.806,32
0.967,1.009,0.887,0.793,0.225,1.11,1.11,0.536,0.575,0.082,0.967,1.009,0.887,0.793,0.225,1.11,1.11,0.536,0.575,0.082,12.806,32
0.967,1.009,0.887,0.793,0.225,1.11,1.11,0.536,0.575,0.082,0.967,1.009,0.887,0.793,0.225,1.11,1.11,0.536,0.575,0.082,12.806,32
1.183,1.066,0.95,1.002,0.184,0.749,0.62,0.632,0.277,0.362,1.183,1.066,0.95,1.002,0.184,0.749,0.62,0.632,0.277,0.362,16.279,32
1.183,1.066,0.95,1.002,0.184,0.749,0.62,0.632,0.277,0.362,1.183,1.066,0.95,1.002,0.184,0.749,0.62,0.632,0.277,0.362,16.279,32
1.183,1.066,0.95,1.002,0.184,0.749,0.62,0.632,0.277,0.362,1.183,1.066,0.95,1.002,0.184,0.749,0.62,0.632,0.277,0.362,16.279,32
0.939,1,0.918,0.847,0.117,1.838,1.838,1.04,0.822,0,0.939,1,0.918,0.847,0.117,1.838,1.838,1.04,0.822,0,20.616,32
0.939,1,0.918,0.847,0.117,1.838,1.838,1.04,0.822,0,0.939,1,0.918,0.847,0.117,1.838,1.838,1.04,0.822,0,20.616,32
0.939,1,0.918,0.847,0.117,1.838,1.838,1.04,0.822,0,0.939,1,0.918,0.847,0.117,1.838,1.838,1.04,0.822,0,20.616,32
0.945,0.971,0.881,0.759,0.252,0.927,1.041,0.553,0.491,0.116,0.945,0.971,0.881,0.759,0.252,0.927,1.041,0.553,0.491,0.116,13.601,32
0.945,0.971,0.881,0.759,0.252,0.927,1.041,0.553,0.491,0.116,0.945,0.971,0.881,0.759,0.252,0.927,1.041,0.553,0.491,0.116,13.601,32
0.817,0.965,0.994,0.941,0.125,0.721,0.881,0.645,0.268,0.283,0.817,0.965,0.994,0.941,0.125,0.721,0.881,0.645,0.268,0.283,18.385,32
0.817,0.965,0.994,0.941,0.125,0.721,0.881,0.645,0.268,0.283,0.817,0.965,0.994,0.941,0.125,0.721,0.881,0.645,0.268,0.283,18.385,32
1.064,0.998,0.956,0.95,0.141,0.382,0.45,0.318,0.318,0.106,1.064,0.998,0.956,0.95,0.141,0.382,0.45,0.318,0.318,0.106,17.692,32
1.064,0.998,0.956,0.95,0.141,0.382,0.45,0.318,0.318,0.106,1.064,0.998,0.956,0.95,0.141,0.382,0.45,0.318,0.318,0.106,17.692,32
1.048,0.985,0.968,0.974,0.082,1.114,1.13,0.947,0.415,0.186,1.048,0.985,0.968,0.974,0.082,1.114,1.13,0.947,0.415,0.186,14.422,32
1.048,0.985,0.968,0.974,0.082,1.114,1.13,0.947,0.415,0.186,1.048,0.985,0.968,0.974,0.082,1.114,1.13,0.947,0.415,0.186,14.422,32
0.982,1,0.931,0.896,0.117,0.937,0.937,0.419,0.593,0,0.982,1,0.931,0.896,0.117,0.937,0.937,0.419,0.593,0,21.26,32
0.982,1,0.931,0.896,0.117,0.937,0.937,0.419,0.593,0,0.982,1,0.931,0.896,0.117,0.937,0.937,0.419,0.593,0,21.26,32
1.151,1,0.969,0.982,0.2,0.121,0.121,0.271,0.243,0,1.151,1,0.969,0.982,0.2,0.121,0.121,0.271,0.243,0,17,32
1.151,1,0.969,0.982,0.2,0.121,0.121,0.271,0.243,0,1.151,1,0.969,0.982,0.2,0.121,0.121,0.271,0.243,0,17,32
1.092,0.997,0.964,0.942,0.174,0.447,0.522,0.283,0.253,0.089,1.092,0.997,0.964,0.942,0.174,0.447,0.522,0.283,0.253,0.089,23.259,32
1.092,0.997,0.964,0.942,0.174,0.447,0.522,0.283,0.253,0.089,1.092,0.997,0.964,0.942,0.174,0.447,0.522,0.283,0.253,0.089,23.259,32
1.092,0.997,0.964,0.942,0.174,0.447,0.522,0.283,0.253,0.089,1.092,0.997,0.964,0.942,0.174,0.447,0.522,0.283,0.253,0.089,23.259,32
0.952,0.996,0.886,0.812,0.17,1.299,1.359,0.643,0.736,0.08,0.952,0.996,0.886,0.812,0.17,1.299,1.359,0.643,0.736,0.08,20.591,32
0.952,0.996,0.886,0.812,0.17,1.299,1.359,0.643,0.736,0.08,0.952,0.996,0.886,0.812,0.17,1.299,1.359,0.643,0.736,0.08,20.591,32
0.904,0.981,0.94,0.878,0.124,0.907,1.121,0.596,0.527,0.236,0.904,0.981,0.94,0.878,0.124,0.907,1.121,0.596,0.527,0.236,11.18,32
0.904,0.981,0.94,0.878,0.124,0.907,1.121,0.596,0.527,0.236,0.904,0.981,0.94,0.878,0.124,0.907,1.121,0.596,0.527,0.236,11.18,32
0.564,0.921,0.933,0.779,0.584,0.574,0.508,0.317,0.207,0.262,0.564,0.921,0.933,0.779,0.584,0.574,0.508,0.317,0.207,0.262,2.236,33
0.564,0.921,0.933,0.779,0.584,0.574,0.508,0.317,0.207,0.262,0.564,0.921,0.933,0.779,0.584,0.574,0.508,0.317,0.207,0.262,2.236,33
0.564,0.921,0.933,0.779,0.584,0.574,0.508,0.317,0.207,0.262,0.564,0.921,0.933,0.779,0.584,0.574,0.508,0.317,0.207,0.262,2.236,33
0.564,0.921,0.933,0.779,0.584,0.574,0.508,0.317,0.207,0.262,0.564,0.921,0.933,0.779,0.584,0.574,0.508,0.317,0.207,0.262,2.236,33
0.564,0.921,0.933,0.779,0.584,0.574,0.508,0.317,0.207,0.262,0.564,0.921,0.933,0.779,0.584,0.574,0.508,0.317,0.207,0.262,2.236,33
0.564,0.921,0.933,0.779,0.584,0.574,0.508,0.317,0.207,0.262,0.564,0.921,0.933,0.779,0.584,0.574,0.508,0.317,0.207,0.262,2.236,33
0.564,0.921,0.933,0.779,0.584,0.574,0.508,0.317,0.207,0.262,0.564,0.921,0.933,0.779,0.584,0.574,0.508,0.317,0.207,0.262,2.236,33
0.564,0.921,0.933,0.779,0.584,0.574,0.508,0.317,0.207,0.262,0.564,0.921,0.933,0.779,0.584,0.574,0.508,0.317,0.207,0.262,2.236,33
0.564,0.921,0.933,0.779,0.584,0.574,0.508,0.317,0.207,0.262,0.564,0.921,0.933,0.779,0.584,0.574,0.508,0.317,0.207,0.262,2.236,33
0.564,0.921,0.933,0.779,0.584,0.574,0.508,0.317,0.207,0.262,0.564,0.921,0.933,0.779,0.584,0.574,0.508,0.317,0.207,0.262,2.236,33
0.563,0.948,0.949,0.775,0.63,0.641,0.528,0.364,0.181,0.246,0.563,0.948,0.949,0.775,0.63,0.641,0.528,0.364,0.181,0.246,3.162,33
0.563,0.948,0.949,0.775,0.63,0.641,0.528,0.364,0.181,0.246,0.563,0.948,0.949,0.775,0.63,0.641,0.528,0.364,0.181,0.246,3.162,33
0.563,0.948,0.949,0.775,0.63,0.641,0.528,0.364,0.181,0.246,0.563,0.948,0.949,0.775,0.63,0.641,0.528,0.364,0.181,0.246,3.162,33
0.547,0.946,0.943,0.759,0.602,0.677,0.582,0.391,0.214,0.24,0.547,0.946,0.943,0.759,0.602,0.677,0.582,0.391,0.214,0.24,2,33
0.547,0.946,0.943,0.759,0.602,0.677,0.582,0.391,0.214,0.24,0.547,0.946,0.943,0.759,0.602,0.677,0.582,0.391,0.214,0.24,2,33
0.562,0.942,0.945,0.772,0.61,0.662,0.557,0.376,0.199,0.249,0.562,0.942,0.945,0.772,0.61,0.662,0.557,0.376,0.199,0.249,1.414,33
0.562,0.942,0.945,0.772,0.61,0.662,0.557,0.376,0.199,0.249,0.562,0.942,0.945,0.772,0.61,0.662,0.557,0.376,0.199,0.249,1.414,33
0.562,0.942,0.945,0.772,0.61,0.662,0.557,0.376,0.199,0.249,0.562,0.942,0.945,0.772,0.61,0.662,0.557,0.376,0.199,0.249,1.414,33
0.562,0.942,0.945,0.772,0.61,0.662,0.557,0.376,0.199,0.249,0.562,0.942,0.945,0.772,0.61,0.662,0.557,0.376,0.199,0.249,1.414,33
0.562,0.942,0.945,0.772,0.61,0.662,0.557,0.376,0.199,0.249,0.562,0.942,0.945,0.772,0.61,0.662,0.557,0.376,0.199,0.249,1.414,33
0.562,0.942,0.945,0.772,0.61,0.662,0.557,0.376,0.199,0.249,0.562,0.942,0.945,0.772,0.61,0.662,0.557,0.376,0.199,0.249,1.414,33
0.562,0.942,0.945,0.772,0.61,0.662,0.557,0.376,0.199,0.249,0.562,0.942,0.945,0.772,0.61,0.662,0.557,0.376,0.199,0.249,1.414,33
0.562,0.942,0.945,0.772,0.61,0.662,0.557,0.376,0.199,0.249,0.562,0.942,0.945,0.772,0.61,0.662,0.557,0.376,0.199,0.249,1.414,33
0.562,0.942,0.945,0.772,0.61,0.662,0.557,0.376,0.199,0.249,0.562,0.942,0.945,0.772,0.61,0.662,0.557,0.376,0.199,0.249,1.414,33
0.562,0.942,0.945,0.772,0.61,0.662,0.557,0.376,0.199,0.249,0.562,0.942,0.945,0.772,0.61,0.662,0.557,0.376,0.199,0.249,1.414,33
0.562,0.942,0.945,0.772,0.61,0.662,0.557,0.376,0.199,0.249,0.562,0.942,0.945,0.772,0.61,0.662,0.557,0.376,0.199,0.249,1.414,33
0.562,0.942,0.945,0.772,0.61,0.662,0.557,0.376,0.199,0.249,0.562,0.942,0.945,0.772,0.61,0.662,0.557,0.376,0.199,0.249,1.414,33
0.546,0.936,0.941,0.767,0.6,0.656,0.569,0.381,0.204,0.245,0.546,0.936,0.941,0.767,0.6,0.656,0.569,0.381,0.204,0.245,1,33
0.546,0.936,0.941,0.767,0.6,0.656,0.569,0.381,0.204,0.245,0.546,0.936,0.941,0.767,0.6,0.656,0.569,0.381,0.204,0.245,1,33
0.546,0.936,0.941,0.767,0.6,0.656,0.569,0.381,0.204,0.245,0.546,0.936,0.941,0.767,0.6,0.656,0.569,0.381,0.204,0.245,1,33
0.546,0.936,0.941,0.767,0.6,0.656,0.569,0.381,0.204,0.245,0.546,0.936,0.941,0.767,0.6,0.656,0.569,0.381,0.204,0.245,1,33
0.546,0.936,0.941,0.767,0.6,0.656,0.569,0.381,0.204,0.245,0.546,0.936,0.941,0.767,0.6,0.656,0.569,0.381,0.204,0.245,1,33
0.546,0.936,0.941,0.767,0.6,0.656,0.569,0.381,0.204,0.245,0.546,0.936,0.941,0.767,0.6,0.656,0.569,0.381,0.204,0.245,1,33
0.546,0.936,0.941,0.767,0.6,0.656,0.569,0.381,0.204,0.245,0.546,0.936,0.941,0.767,0.6,0.656,0.569,0.381,0.204,0.245,1,33
0.546,0.936,0.941,0.767,0.6,0.656,0.569,0.381,0.204,0.245,0.546,0.936,0.941,0.767,0.6,0.656,0.569,0.381,0.204,0.245,1,33
0.546,0.936,0.941,0.767,0.6,0.656,0.569,0.381,0.204,0.245,0.546,0.936,0.941,0.767,0.6,0.656,0.569,0.381,0.204,0.245,1,33
0.546,0.936,0.941,0.767,0.6,0.656,0.569,0.381,0.204,0.245,0.546,0.936,0.941,0.767,0.6,0.656,0.569,0.381,0.204,0.245,1,33
0.546,0.936,0.941,0.767,0.6,0.656,0.569,0.381,0.204,0.245,0.546,0.936,0.941,0.767,0.6,0.656,0.569,0.381,0.204,0.245,1,33
0.546,0.936,0.941,0.767,0.6,0.656,0.569,0.381,0.204,0.245,0.546,0.936,0.941,0.767,0.6,0.656,0.569,0.381,0.204,0.245,1,33
0.546,0.936,0.941,0.767,0.6,0.656,0.569,0.381,0.204,0.245,0.546,0.936,0.941,0.767,0.6,0.656,0.569,0.381,0.204,0.245,1,33
0.546,0.936,0.941,0.767,0.6,0.656,0.569,0.381,0.204,0.245,0.546,0.936,0.941,0.767,0.6,0.656,0.569,0.381,0.204,0.245,1,33
0.546,0.936,0.941,0.767,0.6,0.656,0.569,0.381,0.204,0.245,0.546,0.936,0.941,0.767,0.6,0.656,0.569,0.381,0.204,0.245,1,33
0.546,0.936,0.941,0.767,0.6,0.656,0.569,0.381,0.204,0.245,0.546,0.936,0.941,0.767,0.6,0.656,0.569,0.381,0.204,0.245,1,33
0.546,0.936,0.941,0.767,0.6,0.656,0.569,0.381,0.204,0.245,0.546,0.936,0.941,0.767,0.6,0.656,0.569,0.381,0.204,0.245,1,33
0.546,0.936,0.941,0.767,0.6,0.656,0.569,0.381,0.204,0.245,0.546,0.936,0.941,0.767,0.6,0.656,0.569,0.381,0.204,0.245,1,33
0.546,0.936,0.941,0.767,0.6,0.656,0.569,0.381,0.204,0.245,0.546,0.936,0.941,0.767,0.6,0.656,0.569,0.381,0.204,0.245,1,33
0.546,0.936,0.941,0.767,0.6,0.656,0.569,0.381,0.204,0.245,0.546,0.936,0.941,0.767,0.6,0.656,0.569,0.381,0.204,0.245,1,33
0.546,0.936,0.941,0.767,0.6,0.656,0.569,0.381,0.204,0.245,0.546,0.936,0.941,0.767,0.6,0.656,0.569,0.381,0.204,0.245,1,33
0.546,0.936,0.941,0.767,0.6,0.656,0.569,0.381,0.204,0.245,0.546,0.936,0.941,0.767,0.6,0.656,0.569,0.381,0.204,0.245,1,33
0.546,0.936,0.941,0.767,0.6,0.656,0.569,0.381,0.204,0.245,0.546,0.936,0.941,0.767,0.6,0.656,0.569,0.381,0.204,0.245,1,33
0.546,0.936,0.941,0.767,0.6,0.656,0.569,0.381,0.204,0.245,0.546,0.936,0.941,0.767,0.6,0.656,0.569,0.381,0.204,0.245,1,33
1.13,1.903,0.954,0.932,0.47,2.793,0.836,0.392,0.445,2.08,1.13,1.903,0.954,0.932,0.47,2.793,0.836,0.392,0.445,2.08,152.742,34
1.138,1.96,0.969,0.961,0.529,2.54,0.722,0.349,0.373,1.957,1.138,1.96,0.969,0.961,0.529,2.54,0.722,0.349,0.373,1.957,149.913,34
1.117,1.974,0.955,0.954,0.495,2.713,0.821,0.381,0.44,2.074,1.117,1.974,0.955,0.954,0.495,2.713,0.821,0.381,0.44,2.074,151.347,34
1.12,1.999,0.979,0.957,0.518,2.698,0.795,0.376,0.423,2.06,1.12,1.999,0.979,0.957,0.518,2.698,0.795,0.376,0.423,2.06,152.742,34
1.12,2.032,0.945,0.932,0.507,2.82,0.807,0.389,0.418,2.157,1.12,2.032,0.945,0.932,0.507,2.82,0.807,0.389,0.418,2.157,152.03,34
1.083,2.009,0.954,0.911,0.507,2.878,0.85,0.423,0.431,2.138,1.083,2.009,0.954,0.911,0.507,2.878,0.85,0.423,0.431,2.138,158.55,34
1.075,1.963,0.98,0.961,0.507,2.707,0.817,0.401,0.42,2.043,1.075,1.963,0.98,0.961,0.507,2.707,0.817,0.401,0.42,2.043,154.159,34
1.179,2.105,0.908,0.881,0.565,2.701,0.786,0.363,0.423,2.038,1.179,2.105,0.908,0.881,0.565,2.701,0.786,0.363,0.423,2.038,154.302,34
1.125,2.042,0.946,0.957,0.514,2.829,0.867,0.403,0.464,2.142,1.125,2.042,0.946,0.957,0.514,2.829,0.867,0.403,0.464,2.142,160.24,34
1.123,1.995,0.977,0.972,0.502,2.732,0.848,0.399,0.451,2.089,1.123,1.995,0.977,0.972,0.502,2.732,0.848,0.399,0.451,2.089,156.4,34
1.122,1.99,0.965,0.927,0.471,2.933,0.84,0.416,0.429,2.236,1.122,1.99,0.965,0.927,0.471,2.933,0.84,0.416,0.429,2.236,156.474,34
1.079,2.041,0.966,0.93,0.456,3.172,0.895,0.443,0.458,2.429,1.079,2.041,0.966,0.93,0.456,3.172,0.895,0.443,0.458,2.429,162.631,34
1.085,1.987,0.961,0.912,0.507,2.806,0.851,0.455,0.403,2.077,1.085,1.987,0.961,0.912,0.507,2.806,0.851,0.455,0.403,2.077,158.6,34
1.084,1.952,0.946,0.962,0.49,2.795,0.827,0.41,0.419,2.112,1.084,1.952,0.946,0.962,0.49,2.795,0.827,0.41,0.419,2.112,158.6,34
1.136,2.003,0.936,0.93,0.538,2.606,0.762,0.379,0.383,1.979,1.136,2.003,0.936,0.93,0.538,2.606,0.762,0.379,0.383,1.979,153.222,34
1.122,2.003,0.968,0.97,0.502,2.835,0.867,0.435,0.432,2.139,1.122,2.003,0.968,0.97,0.502,2.835,0.867,0.435,0.432,2.139,154.159,34
1.135,1.977,0.968,0.96,0.516,2.658,0.76,0.396,0.365,2.041,1.135,1.977,0.968,0.96,0.516,2.658,0.76,0.396,0.365,2.041,150.446,34
1.096,1.89,0.97,0.968,0.538,2.395,0.751,0.364,0.387,1.788,1.096,1.89,0.97,0.968,0.538,2.395,0.751,0.364,0.387,1.788,147.868,34
1.094,1.997,0.977,0.955,0.477,2.889,0.877,0.431,0.451,2.203,1.094,1.997,0.977,0.955,0.477,2.889,0.877,0.431,0.451,2.203,151.38,34
1.119,2.031,0.967,0.96,0.505,2.808,0.788,0.41,0.378,2.18,1.119,2.031,0.967,0.96,0.505,2.808,0.788,0.41,0.378,2.18,151.38,34
1.18,2.23,0.954,0.975,0.534,3.06,0.851,0.394,0.457,2.416,1.18,2.23,0.954,0.975,0.534,3.06,0.851,0.394,0.457,2.416,156.541,34
1.163,1.988,0.927,0.906,0.538,2.621,0.725,0.359,0.366,1.984,1.163,1.988,0.927,0.906,0.538,2.621,0.725,0.359,0.366,1.984,154.768,34
1.181,1.973,0.926,0.916,0.583,2.363,0.754,0.375,0.379,1.747,1.181,1.973,0.926,0.916,0.583,2.363,0.754,0.375,0.379,1.747,152.122,34
1.016,1.843,0.966,0.929,0.397,3.08,0.96,0.459,0.508,2.274,1.016,1.843,0.966,0.929,0.397,3.08,0.96,0.459,0.508,2.274,161.245,34
1.077,1.91,0.956,0.937,0.458,2.923,0.873,0.41,0.465,2.171,1.077,1.91,0.956,0.937,0.458,2.923,0.873,0.41,0.465,2.171,162.114,34
1.114,1.995,0.985,1.057,0.552,2.452,0.765,0.401,0.367,1.935,1.114,1.995,0.985,1.057,0.552,2.452,0.765,0.401,0.367,1.935,158.382,34
1.078,1.968,0.954,0.933,0.45,3.037,0.868,0.422,0.447,2.308,1.078,1.968,0.954,0.933,0.45,3.037,0.868,0.422,0.447,2.308,161.756,34
1.116,2.089,0.919,0.888,0.557,2.823,0.801,0.4,0.4,2.104,1.116,2.089,0.919,0.888,0.557,2.823,0.801,0.4,0.4,2.104,164.502,34
1.14,1.975,0.955,0.967,0.514,2.668,0.809,0.389,0.42,2.028,1.14,1.975,0.955,0.967,0.514,2.668,0.809,0.389,0.42,2.028,157.201,34
1.042,1.826,0.974,0.929,0.453,2.71,0.815,0.41,0.413,2.001,1.042,1.826,0.974,0.929,0.453,2.71,0.815,0.41,0.413,2.001,155.416,34
1.136,1.948,0.957,0.98,0.52,2.577,0.744,0.357,0.389,1.983,1.136,1.948,0.957,0.98,0.52,2.577,0.744,0.357,0.389,1.983,155.081,34
1.113,1.957,0.988,0.994,0.504,2.628,0.84,0.393,0.449,2.009,1.113,1.957,0.988,0.994,0.504,2.628,0.84,0.393,0.449,2.009,156.774,34
1.081,1.808,0.945,0.901,0.497,2.383,0.766,0.364,0.405,1.727,1.081,1.808,0.945,0.901,0.497,2.383,0.766,0.364,0.405,1.727,152.463,34
1.111,1.909,0.95,0.951,0.49,2.758,0.782,0.375,0.408,2.074,1.111,1.909,0.95,0.951,0.49,2.758,0.782,0.375,0.408,2.074,158.824,34
1.057,1.836,0.954,0.912,0.44,2.798,0.803,0.381,0.425,2.085,1.057,1.836,0.954,0.912,0.44,2.798,0.803,0.381,0.425,2.085,156.285,34
1.207,2.007,0.937,0.92,0.569,2.448,0.752,0.363,0.389,1.846,1.207,2.007,0.937,0.92,0.569,2.448,0.752,0.363,0.389,1.846,153.183,34
1.088,1.911,0.981,1.006,0.456,2.821,0.921,0.461,0.461,2.136,1.088,1.911,0.981,1.006,0.456,2.821,0.921,0.461,0.461,2.136,159.013,34
1.178,1.985,0.96,0.977,0.543,2.482,0.765,0.395,0.37,1.91,1.178,1.985,0.96,0.977,0.543,2.482,0.765,0.395,0.37,1.91,154.185,34
1.129,1.906,0.919,0.896,0.53,2.458,0.783,0.376,0.408,1.797,1.129,1.906,0.919,0.896,0.53,2.458,0.783,0.376,0.408,1.797,154.693,34
1.026,1.838,0.966,1.014,0.423,2.868,0.812,0.411,0.411,2.231,1.026,1.838,0.966,1.014,0.423,2.868,0.812,0.411,0.411,2.231,160.378,34
1.131,1.924,0.97,0.963,0.438,2.835,0.854,0.412,0.443,2.208,1.131,1.924,0.97,0.963,0.438,2.835,0.854,0.412,0.443,2.208,154.305,34
1.067,1.887,0.992,0.981,0.452,2.8,0.865,0.406,0.464,2.119,1.067,1.887,0.992,0.981,0.452,2.8,0.865,0.406,0.464,2.119,159.706,34
1.148,1.941,0.956,0.954,0.551,2.433,0.746,0.335,0.411,1.828,1.148,1.941,0.956,0.954,0.551,2.433,0.746,0.335,0.411,1.828,155.193,34
1.136,1.899,0.948,0.924,0.505,2.532,0.8,0.389,0.412,1.877,1.136,1.899,0.948,0.924,0.505,2.532,0.8,0.389,0.412,1.877,154.305,34
1.119,1.949,0.969,0.961,0.505,2.636,0.767,0.371,0.396,2.02,1.119,1.949,0.969,0.961,0.505,2.636,0.767,0.371,0.396,2.02,157.471,34
1.157,1.919,0.943,0.922,0.526,2.516,0.719,0.347,0.372,1.895,1.157,1.919,0.943,0.922,0.526,2.516,0.719,0.347,0.372,1.895,156.589,34
1.112,1.876,0.998,1.018,0.479,2.577,0.789,0.366,0.423,1.993,1.112,1.876,0.998,1.018,0.479,2.577,0.789,0.366,0.423,1.993,156.589,34
1.104,1.925,0.93,0.896,0.51,2.65,0.864,0.396,0.469,1.912,1.104,1.925,0.93,0.896,0.51,2.65,0.864,0.396,0.469,1.912,158.902,34
1.079,1.922,0.954,0.955,0.499,2.69,0.865,0.419,0.446,1.981,1.079,1.922,0.954,0.955,0.499,2.69,0.865,0.419,0.446,1.981,161.744,34
1.092,1.854,0.94,0.919,0.478,2.63,0.821,0.397,0.424,1.926,1.092,1.854,0.94,0.919,0.478,2.63,0.821,0.397,0.424,1.926,158.902,34
1.209,1.931,0.944,0.947,0.553,2.386,0.757,0.353,0.405,1.782,1.209,1.931,0.944,0.947,0.553,2.386,0.757,0.353,0.405,1.782,155.193,34
1.209,1.913,0.942,0.881,0.535,2.331,0.588,0.322,0.267,1.811,1.209,1.913,0.942,0.881,0.535,2.331,0.588,0.322,0.267,1.811,76.609,35
1.282,1.965,0.944,0.906,0.596,2.178,0.583,0.31,0.274,1.698,1.282,1.965,0.944,0.906,0.596,2.178,0.583,0.31,0.274,1.698,76.007,35
1.233,1.944,0.943,0.884,0.56,2.284,0.587,0.321,0.266,1.775,1.233,1.944,0.943,0.884,0.56,2.284,0.587,0.321,0.266,1.775,76.551,35
1.187,1.908,0.94,0.911,0.508,2.381,0.687,0.343,0.343,1.845,1.187,1.908,0.94,0.911,0.508,2.381,0.687,0.343,0.343,1.845,74.632,35
1.176,1.983,0.959,0.951,0.5,2.583,0.673,0.352,0.322,2.069,1.176,1.983,0.959,0.951,0.5,2.583,0.673,0.352,0.322,2.069,76.551,35
1.158,1.96,0.975,0.95,0.482,2.584,0.687,0.373,0.316,2.077,1.158,1.96,0.975,0.95,0.482,2.584,0.687,0.373,0.316,2.077,76.662,35
1.144,1.994,0.975,0.943,0.517,2.538,0.694,0.396,0.3,2.01,1.144,1.994,0.975,0.943,0.517,2.538,0.694,0.396,0.3,2.01,79.925,35
1.175,1.969,0.966,0.941,0.497,2.556,0.69,0.338,0.353,2.034,1.175,1.969,0.966,0.941,0.497,2.556,0.69,0.338,0.353,2.034,76.551,35
1.179,1.985,0.963,0.943,0.519,2.463,0.702,0.358,0.345,1.957,1.179,1.985,0.963,0.943,0.519,2.463,0.702,0.358,0.345,1.957,78.23,35
1.121,1.915,0.953,0.931,0.461,2.634,0.735,0.353,0.383,2.069,1.121,1.915,0.953,0.931,0.461,2.634,0.735,0.353,0.383,2.069,79.925,35
1.164,1.966,0.966,0.944,0.489,2.617,0.648,0.383,0.265,2.101,1.164,1.966,0.966,0.944,0.489,2.617,0.648,0.383,0.265,2.101,80.994,35
1.156,1.972,0.967,0.93,0.483,2.632,0.693,0.364,0.331,2.097,1.156,1.972,0.967,0.93,0.483,2.632,0.693,0.364,0.331,2.097,79.881,35
1.184,1.987,0.965,0.965,0.519,2.46,0.615,0.336,0.279,2.005,1.184,1.987,0.965,0.965,0.519,2.46,0.615,0.336,0.279,2.005,77.936,35
1.13,1.942,0.961,0.913,0.472,2.656,0.664,0.4,0.265,2.106,1.13,1.942,0.961,0.913,0.472,2.656,0.664,0.4,0.265,2.106,81.633,35
1.119,1.88,0.947,0.88,0.396,3,0.781,0.456,0.326,2.326,1.119,1.88,0.947,0.88,0.396,3,0.781,0.456,0.326,2.326,85.088,35
1.162,1.85,0.932,0.868,0.316,3.71,0.909,0.538,0.371,2.875,1.162,1.85,0.932,0.868,0.316,3.71,0.909,0.538,0.371,2.875,94.81,35
1.168,1.875,0.945,0.885,0.289,4.037,0.874,0.51,0.364,3.241,1.168,1.875,0.945,0.885,0.289,4.037,0.874,0.51,0.364,3.241,102.421,35
1.185,1.866,0.948,0.901,0.289,3.964,0.877,0.475,0.402,3.192,1.185,1.866,0.948,0.901,0.289,3.964,0.877,0.475,0.402,3.192,100.623,35
1.213,1.928,0.946,0.888,0.34,3.608,0.835,0.481,0.354,2.879,1.213,1.928,0.946,0.888,0.34,3.608,0.835,0.481,0.354,2.879,97.949,35
1.197,1.83,0.933,0.895,0.322,3.554,0.803,0.454,0.355,2.817,1.197,1.83,0.933,0.895,0.322,3.554,0.803,0.454,0.355,2.817,103.87,35
1.191,1.883,0.947,0.88,0.371,3.236,0.833,0.487,0.348,2.506,1.191,1.883,0.947,0.88,0.371,3.236,0.833,0.487,0.348,2.506,89.944,35
1.129,1.877,0.929,0.855,0.352,3.462,0.833,0.476,0.357,2.68,1.129,1.877,0.929,0.855,0.352,3.462,0.833,0.476,0.357,2.68,90.973,35
1.157,1.889,0.941,0.866,0.344,3.552,0.904,0.528,0.377,2.736,1.157,1.889,0.941,0.866,0.344,3.552,0.904,0.528,0.377,2.736,87.092,35
1.154,1.912,0.939,0.872,0.307,3.983,0.917,0.529,0.389,3.151,1.154,1.912,0.939,0.872,0.307,3.983,0.917,0.529,0.389,3.151,89.889,35
1.234,1.911,0.942,0.85,0.399,3.138,0.787,0.462,0.33,2.415,1.234,1.911,0.942,0.85,0.399,3.138,0.787,0.462,0.33,2.415,91.679,35
1.13,1.858,0.926,0.874,0.378,3.121,0.672,0.365,0.309,2.482,1.13,1.858,0.926,0.874,0.378,3.121,0.672,0.365,0.309,2.482,76.322,35
1.133,1.869,0.943,0.865,0.419,2.865,0.714,0.407,0.309,2.211,1.133,1.869,0.943,0.865,0.419,2.865,0.714,0.407,0.309,2.211,72.111,35
1.173,1.891,0.939,0.842,0.407,3.006,0.762,0.447,0.319,2.304,1.173,1.891,0.939,0.842,0.407,3.006,0.762,0.447,0.319,2.304,79.649,35
1.181,1.922,0.925,0.861,0.394,3.176,0.835,0.445,0.39,2.443,1.181,1.922,0.925,0.861,0.394,3.176,0.835,0.445,0.39,2.443,81.633,35
1.22,1.935,0.937,0.873,0.391,3.212,0.753,0.447,0.306,2.535,1.22,1.935,0.937,0.873,0.391,3.212,0.753,0.447,0.306,2.535,85.959,35
1.19,1.876,0.938,0.874,0.352,3.395,0.823,0.488,0.335,2.649,1.19,1.876,0.938,0.874,0.352,3.395,0.823,0.488,0.335,2.649,86.452,35
1.234,1.938,0.935,0.868,0.399,3.163,0.794,0.453,0.342,2.464,1.234,1.938,0.935,0.868,0.399,3.163,0.794,0.453,0.342,2.464,85.088,35
1.157,1.923,0.954,0.883,0.402,3.052,0.752,0.412,0.347,2.404,1.157,1.923,0.954,0.883,0.402,3.052,0.752,0.412,0.347,2.404,78.006,35
1.157,1.913,0.937,0.89,0.422,2.92,0.813,0.432,0.381,2.248,1.157,1.913,0.937,0.89,0.422,2.92,0.813,0.432,0.381,2.248,78.006,35
1.197,1.907,0.937,0.884,0.334,3.641,1.003,0.514,0.49,2.813,1.197,1.907,0.937,0.884,0.334,3.641,1.003,0.514,0.49,2.813,87.983,35
1.176,1.957,0.951,0.913,0.444,2.81,0.697,0.373,0.324,2.249,1.176,1.957,0.951,0.913,0.444,2.81,0.697,0.373,0.324,2.249,76.837,35
1.14,1.901,0.957,0.909,0.408,2.924,0.787,0.413,0.376,2.296,1.14,1.901,0.957,0.909,0.408,2.924,0.787,0.413,0.376,2.296,76.217,35
1.157,1.886,0.942,0.889,0.412,2.881,0.767,0.379,0.39,2.24,1.157,1.886,0.942,0.889,0.412,2.881,0.767,0.379,0.39,2.24,74.404,35
1.141,1.86,0.949,0.9,0.372,3.05,0.961,0.518,0.445,2.344,1.141,1.86,0.949,0.9,0.372,3.05,0.961,0.518,0.445,2.344,75.432,35
1.172,1.889,0.937,0.899,0.432,2.701,0.744,0.372,0.372,2.116,1.172,1.889,0.937,0.899,0.432,2.701,0.744,0.372,0.372,2.116,73.6,35
1.222,1.876,0.918,0.879,0.518,2.276,0.646,0.315,0.331,1.743,1.222,1.876,0.918,0.879,0.518,2.276,0.646,0.315,0.331,1.743,67.007,35
1.195,1.892,0.932,0.868,0.398,2.96,0.774,0.399,0.376,2.307,1.195,1.892,0.932,0.868,0.398,2.96,0.774,0.399,0.376,2.307,76.609,35
1.251,1.886,0.935,0.897,0.52,2.265,0.575,0.314,0.262,1.784,1.251,1.886,0.935,0.897,0.52,2.265,0.575,0.314,0.262,1.784,66.4,35
1.2,1.839,0.929,0.871,0.462,2.448,0.675,0.389,0.287,1.877,1.2,1.839,0.929,0.871,0.462,2.448,0.675,0.389,0.287,1.877,68.118,35
1.183,1.819,0.92,0.88,0.458,2.449,0.651,0.345,0.309,1.88,1.183,1.819,0.92,0.88,0.458,2.449,0.651,0.345,0.309,1.88,67.268,35
1.231,1.875,0.918,0.857,0.431,2.746,0.706,0.368,0.339,2.117,1.231,1.875,0.918,0.857,0.431,2.746,0.706,0.368,0.339,2.117,73.817,35
1.22,1.847,0.917,0.865,0.477,2.434,0.709,0.382,0.328,1.833,1.22,1.847,0.917,0.865,0.477,2.434,0.709,0.382,0.328,1.833,68.118,35
1.198,1.878,0.931,0.868,0.35,3.342,0.842,0.453,0.389,2.607,1.198,1.878,0.931,0.868,0.35,3.342,0.842,0.453,0.389,2.607,80.212,35
1.203,1.851,0.917,0.845,0.485,2.436,0.664,0.367,0.297,1.835,1.203,1.851,0.917,0.845,0.485,2.436,0.664,0.367,0.297,1.835,67.476,35
1.182,1.851,0.935,0.859,0.38,3.071,0.821,0.437,0.387,2.341,1.182,1.851,0.935,0.859,0.38,3.071,0.821,0.437,0.387,2.341,75.452,35
1.143,1.878,0.931,0.903,0.382,3.013,0.762,0.409,0.357,2.391,1.143,1.878,0.931,0.903,0.382,3.013,0.762,0.409,0.357,2.391,67.476,35
0.941,0.986,1.02,1.04,0.304,0.649,0.532,0.378,0.159,0.12,0.941,0.986,1.02,1.04,0.304,0.649,0.532,0.378,0.159,0.12,78.102,36
0.928,0.978,1.022,1.019,0.28,0.44,0.368,0.311,0.096,0.096,0.928,0.978,1.022,1.019,0.28,0.44,0.368,0.311,0.096,0.096,81,36
0.921,0.98,1.011,1.017,0.315,0.556,0.412,0.256,0.158,0.153,0.921,0.98,1.011,1.017,0.315,0.556,0.412,0.256,0.158,0.153,76,36
0.941,0.979,1.017,1.012,0.308,0.447,0.386,0.283,0.118,0.088,0.941,0.979,1.017,1.012,0.308,0.447,0.386,0.283,0.118,0.088,72.111,36
0.943,0.985,1.016,1.049,0.314,0.732,0.617,0.415,0.203,0.119,0.943,0.985,1.016,1.049,0.314,0.732,0.617,0.415,0.203,0.119,72.111,36
0.967,0.985,1.022,1.052,0.304,0.709,0.588,0.429,0.164,0.123,0.967,0.985,1.022,1.052,0.304,0.709,0.588,0.429,0.164,0.123,75.007,36
0.94,0.973,1.018,1.032,0.306,0.52,0.412,0.301,0.118,0.125,0.94,0.973,1.018,1.032,0.306,0.52,0.412,0.301,0.118,0.125,69.116,36
0.965,0.99,1.038,1.055,0.303,0.626,0.544,0.353,0.211,0.083,0.965,0.99,1.038,1.055,0.303,0.626,0.544,0.353,0.211,0.083,71.176,36
0.942,0.996,1.028,1.056,0.341,0.643,0.527,0.349,0.184,0.116,0.942,0.996,1.028,1.056,0.341,0.643,0.527,0.349,0.184,0.116,71.113,36
0.939,0.985,1.011,1.027,0.292,0.689,0.572,0.405,0.169,0.123,0.939,0.985,1.011,1.027,0.292,0.689,0.572,0.405,0.169,0.123,69.029,36
0.94,0.994,1.03,1.044,0.311,0.662,0.537,0.353,0.197,0.125,0.94,0.994,1.03,1.044,0.311,0.662,0.537,0.353,0.197,0.125,69,36
0.941,0.999,1.015,1.051,0.289,0.628,0.533,0.356,0.178,0.096,0.941,0.999,1.015,1.051,0.289,0.628,0.533,0.356,0.178,0.096,65.008,36
0.94,0.995,1.026,1.05,0.355,0.691,0.576,0.359,0.222,0.115,0.94,0.995,1.026,1.05,0.355,0.691,0.576,0.359,0.222,0.115,68.029,36
0.927,0.994,1.025,1.038,0.345,0.579,0.463,0.328,0.147,0.116,0.927,0.994,1.025,1.038,0.345,0.579,0.463,0.328,0.147,0.116,69.007,36
0.953,0.975,1.016,1.028,0.314,0.613,0.453,0.282,0.173,0.168,0.953,0.975,1.016,1.028,0.314,0.613,0.453,0.282,0.173,0.168,68.007,36
0.933,0.994,1.014,1.04,0.329,0.625,0.5,0.337,0.163,0.125,0.933,0.994,1.014,1.04,0.329,0.625,0.5,0.337,0.163,0.125,66.008,36
0.912,0.987,1.033,1.044,0.367,0.573,0.432,0.275,0.171,0.141,0.912,0.987,1.033,1.044,0.367,0.573,0.432,0.275,0.171,0.141,70,36
0.92,0.984,1.035,1.044,0.339,0.688,0.582,0.379,0.221,0.11,0.92,0.984,1.035,1.044,0.339,0.688,0.582,0.379,0.221,0.11,69.007,36
0.94,1.006,1.026,1.056,0.376,0.727,0.609,0.408,0.205,0.122,0.94,1.006,1.026,1.056,0.376,0.727,0.609,0.408,0.205,0.122,71,36
0.95,0.989,1.024,1.061,0.314,0.673,0.592,0.432,0.165,0.083,0.95,0.989,1.024,1.061,0.314,0.673,0.592,0.432,0.165,0.083,65.008,36
0.938,0.984,1.013,1.035,0.279,0.699,0.57,0.385,0.186,0.135,0.938,0.984,1.013,1.035,0.279,0.699,0.57,0.385,0.186,0.135,66.008,36
0.912,0.994,1.024,1.021,0.295,0.63,0.5,0.356,0.165,0.131,0.912,0.994,1.024,1.021,0.295,0.63,0.5,0.356,0.165,0.131,64.008,36
0.9,0.999,1.008,1.008,0.302,0.61,0.426,0.298,0.131,0.185,0.9,0.999,1.008,1.008,0.302,0.61,0.426,0.298,0.131,0.185,68,36
0.93,0.979,1.036,1.067,0.314,0.801,0.637,0.395,0.25,0.167,0.93,0.979,1.036,1.067,0.314,0.801,0.637,0.395,0.25,0.167,67.007,36
0.931,0.995,1.025,1.064,0.328,0.696,0.571,0.416,0.159,0.126,0.931,0.995,1.025,1.064,0.328,0.696,0.571,0.416,0.159,0.126,68,36
0.919,0.988,1.014,1.036,0.305,0.654,0.576,0.407,0.17,0.083,0.919,0.988,1.014,1.036,0.305,0.654,0.576,0.407,0.17,0.083,66.008,36
0.928,0.998,1.039,1.06,0.348,0.593,0.427,0.291,0.158,0.171,0.928,0.998,1.039,1.06,0.348,0.593,0.427,0.291,0.158,0.171,65,36
0.913,0.966,1.014,1.035,0.315,0.564,0.416,0.252,0.164,0.164,0.913,0.966,1.014,1.035,0.315,0.564,0.416,0.252,0.164,0.164,64,36
0.947,1.006,1.034,1.08,0.342,0.751,0.622,0.352,0.27,0.138,0.947,1.006,1.034,1.08,0.342,0.751,0.622,0.352,0.27,0.138,65.008,36
0.914,0.986,1.016,1.047,0.344,0.571,0.42,0.268,0.152,0.152,0.914,0.986,1.016,1.047,0.344,0.571,0.42,0.268,0.152,0.152,67.007,36
0.916,0.993,1.02,1.046,0.313,0.605,0.473,0.355,0.125,0.131,0.916,0.993,1.02,1.046,0.313,0.605,0.473,0.355,0.125,0.131,63.071,36
0.955,1,1.025,1.046,0.31,0.735,0.555,0.402,0.163,0.182,0.955,1,1.025,1.046,0.31,0.735,0.555,0.402,0.163,0.182,65.008,36
0.908,0.984,1.012,1.034,0.298,0.646,0.527,0.356,0.172,0.125,0.908,0.984,1.012,1.034,0.298,0.646,0.527,0.356,0.172,0.125,65.008,36
0.905,1.011,1.02,1.034,0.313,0.66,0.555,0.357,0.203,0.113,0.905,1.011,1.02,1.034,0.313,0.66,0.555,0.357,0.203,0.113,60,36
0.909,0.994,1.003,1.027,0.321,0.617,0.497,0.326,0.171,0.121,0.909,0.994,1.003,1.027,0.321,0.617,0.497,0.326,0.171,0.121,62.008,36
0.957,1.001,1.04,1.052,0.274,0.679,0.577,0.361,0.242,0.106,0.957,1.001,1.04,1.052,0.274,0.679,0.577,0.361,0.242,0.106,63.008,36
0.933,0.99,1.023,1.049,0.281,0.695,0.606,0.431,0.182,0.091,0.933,0.99,1.023,1.049,0.281,0.695,0.606,0.431,0.182,0.091,65.008,36
0.933,0.983,1.014,1.025,0.293,0.583,0.461,0.287,0.177,0.129,0.933,0.983,1.014,1.025,0.293,0.583,0.461,0.287,0.177,0.129,66.03,36
0.944,0.989,1.023,1.043,0.313,0.592,0.511,0.353,0.165,0.083,0.944,0.989,1.023,1.043,0.313,0.592,0.511,0.353,0.165,0.083,66.068,36
0.909,0.994,1.018,0.995,0.287,0.595,0.463,0.363,0.129,0.135,0.909,0.994,1.018,0.995,0.287,0.595,0.463,0.363,0.129,0.135,64.031,36
0.914,0.973,1.023,1.033,0.315,0.587,0.485,0.343,0.153,0.121,0.914,0.973,1.023,1.033,0.315,0.587,0.485,0.343,0.153,0.121,65.123,36
0.932,0.973,1.039,1.06,0.307,0.641,0.526,0.341,0.204,0.126,0.932,0.973,1.039,1.06,0.307,0.641,0.526,0.341,0.204,0.126,63.032,36
0.926,0.993,1.026,1.02,0.328,0.491,0.372,0.242,0.151,0.119,0.926,0.993,1.026,1.02,0.328,0.491,0.372,0.242,0.151,0.119,64.07,36
0.93,0.982,1.019,1.007,0.315,0.419,0.314,0.22,0.117,0.117,0.93,0.982,1.019,1.007,0.315,0.419,0.314,0.22,0.117,0.117,65.192,36
0.945,0.982,1.008,1.003,0.293,0.503,0.392,0.266,0.132,0.125,0.945,0.982,1.008,1.003,0.293,0.503,0.392,0.266,0.132,0.125,62.29,36
0.919,0.983,1.018,1.006,0.283,0.409,0.289,0.183,0.129,0.129,0.919,0.983,1.018,1.006,0.283,0.409,0.289,0.183,0.129,0.129,62.129,36
0.918,0.985,1.017,1.028,0.318,0.64,0.532,0.342,0.195,0.115,0.918,0.985,1.017,1.028,0.318,0.64,0.532,0.342,0.195,0.115,65.031,36
0.921,0.984,1.013,1.03,0.309,0.666,0.465,0.302,0.164,0.203,0.921,0.984,1.013,1.03,0.309,0.666,0.465,0.302,0.164,0.203,62.073,36
0.953,0.985,1.034,1.059,0.29,0.698,0.57,0.411,0.179,0.13,0.953,0.985,1.034,1.059,0.29,0.698,0.57,0.411,0.179,0.13,63.071,36
0.951,1.006,1.029,1.016,0.275,0.461,0.4,0.3,0.148,0.066,0.951,1.006,1.029,1.016,0.275,0.461,0.4,0.3,0.148,0.066,64.125,36
0.902,0.984,1.017,1.009,0.286,0.486,0.371,0.266,0.125,0.125,0.902,0.984,1.017,1.009,0.286,0.486,0.371,0.266,0.125,0.125,65.123,36
