F1,F2,F3,F4,F5,F6,F7,F8,F9,F10,F11,F12,F13,F14,F15,F16,F17,F18,F19,F20,F21,Alphabet
1.117,1.741,0.887,0.857,0.88,1.299,0.536,0.245,0.291,0.859,1.117,1.741,0.887,0.857,0.88,1.299,0.536,0.245,0.291,0.859,83.187,1
1.16,1.822,0.859,0.809,0.89,1.392,0.559,0.272,0.288,0.931,1.16,1.822,0.859,0.809,0.89,1.392,0.559,0.272,0.288,0.931,82.735,1
1.112,1.756,0.904,0.873,0.864,1.314,0.523,0.25,0.273,0.893,1.112,1.756,0.904,0.873,0.864,1.314,0.523,0.25,0.273,0.893,83.193,1
1.11,1.77,0.894,0.872,0.885,1.336,0.526,0.257,0.27,0.897,1.11,1.77,0.894,0.872,0.885,1.336,0.526,0.257,0.27,0.897,84.534,1
1.138,1.771,0.884,0.837,0.886,1.32,0.523,0.266,0.258,0.885,1.138,1.771,0.884,0.837,0.886,1.32,0.523,0.266,0.258,0.885,82.292,1
1.131,1.766,0.877,0.832,0.879,1.339,0.514,0.249,0.266,0.895,1.131,1.766,0.877,0.832,0.879,1.339,0.514,0.249,0.266,0.895,83.187,1
1.111,1.741,0.884,0.822,0.856,1.343,0.556,0.278,0.278,0.877,1.111,1.741,0.884,0.822,0.856,1.343,0.556,0.278,0.278,0.877,84.095,1
1.142,1.823,0.894,0.876,0.874,1.362,0.541,0.265,0.277,0.951,1.142,1.823,0.894,0.876,0.874,1.362,0.541,0.265,0.277,0.951,84.077,1
1.066,1.668,0.869,0.857,0.83,1.293,0.521,0.253,0.275,0.839,1.066,1.668,0.869,0.857,0.83,1.293,0.521,0.253,0.275,0.839,84.971,1
1.108,1.763,0.892,0.851,0.871,1.346,0.541,0.251,0.29,0.895,1.108,1.763,0.892,0.851,0.871,1.346,0.541,0.251,0.29,0.895,82.735,1
1.114,1.722,0.867,0.82,0.843,1.347,0.58,0.274,0.306,0.866,1.114,1.722,0.867,0.82,0.843,1.347,0.58,0.274,0.306,0.866,82.735,1
1.143,1.781,0.868,0.824,0.87,1.336,0.553,0.27,0.284,0.901,1.143,1.781,0.868,0.824,0.87,1.336,0.553,0.27,0.284,0.901,82.735,1
1.079,1.705,0.868,0.856,0.843,1.325,0.513,0.24,0.279,0.875,1.079,1.705,0.868,0.856,0.843,1.325,0.513,0.24,0.279,0.875,84.077,1
1.086,1.711,0.871,0.849,0.849,1.322,0.517,0.244,0.277,0.87,1.086,1.711,0.871,0.849,0.849,1.322,0.517,0.244,0.277,0.87,83.187,1
1.081,1.697,0.878,0.844,0.799,1.358,0.539,0.258,0.283,0.896,1.081,1.697,0.878,0.844,0.799,1.358,0.539,0.258,0.283,0.896,82.298,1
1.114,1.744,0.889,0.84,0.83,1.365,0.535,0.263,0.272,0.916,1.114,1.744,0.889,0.84,0.83,1.365,0.535,0.263,0.272,0.916,83.187,1
1.115,1.753,0.885,0.842,0.856,1.352,0.558,0.275,0.283,0.893,1.115,1.753,0.885,0.842,0.856,1.352,0.558,0.275,0.283,0.893,83.187,1
1.129,1.768,0.869,0.851,0.841,1.365,0.544,0.268,0.281,0.926,1.129,1.768,0.869,0.851,0.841,1.365,0.544,0.268,0.281,0.926,81.413,1
1.084,1.679,0.871,0.826,0.837,1.308,0.496,0.235,0.263,0.854,1.084,1.679,0.871,0.826,0.837,1.308,0.496,0.235,0.263,0.854,82.292,1
1.186,1.835,0.919,0.888,0.865,1.38,0.516,0.25,0.266,0.982,1.186,1.835,0.919,0.888,0.865,1.38,0.516,0.25,0.266,0.982,81.884,1
1.114,1.759,0.875,0.87,0.871,1.333,0.55,0.272,0.283,0.888,1.114,1.759,0.875,0.87,0.871,1.333,0.55,0.272,0.283,0.888,83.648,1
1.152,1.778,0.856,0.839,0.839,1.398,0.544,0.264,0.287,0.944,1.152,1.778,0.856,0.839,0.839,1.398,0.544,0.264,0.287,0.944,82.765,1
1.127,1.754,0.894,0.909,0.814,1.357,0.536,0.258,0.285,0.947,1.127,1.754,0.894,0.909,0.814,1.357,0.536,0.258,0.285,0.947,85,1
1.181,1.826,0.898,0.85,0.881,1.367,0.527,0.272,0.255,0.948,1.181,1.826,0.898,0.85,0.881,1.367,0.527,0.272,0.255,0.948,86.764,1
1.092,1.745,0.852,0.809,0.84,1.391,0.525,0.253,0.276,0.918,1.092,1.745,0.852,0.809,0.84,1.391,0.525,0.253,0.276,0.918,89.9,1
1.176,1.86,0.885,0.837,0.872,1.428,0.525,0.259,0.267,1,1.176,1.86,0.885,0.837,0.872,1.428,0.525,0.259,0.267,1,90.785,1
1.12,1.777,0.914,0.885,0.796,1.428,0.52,0.256,0.263,1.005,1.12,1.777,0.914,0.885,0.796,1.428,0.52,0.256,0.263,1.005,91.241,1
1.085,1.754,0.91,0.864,0.814,1.371,0.53,0.257,0.273,0.943,1.085,1.754,0.91,0.864,0.814,1.371,0.53,0.257,0.273,0.943,93.107,1
1.141,1.766,0.882,0.853,0.808,1.413,0.519,0.265,0.257,0.975,1.141,1.766,0.882,0.853,0.808,1.413,0.519,0.265,0.257,0.975,90.338,1
1.099,1.757,0.897,0.865,0.792,1.411,0.529,0.257,0.273,0.978,1.099,1.757,0.897,0.865,0.792,1.411,0.529,0.257,0.273,0.978,90.338,1
1.106,1.742,0.882,0.865,0.806,1.372,0.52,0.247,0.277,0.944,1.106,1.742,0.882,0.865,0.806,1.372,0.52,0.247,0.277,0.944,89.9,1
1.049,1.68,0.929,0.923,0.822,1.279,0.486,0.23,0.257,0.876,1.049,1.68,0.929,0.923,0.822,1.279,0.486,0.23,0.257,0.876,90.802,1
1.059,1.643,0.871,0.857,0.754,1.366,0.504,0.23,0.283,0.909,1.059,1.643,0.871,0.857,0.754,1.366,0.504,0.23,0.283,0.909,90.355,1
1.127,1.78,0.892,0.862,0.834,1.371,0.525,0.264,0.262,0.95,1.127,1.78,0.892,0.862,0.834,1.371,0.525,0.264,0.262,0.95,89.9,1
1.102,1.811,0.899,0.861,0.79,1.463,0.561,0.268,0.293,1.034,1.102,1.811,0.899,0.861,0.79,1.463,0.561,0.268,0.293,1.034,90.785,1
1.137,1.774,0.883,0.842,0.847,1.389,0.518,0.251,0.268,0.942,1.137,1.774,0.883,0.842,0.847,1.389,0.518,0.251,0.268,0.942,88.549,1
1.127,1.801,0.892,0.876,0.805,1.443,0.537,0.268,0.272,1.015,1.127,1.801,0.892,0.876,0.805,1.443,0.537,0.268,0.272,1.015,90.355,1
1.147,1.82,0.881,0.83,0.846,1.434,0.547,0.278,0.269,0.982,1.147,1.82,0.881,0.83,0.846,1.434,0.547,0.278,0.269,0.982,91.679,1
1.119,1.746,0.895,0.865,0.809,1.378,0.518,0.269,0.251,0.947,1.119,1.746,0.895,0.865,0.809,1.378,0.518,0.269,0.251,0.947,89.443,1
1.117,1.801,0.872,0.839,0.843,1.41,0.535,0.256,0.281,0.967,1.117,1.801,0.872,0.839,0.843,1.41,0.535,0.256,0.281,0.967,91.236,1
1.145,1.824,0.904,0.902,0.851,1.385,0.518,0.243,0.277,0.987,1.145,1.824,0.904,0.902,0.851,1.385,0.518,0.243,0.277,0.987,91.236,1
1.134,1.809,0.897,0.874,0.853,1.391,0.523,0.263,0.261,0.969,1.134,1.809,0.897,0.874,0.853,1.391,0.523,0.263,0.261,0.969,90.338,1
1.135,1.821,0.889,0.874,0.83,1.421,0.544,0.263,0.283,1.001,1.135,1.821,0.889,0.874,0.83,1.421,0.544,0.263,0.283,1.001,92.136,1
1.124,1.76,0.882,0.851,0.826,1.386,0.507,0.251,0.26,0.951,1.124,1.76,0.882,0.851,0.826,1.386,0.507,0.251,0.26,0.951,90.338,1
1.149,1.846,0.9,0.866,0.829,1.455,0.544,0.277,0.267,1.033,1.149,1.846,0.9,0.866,0.829,1.455,0.544,0.277,0.267,1.033,92.574,1
1.108,1.791,0.873,0.821,0.805,1.46,0.551,0.267,0.285,0.998,1.108,1.791,0.873,0.821,0.805,1.46,0.551,0.267,0.285,0.998,92.136,1
1.146,1.854,0.89,0.88,0.848,1.451,0.534,0.267,0.271,1.028,1.146,1.854,0.89,0.88,0.848,1.451,0.534,0.267,0.271,1.028,90.785,1
1.106,1.746,0.882,0.851,0.809,1.392,0.525,0.252,0.276,0.947,1.106,1.746,0.882,0.851,0.809,1.392,0.525,0.252,0.276,0.947,90.338,1
1.107,1.753,0.881,0.833,0.823,1.393,0.509,0.254,0.256,0.946,1.107,1.753,0.881,0.833,0.823,1.393,0.509,0.254,0.256,0.946,91.236,1
1.081,1.707,0.849,0.822,0.808,1.388,0.516,0.242,0.283,0.918,1.081,1.707,0.849,0.822,0.808,1.388,0.516,0.242,0.283,0.918,90.802,1
1.35,2.095,0.938,0.837,0.996,1.424,0.462,0.24,0.231,1.099,1.35,2.095,0.938,0.837,0.996,1.424,0.462,0.24,0.231,1.099,63.159,2
1.374,2.205,0.958,0.869,1.032,1.472,0.408,0.219,0.197,1.176,1.374,2.205,0.958,0.869,1.032,1.472,0.408,0.219,0.197,1.176,63.561,2
1.418,2.294,0.963,0.874,1.064,1.512,0.452,0.221,0.244,1.217,1.418,2.294,0.963,0.874,1.064,1.512,0.452,0.221,0.244,1.217,62.032,2
1.375,2.149,0.963,0.882,1.037,1.41,0.462,0.231,0.243,1.109,1.375,2.149,0.963,0.882,1.037,1.41,0.462,0.231,0.243,1.109,64.078,2
1.371,2.227,0.964,0.902,1.04,1.47,0.429,0.221,0.214,1.186,1.371,2.227,0.964,0.902,1.04,1.47,0.429,0.221,0.214,1.186,63.561,2
1.385,2.198,0.949,0.875,1.057,1.441,0.455,0.23,0.232,1.136,1.385,2.198,0.949,0.875,1.057,1.441,0.455,0.23,0.232,1.136,60.926,2
1.39,2.248,0.966,0.875,1.071,1.477,0.449,0.238,0.223,1.169,1.39,2.248,0.966,0.875,1.071,1.477,0.449,0.238,0.223,1.169,64.078,2
1.38,2.216,0.957,0.859,1.046,1.475,0.453,0.24,0.225,1.164,1.38,2.216,0.957,0.859,1.046,1.475,0.453,0.24,0.225,1.164,61.847,2
1.343,2.19,0.969,0.901,0.999,1.483,0.439,0.214,0.235,1.196,1.343,2.19,0.969,0.901,0.999,1.483,0.439,0.214,0.235,1.196,61.327,2
1.398,2.215,0.972,0.875,1.053,1.466,0.456,0.231,0.242,1.156,1.398,2.215,0.972,0.875,1.053,1.466,0.456,0.231,0.242,1.156,60.926,2
1.378,2.178,0.965,0.889,1.029,1.443,0.45,0.232,0.228,1.147,1.378,2.178,0.965,0.889,1.029,1.443,0.45,0.232,0.228,1.147,60.008,2
1.333,2.159,0.949,0.865,1.007,1.457,0.448,0.221,0.236,1.152,1.333,2.159,0.949,0.865,1.007,1.457,0.448,0.221,0.236,1.152,63.071,2
1.353,2.174,0.928,0.828,1.035,1.469,0.443,0.228,0.223,1.137,1.353,2.174,0.928,0.828,1.035,1.469,0.443,0.228,0.223,1.137,63.977,2
1.387,2.212,0.965,0.889,1.057,1.432,0.438,0.226,0.222,1.149,1.387,2.212,0.965,0.889,1.057,1.432,0.438,0.226,0.222,1.149,63.071,2
1.382,2.135,0.967,0.88,1.041,1.393,0.432,0.236,0.206,1.095,1.382,2.135,0.967,0.88,1.041,1.393,0.432,0.236,0.206,1.095,61.27,2
1.376,2.14,0.965,0.879,1.012,1.431,0.436,0.22,0.228,1.131,1.376,2.14,0.965,0.879,1.012,1.431,0.436,0.22,0.228,1.131,60.836,2
1.399,2.211,0.949,0.875,1.062,1.444,0.445,0.224,0.227,1.143,1.399,2.211,0.949,0.875,1.062,1.444,0.445,0.224,0.227,1.143,57.697,2
1.387,2.133,0.938,0.837,1.023,1.434,0.479,0.242,0.248,1.108,1.387,2.133,0.938,0.837,1.023,1.434,0.479,0.242,0.248,1.108,59.615,2
1.39,2.18,0.961,0.867,1.054,1.43,0.449,0.238,0.223,1.121,1.39,2.18,0.961,0.867,1.054,1.43,0.449,0.238,0.223,1.121,60.008,2
1.393,2.273,0.973,0.887,1.062,1.486,0.429,0.233,0.208,1.202,1.393,2.273,0.973,0.887,1.062,1.486,0.429,0.233,0.208,1.202,63.159,2
1.358,2.112,0.951,0.875,1.014,1.411,0.473,0.232,0.25,1.098,1.358,2.112,0.951,0.875,1.014,1.411,0.473,0.232,0.25,1.098,61.327,2
1.446,2.278,0.973,0.858,1.117,1.444,0.433,0.249,0.201,1.146,1.446,2.278,0.973,0.858,1.117,1.444,0.433,0.249,0.201,1.146,59.506,2
1.395,2.256,0.962,0.868,1.063,1.496,0.461,0.244,0.229,1.184,1.395,2.256,0.962,0.868,1.063,1.496,0.461,0.244,0.229,1.184,61.741,2
1.394,2.196,0.949,0.866,1.104,1.387,0.423,0.209,0.222,1.088,1.394,2.196,0.949,0.866,1.104,1.387,0.423,0.209,0.222,1.088,63.561,2
1.336,2.112,0.943,0.845,1.004,1.445,0.48,0.243,0.248,1.11,1.336,2.112,0.943,0.845,1.004,1.445,0.48,0.243,0.248,1.11,58.873,2
1.36,2.176,0.944,0.865,1.048,1.437,0.438,0.228,0.216,1.127,1.36,2.176,0.944,0.865,1.048,1.437,0.438,0.228,0.216,1.127,62.769,2
1.412,2.258,0.969,0.879,1.058,1.472,0.431,0.234,0.209,1.191,1.412,2.258,0.969,0.879,1.058,1.472,0.431,0.234,0.209,1.191,60.539,2
1.37,2.197,0.955,0.878,1.002,1.529,0.441,0.225,0.224,1.206,1.37,2.197,0.955,0.878,1.002,1.529,0.441,0.225,0.224,1.206,60.083,2
1.345,2.235,0.957,0.867,1.053,1.506,0.444,0.227,0.228,1.182,1.345,2.235,0.957,0.867,1.053,1.506,0.444,0.227,0.228,1.182,63.325,2
1.348,2.166,0.947,0.859,1.027,1.45,0.461,0.221,0.251,1.136,1.348,2.166,0.947,0.859,1.027,1.45,0.461,0.221,0.251,1.136,63.695,2
1.398,2.256,0.968,0.882,1.1,1.433,0.436,0.214,0.236,1.144,1.398,2.256,0.968,0.882,1.1,1.433,0.436,0.214,0.236,1.144,65.391,2
1.369,2.231,0.966,0.875,1.047,1.499,0.459,0.244,0.228,1.18,1.369,2.231,0.966,0.875,1.047,1.499,0.459,0.244,0.228,1.18,62.968,2
1.341,2.179,0.953,0.85,0.996,1.502,0.454,0.248,0.217,1.185,1.341,2.179,0.953,0.85,0.996,1.502,0.454,0.248,0.217,1.185,63.695,2
1.366,2.219,0.946,0.868,1.054,1.477,0.471,0.231,0.248,1.158,1.366,2.219,0.946,0.868,1.054,1.477,0.471,0.231,0.248,1.158,63.695,2
1.336,2.179,0.957,0.864,1.007,1.47,0.44,0.222,0.23,1.173,1.336,2.179,0.957,0.864,1.007,1.47,0.44,0.222,0.23,1.173,64.622,2
1.366,2.244,0.964,0.888,1.035,1.509,0.44,0.234,0.215,1.208,1.366,2.244,0.964,0.888,1.035,1.509,0.44,0.234,0.215,1.208,63.325,2
1.346,2.163,0.957,0.873,1.015,1.438,0.45,0.232,0.228,1.147,1.346,2.163,0.957,0.873,1.015,1.438,0.45,0.232,0.228,1.147,64.078,2
1.348,2.197,0.961,0.872,0.984,1.528,0.457,0.231,0.239,1.219,1.348,2.197,0.961,0.872,0.984,1.528,0.457,0.231,0.239,1.219,60.745,2
1.343,2.133,0.951,0.871,1.026,1.422,0.425,0.217,0.216,1.112,1.343,2.133,0.951,0.871,1.026,1.422,0.425,0.217,0.216,1.112,64.078,2
1.349,2.239,0.962,0.868,1.047,1.502,0.468,0.248,0.232,1.185,1.349,2.239,0.962,0.868,1.047,1.502,0.468,0.248,0.232,1.185,63.325,2
1.355,2.283,0.97,0.874,1.087,1.492,0.436,0.228,0.223,1.186,1.355,2.283,0.97,0.874,1.087,1.492,0.436,0.228,0.223,1.186,64.622,2
1.362,2.213,0.96,0.88,1.042,1.47,0.438,0.233,0.214,1.169,1.362,2.213,0.96,0.88,1.042,1.47,0.438,0.233,0.214,1.169,64.257,2
1.368,2.223,0.952,0.872,1.056,1.47,0.427,0.218,0.217,1.164,1.368,2.223,0.952,0.872,1.056,1.47,0.427,0.218,0.217,1.164,64.078,2
1.378,2.266,0.964,0.879,1.053,1.5,0.427,0.223,0.215,1.207,1.378,2.266,0.964,0.879,1.053,1.5,0.427,0.223,0.215,1.207,62.769,2
1.358,2.21,0.949,0.861,1.025,1.52,0.47,0.244,0.235,1.185,1.358,2.21,0.949,0.861,1.025,1.52,0.47,0.244,0.235,1.185,62.032,2
1.366,2.219,0.967,0.885,1.043,1.464,0.415,0.217,0.209,1.175,1.366,2.219,0.967,0.885,1.043,1.464,0.415,0.217,0.209,1.175,64.078,2
1.386,2.178,0.944,0.879,1.076,1.376,0.417,0.211,0.21,1.097,1.386,2.178,0.944,0.879,1.076,1.376,0.417,0.211,0.21,1.097,63.506,2
1.324,2.037,0.953,0.858,0.976,1.392,0.449,0.23,0.231,1.067,1.324,2.037,0.953,0.858,0.976,1.392,0.449,0.23,0.231,1.067,61.465,2
1.366,2.203,0.967,0.881,1.067,1.432,0.428,0.234,0.205,1.134,1.366,2.203,0.967,0.881,1.067,1.432,0.428,0.234,0.205,1.134,62.65,2
1.332,2.2,0.962,0.866,1.059,1.468,0.435,0.219,0.23,1.144,1.332,2.2,0.962,0.866,1.059,1.468,0.435,0.219,0.23,1.144,65.391,2
1.407,2.287,0.966,0.895,1.084,1.464,0.42,0.205,0.224,1.191,1.407,2.287,0.966,0.895,1.084,1.464,0.42,0.205,0.224,1.191,63.977,2
0.933,1.525,0.935,0.837,0.169,4.144,1.166,0.632,0.566,3.1,0.933,1.525,0.935,0.837,0.169,4.144,1.166,0.632,0.566,3.1,126.495,3
1.243,2.14,0.946,0.963,0.328,3.611,0.692,0.254,0.455,3.513,1.243,2.14,0.946,0.963,0.328,3.611,0.692,0.254,0.455,3.513,125.515,3
0.609,1.023,0.962,0.865,0.29,0.625,0.535,0.344,0.227,0.089,0.609,1.023,0.962,0.865,0.29,0.625,0.535,0.344,0.227,0.089,123.968,3
0.811,1.292,0.993,0.881,0.154,2.745,0.916,0.73,0.44,1.9,0.811,1.292,0.993,0.881,0.154,2.745,0.916,0.73,0.44,1.9,122.025,3
0.955,1.593,0.929,0.849,0.185,4.087,1.012,0.474,0.566,3.2,0.955,1.593,0.929,0.849,0.185,4.087,1.012,0.474,0.566,3.2,125.172,3
0.676,1.216,1.059,1.016,0.344,0.591,0.172,0.125,0.236,0.632,0.676,1.216,1.059,1.016,0.344,0.591,0.172,0.125,0.236,0.632,127.475,3
1.31,1.552,0.907,0.868,0.5,1.493,0.476,0.171,0.305,1.11,1.31,1.552,0.907,0.868,0.5,1.493,0.476,0.171,0.305,1.11,126.372,3
1.038,1.693,1.037,1.058,0.116,5.523,1.103,0.368,0.735,6.028,1.038,1.693,1.037,1.058,0.116,5.523,1.103,0.368,0.735,6.028,123.223,3
1.011,1.593,0.975,0.977,0.163,3.835,0.618,0.217,0.413,3.634,1.011,1.593,0.975,0.977,0.163,3.835,0.618,0.217,0.413,3.634,122.004,3
1.209,1.999,0.971,1.107,0.144,6.219,1.352,1.054,0.648,7.028,1.209,1.999,0.971,1.107,0.144,6.219,1.352,1.054,0.648,7.028,123.94,3
1.263,1.97,0.941,0.92,0.364,2.896,0.449,0.136,0.313,2.681,1.263,1.97,0.941,0.92,0.364,2.896,0.449,0.136,0.313,2.681,122.972,3
1.166,1.976,1.004,1.083,0.191,4.761,1.204,0.553,0.729,5.154,1.166,1.976,1.004,1.083,0.191,4.761,1.204,0.553,0.729,5.154,124.427,3
1.11,1.796,0.959,1.062,0.104,7.096,1.303,1.046,0.869,7.723,1.11,1.796,0.959,1.062,0.104,7.096,1.303,1.046,0.869,7.723,120.603,3
0.67,1.086,0.951,0.877,0.217,0.986,0.589,0.339,0.282,0.399,0.67,1.086,0.951,0.877,0.217,0.986,0.589,0.339,0.282,0.399,123.227,3
0.972,1.66,1.106,1.134,0.191,2.781,0.85,0.156,0.702,3.463,0.972,1.66,1.106,1.134,0.191,2.781,0.85,0.156,0.702,3.463,124.427,3
0.833,1.402,0.991,0.922,0.155,3.158,0.781,0.474,0.453,2.6,0.833,1.402,0.991,0.922,0.155,3.158,0.781,0.474,0.453,2.6,121.754,3
1.155,1.83,0.947,0.928,0.261,3.477,0.589,0.178,0.411,3.208,1.155,1.83,0.947,0.928,0.261,3.477,0.589,0.178,0.411,3.208,118.849,3
1.384,2.141,0.983,0.987,0.44,2.645,0.453,0.16,0.294,2.617,1.384,2.141,0.983,0.987,0.44,2.645,0.453,0.16,0.294,2.617,117.047,3
1.198,1.939,1.042,1.089,0.226,3.819,0.869,0.275,0.614,4.187,1.198,1.939,1.042,1.089,0.226,3.819,0.869,0.275,0.614,4.187,116.482,3
1.011,1.621,1.114,1.161,0.189,2.463,0.962,0.255,0.781,3.306,1.011,1.621,1.114,1.161,0.189,2.463,0.962,0.255,0.781,3.306,118.406,3
0.69,1.124,0.983,0.918,0.274,0.834,0.353,0.239,0.182,0.483,0.69,1.124,0.983,0.918,0.274,0.834,0.353,0.239,0.182,0.483,120.071,3
0.665,1.037,0.947,0.857,0.221,0.902,0.689,0.409,0.311,0.231,0.665,1.037,0.947,0.857,0.221,0.902,0.689,0.409,0.311,0.231,118.962,3
0.654,1.043,0.964,0.891,0.261,0.65,0.468,0.289,0.202,0.181,0.654,1.043,0.964,0.891,0.261,0.65,0.468,0.289,0.202,0.181,116.387,3
1.05,1.727,0.996,0.986,0.132,5.614,0.823,0.236,0.596,5.524,1.05,1.727,0.996,0.986,0.132,5.614,0.823,0.236,0.596,5.524,117.175,3
1.107,1.733,1.044,1.053,0.119,5.74,1.11,0.262,0.852,6.221,1.107,1.733,1.044,1.053,0.119,5.74,1.11,0.262,0.852,6.221,114.843,3
0.981,1.616,1.165,1.203,0.261,1.598,0.939,0.161,0.779,2.393,0.981,1.616,1.165,1.203,0.261,1.598,0.939,0.161,0.779,2.393,116.211,3
0.748,1.261,1.06,1.022,0.288,0.835,0.197,0.132,0.293,0.91,0.748,1.261,1.06,1.022,0.288,0.835,0.197,0.132,0.293,0.91,118.14,3
0.672,1.05,0.983,0.909,0.274,0.625,0.398,0.277,0.173,0.228,0.672,1.05,0.983,0.909,0.274,0.625,0.398,0.277,0.173,0.228,114.285,3
0.862,1.301,0.853,0.808,0.128,3.883,1.521,0.382,1.149,2.363,0.862,1.301,0.853,0.808,0.128,3.883,1.521,0.382,1.149,2.363,113.6,3
1.266,2.003,1.019,1.044,0.28,3.431,0.601,0.185,0.421,3.623,1.266,2.003,1.019,1.044,0.28,3.431,0.601,0.185,0.421,3.623,113.759,3
1.309,1.988,0.881,0.785,0.61,2.029,0.528,0.239,0.29,1.624,1.309,1.988,0.881,0.785,0.61,2.029,0.528,0.239,0.29,1.624,113.053,3
0.791,1.247,0.907,0.873,0.142,2.662,1.03,0.292,0.738,1.768,0.791,1.247,0.907,0.873,0.142,2.662,1.03,0.292,0.738,1.768,114.018,3
1.208,1.963,1.044,1.141,0.293,2.877,1.036,0.502,0.546,3.353,1.208,1.963,1.044,1.141,0.293,2.877,1.036,0.502,0.546,3.353,112.792,3
1.319,2.092,1.015,1.052,0.316,3.294,0.54,0.164,0.395,3.518,1.319,2.092,1.015,1.052,0.316,3.294,0.54,0.164,0.395,3.518,110.164,3
1.392,2.186,0.924,0.84,0.583,2.318,0.398,0.165,0.253,2.047,1.392,2.186,0.924,0.84,0.583,2.318,0.398,0.165,0.253,2.047,111.683,3
0.699,1.098,1.022,0.957,0.312,0.547,0.239,0.214,0.16,0.331,0.699,1.098,1.022,0.957,0.312,0.547,0.239,0.214,0.16,0.331,109.202,3
1.355,2.121,0.993,1.011,0.4,2.797,0.59,0.219,0.372,2.85,1.355,2.121,0.993,1.011,0.4,2.797,0.59,0.219,0.372,2.85,112.361,3
1.203,1.819,0.968,0.903,0.398,2.342,0.538,0.259,0.298,2.071,1.203,1.819,0.968,0.903,0.398,2.342,0.538,0.259,0.298,2.071,108.522,3
1.225,1.888,0.95,1.028,0.312,2.78,0.604,0.399,0.313,2.881,1.225,1.888,0.95,1.028,0.312,2.78,0.604,0.399,0.313,2.881,107.564,3
1.411,2.121,0.928,0.866,0.571,2.201,0.403,0.184,0.22,2.006,1.411,2.121,0.928,0.866,0.571,2.201,0.403,0.184,0.22,2.006,105.948,3
0.633,1,0.977,0.93,0.347,0.349,0.252,0.144,0.126,0.14,0.633,1,0.977,0.93,0.347,0.349,0.252,0.144,0.126,0.14,107.968,3
0.894,1.425,1.165,1.138,0.292,0.993,0.532,0.094,0.625,1.46,0.894,1.425,1.165,1.138,0.292,0.993,0.532,0.094,0.625,1.46,107.28,3
0.827,1.284,1.063,1.016,0.233,1.169,0.148,0.209,0.331,1.224,0.827,1.284,1.063,1.016,0.233,1.169,0.148,0.209,0.331,1.224,109.481,3
1.357,2.092,0.991,1.017,0.404,2.668,0.488,0.192,0.303,2.75,1.357,2.092,0.991,1.017,0.404,2.668,0.488,0.192,0.303,2.75,106.32,3
1.197,1.884,1.12,1.208,0.157,4.314,1.726,0.632,1.105,5.825,1.197,1.884,1.12,1.208,0.157,4.314,1.726,0.632,1.105,5.825,106.042,3
1.348,2.154,1.026,1.102,0.269,3.911,0.832,0.404,0.451,4.442,1.348,2.154,1.026,1.102,0.269,3.911,0.832,0.404,0.451,4.442,108.24,3
0.85,1.343,1.086,1.031,0.234,1.34,0.298,0.236,0.474,1.473,0.85,1.343,1.086,1.031,0.234,1.34,0.298,0.236,0.474,1.473,107.005,3
1.568,2.357,0.861,0.787,0.813,1.939,0.369,0.138,0.23,1.691,1.568,2.357,0.861,0.787,0.813,1.939,0.369,0.138,0.23,1.691,105.65,3
1.409,2.106,0.959,0.962,0.482,2.377,0.371,0.146,0.23,2.326,1.409,2.106,0.959,0.962,0.482,2.377,0.371,0.146,0.23,2.326,105.65,3
1.361,2.065,0.933,0.928,0.496,2.311,0.491,0.213,0.284,2.181,1.361,2.065,0.933,0.928,0.496,2.311,0.491,0.213,0.284,2.181,106.32,3
1.366,2.122,0.969,0.98,0.389,2.936,0.288,0.101,0.201,2.937,1.366,2.122,0.969,0.98,0.389,2.936,0.288,0.101,0.201,2.937,107.28,3
0.459,1,0.91,0.888,1.018,0.696,0.614,0.393,0.221,0.094,0.459,1,0.91,0.888,1.018,0.696,0.614,0.393,0.221,0.094,443.072,4
0.459,1,0.91,0.888,1.018,0.696,0.614,0.393,0.221,0.094,0.459,1,0.91,0.888,1.018,0.696,0.614,0.393,0.221,0.094,443.072,4
0.459,1,0.91,0.888,1.018,0.696,0.614,0.393,0.221,0.094,0.459,1,0.91,0.888,1.018,0.696,0.614,0.393,0.221,0.094,443.072,4
0.459,1,0.91,0.888,1.018,0.696,0.614,0.393,0.221,0.094,0.459,1,0.91,0.888,1.018,0.696,0.614,0.393,0.221,0.094,443.072,4
0.459,1,0.91,0.888,1.018,0.696,0.614,0.393,0.221,0.094,0.459,1,0.91,0.888,1.018,0.696,0.614,0.393,0.221,0.094,443.072,4
0.459,1,0.91,0.888,1.018,0.696,0.614,0.393,0.221,0.094,0.459,1,0.91,0.888,1.018,0.696,0.614,0.393,0.221,0.094,443.072,4
0.459,1,0.91,0.888,1.018,0.696,0.614,0.393,0.221,0.094,0.459,1,0.91,0.888,1.018,0.696,0.614,0.393,0.221,0.094,443.072,4
0.459,1,0.91,0.888,1.018,0.696,0.614,0.393,0.221,0.094,0.459,1,0.91,0.888,1.018,0.696,0.614,0.393,0.221,0.094,443.072,4
0.459,1,0.91,0.888,1.018,0.696,0.614,0.393,0.221,0.094,0.459,1,0.91,0.888,1.018,0.696,0.614,0.393,0.221,0.094,443.072,4
0.459,1,0.91,0.888,1.018,0.696,0.614,0.393,0.221,0.094,0.459,1,0.91,0.888,1.018,0.696,0.614,0.393,0.221,0.094,443.072,4
0.459,1,0.91,0.888,1.018,0.696,0.614,0.393,0.221,0.094,0.459,1,0.91,0.888,1.018,0.696,0.614,0.393,0.221,0.094,443.072,4
0.459,1,0.91,0.888,1.018,0.696,0.614,0.393,0.221,0.094,0.459,1,0.91,0.888,1.018,0.696,0.614,0.393,0.221,0.094,443.072,4
0.459,1,0.91,0.888,1.018,0.696,0.614,0.393,0.221,0.094,0.459,1,0.91,0.888,1.018,0.696,0.614,0.393,0.221,0.094,443.072,4
0.459,1,0.91,0.888,1.018,0.696,0.614,0.393,0.221,0.094,0.459,1,0.91,0.888,1.018,0.696,0.614,0.393,0.221,0.094,443.072,4
0.459,1,0.91,0.888,1.018,0.696,0.614,0.393,0.221,0.094,0.459,1,0.91,0.888,1.018,0.696,0.614,0.393,0.221,0.094,443.072,4
0.459,1,0.91,0.888,1.018,0.696,0.614,0.393,0.221,0.094,0.459,1,0.91,0.888,1.018,0.696,0.614,0.393,0.221,0.094,443.072,4
0.459,1,0.91,0.888,1.018,0.696,0.614,0.393,0.221,0.094,0.459,1,0.91,0.888,1.018,0.696,0.614,0.393,0.221,0.094,443.072,4
0.459,1,0.91,0.888,1.018,0.696,0.614,0.393,0.221,0.094,0.459,1,0.91,0.888,1.018,0.696,0.614,0.393,0.221,0.094,443.072,4
0.459,1,0.91,0.888,1.018,0.696,0.614,0.393,0.221,0.094,0.459,1,0.91,0.888,1.018,0.696,0.614,0.393,0.221,0.094,443.072,4
0.633,0.985,0.979,0.919,0.676,0.574,0.338,0.166,0.183,0.266,0.633,0.985,0.979,0.919,0.676,0.574,0.338,0.166,0.183,0.266,6.083,4
0.633,0.985,0.979,0.919,0.676,0.574,0.338,0.166,0.183,0.266,0.633,0.985,0.979,0.919,0.676,0.574,0.338,0.166,0.183,0.266,6.083,4
0.633,0.985,0.979,0.919,0.676,0.574,0.338,0.166,0.183,0.266,0.633,0.985,0.979,0.919,0.676,0.574,0.338,0.166,0.183,0.266,6.083,4
0.633,0.985,0.979,0.919,0.676,0.574,0.338,0.166,0.183,0.266,0.633,0.985,0.979,0.919,0.676,0.574,0.338,0.166,0.183,0.266,6.083,4
0.633,0.985,0.979,0.919,0.676,0.574,0.338,0.166,0.183,0.266,0.633,0.985,0.979,0.919,0.676,0.574,0.338,0.166,0.183,0.266,6.083,4
0.633,0.985,0.979,0.919,0.676,0.574,0.338,0.166,0.183,0.266,0.633,0.985,0.979,0.919,0.676,0.574,0.338,0.166,0.183,0.266,6.083,4
1.154,1.122,0.908,0.893,0.997,0.797,0.549,0.274,0.274,0.249,1.154,1.122,0.908,0.893,0.997,0.797,0.549,0.274,0.274,0.249,3,4
1.154,1.122,0.908,0.893,0.997,0.797,0.549,0.274,0.274,0.249,1.154,1.122,0.908,0.893,0.997,0.797,0.549,0.274,0.274,0.249,3,4
1.154,1.122,0.908,0.893,0.997,0.797,0.549,0.274,0.274,0.249,1.154,1.122,0.908,0.893,0.997,0.797,0.549,0.274,0.274,0.249,3,4
1.154,1.122,0.908,0.893,0.997,0.797,0.549,0.274,0.274,0.249,1.154,1.122,0.908,0.893,0.997,0.797,0.549,0.274,0.274,0.249,3,4
0.601,0.94,0.951,0.846,0.63,0.617,0.454,0.267,0.196,0.269,0.601,0.94,0.951,0.846,0.63,0.617,0.454,0.267,0.196,0.269,8.944,4
0.601,0.94,0.951,0.846,0.63,0.617,0.454,0.267,0.196,0.269,0.601,0.94,0.951,0.846,0.63,0.617,0.454,0.267,0.196,0.269,8.944,4
0.601,0.94,0.951,0.846,0.63,0.617,0.454,0.267,0.196,0.269,0.601,0.94,0.951,0.846,0.63,0.617,0.454,0.267,0.196,0.269,8.944,4
0.601,0.94,0.951,0.846,0.63,0.617,0.454,0.267,0.196,0.269,0.601,0.94,0.951,0.846,0.63,0.617,0.454,0.267,0.196,0.269,8.944,4
0.601,0.94,0.951,0.846,0.63,0.617,0.454,0.267,0.196,0.269,0.601,0.94,0.951,0.846,0.63,0.617,0.454,0.267,0.196,0.269,8.944,4
0.601,0.94,0.951,0.846,0.63,0.617,0.454,0.267,0.196,0.269,0.601,0.94,0.951,0.846,0.63,0.617,0.454,0.267,0.196,0.269,8.944,4
0.601,0.94,0.951,0.846,0.63,0.617,0.454,0.267,0.196,0.269,0.601,0.94,0.951,0.846,0.63,0.617,0.454,0.267,0.196,0.269,8.944,4
0.601,0.94,0.951,0.846,0.63,0.617,0.454,0.267,0.196,0.269,0.601,0.94,0.951,0.846,0.63,0.617,0.454,0.267,0.196,0.269,8.944,4
0.601,0.94,0.951,0.846,0.63,0.617,0.454,0.267,0.196,0.269,0.601,0.94,0.951,0.846,0.63,0.617,0.454,0.267,0.196,0.269,8.944,4
0.601,0.94,0.951,0.846,0.63,0.617,0.454,0.267,0.196,0.269,0.601,0.94,0.951,0.846,0.63,0.617,0.454,0.267,0.196,0.269,8.944,4
0.601,0.94,0.951,0.846,0.63,0.617,0.454,0.267,0.196,0.269,0.601,0.94,0.951,0.846,0.63,0.617,0.454,0.267,0.196,0.269,8.944,4
0.601,0.94,0.951,0.846,0.63,0.617,0.454,0.267,0.196,0.269,0.601,0.94,0.951,0.846,0.63,0.617,0.454,0.267,0.196,0.269,8.944,4
0.601,0.94,0.951,0.846,0.63,0.617,0.454,0.267,0.196,0.269,0.601,0.94,0.951,0.846,0.63,0.617,0.454,0.267,0.196,0.269,8.944,4
0.601,0.94,0.951,0.846,0.63,0.617,0.454,0.267,0.196,0.269,0.601,0.94,0.951,0.846,0.63,0.617,0.454,0.267,0.196,0.269,8.944,4
0.601,0.94,0.951,0.846,0.63,0.617,0.454,0.267,0.196,0.269,0.601,0.94,0.951,0.846,0.63,0.617,0.454,0.267,0.196,0.269,8.944,4
0.601,0.94,0.951,0.846,0.63,0.617,0.454,0.267,0.196,0.269,0.601,0.94,0.951,0.846,0.63,0.617,0.454,0.267,0.196,0.269,8.944,4
0.601,0.94,0.951,0.846,0.63,0.617,0.454,0.267,0.196,0.269,0.601,0.94,0.951,0.846,0.63,0.617,0.454,0.267,0.196,0.269,8.944,4
0.601,0.94,0.951,0.846,0.63,0.617,0.454,0.267,0.196,0.269,0.601,0.94,0.951,0.846,0.63,0.617,0.454,0.267,0.196,0.269,8.944,4
0.601,0.94,0.951,0.846,0.63,0.617,0.454,0.267,0.196,0.269,0.601,0.94,0.951,0.846,0.63,0.617,0.454,0.267,0.196,0.269,8.944,4
0.601,0.94,0.951,0.846,0.63,0.617,0.454,0.267,0.196,0.269,0.601,0.94,0.951,0.846,0.63,0.617,0.454,0.267,0.196,0.269,8.944,4
0.601,0.94,0.951,0.846,0.63,0.617,0.454,0.267,0.196,0.269,0.601,0.94,0.951,0.846,0.63,0.617,0.454,0.267,0.196,0.269,8.944,4
0.601,0.94,0.951,0.846,0.63,0.617,0.454,0.267,0.196,0.269,0.601,0.94,0.951,0.846,0.63,0.617,0.454,0.267,0.196,0.269,8.944,4
1.326,1.322,0.601,0.196,1.461,0.942,0.698,0.404,0.297,0.274,1.326,1.322,0.601,0.196,1.461,0.942,0.698,0.404,0.297,0.274,418.871,5
1.326,1.322,0.601,0.196,1.461,0.942,0.698,0.404,0.297,0.274,1.326,1.322,0.601,0.196,1.461,0.942,0.698,0.404,0.297,0.274,418.871,5
1.326,1.322,0.601,0.196,1.461,0.942,0.698,0.404,0.297,0.274,1.326,1.322,0.601,0.196,1.461,0.942,0.698,0.404,0.297,0.274,418.871,5
1.326,1.322,0.601,0.196,1.461,0.942,0.698,0.404,0.297,0.274,1.326,1.322,0.601,0.196,1.461,0.942,0.698,0.404,0.297,0.274,418.871,5
1.326,1.322,0.601,0.196,1.461,0.942,0.698,0.404,0.297,0.274,1.326,1.322,0.601,0.196,1.461,0.942,0.698,0.404,0.297,0.274,418.871,5
1.326,1.322,0.601,0.196,1.461,0.942,0.698,0.404,0.297,0.274,1.326,1.322,0.601,0.196,1.461,0.942,0.698,0.404,0.297,0.274,418.871,5
1.326,1.322,0.601,0.196,1.461,0.942,0.698,0.404,0.297,0.274,1.326,1.322,0.601,0.196,1.461,0.942,0.698,0.404,0.297,0.274,418.871,5
1.326,1.322,0.601,0.196,1.461,0.942,0.698,0.404,0.297,0.274,1.326,1.322,0.601,0.196,1.461,0.942,0.698,0.404,0.297,0.274,418.871,5
1.326,1.322,0.601,0.196,1.461,0.942,0.698,0.404,0.297,0.274,1.326,1.322,0.601,0.196,1.461,0.942,0.698,0.404,0.297,0.274,418.871,5
1.326,1.322,0.601,0.196,1.461,0.942,0.698,0.404,0.297,0.274,1.326,1.322,0.601,0.196,1.461,0.942,0.698,0.404,0.297,0.274,418.871,5
1.326,1.322,0.601,0.196,1.461,0.942,0.698,0.404,0.297,0.274,1.326,1.322,0.601,0.196,1.461,0.942,0.698,0.404,0.297,0.274,418.871,5
1.326,1.322,0.601,0.196,1.461,0.942,0.698,0.404,0.297,0.274,1.326,1.322,0.601,0.196,1.461,0.942,0.698,0.404,0.297,0.274,418.871,5
1.326,1.322,0.601,0.196,1.461,0.942,0.698,0.404,0.297,0.274,1.326,1.322,0.601,0.196,1.461,0.942,0.698,0.404,0.297,0.274,418.871,5
1.326,1.322,0.601,0.196,1.461,0.942,0.698,0.404,0.297,0.274,1.326,1.322,0.601,0.196,1.461,0.942,0.698,0.404,0.297,0.274,418.871,5
1.326,1.322,0.601,0.196,1.461,0.942,0.698,0.404,0.297,0.274,1.326,1.322,0.601,0.196,1.461,0.942,0.698,0.404,0.297,0.274,418.871,5
1.326,1.322,0.601,0.196,1.461,0.942,0.698,0.404,0.297,0.274,1.326,1.322,0.601,0.196,1.461,0.942,0.698,0.404,0.297,0.274,418.871,5
1.326,1.322,0.601,0.196,1.461,0.942,0.698,0.404,0.297,0.274,1.326,1.322,0.601,0.196,1.461,0.942,0.698,0.404,0.297,0.274,418.871,5
1.326,1.322,0.601,0.196,1.461,0.942,0.698,0.404,0.297,0.274,1.326,1.322,0.601,0.196,1.461,0.942,0.698,0.404,0.297,0.274,418.871,5
1.326,1.322,0.601,0.196,1.461,0.942,0.698,0.404,0.297,0.274,1.326,1.322,0.601,0.196,1.461,0.942,0.698,0.404,0.297,0.274,418.871,5
1.326,1.322,0.601,0.196,1.461,0.942,0.698,0.404,0.297,0.274,1.326,1.322,0.601,0.196,1.461,0.942,0.698,0.404,0.297,0.274,418.871,5
1.326,1.322,0.601,0.196,1.461,0.942,0.698,0.404,0.297,0.274,1.326,1.322,0.601,0.196,1.461,0.942,0.698,0.404,0.297,0.274,418.871,5
1.326,1.322,0.601,0.196,1.461,0.942,0.698,0.404,0.297,0.274,1.326,1.322,0.601,0.196,1.461,0.942,0.698,0.404,0.297,0.274,418.871,5
1.326,1.322,0.601,0.196,1.461,0.942,0.698,0.404,0.297,0.274,1.326,1.322,0.601,0.196,1.461,0.942,0.698,0.404,0.297,0.274,418.871,5
1.326,1.322,0.601,0.196,1.461,0.942,0.698,0.404,0.297,0.274,1.326,1.322,0.601,0.196,1.461,0.942,0.698,0.404,0.297,0.274,418.871,5
1.326,1.322,0.601,0.196,1.461,0.942,0.698,0.404,0.297,0.274,1.326,1.322,0.601,0.196,1.461,0.942,0.698,0.404,0.297,0.274,418.871,5
1.326,1.322,0.601,0.196,1.461,0.942,0.698,0.404,0.297,0.274,1.326,1.322,0.601,0.196,1.461,0.942,0.698,0.404,0.297,0.274,418.871,5
1.326,1.322,0.601,0.196,1.461,0.942,0.698,0.404,0.297,0.274,1.326,1.322,0.601,0.196,1.461,0.942,0.698,0.404,0.297,0.274,418.871,5
1.326,1.322,0.601,0.196,1.461,0.942,0.698,0.404,0.297,0.274,1.326,1.322,0.601,0.196,1.461,0.942,0.698,0.404,0.297,0.274,418.871,5
1.326,1.322,0.601,0.196,1.461,0.942,0.698,0.404,0.297,0.274,1.326,1.322,0.601,0.196,1.461,0.942,0.698,0.404,0.297,0.274,418.871,5
1.326,1.322,0.601,0.196,1.461,0.942,0.698,0.404,0.297,0.274,1.326,1.322,0.601,0.196,1.461,0.942,0.698,0.404,0.297,0.274,418.871,5
1.326,1.322,0.601,0.196,1.461,0.942,0.698,0.404,0.297,0.274,1.326,1.322,0.601,0.196,1.461,0.942,0.698,0.404,0.297,0.274,418.871,5
1.326,1.322,0.601,0.196,1.461,0.942,0.698,0.404,0.297,0.274,1.326,1.322,0.601,0.196,1.461,0.942,0.698,0.404,0.297,0.274,418.871,5
1.326,1.322,0.601,0.196,1.461,0.942,0.698,0.404,0.297,0.274,1.326,1.322,0.601,0.196,1.461,0.942,0.698,0.404,0.297,0.274,418.871,5
1.326,1.322,0.601,0.196,1.461,0.942,0.698,0.404,0.297,0.274,1.326,1.322,0.601,0.196,1.461,0.942,0.698,0.404,0.297,0.274,418.871,5
1.326,1.322,0.601,0.196,1.461,0.942,0.698,0.404,0.297,0.274,1.326,1.322,0.601,0.196,1.461,0.942,0.698,0.404,0.297,0.274,418.871,5
1.326,1.322,0.601,0.196,1.461,0.942,0.698,0.404,0.297,0.274,1.326,1.322,0.601,0.196,1.461,0.942,0.698,0.404,0.297,0.274,418.871,5
1.326,1.322,0.601,0.196,1.461,0.942,0.698,0.404,0.297,0.274,1.326,1.322,0.601,0.196,1.461,0.942,0.698,0.404,0.297,0.274,418.871,5
1.326,1.322,0.601,0.196,1.461,0.942,0.698,0.404,0.297,0.274,1.326,1.322,0.601,0.196,1.461,0.942,0.698,0.404,0.297,0.274,418.871,5
1.326,1.322,0.601,0.196,1.461,0.942,0.698,0.404,0.297,0.274,1.326,1.322,0.601,0.196,1.461,0.942,0.698,0.404,0.297,0.274,418.871,5
1.326,1.322,0.601,0.196,1.461,0.942,0.698,0.404,0.297,0.274,1.326,1.322,0.601,0.196,1.461,0.942,0.698,0.404,0.297,0.274,418.871,5
1.326,1.322,0.601,0.196,1.461,0.942,0.698,0.404,0.297,0.274,1.326,1.322,0.601,0.196,1.461,0.942,0.698,0.404,0.297,0.274,418.871,5
1.326,1.322,0.601,0.196,1.461,0.942,0.698,0.404,0.297,0.274,1.326,1.322,0.601,0.196,1.461,0.942,0.698,0.404,0.297,0.274,418.871,5
1.326,1.322,0.601,0.196,1.461,0.942,0.698,0.404,0.297,0.274,1.326,1.322,0.601,0.196,1.461,0.942,0.698,0.404,0.297,0.274,418.871,5
1.326,1.322,0.601,0.196,1.461,0.942,0.698,0.404,0.297,0.274,1.326,1.322,0.601,0.196,1.461,0.942,0.698,0.404,0.297,0.274,418.871,5
1.326,1.322,0.601,0.196,1.461,0.942,0.698,0.404,0.297,0.274,1.326,1.322,0.601,0.196,1.461,0.942,0.698,0.404,0.297,0.274,418.871,5
1.326,1.322,0.601,0.196,1.461,0.942,0.698,0.404,0.297,0.274,1.326,1.322,0.601,0.196,1.461,0.942,0.698,0.404,0.297,0.274,418.871,5
1.326,1.322,0.601,0.196,1.461,0.942,0.698,0.404,0.297,0.274,1.326,1.322,0.601,0.196,1.461,0.942,0.698,0.404,0.297,0.274,418.871,5
1.326,1.322,0.601,0.196,1.461,0.942,0.698,0.404,0.297,0.274,1.326,1.322,0.601,0.196,1.461,0.942,0.698,0.404,0.297,0.274,418.871,5
1.326,1.322,0.601,0.196,1.461,0.942,0.698,0.404,0.297,0.274,1.326,1.322,0.601,0.196,1.461,0.942,0.698,0.404,0.297,0.274,418.871,5
1.326,1.322,0.601,0.196,1.461,0.942,0.698,0.404,0.297,0.274,1.326,1.322,0.601,0.196,1.461,0.942,0.698,0.404,0.297,0.274,418.871,5
1.326,1.322,0.601,0.196,1.461,0.942,0.698,0.404,0.297,0.274,1.326,1.322,0.601,0.196,1.461,0.942,0.698,0.404,0.297,0.274,418.871,5
1.19,2.148,0.902,0.878,0.698,2.067,0.622,0.287,0.335,1.65,1.19,2.148,0.902,0.878,0.698,2.067,0.622,0.287,0.335,1.65,12,6
1.19,2.148,0.902,0.878,0.698,2.067,0.622,0.287,0.335,1.65,1.19,2.148,0.902,0.878,0.698,2.067,0.622,0.287,0.335,1.65,12,6
1.19,2.148,0.902,0.878,0.698,2.067,0.622,0.287,0.335,1.65,1.19,2.148,0.902,0.878,0.698,2.067,0.622,0.287,0.335,1.65,12,6
1.19,2.148,0.902,0.878,0.698,2.067,0.622,0.287,0.335,1.65,1.19,2.148,0.902,0.878,0.698,2.067,0.622,0.287,0.335,1.65,12,6
1.19,2.148,0.902,0.878,0.698,2.067,0.622,0.287,0.335,1.65,1.19,2.148,0.902,0.878,0.698,2.067,0.622,0.287,0.335,1.65,12,6
1.19,2.148,0.902,0.878,0.698,2.067,0.622,0.287,0.335,1.65,1.19,2.148,0.902,0.878,0.698,2.067,0.622,0.287,0.335,1.65,12,6
1.19,2.148,0.902,0.878,0.698,2.067,0.622,0.287,0.335,1.65,1.19,2.148,0.902,0.878,0.698,2.067,0.622,0.287,0.335,1.65,12,6
1.19,2.148,0.902,0.878,0.698,2.067,0.622,0.287,0.335,1.65,1.19,2.148,0.902,0.878,0.698,2.067,0.622,0.287,0.335,1.65,12,6
1.19,2.148,0.902,0.878,0.698,2.067,0.622,0.287,0.335,1.65,1.19,2.148,0.902,0.878,0.698,2.067,0.622,0.287,0.335,1.65,12,6
1.19,2.148,0.902,0.878,0.698,2.067,0.622,0.287,0.335,1.65,1.19,2.148,0.902,0.878,0.698,2.067,0.622,0.287,0.335,1.65,12,6
1.19,2.148,0.902,0.878,0.698,2.067,0.622,0.287,0.335,1.65,1.19,2.148,0.902,0.878,0.698,2.067,0.622,0.287,0.335,1.65,12,6
1.19,2.148,0.902,0.878,0.698,2.067,0.622,0.287,0.335,1.65,1.19,2.148,0.902,0.878,0.698,2.067,0.622,0.287,0.335,1.65,12,6
1.19,2.148,0.902,0.878,0.698,2.067,0.622,0.287,0.335,1.65,1.19,2.148,0.902,0.878,0.698,2.067,0.622,0.287,0.335,1.65,12,6
1.19,2.148,0.902,0.878,0.698,2.067,0.622,0.287,0.335,1.65,1.19,2.148,0.902,0.878,0.698,2.067,0.622,0.287,0.335,1.65,12,6
1.19,2.148,0.902,0.878,0.698,2.067,0.622,0.287,0.335,1.65,1.19,2.148,0.902,0.878,0.698,2.067,0.622,0.287,0.335,1.65,12,6
1.19,2.148,0.902,0.878,0.698,2.067,0.622,0.287,0.335,1.65,1.19,2.148,0.902,0.878,0.698,2.067,0.622,0.287,0.335,1.65,12,6
1.19,2.148,0.902,0.878,0.698,2.067,0.622,0.287,0.335,1.65,1.19,2.148,0.902,0.878,0.698,2.067,0.622,0.287,0.335,1.65,12,6
1.19,2.148,0.902,0.878,0.698,2.067,0.622,0.287,0.335,1.65,1.19,2.148,0.902,0.878,0.698,2.067,0.622,0.287,0.335,1.65,12,6
0.892,0.946,0.916,0.721,1.099,0.746,0.591,0.405,0.196,0.26,0.892,0.946,0.916,0.721,1.099,0.746,0.591,0.405,0.196,0.26,33.838,6
0.892,0.946,0.916,0.721,1.099,0.746,0.591,0.405,0.196,0.26,0.892,0.946,0.916,0.721,1.099,0.746,0.591,0.405,0.196,0.26,33.838,6
0.892,0.946,0.916,0.721,1.099,0.746,0.591,0.405,0.196,0.26,0.892,0.946,0.916,0.721,1.099,0.746,0.591,0.405,0.196,0.26,33.838,6
0.892,0.946,0.916,0.721,1.099,0.746,0.591,0.405,0.196,0.26,0.892,0.946,0.916,0.721,1.099,0.746,0.591,0.405,0.196,0.26,33.838,6
0.892,0.946,0.916,0.721,1.099,0.746,0.591,0.405,0.196,0.26,0.892,0.946,0.916,0.721,1.099,0.746,0.591,0.405,0.196,0.26,33.838,6
0.892,0.946,0.916,0.721,1.099,0.746,0.591,0.405,0.196,0.26,0.892,0.946,0.916,0.721,1.099,0.746,0.591,0.405,0.196,0.26,33.838,6
0.892,0.946,0.916,0.721,1.099,0.746,0.591,0.405,0.196,0.26,0.892,0.946,0.916,0.721,1.099,0.746,0.591,0.405,0.196,0.26,33.838,6
0.892,0.946,0.916,0.721,1.099,0.746,0.591,0.405,0.196,0.26,0.892,0.946,0.916,0.721,1.099,0.746,0.591,0.405,0.196,0.26,33.838,6
0.892,0.946,0.916,0.721,1.099,0.746,0.591,0.405,0.196,0.26,0.892,0.946,0.916,0.721,1.099,0.746,0.591,0.405,0.196,0.26,33.838,6
0.892,0.946,0.916,0.721,1.099,0.746,0.591,0.405,0.196,0.26,0.892,0.946,0.916,0.721,1.099,0.746,0.591,0.405,0.196,0.26,33.838,6
1.229,2.242,0.917,0.849,0.903,1.753,0.52,0.265,0.257,1.379,1.229,2.242,0.917,0.849,0.903,1.753,0.52,0.265,0.257,1.379,29.967,6
1.229,2.242,0.917,0.849,0.903,1.753,0.52,0.265,0.257,1.379,1.229,2.242,0.917,0.849,0.903,1.753,0.52,0.265,0.257,1.379,29.967,6
1.229,2.242,0.917,0.849,0.903,1.753,0.52,0.265,0.257,1.379,1.229,2.242,0.917,0.849,0.903,1.753,0.52,0.265,0.257,1.379,29.967,6
0.856,0.955,0.891,0.694,1.014,0.722,0.579,0.383,0.201,0.25,0.856,0.955,0.891,0.694,1.014,0.722,0.579,0.383,0.201,0.25,30.364,6
0.856,0.955,0.891,0.694,1.014,0.722,0.579,0.383,0.201,0.25,0.856,0.955,0.891,0.694,1.014,0.722,0.579,0.383,0.201,0.25,30.364,6
0.856,0.955,0.891,0.694,1.014,0.722,0.579,0.383,0.201,0.25,0.856,0.955,0.891,0.694,1.014,0.722,0.579,0.383,0.201,0.25,30.364,6
0.856,0.955,0.891,0.694,1.014,0.722,0.579,0.383,0.201,0.25,0.856,0.955,0.891,0.694,1.014,0.722,0.579,0.383,0.201,0.25,30.364,6
0.856,0.955,0.891,0.694,1.014,0.722,0.579,0.383,0.201,0.25,0.856,0.955,0.891,0.694,1.014,0.722,0.579,0.383,0.201,0.25,30.364,6
0.856,0.955,0.891,0.694,1.014,0.722,0.579,0.383,0.201,0.25,0.856,0.955,0.891,0.694,1.014,0.722,0.579,0.383,0.201,0.25,30.364,6
0.856,0.955,0.891,0.694,1.014,0.722,0.579,0.383,0.201,0.25,0.856,0.955,0.891,0.694,1.014,0.722,0.579,0.383,0.201,0.25,30.364,6
0.856,0.955,0.891,0.694,1.014,0.722,0.579,0.383,0.201,0.25,0.856,0.955,0.891,0.694,1.014,0.722,0.579,0.383,0.201,0.25,30.364,6
0.856,0.955,0.891,0.694,1.014,0.722,0.579,0.383,0.201,0.25,0.856,0.955,0.891,0.694,1.014,0.722,0.579,0.383,0.201,0.25,30.364,6
0.856,0.955,0.891,0.694,1.014,0.722,0.579,0.383,0.201,0.25,0.856,0.955,0.891,0.694,1.014,0.722,0.579,0.383,0.201,0.25,30.364,6
0.856,0.955,0.891,0.694,1.014,0.722,0.579,0.383,0.201,0.25,0.856,0.955,0.891,0.694,1.014,0.722,0.579,0.383,0.201,0.25,30.364,6
0.856,0.955,0.891,0.694,1.014,0.722,0.579,0.383,0.201,0.25,0.856,0.955,0.891,0.694,1.014,0.722,0.579,0.383,0.201,0.25,30.364,6
0.856,0.955,0.891,0.694,1.014,0.722,0.579,0.383,0.201,0.25,0.856,0.955,0.891,0.694,1.014,0.722,0.579,0.383,0.201,0.25,30.364,6
0.856,0.955,0.891,0.694,1.014,0.722,0.579,0.383,0.201,0.25,0.856,0.955,0.891,0.694,1.014,0.722,0.579,0.383,0.201,0.25,30.364,6
0.856,0.955,0.891,0.694,1.014,0.722,0.579,0.383,0.201,0.25,0.856,0.955,0.891,0.694,1.014,0.722,0.579,0.383,0.201,0.25,30.364,6
0.856,0.955,0.891,0.694,1.014,0.722,0.579,0.383,0.201,0.25,0.856,0.955,0.891,0.694,1.014,0.722,0.579,0.383,0.201,0.25,30.364,6
0.856,0.955,0.891,0.694,1.014,0.722,0.579,0.383,0.201,0.25,0.856,0.955,0.891,0.694,1.014,0.722,0.579,0.383,0.201,0.25,30.364,6
0.856,0.955,0.891,0.694,1.014,0.722,0.579,0.383,0.201,0.25,0.856,0.955,0.891,0.694,1.014,0.722,0.579,0.383,0.201,0.25,30.364,6
0.856,0.955,0.891,0.694,1.014,0.722,0.579,0.383,0.201,0.25,0.856,0.955,0.891,0.694,1.014,0.722,0.579,0.383,0.201,0.25,30.364,6
0.856,0.955,0.891,0.694,1.014,0.722,0.579,0.383,0.201,0.25,0.856,0.955,0.891,0.694,1.014,0.722,0.579,0.383,0.201,0.25,30.364,6
0.913,1.304,0.855,0.701,0.32,1.911,0.934,0.48,0.455,1.049,0.913,1.304,0.855,0.701,0.32,1.911,0.934,0.48,0.455,1.049,10.63,7
0.904,1.345,0.844,0.708,0.278,2.384,1.059,0.491,0.569,1.374,0.904,1.345,0.844,0.708,0.278,2.384,1.059,0.491,0.569,1.374,9.22,7
0.957,1.419,0.87,0.735,0.305,2.31,0.87,0.448,0.43,1.501,0.957,1.419,0.87,0.735,0.305,2.31,0.87,0.448,0.43,1.501,10,7
0.87,1.345,0.863,0.725,0.245,2.598,1.125,0.562,0.562,1.53,0.87,1.345,0.863,0.725,0.245,2.598,1.125,0.562,0.562,1.53,8.944,7
0.95,1.388,0.87,0.73,0.299,2.27,0.905,0.47,0.435,1.416,0.95,1.388,0.87,0.73,0.299,2.27,0.905,0.47,0.435,1.416,10.817,7
0.916,1.4,0.867,0.726,0.275,2.542,1.003,0.514,0.49,1.588,0.916,1.4,0.867,0.726,0.275,2.542,1.003,0.514,0.49,1.588,8.602,7
0.898,1.367,0.873,0.71,0.294,2.276,0.988,0.555,0.433,1.36,0.898,1.367,0.873,0.71,0.294,2.276,0.988,0.555,0.433,1.36,9.434,7
0.981,1.386,0.868,0.725,0.332,2.044,0.83,0.431,0.399,1.259,0.981,1.386,0.868,0.725,0.332,2.044,0.83,0.431,0.399,1.259,8.062,7
0.945,1.377,0.861,0.714,0.31,2.214,0.925,0.475,0.451,1.35,0.945,1.377,0.861,0.714,0.31,2.214,0.925,0.475,0.451,1.35,7.81,7
0.902,1.379,0.864,0.719,0.269,2.528,1.048,0.542,0.506,1.581,0.902,1.379,0.864,0.719,0.269,2.528,1.048,0.542,0.506,1.581,9.22,7
0.989,1.441,0.877,0.734,0.348,2.071,0.763,0.409,0.355,1.373,0.989,1.441,0.877,0.734,0.348,2.071,0.763,0.409,0.355,1.373,10.63,7
0.982,1.44,0.868,0.722,0.339,2.175,0.82,0.432,0.4,1.453,0.982,1.44,0.868,0.722,0.339,2.175,0.82,0.432,0.4,1.453,12.042,7
0.96,1.439,0.859,0.725,0.333,2.169,0.825,0.4,0.425,1.397,0.96,1.439,0.859,0.725,0.333,2.169,0.825,0.4,0.425,1.397,10,7
0.986,1.481,0.876,0.741,0.373,1.999,0.706,0.366,0.341,1.371,0.986,1.481,0.876,0.741,0.373,1.999,0.706,0.366,0.341,1.371,11.402,7
0.974,1.416,0.852,0.733,0.365,1.885,0.736,0.329,0.407,1.186,0.974,1.416,0.852,0.733,0.365,1.885,0.736,0.329,0.407,1.186,11.18,7
0.929,1.406,0.857,0.736,0.291,2.344,0.908,0.419,0.491,1.487,0.929,1.406,0.857,0.736,0.291,2.344,0.908,0.419,0.491,1.487,11.402,7
0.992,1.458,0.866,0.703,0.382,1.993,0.781,0.429,0.353,1.279,0.992,1.458,0.866,0.703,0.382,1.993,0.781,0.429,0.353,1.279,13.416,7
0.869,1.322,0.854,0.688,0.287,2.237,1.088,0.58,0.521,1.173,0.869,1.322,0.854,0.688,0.287,2.237,1.088,0.58,0.521,1.173,11.402,7
1.002,1.453,0.878,0.743,0.351,2.049,0.734,0.384,0.354,1.38,1.002,1.453,0.878,0.743,0.351,2.049,0.734,0.384,0.354,1.38,8.602,7
0.887,1.355,0.834,0.673,0.301,2.298,1.087,0.534,0.559,1.243,0.887,1.355,0.834,0.673,0.301,2.298,1.087,0.534,0.559,1.243,7.81,7
0.968,1.457,0.858,0.712,0.35,2.15,0.823,0.416,0.409,1.362,0.968,1.457,0.858,0.712,0.35,2.15,0.823,0.416,0.409,1.362,10,7
0.935,1.401,0.861,0.712,0.327,2.131,0.88,0.456,0.425,1.309,0.935,1.401,0.861,0.712,0.327,2.131,0.88,0.456,0.425,1.309,10.63,7
0.979,1.429,0.85,0.71,0.37,1.969,0.786,0.379,0.407,1.239,0.979,1.429,0.85,0.71,0.37,1.969,0.786,0.379,0.407,1.239,13,7
0.931,1.401,0.853,0.703,0.343,2.046,0.871,0.438,0.435,1.23,0.931,1.401,0.853,0.703,0.343,2.046,0.871,0.438,0.435,1.23,10.63,7
0.938,1.446,0.867,0.735,0.327,2.204,0.819,0.409,0.409,1.476,0.938,1.446,0.867,0.735,0.327,2.204,0.819,0.409,0.409,1.476,10,7
0.899,1.331,0.842,0.676,0.324,2.038,0.999,0.512,0.488,1.076,0.899,1.331,0.842,0.676,0.324,2.038,0.999,0.512,0.488,1.076,10,7
0.92,1.419,0.861,0.727,0.325,2.153,0.843,0.411,0.437,1.386,0.92,1.419,0.861,0.727,0.325,2.153,0.843,0.411,0.437,1.386,10.63,7
0.937,1.435,0.866,0.711,0.342,2.142,0.848,0.455,0.395,1.354,0.937,1.435,0.866,0.711,0.342,2.142,0.848,0.455,0.395,1.354,10.817,7
0.956,1.43,0.855,0.722,0.355,2.007,0.787,0.38,0.408,1.275,0.956,1.43,0.855,0.722,0.355,2.007,0.787,0.38,0.408,1.275,12.207,7
0.958,1.442,0.862,0.705,0.38,1.949,0.784,0.418,0.366,1.228,0.958,1.442,0.862,0.705,0.38,1.949,0.784,0.418,0.366,1.228,10.63,7
0.915,1.416,0.856,0.715,0.308,2.309,0.927,0.46,0.469,1.429,0.915,1.416,0.856,0.715,0.308,2.309,0.927,0.46,0.469,1.429,7.81,7
0.894,1.389,0.858,0.706,0.312,2.227,0.943,0.488,0.455,1.353,0.894,1.389,0.858,0.706,0.312,2.227,0.943,0.488,0.455,1.353,11.662,7
0.838,1.314,0.863,0.673,0.299,2.166,1.096,0.637,0.46,1.103,0.838,1.314,0.863,0.673,0.299,2.166,1.096,0.637,0.46,1.103,11.18,7
0.904,1.36,0.869,0.702,0.331,2.017,0.901,0.506,0.395,1.17,0.904,1.36,0.869,0.702,0.331,2.017,0.901,0.506,0.395,1.17,13.454,7
0.872,1.346,0.849,0.685,0.311,2.153,1.015,0.526,0.497,1.157,0.872,1.346,0.849,0.685,0.311,2.153,1.015,0.526,0.497,1.157,13.038,7
0.854,1.298,0.804,0.648,0.28,2.382,1.268,0.557,0.72,1.151,0.854,1.298,0.804,0.648,0.28,2.382,1.268,0.557,0.72,1.151,10,7
0.947,1.363,0.853,0.678,0.361,1.937,0.893,0.486,0.407,1.093,0.947,1.363,0.853,0.678,0.361,1.937,0.893,0.486,0.407,1.093,12.806,7
0.923,1.381,0.847,0.689,0.33,2.14,0.944,0.482,0.466,1.256,0.923,1.381,0.847,0.689,0.33,2.14,0.944,0.482,0.466,1.256,11.402,7
0.906,1.342,0.851,0.715,0.313,2.046,0.913,0.437,0.479,1.177,0.906,1.342,0.851,0.715,0.313,2.046,0.913,0.437,0.479,1.177,12.042,7
0.953,1.391,0.88,0.7,0.352,1.995,0.853,0.515,0.341,1.177,0.953,1.391,0.88,0.7,0.352,1.995,0.853,0.515,0.341,1.177,13.038,7
0.912,1.348,0.875,0.703,0.309,2.14,0.962,0.555,0.409,1.232,0.912,1.348,0.875,0.703,0.309,2.14,0.962,0.555,0.409,1.232,10,7
0.913,1.371,0.853,0.705,0.31,2.198,0.956,0.484,0.473,1.279,0.913,1.371,0.853,0.705,0.31,2.198,0.956,0.484,0.473,1.279,12.042,7
0.948,1.408,0.859,0.72,0.341,2.044,0.821,0.408,0.415,1.265,0.948,1.408,0.859,0.72,0.341,2.044,0.821,0.408,0.415,1.265,12.53,7
0.882,1.31,0.864,0.68,0.323,1.972,0.993,0.573,0.422,1.021,0.882,1.31,0.864,0.68,0.323,1.972,0.993,0.573,0.422,1.021,12.806,7
0.917,1.412,0.849,0.696,0.338,2.142,0.904,0.455,0.451,1.306,0.917,1.412,0.849,0.696,0.338,2.142,0.904,0.455,0.451,1.306,10,7
0.9,1.416,0.857,0.717,0.294,2.425,0.964,0.479,0.487,1.519,0.9,1.416,0.857,0.717,0.294,2.425,0.964,0.479,0.487,1.519,11.402,7
0.932,1.445,0.866,0.721,0.33,2.221,0.848,0.44,0.409,1.444,0.932,1.445,0.866,0.721,0.33,2.221,0.848,0.44,0.409,1.444,10.296,7
0.952,1.414,0.87,0.729,0.347,2.002,0.784,0.406,0.378,1.289,0.952,1.414,0.87,0.729,0.347,2.002,0.784,0.406,0.378,1.289,11.402,7
0.93,1.414,0.847,0.705,0.336,2.131,0.88,0.425,0.456,1.309,0.93,1.414,0.847,0.705,0.336,2.131,0.88,0.425,0.456,1.309,8.485,7
0.879,1.357,0.845,0.69,0.31,2.191,1.003,0.502,0.502,1.226,0.879,1.357,0.845,0.69,0.31,2.191,1.003,0.502,0.502,1.226,10.817,7
0.959,1.388,0.868,0.734,0.322,2.072,0.826,0.416,0.412,1.314,0.959,1.388,0.868,0.734,0.322,2.072,0.826,0.416,0.412,1.314,10.817,7
1.048,1.23,0.798,0.643,0.79,0.778,0.515,0.278,0.258,0.297,1.048,1.23,0.798,0.643,0.79,0.778,0.515,0.278,0.258,0.297,26.926,8
0.977,1.112,0.746,0.557,0.757,0.792,0.635,0.291,0.346,0.158,0.977,1.112,0.746,0.557,0.757,0.792,0.635,0.291,0.346,0.158,26.833,8
1.165,1.249,0.805,0.642,0.902,0.717,0.456,0.239,0.223,0.276,1.165,1.249,0.805,0.642,0.902,0.717,0.456,0.239,0.223,0.276,28.601,8
1,1.113,0.775,0.578,0.748,0.758,0.598,0.297,0.304,0.162,1,1.113,0.775,0.578,0.748,0.758,0.598,0.297,0.304,0.162,27.203,8
1.015,1.14,0.782,0.621,0.756,0.735,0.553,0.276,0.291,0.185,1.015,1.14,0.782,0.621,0.756,0.735,0.553,0.276,0.291,0.185,22.472,8
1.036,1.184,0.73,0.571,0.802,0.804,0.574,0.252,0.337,0.231,1.036,1.184,0.73,0.571,0.802,0.804,0.574,0.252,0.337,0.231,27.659,8
1.073,1.094,0.814,0.619,0.818,0.646,0.517,0.277,0.241,0.131,1.073,1.094,0.814,0.619,0.818,0.646,0.517,0.277,0.241,0.131,29.411,8
0.997,1.114,0.74,0.575,0.787,0.756,0.603,0.265,0.343,0.153,0.997,1.114,0.74,0.575,0.787,0.756,0.603,0.265,0.343,0.153,27.731,8
1,1.073,0.75,0.592,0.756,0.691,0.58,0.257,0.334,0.116,1,1.073,0.75,0.592,0.756,0.691,0.58,0.257,0.334,0.116,29.155,8
1,1.073,0.75,0.592,0.756,0.691,0.58,0.257,0.334,0.116,1,1.073,0.75,0.592,0.756,0.691,0.58,0.257,0.334,0.116,29.155,8
0.98,1.095,0.76,0.568,0.761,0.764,0.602,0.277,0.325,0.196,0.98,1.095,0.76,0.568,0.761,0.764,0.602,0.277,0.325,0.196,27.203,8
0.973,1.099,0.722,0.552,0.759,0.776,0.635,0.282,0.368,0.142,0.973,1.099,0.722,0.552,0.759,0.776,0.635,0.282,0.368,0.142,29.411,8
0.936,1,0.702,0.519,0.711,0.747,0.717,0.303,0.423,0.112,0.936,1,0.702,0.519,0.711,0.747,0.717,0.303,0.423,0.112,29.206,8
0.964,1.092,0.743,0.563,0.723,0.771,0.638,0.289,0.357,0.133,0.964,1.092,0.743,0.563,0.723,0.771,0.638,0.289,0.357,0.133,28.284,8
1.043,1.153,0.818,0.613,0.837,0.718,0.525,0.293,0.233,0.193,1.043,1.153,0.818,0.613,0.837,0.718,0.525,0.293,0.233,0.193,25,8
1.042,1.054,0.774,0.595,0.78,0.667,0.559,0.263,0.298,0.149,1.042,1.054,0.774,0.595,0.78,0.667,0.559,0.263,0.298,0.149,29.206,8
1.028,1.125,0.823,0.622,0.796,0.712,0.534,0.298,0.237,0.18,1.028,1.125,0.823,0.622,0.796,0.712,0.534,0.298,0.237,0.18,25.554,8
0.971,1.101,0.713,0.558,0.749,0.776,0.627,0.257,0.385,0.154,0.971,1.101,0.713,0.558,0.749,0.776,0.627,0.257,0.385,0.154,28.302,8
1.05,1.195,0.767,0.601,0.802,0.783,0.549,0.265,0.295,0.243,1.05,1.195,0.767,0.601,0.802,0.783,0.549,0.265,0.295,0.243,29.411,8
1.169,1.206,0.817,0.652,0.907,0.666,0.447,0.236,0.214,0.228,1.169,1.206,0.817,0.652,0.907,0.666,0.447,0.236,0.214,0.228,28.302,8
0.979,1.045,0.713,0.569,0.749,0.721,0.626,0.249,0.389,0.131,0.979,1.045,0.713,0.569,0.749,0.721,0.626,0.249,0.389,0.131,26.627,8
1.125,1.174,0.821,0.647,0.886,0.663,0.468,0.252,0.218,0.199,1.125,1.174,0.821,0.647,0.886,0.663,0.468,0.252,0.218,0.199,26.627,8
1.101,1.227,0.766,0.644,0.859,0.737,0.482,0.218,0.279,0.265,1.101,1.227,0.766,0.644,0.859,0.737,0.482,0.218,0.279,0.265,25.942,8
1.034,1.24,0.769,0.642,0.799,0.783,0.511,0.229,0.296,0.304,1.034,1.24,0.769,0.642,0.799,0.783,0.511,0.229,0.296,0.304,27.203,8
0.992,1.074,0.756,0.578,0.754,0.727,0.608,0.29,0.327,0.128,0.992,1.074,0.756,0.578,0.754,0.727,0.608,0.29,0.327,0.128,26.926,8
0.979,1.1,0.722,0.554,0.73,0.786,0.636,0.275,0.381,0.157,0.979,1.1,0.722,0.554,0.73,0.786,0.636,0.275,0.381,0.157,27.785,8
0.942,1.07,0.67,0.535,0.714,0.801,0.685,0.253,0.462,0.128,0.942,1.07,0.67,0.535,0.714,0.801,0.685,0.253,0.462,0.128,29.155,8
0.968,1.071,0.751,0.587,0.733,0.727,0.615,0.27,0.35,0.116,0.968,1.071,0.751,0.587,0.733,0.727,0.615,0.27,0.35,0.116,27.785,8
1.098,1.168,0.788,0.623,0.832,0.706,0.499,0.24,0.263,0.208,1.098,1.168,0.788,0.623,0.832,0.706,0.499,0.24,0.263,0.208,27.803,8
0.985,1.091,0.73,0.562,0.754,0.766,0.629,0.27,0.365,0.142,0.985,1.091,0.73,0.562,0.754,0.766,0.629,0.27,0.365,0.142,27.203,8
1.014,1.059,0.763,0.61,0.8,0.649,0.556,0.265,0.303,0.099,1.014,1.059,0.763,0.61,0.8,0.649,0.556,0.265,0.303,0.099,28.231,8
1.083,1.156,0.811,0.662,0.857,0.66,0.472,0.236,0.239,0.19,1.083,1.156,0.811,0.662,0.857,0.66,0.472,0.236,0.239,0.19,27.203,8
1.059,1.062,0.81,0.632,0.824,0.632,0.519,0.265,0.254,0.13,1.059,1.062,0.81,0.632,0.824,0.632,0.519,0.265,0.254,0.13,28.018,8
1.099,1.139,0.822,0.651,0.833,0.658,0.489,0.257,0.233,0.171,1.099,1.139,0.822,0.651,0.833,0.658,0.489,0.257,0.233,0.171,27.203,8
0.95,1.048,0.688,0.527,0.722,0.78,0.693,0.277,0.433,0.112,0.95,1.048,0.688,0.527,0.722,0.78,0.693,0.277,0.433,0.112,29.206,8
1.02,1.079,0.77,0.614,0.752,0.685,0.559,0.249,0.315,0.133,1.02,1.079,0.77,0.614,0.752,0.685,0.559,0.249,0.315,0.133,26.926,8
0.954,1.095,0.679,0.542,0.74,0.793,0.655,0.24,0.435,0.139,0.954,1.095,0.679,0.542,0.74,0.793,0.655,0.24,0.435,0.139,26.401,8
0.955,1.095,0.736,0.571,0.729,0.767,0.627,0.283,0.362,0.142,0.955,1.095,0.736,0.571,0.729,0.767,0.627,0.283,0.362,0.142,31.401,8
0.955,1.095,0.736,0.571,0.729,0.767,0.627,0.283,0.362,0.142,0.955,1.095,0.736,0.571,0.729,0.767,0.627,0.283,0.362,0.142,31.401,8
1.017,1.205,0.754,0.588,0.838,0.784,0.533,0.238,0.3,0.251,1.017,1.205,0.754,0.588,0.838,0.784,0.533,0.238,0.3,0.251,28.018,8
1.068,1.134,0.775,0.626,0.87,0.683,0.51,0.236,0.277,0.174,1.068,1.134,0.775,0.626,0.87,0.683,0.51,0.236,0.277,0.174,28.018,8
1.025,1.094,0.774,0.603,0.819,0.685,0.551,0.261,0.292,0.137,1.025,1.094,0.774,0.603,0.819,0.685,0.551,0.261,0.292,0.137,27.295,8
1.094,1.108,0.787,0.635,0.883,0.645,0.497,0.236,0.263,0.151,1.094,1.108,0.787,0.635,0.883,0.645,0.497,0.236,0.263,0.151,27.203,8
1.085,1.153,0.811,0.623,0.852,0.689,0.507,0.278,0.233,0.184,1.085,1.153,0.811,0.623,0.852,0.689,0.507,0.278,0.233,0.184,29.682,8
1.057,1.151,0.788,0.619,0.861,0.691,0.512,0.274,0.251,0.181,1.057,1.151,0.788,0.619,0.861,0.691,0.512,0.274,0.251,0.181,26.401,8
1.015,1.074,0.799,0.609,0.798,0.682,0.557,0.284,0.273,0.138,1.015,1.074,0.799,0.609,0.798,0.682,0.557,0.284,0.273,0.138,25.554,8
1.106,1.14,0.793,0.656,0.856,0.668,0.48,0.228,0.257,0.19,1.106,1.14,0.793,0.656,0.856,0.668,0.48,0.228,0.257,0.19,28.601,8
0.99,1.066,0.726,0.542,0.751,0.754,0.646,0.277,0.372,0.124,0.99,1.066,0.726,0.542,0.751,0.754,0.646,0.277,0.372,0.124,25.807,8
1.031,1.156,0.756,0.625,0.779,0.727,0.524,0.219,0.318,0.203,1.031,1.156,0.756,0.625,0.779,0.727,0.524,0.219,0.318,0.203,25.495,8
1.002,1.099,0.744,0.603,0.804,0.721,0.572,0.24,0.337,0.154,1.002,1.099,0.744,0.603,0.804,0.721,0.572,0.24,0.337,0.154,25,8
0.998,1.032,0.816,0.593,0.754,0.669,0.589,0.332,0.257,0.125,0.998,1.032,0.816,0.593,0.754,0.669,0.589,0.332,0.257,0.125,29.206,8
0.842,0.969,0.985,0.908,0.179,0.852,1.023,0.877,0.146,0.196,0.842,0.969,0.985,0.908,0.179,0.852,1.023,0.877,0.146,0.196,26.249,9
0.82,0.964,0.991,0.908,0.184,0.848,0.976,0.811,0.176,0.197,0.82,0.964,0.991,0.908,0.184,0.848,0.976,0.811,0.176,0.197,21.932,9
0.84,0.97,0.996,0.916,0.191,0.716,0.88,0.799,0.087,0.184,0.84,0.97,0.996,0.916,0.191,0.716,0.88,0.799,0.087,0.184,20.396,9
0.836,0.98,1.001,0.915,0.185,0.894,1,0.888,0.139,0.124,0.836,0.98,1.001,0.915,0.185,0.894,1,0.888,0.139,0.124,18.385,9
0.839,0.98,1.001,0.936,0.163,0.812,0.929,0.797,0.159,0.142,0.839,0.98,1.001,0.936,0.163,0.812,0.929,0.797,0.159,0.142,27.659,9
0.839,0.97,1.007,0.936,0.163,0.757,0.929,0.767,0.225,0.214,0.839,0.97,1.007,0.936,0.163,0.757,0.929,0.767,0.225,0.214,20.616,9
0.873,0.99,1.002,0.934,0.166,0.815,0.875,0.752,0.156,0.07,0.873,0.99,1.002,0.934,0.166,0.815,0.875,0.752,0.156,0.07,21.587,9
0.861,0.98,1.003,0.934,0.199,0.74,0.842,0.733,0.136,0.121,0.861,0.98,1.003,0.934,0.199,0.74,0.842,0.733,0.136,0.121,19.313,9
0.836,0.97,0.991,0.912,0.16,0.831,1.02,0.834,0.202,0.214,0.836,0.97,0.991,0.912,0.16,0.831,1.02,0.834,0.202,0.214,25.962,9
0.855,0.974,1.001,0.94,0.161,0.759,0.833,0.703,0.16,0.16,0.855,0.974,1.001,0.94,0.161,0.759,0.833,0.703,0.16,0.16,21.84,9
0.874,0.979,1.002,0.966,0.182,0.707,0.801,0.665,0.149,0.133,0.874,0.979,1.002,0.966,0.182,0.707,0.801,0.665,0.149,0.133,18.358,9
0.863,0.984,0.99,0.909,0.145,0.977,1.023,0.946,0.081,0.114,0.863,0.984,0.99,0.909,0.145,0.977,1.023,0.946,0.081,0.114,19.925,9
0.851,0.979,0.991,0.927,0.179,0.807,0.918,0.739,0.187,0.132,0.851,0.979,0.991,0.927,0.179,0.807,0.918,0.739,0.187,0.132,24.042,9
0.848,0.979,1.002,0.946,0.181,0.709,0.814,0.686,0.149,0.133,0.848,0.979,1.002,0.946,0.181,0.709,0.814,0.686,0.149,0.133,25.632,9
0.876,0.99,1.002,0.937,0.171,0.853,0.911,0.781,0.156,0.07,0.876,0.99,1.002,0.937,0.171,0.853,0.911,0.781,0.156,0.07,22.804,9
0.861,0.979,0.985,0.918,0.159,0.977,1.107,0.939,0.168,0.15,0.861,0.979,0.985,0.918,0.159,0.977,1.107,0.939,0.168,0.15,20.616,9
0.854,0.98,0.982,0.91,0.155,1.041,1.173,0.906,0.27,0.15,0.854,0.98,0.982,0.91,0.155,1.041,1.173,0.906,0.27,0.15,21.84,9
0.849,0.98,0.992,0.921,0.152,0.894,1.029,0.826,0.217,0.153,0.849,0.98,0.992,0.921,0.152,0.894,1.029,0.826,0.217,0.153,22.804,9
0.838,0.974,0.98,0.903,0.141,1.041,1.157,1.003,0.166,0.186,0.838,0.974,0.98,0.903,0.141,1.041,1.157,1.003,0.166,0.186,25.08,9
0.855,0.98,0.991,0.917,0.177,0.852,0.965,0.79,0.185,0.131,0.855,0.98,0.991,0.917,0.177,0.852,0.965,0.79,0.185,0.131,24.352,9
0.84,0.973,1.002,0.929,0.179,0.852,0.924,0.804,0.149,0.149,0.84,0.973,1.002,0.929,0.179,0.852,0.924,0.804,0.149,0.149,24.166,9
0.856,0.973,0.986,0.937,0.18,0.889,0.953,0.807,0.148,0.148,0.856,0.973,0.986,0.937,0.18,0.889,0.953,0.807,0.148,0.148,25.71,9
0.866,0.973,1.002,0.927,0.184,0.916,0.983,0.864,0.144,0.144,0.866,0.973,1.002,0.927,0.184,0.916,0.983,0.864,0.144,0.144,24.352,9
0.859,0.973,1.002,0.946,0.193,0.789,0.844,0.723,0.139,0.139,0.859,0.973,1.002,0.946,0.193,0.789,0.844,0.723,0.139,0.139,27.514,9
0.85,0.973,0.992,0.926,0.207,0.894,0.953,0.795,0.162,0.128,0.85,0.973,0.992,0.926,0.207,0.894,0.953,0.795,0.162,0.128,25.632,9
0.865,0.99,1.002,0.943,0.21,0.894,0.939,0.826,0.128,0.057,0.865,0.99,1.002,0.943,0.21,0.894,0.939,0.826,0.128,0.057,25,9
0.859,0.963,0.986,0.941,0.18,0.748,0.862,0.715,0.148,0.209,0.859,0.963,0.986,0.941,0.18,0.748,0.862,0.715,0.148,0.209,25.962,9
0.846,0.974,0.985,0.951,0.189,0.841,0.888,0.753,0.14,0.14,0.846,0.974,0.985,0.951,0.189,0.841,0.888,0.753,0.14,0.14,21.024,9
0.85,0.973,1,0.951,0.184,0.66,0.721,0.721,0,0.149,0.85,0.973,1,0.951,0.184,0.66,0.721,0.721,0,0.149,27.514,9
0.851,0.979,1.001,0.925,0.192,0.836,0.938,0.824,0.137,0.123,0.851,0.979,1.001,0.925,0.192,0.836,0.938,0.824,0.137,0.123,25,9
0.85,0.973,1.002,0.95,0.167,0.705,0.771,0.637,0.159,0.159,0.85,0.973,1.002,0.95,0.167,0.705,0.771,0.637,0.159,0.159,25.962,9
0.875,0.979,0.992,0.931,0.16,0.811,0.939,0.738,0.212,0.15,0.875,0.979,0.992,0.931,0.16,0.811,0.939,0.738,0.212,0.15,25.318,9
0.846,0.984,0.982,0.903,0.182,0.951,0.981,0.754,0.232,0.091,0.846,0.984,0.982,0.903,0.182,0.951,0.981,0.754,0.232,0.091,26.249,9
0.851,0.99,0.996,0.941,0.182,0.72,0.776,0.685,0.094,0.067,0.851,0.99,0.996,0.941,0.182,0.72,0.776,0.685,0.094,0.067,26.683,9
0.872,0.979,0.991,0.932,0.196,0.776,0.874,0.707,0.171,0.121,0.872,0.979,0.991,0.932,0.196,0.776,0.874,0.707,0.171,0.121,29.428,9
0.873,0.973,0.986,0.93,0.203,0.764,0.829,0.696,0.133,0.133,0.873,0.973,0.986,0.93,0.203,0.764,0.829,0.696,0.133,0.133,27.514,9
0.87,0.973,0.991,0.932,0.198,0.816,0.874,0.707,0.171,0.136,0.87,0.973,0.991,0.932,0.198,0.816,0.874,0.707,0.171,0.136,24.352,9
0.867,0.99,1.001,0.915,0.199,0.829,0.881,0.776,0.133,0.06,0.867,0.99,1.001,0.915,0.199,0.829,0.881,0.776,0.133,0.06,29.411,9
0.867,0.989,0.998,0.928,0.189,0.84,0.895,0.694,0.232,0.064,0.867,0.989,0.998,0.928,0.189,0.84,0.895,0.694,0.232,0.064,28.636,9
0.871,0.973,0.991,0.927,0.185,0.825,0.895,0.72,0.182,0.144,0.871,0.973,0.991,0.927,0.185,0.825,0.895,0.72,0.182,0.144,25.298,9
0.878,0.989,0.992,0.926,0.208,0.844,0.893,0.733,0.166,0.059,0.878,0.989,0.992,0.926,0.208,0.844,0.893,0.733,0.166,0.059,21.378,9
0.87,0.979,1.001,0.94,0.171,0.851,0.962,0.825,0.158,0.141,0.87,0.979,1.001,0.94,0.171,0.851,0.962,0.825,0.158,0.141,23.707,9
0.9,0.989,0.991,0.966,0.204,0.816,0.857,0.686,0.171,0.061,0.9,0.989,0.991,0.966,0.204,0.816,0.857,0.686,0.171,0.061,25.962,9
0.871,0.979,1.002,0.945,0.215,0.689,0.779,0.668,0.128,0.115,0.871,0.979,1.002,0.945,0.215,0.689,0.779,0.668,0.128,0.115,25.71,9
0.857,0.984,1.002,0.938,0.19,0.794,0.809,0.693,0.139,0.088,0.857,0.984,1.002,0.938,0.19,0.794,0.809,0.693,0.139,0.088,25.962,9
0.88,0.979,0.982,0.914,0.142,0.955,1.111,0.811,0.308,0.171,0.88,0.979,0.982,0.914,0.142,0.955,1.111,0.811,0.308,0.171,26.683,9
0.897,0.985,0.985,0.935,0.179,0.728,0.877,0.728,0.15,0.15,0.897,0.985,0.985,0.935,0.179,0.728,0.877,0.728,0.15,0.15,23.537,9
0.86,0.973,0.985,0.927,0.183,0.837,0.908,0.762,0.146,0.146,0.86,0.973,0.985,0.927,0.183,0.837,0.908,0.762,0.146,0.146,29.833,9
0.892,0.989,1.003,0.948,0.196,0.81,0.86,0.738,0.141,0.063,0.892,0.989,1.003,0.948,0.196,0.81,0.86,0.738,0.141,0.063,26.306,9
0.888,0.979,0.985,0.936,0.196,0.721,0.825,0.684,0.141,0.126,0.888,0.979,0.985,0.936,0.196,0.721,0.825,0.684,0.141,0.126,29.833,9
0.872,0.979,0.995,0.94,0.182,0.702,0.807,0.715,0.093,0.132,0.872,0.979,0.995,0.94,0.182,0.702,0.807,0.715,0.093,0.132,29.833,9
1.166,1.903,0.745,0.688,0.58,2.094,0.584,0.124,0.463,1.62,1.166,1.903,0.745,0.688,0.58,2.094,0.584,0.124,0.463,1.62,22.361,10
1.317,2.122,0.814,0.785,0.64,2.092,0.371,0.049,0.322,1.798,1.317,2.122,0.814,0.785,0.64,2.092,0.371,0.049,0.322,1.798,21.471,10
1.195,2.042,0.823,0.768,0.554,2.31,0.459,0.108,0.351,1.952,1.195,2.042,0.823,0.768,0.554,2.31,0.459,0.108,0.351,1.952,16.643,10
1.221,1.978,0.827,0.746,0.579,2.131,0.477,0.15,0.327,1.749,1.221,1.978,0.827,0.746,0.579,2.131,0.477,0.15,0.327,1.749,21.541,10
1.282,2.055,0.79,0.7,0.683,1.985,0.492,0.157,0.335,1.61,1.282,2.055,0.79,0.7,0.683,1.985,0.492,0.157,0.335,1.61,23.77,10
1.277,2.135,0.777,0.727,0.632,2.228,0.452,0.079,0.376,1.824,1.277,2.135,0.777,0.727,0.632,2.228,0.452,0.079,0.376,1.824,20.881,10
1.19,2.025,0.8,0.752,0.597,2.132,0.495,0.142,0.365,1.791,1.19,2.025,0.8,0.752,0.597,2.132,0.495,0.142,0.365,1.791,17.205,10
1.28,2.011,0.773,0.759,0.592,2.119,0.472,0.069,0.417,1.777,1.28,2.011,0.773,0.759,0.592,2.119,0.472,0.069,0.417,1.777,25.962,10
1.324,2.067,0.842,0.795,0.591,2.16,0.376,0.079,0.304,1.859,1.324,2.067,0.842,0.795,0.591,2.16,0.376,0.079,0.304,1.859,24.698,10
1.213,1.994,0.754,0.694,0.604,2.155,0.558,0.124,0.437,1.718,1.213,1.994,0.754,0.694,0.604,2.155,0.558,0.124,0.437,1.718,23.087,10
1.346,2.081,0.798,0.742,0.674,1.991,0.41,0.091,0.319,1.653,1.346,2.081,0.798,0.742,0.674,1.991,0.41,0.091,0.319,1.653,23.77,10
1.199,2.057,0.815,0.76,0.548,2.37,0.493,0.109,0.385,2.006,1.199,2.057,0.815,0.76,0.548,2.37,0.493,0.109,0.385,2.006,19.698,10
1.299,2.108,0.831,0.796,0.622,2.111,0.407,0.078,0.329,1.832,1.299,2.108,0.831,0.796,0.622,2.111,0.407,0.078,0.329,1.832,22.472,10
1.224,1.955,0.773,0.733,0.606,2.019,0.508,0.107,0.408,1.66,1.224,1.955,0.773,0.733,0.606,2.019,0.508,0.107,0.408,1.66,23.259,10
1.134,1.972,0.811,0.758,0.538,2.263,0.514,0.107,0.409,1.895,1.134,1.972,0.811,0.758,0.538,2.263,0.514,0.107,0.409,1.895,14.765,10
1.313,2.087,0.81,0.735,0.664,2.042,0.436,0.117,0.324,1.695,1.313,2.087,0.81,0.735,0.664,2.042,0.436,0.117,0.324,1.695,22.361,10
1.278,2.005,0.769,0.688,0.668,1.978,0.484,0.132,0.354,1.558,1.278,2.005,0.769,0.688,0.668,1.978,0.484,0.132,0.354,1.558,22.361,10
1.356,2.138,0.798,0.735,0.688,2.039,0.428,0.115,0.315,1.699,1.356,2.138,0.798,0.735,0.688,2.039,0.428,0.115,0.315,1.699,24.739,10
1.252,2.1,0.818,0.735,0.606,2.257,0.477,0.151,0.327,1.867,1.252,2.1,0.818,0.735,0.606,2.257,0.477,0.151,0.327,1.867,20.881,10
1.157,1.957,0.804,0.726,0.562,2.196,0.528,0.151,0.377,1.781,1.157,1.957,0.804,0.726,0.562,2.196,0.528,0.151,0.377,1.781,16.643,10
1.294,2.056,0.803,0.748,0.589,2.228,0.46,0.102,0.358,1.853,1.294,2.056,0.803,0.748,0.589,2.228,0.46,0.102,0.358,1.853,25.495,10
1.274,1.954,0.827,0.757,0.587,2.043,0.453,0.121,0.337,1.69,1.274,1.954,0.827,0.757,0.587,2.043,0.453,0.121,0.337,1.69,24.698,10
1.311,2.034,0.768,0.733,0.642,2.03,0.458,0.072,0.388,1.682,1.311,2.034,0.768,0.733,0.642,2.03,0.458,0.072,0.388,1.682,23.409,10
1.351,2.049,0.81,0.766,0.619,2.08,0.439,0.106,0.336,1.788,1.351,2.049,0.81,0.766,0.619,2.08,0.439,0.106,0.336,1.788,27.893,10
1.297,1.969,0.786,0.726,0.631,1.972,0.47,0.114,0.358,1.592,1.297,1.969,0.786,0.726,0.631,1.972,0.47,0.114,0.358,1.592,26.249,10
1.297,1.969,0.786,0.726,0.631,1.972,0.47,0.114,0.358,1.592,1.297,1.969,0.786,0.726,0.631,1.972,0.47,0.114,0.358,1.592,26.249,10
1.297,1.969,0.786,0.726,0.631,1.972,0.47,0.114,0.358,1.592,1.297,1.969,0.786,0.726,0.631,1.972,0.47,0.114,0.358,1.592,26.249,10
1.307,2.065,0.814,0.744,0.626,2.117,0.425,0.112,0.326,1.749,1.307,2.065,0.814,0.744,0.626,2.117,0.425,0.112,0.326,1.749,23.77,10
1.293,2.038,0.782,0.72,0.643,2.05,0.496,0.119,0.377,1.67,1.293,2.038,0.782,0.72,0.643,2.05,0.496,0.119,0.377,1.67,23.087,10
1.351,2.129,0.819,0.791,0.638,2.095,0.404,0.049,0.357,1.819,1.351,2.129,0.819,0.791,0.638,2.095,0.404,0.049,0.357,1.819,25.962,10
1.215,1.915,0.783,0.707,0.594,2.033,0.542,0.141,0.401,1.583,1.215,1.915,0.783,0.707,0.594,2.033,0.542,0.141,0.401,1.583,23.77,10
1.397,2.073,0.802,0.741,0.745,1.788,0.416,0.104,0.312,1.485,1.397,2.073,0.802,0.741,0.745,1.788,0.416,0.104,0.312,1.485,26,10
1.297,1.925,0.771,0.732,0.654,1.825,0.483,0.097,0.391,1.473,1.297,1.925,0.771,0.732,0.654,1.825,0.483,0.097,0.391,1.473,23.77,10
1.323,2.012,0.815,0.771,0.632,1.966,0.422,0.102,0.324,1.667,1.323,2.012,0.815,0.771,0.632,1.966,0.422,0.102,0.324,1.667,23.259,10
1.331,1.974,0.779,0.7,0.695,1.836,0.488,0.126,0.363,1.466,1.331,1.974,0.779,0.7,0.695,1.836,0.488,0.126,0.363,1.466,28.46,10
1.353,2.014,0.833,0.806,0.588,2.065,0.381,0.05,0.332,1.803,1.353,2.014,0.833,0.806,0.588,2.065,0.381,0.05,0.332,1.803,28.46,10
1.295,2.008,0.768,0.721,0.631,2.046,0.468,0.074,0.398,1.662,1.295,2.008,0.768,0.721,0.631,2.046,0.468,0.074,0.398,1.662,25.632,10
1.316,2.04,0.782,0.721,0.693,1.904,0.465,0.112,0.354,1.558,1.316,2.04,0.782,0.721,0.693,1.904,0.465,0.112,0.354,1.558,23.259,10
1.276,1.992,0.755,0.68,0.648,2.032,0.528,0.117,0.416,1.624,1.276,1.992,0.755,0.68,0.648,2.032,0.528,0.117,0.416,1.624,22.136,10
1.238,1.939,0.737,0.668,0.666,1.913,0.534,0.135,0.406,1.485,1.238,1.939,0.737,0.668,0.666,1.913,0.534,0.135,0.406,1.485,22.472,10
1.299,2.032,0.79,0.763,0.61,2.091,0.42,0.049,0.371,1.758,1.299,2.032,0.79,0.763,0.61,2.091,0.42,0.049,0.371,1.758,21.541,10
1.333,2.027,0.777,0.713,0.673,1.955,0.478,0.115,0.363,1.6,1.333,2.027,0.777,0.713,0.673,1.955,0.478,0.115,0.363,1.6,23.77,10
1.276,1.945,0.746,0.658,0.718,1.797,0.554,0.168,0.388,1.363,1.276,1.945,0.746,0.658,0.718,1.797,0.554,0.168,0.388,1.363,23.409,10
1.282,1.995,0.768,0.667,0.672,1.975,0.527,0.155,0.374,1.533,1.282,1.995,0.768,0.667,0.672,1.975,0.527,0.155,0.374,1.533,24.698,10
1.288,2.091,0.825,0.817,0.61,2.093,0.366,0.036,0.335,1.859,1.288,2.091,0.825,0.817,0.61,2.093,0.366,0.036,0.335,1.859,19.416,10
1.309,1.988,0.768,0.721,0.621,2.048,0.476,0.075,0.405,1.657,1.309,1.988,0.768,0.721,0.621,2.048,0.476,0.075,0.405,1.657,26.249,10
1.247,1.952,0.773,0.713,0.603,2.056,0.526,0.121,0.406,1.634,1.247,1.952,0.773,0.713,0.603,2.056,0.526,0.121,0.406,1.634,20.616,10
1.346,2.052,0.782,0.72,0.715,1.863,0.446,0.107,0.339,1.528,1.346,2.052,0.782,0.72,0.715,1.863,0.446,0.107,0.339,1.528,25.495,10
1.44,2.144,0.801,0.755,0.738,1.883,0.39,0.095,0.299,1.604,1.44,2.144,0.801,0.755,0.738,1.883,0.39,0.095,0.299,1.604,30.083,10
1.282,1.987,0.749,0.695,0.637,2.033,0.505,0.092,0.413,1.607,1.282,1.987,0.749,0.695,0.637,2.033,0.505,0.092,0.413,1.607,23.77,10
1.324,1.946,0.792,0.732,0.632,1.919,0.482,0.116,0.366,1.553,1.324,1.946,0.792,0.732,0.632,1.919,0.482,0.116,0.366,1.553,30.594,10
0.871,1.192,0.842,0.727,0.601,0.848,0.455,0.193,0.262,0.539,0.871,1.192,0.842,0.727,0.601,0.848,0.455,0.193,0.262,0.539,37.696,11
0.776,1.07,0.773,0.658,0.554,0.812,0.619,0.211,0.41,0.373,0.776,1.07,0.773,0.658,0.554,0.812,0.619,0.211,0.41,0.373,39,11
0.876,1.213,0.853,0.734,0.644,0.814,0.419,0.19,0.229,0.439,0.876,1.213,0.853,0.734,0.644,0.814,0.419,0.19,0.229,0.439,37.696,11
0.847,1.177,0.856,0.756,0.592,0.773,0.412,0.17,0.244,0.462,0.847,1.177,0.856,0.756,0.592,0.773,0.412,0.17,0.244,0.462,38.626,11
0.787,1.075,0.78,0.68,0.549,0.787,0.583,0.185,0.401,0.404,0.787,1.075,0.78,0.68,0.549,0.787,0.583,0.185,0.401,0.404,39,11
0.87,1.084,0.881,0.757,0.611,0.547,0.398,0.205,0.195,0.188,0.87,1.084,0.881,0.757,0.611,0.547,0.398,0.205,0.195,0.188,40.162,11
0.753,1.052,0.76,0.639,0.54,0.828,0.675,0.224,0.452,0.293,0.753,1.052,0.76,0.639,0.54,0.828,0.675,0.224,0.452,0.293,37.696,11
0.777,1.087,0.799,0.684,0.53,0.787,0.597,0.216,0.383,0.26,0.777,1.087,0.799,0.684,0.53,0.787,0.597,0.216,0.383,0.26,40.497,11
0.902,1.159,0.89,0.782,0.638,0.607,0.342,0.17,0.173,0.292,0.902,1.159,0.89,0.782,0.638,0.607,0.342,0.17,0.173,0.292,37.162,11
0.789,1.101,0.794,0.676,0.559,0.82,0.582,0.213,0.369,0.356,0.789,1.101,0.794,0.676,0.559,0.82,0.582,0.213,0.369,0.356,36.77,11
0.72,1.02,0.715,0.602,0.516,0.869,0.777,0.223,0.554,0.278,0.72,1.02,0.715,0.602,0.516,0.869,0.777,0.223,0.554,0.278,37.162,11
0.882,1.214,0.875,0.776,0.632,0.757,0.355,0.157,0.199,0.462,0.882,1.214,0.875,0.776,0.632,0.757,0.355,0.157,0.199,0.462,39,11
0.887,1.232,0.891,0.792,0.636,0.771,0.331,0.159,0.172,0.488,0.887,1.232,0.891,0.792,0.636,0.771,0.331,0.159,0.172,0.488,37.59,11
0.86,1.168,0.877,0.755,0.598,0.752,0.41,0.204,0.207,0.436,0.86,1.168,0.877,0.755,0.598,0.752,0.41,0.204,0.207,0.436,38.626,11
0.887,1.215,0.833,0.738,0.597,0.845,0.44,0.162,0.279,0.459,0.887,1.215,0.833,0.738,0.597,0.845,0.44,0.162,0.279,0.459,36.77,11
0.913,1.255,0.898,0.804,0.644,0.759,0.307,0.146,0.161,0.482,0.913,1.255,0.898,0.804,0.644,0.759,0.307,0.146,0.161,0.482,38.484,11
0.88,1.21,0.872,0.77,0.638,0.761,0.361,0.159,0.202,0.469,0.88,1.21,0.872,0.77,0.638,0.761,0.361,0.159,0.202,0.469,35.847,11
0.877,1.22,0.86,0.748,0.62,0.808,0.408,0.181,0.227,0.504,0.877,1.22,0.86,0.748,0.62,0.808,0.408,0.181,0.227,0.504,33.838,11
0.881,1.196,0.847,0.748,0.63,0.766,0.4,0.157,0.242,0.443,0.881,1.196,0.847,0.748,0.63,0.766,0.4,0.157,0.242,0.443,35.847,11
0.874,1.238,0.857,0.733,0.622,0.866,0.429,0.2,0.23,0.506,0.874,1.238,0.857,0.733,0.622,0.866,0.429,0.2,0.23,0.506,35.847,11
0.746,1.039,0.745,0.632,0.52,0.821,0.708,0.217,0.491,0.311,0.746,1.039,0.745,0.632,0.52,0.821,0.708,0.217,0.491,0.311,33.541,11
0.777,1.1,0.735,0.65,0.546,0.858,0.642,0.158,0.486,0.305,0.777,1.1,0.735,0.65,0.546,0.858,0.642,0.158,0.486,0.305,36.249,11
0.693,0.993,0.721,0.601,0.472,0.878,0.846,0.257,0.59,0.317,0.693,0.993,0.721,0.601,0.472,0.878,0.846,0.257,0.59,0.317,36.401,11
0.862,1.182,0.853,0.722,0.604,0.815,0.463,0.218,0.247,0.41,0.862,1.182,0.853,0.722,0.604,0.815,0.463,0.218,0.247,0.41,34.015,11
0.913,1.263,0.863,0.754,0.639,0.849,0.386,0.171,0.215,0.511,0.913,1.263,0.863,0.754,0.639,0.849,0.386,0.171,0.215,0.511,35.341,11
0.881,1.218,0.84,0.728,0.629,0.834,0.432,0.181,0.256,0.49,0.881,1.218,0.84,0.728,0.629,0.834,0.432,0.181,0.256,0.49,34.482,11
0.726,1.024,0.754,0.643,0.537,0.782,0.671,0.21,0.461,0.296,0.726,1.024,0.754,0.643,0.537,0.782,0.671,0.21,0.461,0.296,35.341,11
0.75,1.061,0.754,0.648,0.512,0.852,0.689,0.207,0.484,0.316,0.75,1.061,0.754,0.648,0.512,0.852,0.689,0.207,0.484,0.316,36.77,11
0.84,1.141,0.851,0.731,0.59,0.725,0.456,0.205,0.253,0.332,0.84,1.141,0.851,0.731,0.59,0.725,0.456,0.205,0.253,0.332,37.696,11
0.856,1.215,0.841,0.744,0.591,0.847,0.434,0.164,0.27,0.486,0.856,1.215,0.841,0.744,0.591,0.847,0.434,0.164,0.27,0.486,33.287,11
0.909,1.195,0.901,0.776,0.638,0.712,0.352,0.197,0.155,0.418,0.909,1.195,0.901,0.776,0.638,0.712,0.352,0.197,0.155,0.418,36.249,11
0.894,1.23,0.871,0.771,0.657,0.763,0.349,0.153,0.196,0.49,0.894,1.23,0.871,0.771,0.657,0.763,0.349,0.153,0.196,0.49,34.886,11
0.865,1.223,0.839,0.742,0.607,0.851,0.425,0.16,0.267,0.531,0.865,1.223,0.839,0.742,0.607,0.851,0.425,0.16,0.267,0.531,36.77,11
0.76,1.061,0.78,0.664,0.553,0.772,0.61,0.213,0.398,0.306,0.76,1.061,0.78,0.664,0.553,0.772,0.61,0.213,0.398,0.306,37.696,11
0.9,1.246,0.867,0.751,0.631,0.837,0.395,0.183,0.212,0.501,0.9,1.246,0.867,0.751,0.631,0.837,0.395,0.183,0.212,0.501,36.674,11
0.747,1.024,0.755,0.645,0.521,0.772,0.682,0.213,0.47,0.301,0.747,1.024,0.755,0.645,0.521,0.772,0.682,0.213,0.47,0.301,36.056,11
0.906,1.24,0.865,0.758,0.656,0.787,0.369,0.164,0.205,0.467,0.906,1.24,0.865,0.758,0.656,0.787,0.369,0.164,0.205,0.467,35.341,11
0.682,1.018,0.72,0.602,0.49,0.91,0.822,0.245,0.578,0.26,0.682,1.018,0.72,0.602,0.49,0.91,0.822,0.245,0.578,0.26,37.336,11
0.849,1.179,0.863,0.761,0.588,0.768,0.409,0.175,0.234,0.414,0.849,1.179,0.863,0.761,0.588,0.768,0.409,0.175,0.234,0.414,37.336,11
0.852,1.182,0.857,0.731,0.616,0.8,0.446,0.208,0.239,0.392,0.852,1.182,0.857,0.731,0.616,0.8,0.446,0.208,0.239,0.392,36.401,11
0.806,1.146,0.826,0.713,0.592,0.799,0.491,0.198,0.295,0.377,0.806,1.146,0.826,0.713,0.592,0.799,0.491,0.198,0.295,0.377,36.401,11
0.757,1.077,0.766,0.643,0.531,0.864,0.675,0.237,0.441,0.302,0.757,1.077,0.766,0.643,0.531,0.864,0.675,0.237,0.441,0.302,36.401,11
0.89,1.227,0.849,0.751,0.613,0.824,0.406,0.16,0.247,0.475,0.89,1.227,0.849,0.751,0.613,0.824,0.406,0.16,0.247,0.475,36.401,11
0.793,1.096,0.788,0.695,0.566,0.763,0.551,0.171,0.381,0.258,0.793,1.096,0.788,0.695,0.566,0.763,0.551,0.171,0.381,0.258,36.401,11
0.879,1.207,0.879,0.768,0.618,0.754,0.379,0.183,0.196,0.404,0.879,1.207,0.879,0.768,0.618,0.754,0.379,0.183,0.196,0.404,34.928,11
0.816,1.107,0.812,0.706,0.567,0.748,0.519,0.188,0.332,0.309,0.816,1.107,0.812,0.706,0.567,0.748,0.519,0.188,0.332,0.309,35.114,11
0.733,1.016,0.772,0.657,0.519,0.743,0.665,0.228,0.439,0.256,0.733,1.016,0.772,0.657,0.519,0.743,0.665,0.228,0.439,0.256,38.275,11
0.807,1.128,0.854,0.716,0.567,0.767,0.505,0.246,0.26,0.307,0.807,1.128,0.854,0.716,0.567,0.767,0.505,0.246,0.26,0.307,35.847,11
0.892,1.22,0.866,0.766,0.63,0.766,0.376,0.159,0.221,0.416,0.892,1.22,0.866,0.766,0.63,0.766,0.376,0.159,0.221,0.416,35.114,11
0.891,1.235,0.864,0.765,0.629,0.784,0.375,0.159,0.217,0.44,0.891,1.235,0.864,0.765,0.629,0.784,0.375,0.159,0.217,0.44,35.468,11
0.928,1.24,0.911,0.812,0.664,0.7,0.298,0.152,0.149,0.408,0.928,1.24,0.911,0.812,0.664,0.7,0.298,0.152,0.149,0.408,35.468,11
1.435,2.163,0.85,0.731,0.721,1.988,0.41,0.178,0.234,1.622,1.435,2.163,0.85,0.731,0.721,1.988,0.41,0.178,0.234,1.622,9.22,12
1.419,2.184,0.858,0.745,0.68,2.116,0.387,0.169,0.221,1.745,1.419,2.184,0.858,0.745,0.68,2.116,0.387,0.169,0.221,1.745,9.487,12
1.32,2.118,0.889,0.765,0.591,2.294,0.46,0.247,0.212,1.903,1.32,2.118,0.889,0.765,0.591,2.294,0.46,0.247,0.212,1.903,7.211,12
1.427,2.211,0.89,0.781,0.738,1.955,0.372,0.202,0.171,1.641,1.427,2.211,0.89,0.781,0.738,1.955,0.372,0.202,0.171,1.641,4.123,12
1.403,2.208,0.856,0.735,0.703,2.1,0.406,0.188,0.218,1.722,1.403,2.208,0.856,0.735,0.703,2.1,0.406,0.188,0.218,1.722,6.403,12
1.421,2.122,0.873,0.746,0.705,1.953,0.383,0.184,0.204,1.598,1.421,2.122,0.873,0.746,0.705,1.953,0.383,0.184,0.204,1.598,5.099,12
1.387,2.181,0.85,0.714,0.696,2.115,0.456,0.214,0.243,1.707,1.387,2.181,0.85,0.714,0.696,2.115,0.456,0.214,0.243,1.707,9.434,12
1.428,2.152,0.819,0.682,0.762,1.937,0.459,0.201,0.258,1.517,1.428,2.152,0.819,0.682,0.762,1.937,0.459,0.201,0.258,1.517,12.083,12
1.451,2.308,0.829,0.689,0.784,2.065,0.412,0.182,0.232,1.678,1.451,2.308,0.829,0.689,0.784,2.065,0.412,0.182,0.232,1.678,5.099,12
1.427,2.186,0.859,0.752,0.752,1.917,0.373,0.171,0.202,1.578,1.427,2.186,0.859,0.752,0.752,1.917,0.373,0.171,0.202,1.578,2.828,12
1.354,2.214,0.811,0.679,0.708,2.168,0.467,0.19,0.277,1.719,1.354,2.214,0.811,0.679,0.708,2.168,0.467,0.19,0.277,1.719,6.708,12
1.455,2.274,0.824,0.731,0.742,2.083,0.392,0.149,0.246,1.721,1.455,2.274,0.824,0.731,0.742,2.083,0.392,0.149,0.246,1.721,8.544,12
1.413,2.219,0.856,0.742,0.689,2.145,0.382,0.166,0.218,1.781,1.413,2.219,0.856,0.742,0.689,2.145,0.382,0.166,0.218,1.781,4.472,12
1.425,2.251,0.851,0.755,0.679,2.204,0.393,0.163,0.231,1.854,1.425,2.251,0.851,0.755,0.679,2.204,0.393,0.163,0.231,1.854,10,12
1.461,2.23,0.854,0.73,0.742,2.024,0.389,0.18,0.209,1.664,1.461,2.23,0.854,0.73,0.742,2.024,0.389,0.18,0.209,1.664,10.296,12
1.394,2.167,0.877,0.763,0.647,2.173,0.379,0.179,0.202,1.808,1.394,2.167,0.877,0.763,0.647,2.173,0.379,0.179,0.202,1.808,8.062,12
1.417,2.167,0.877,0.811,0.632,2.145,0.313,0.107,0.207,1.848,1.417,2.167,0.877,0.811,0.632,2.145,0.313,0.107,0.207,1.848,5,12
1.341,2.125,0.861,0.742,0.648,2.136,0.424,0.196,0.228,1.744,1.341,2.125,0.861,0.742,0.648,2.136,0.424,0.196,0.228,1.744,6.083,12
1.413,2.223,0.859,0.77,0.667,2.189,0.388,0.161,0.228,1.834,1.413,2.223,0.859,0.77,0.667,2.189,0.388,0.161,0.228,1.834,10,12
1.423,2.23,0.875,0.747,0.722,2.06,0.392,0.211,0.183,1.71,1.423,2.23,0.875,0.747,0.722,2.06,0.392,0.211,0.183,1.71,5,12
1.463,2.225,0.867,0.782,0.689,2.102,0.358,0.134,0.227,1.779,1.463,2.225,0.867,0.782,0.689,2.102,0.358,0.134,0.227,1.779,13.454,12
1.32,2.079,0.857,0.721,0.621,2.186,0.455,0.219,0.238,1.741,1.32,2.079,0.857,0.721,0.621,2.186,0.455,0.219,0.238,1.741,4.472,12
1.36,2.124,0.85,0.761,0.625,2.19,0.451,0.196,0.26,1.805,1.36,2.124,0.85,0.761,0.625,2.19,0.451,0.196,0.26,1.805,12.207,12
1.48,2.282,0.854,0.778,0.708,2.123,0.342,0.124,0.219,1.82,1.48,2.282,0.854,0.778,0.708,2.123,0.342,0.124,0.219,1.82,12.806,12
1.448,2.26,0.868,0.765,0.711,2.105,0.368,0.156,0.214,1.778,1.448,2.26,0.868,0.765,0.711,2.105,0.368,0.156,0.214,1.778,4.243,12
1.452,2.242,0.888,0.782,0.704,2.079,0.366,0.183,0.183,1.771,1.452,2.242,0.888,0.782,0.704,2.079,0.366,0.183,0.183,1.771,6.325,12
1.374,2.185,0.892,0.777,0.635,2.223,0.396,0.2,0.197,1.87,1.374,2.185,0.892,0.777,0.635,2.223,0.396,0.2,0.197,1.87,11.18,12
1.429,2.188,0.862,0.777,0.698,2.035,0.37,0.154,0.217,1.704,1.429,2.188,0.862,0.777,0.698,2.035,0.37,0.154,0.217,1.704,7.616,12
1.423,2.238,0.867,0.763,0.673,2.19,0.384,0.163,0.223,1.852,1.423,2.238,0.867,0.763,0.673,2.19,0.384,0.163,0.223,1.852,9.899,12
1.402,2.213,0.88,0.763,0.691,2.109,0.377,0.189,0.189,1.755,1.402,2.213,0.88,0.763,0.691,2.109,0.377,0.189,0.189,1.755,6.403,12
1.394,2.111,0.865,0.796,0.617,2.132,0.367,0.133,0.235,1.809,1.394,2.111,0.865,0.796,0.617,2.132,0.367,0.133,0.235,1.809,10.817,12
1.416,2.225,0.861,0.738,0.687,2.164,0.388,0.179,0.217,1.788,1.416,2.225,0.861,0.738,0.687,2.164,0.388,0.179,0.217,1.788,10.817,12
1.35,2.138,0.881,0.765,0.63,2.185,0.404,0.202,0.202,1.812,1.35,2.138,0.881,0.765,0.63,2.185,0.404,0.202,0.202,1.812,3.606,12
1.403,2.149,0.893,0.796,0.633,2.144,0.367,0.169,0.199,1.816,1.403,2.149,0.893,0.796,0.633,2.144,0.367,0.169,0.199,1.816,9.849,12
1.403,2.14,0.871,0.771,0.637,2.151,0.395,0.167,0.23,1.805,1.403,2.14,0.871,0.771,0.637,2.151,0.395,0.167,0.23,1.805,14.213,12
1.348,2.156,0.876,0.734,0.637,2.237,0.455,0.234,0.225,1.823,1.348,2.156,0.876,0.734,0.637,2.237,0.455,0.234,0.225,1.823,7.211,12
1.45,2.226,0.835,0.737,0.77,1.938,0.399,0.173,0.23,1.606,1.45,2.226,0.835,0.737,0.77,1.938,0.399,0.173,0.23,1.606,4.472,12
1.327,2.099,0.863,0.742,0.603,2.252,0.438,0.202,0.245,1.826,1.327,2.099,0.863,0.742,0.603,2.252,0.438,0.202,0.245,1.826,7.211,12
1.375,2.16,0.89,0.807,0.613,2.206,0.346,0.142,0.206,1.9,1.375,2.16,0.89,0.807,0.613,2.206,0.346,0.142,0.206,1.9,5,12
1.388,2.144,0.899,0.835,0.593,2.211,0.293,0.112,0.181,1.931,1.388,2.144,0.899,0.835,0.593,2.211,0.293,0.112,0.181,1.931,3.606,12
1.438,2.199,0.869,0.768,0.687,2.083,0.373,0.158,0.217,1.754,1.438,2.199,0.869,0.768,0.687,2.083,0.373,0.158,0.217,1.754,9.434,12
1.376,2.122,0.865,0.774,0.617,2.185,0.379,0.149,0.235,1.828,1.376,2.122,0.865,0.774,0.617,2.185,0.379,0.149,0.235,1.828,10.63,12
1.41,2.251,0.877,0.763,0.649,2.294,0.374,0.177,0.2,1.943,1.41,2.251,0.877,0.763,0.649,2.294,0.374,0.177,0.2,1.943,12.042,12
1.502,2.224,0.867,0.782,0.735,1.962,0.323,0.121,0.205,1.685,1.502,2.224,0.867,0.782,0.735,1.962,0.323,0.121,0.205,1.685,5.657,12
1.342,1.994,0.89,0.776,0.591,2.061,0.385,0.192,0.2,1.69,1.342,1.994,0.89,0.776,0.591,2.061,0.385,0.192,0.2,1.69,2.828,12
1.427,2.212,0.891,0.774,0.681,2.116,0.376,0.19,0.187,1.787,1.427,2.212,0.891,0.774,0.681,2.116,0.376,0.19,0.187,1.787,8.062,12
1.384,2.174,0.858,0.756,0.652,2.176,0.398,0.167,0.231,1.818,1.384,2.174,0.858,0.756,0.652,2.176,0.398,0.167,0.231,1.818,8.062,12
1.326,2.055,0.878,0.773,0.564,2.275,0.405,0.207,0.225,1.871,1.326,2.055,0.878,0.773,0.564,2.275,0.405,0.207,0.225,1.871,7.071,12
1.445,2.131,0.881,0.77,0.681,1.998,0.347,0.164,0.185,1.672,1.445,2.131,0.881,0.77,0.681,1.998,0.347,0.164,0.185,1.672,10.63,12
1.429,2.174,0.869,0.768,0.673,2.088,0.381,0.161,0.221,1.758,1.429,2.174,0.869,0.768,0.673,2.088,0.381,0.161,0.221,1.758,7.211,12
1.43,2.266,0.869,0.736,0.714,2.148,0.404,0.194,0.215,1.781,1.43,2.266,0.869,0.736,0.714,2.148,0.404,0.194,0.215,1.781,8.485,12
0.778,0.925,0.772,0.568,0.509,0.798,0.865,0.402,0.487,0.334,0.778,0.925,0.772,0.568,0.509,0.798,0.865,0.402,0.487,0.334,110.386,13
0.784,0.937,0.738,0.552,0.495,0.823,0.908,0.377,0.544,0.291,0.784,0.937,0.738,0.552,0.495,0.823,0.908,0.377,0.544,0.291,109.786,13
0.765,0.911,0.755,0.571,0.493,0.797,0.878,0.374,0.522,0.421,0.765,0.911,0.755,0.571,0.493,0.797,0.878,0.374,0.522,0.421,108.503,13
0.886,1.162,0.723,0.6,0.577,0.976,0.696,0.213,0.483,0.28,0.886,1.162,0.723,0.6,0.577,0.976,0.696,0.213,0.483,0.28,110.136,13
0.783,0.94,0.712,0.512,0.482,0.908,1.014,0.416,0.605,0.229,0.783,0.94,0.712,0.512,0.482,0.908,1.014,0.416,0.605,0.229,108.167,13
0.759,0.882,0.786,0.594,0.489,0.726,0.837,0.392,0.462,0.479,0.759,0.882,0.786,0.594,0.489,0.726,0.837,0.392,0.462,0.479,109.786,13
0.802,0.928,0.746,0.572,0.518,0.774,0.835,0.339,0.52,0.351,0.802,0.928,0.746,0.572,0.518,0.774,0.835,0.339,0.52,0.351,108.503,13
0.742,0.881,0.672,0.516,0.491,0.848,0.996,0.318,0.69,0.449,0.742,0.881,0.672,0.516,0.491,0.848,0.996,0.318,0.69,0.449,110.136,13
0.761,0.88,0.795,0.577,0.491,0.765,0.875,0.446,0.459,0.478,0.761,0.88,0.795,0.577,0.491,0.765,0.875,0.446,0.459,0.478,109.11,13
0.767,0.937,0.684,0.52,0.511,0.839,0.947,0.321,0.63,0.171,0.767,0.937,0.684,0.52,0.511,0.839,0.947,0.321,0.63,0.171,110.386,13
0.781,0.981,0.665,0.495,0.514,0.958,0.99,0.333,0.677,0.056,0.781,0.981,0.665,0.495,0.514,0.958,0.99,0.333,0.677,0.056,110.725,13
0.793,1.023,0.564,0.571,0.509,0.896,0.845,0.02,0.861,0.082,0.793,1.023,0.564,0.571,0.509,0.896,0.845,0.02,0.861,0.082,111.427,13
0.79,1.027,0.684,0.575,0.488,0.927,0.873,0.224,0.65,0.063,0.79,1.027,0.684,0.575,0.488,0.927,0.873,0.224,0.65,0.063,108.849,13
0.79,0.978,0.609,0.589,0.487,0.838,0.845,0.044,0.802,0.276,0.79,0.978,0.609,0.589,0.487,0.838,0.845,0.044,0.802,0.276,109.786,13
0.75,0.883,0.805,0.573,0.47,0.814,0.914,0.496,0.419,0.567,0.75,0.883,0.805,0.573,0.47,0.814,0.914,0.496,0.419,0.567,108.503,13
0.772,0.902,0.663,0.57,0.498,0.83,0.879,0.188,0.692,0.496,0.772,0.902,0.663,0.57,0.498,0.83,0.879,0.188,0.692,0.496,107.912,13
0.78,0.902,0.703,0.582,0.489,0.794,0.86,0.252,0.632,0.512,0.78,0.902,0.703,0.582,0.489,0.794,0.86,0.252,0.632,0.512,107.224,13
0.788,1.007,0.767,0.616,0.486,0.806,0.791,0.315,0.492,0.02,0.788,1.007,0.767,0.616,0.486,0.806,0.791,0.315,0.492,0.02,108.503,13
0.766,0.932,0.706,0.553,0.468,0.884,0.956,0.328,0.632,0.465,0.766,0.932,0.706,0.553,0.468,0.884,0.956,0.328,0.632,0.465,107.564,13
0.758,0.932,0.668,0.52,0.477,0.911,1.009,0.311,0.7,0.349,0.758,0.932,0.668,0.52,0.477,0.911,1.009,0.311,0.7,0.349,108.268,13
0.775,0.925,0.683,0.54,0.488,0.88,0.944,0.295,0.654,0.496,0.775,0.925,0.683,0.54,0.488,0.88,0.944,0.295,0.654,0.496,109.444,13
0.784,0.952,0.627,0.593,0.476,0.835,0.857,0.074,0.787,0.422,0.784,0.952,0.627,0.593,0.476,0.835,0.857,0.074,0.787,0.422,105.342,13
0.792,0.989,0.689,0.565,0.491,0.886,0.888,0.254,0.635,0.187,0.792,0.989,0.689,0.565,0.491,0.886,0.888,0.254,0.635,0.187,105.342,13
0.92,1.238,0.73,0.68,0.574,0.972,0.558,0.103,0.471,0.414,0.92,1.238,0.73,0.68,0.574,0.972,0.558,0.103,0.471,0.414,106.283,13
0.84,1.08,0.744,0.591,0.507,0.964,0.807,0.302,0.505,0.159,0.84,1.08,0.744,0.591,0.507,0.964,0.807,0.302,0.505,0.159,105.688,13
0.778,0.944,0.752,0.579,0.435,0.856,0.969,0.4,0.57,0.311,0.778,0.944,0.752,0.579,0.435,0.856,0.969,0.4,0.57,0.311,106.283,13
0.778,0.939,0.794,0.576,0.467,0.84,0.909,0.467,0.443,0.358,0.778,0.939,0.794,0.576,0.467,0.84,0.909,0.467,0.443,0.358,106.042,13
0.775,0.912,0.647,0.546,0.488,0.879,0.937,0.208,0.731,0.521,0.775,0.912,0.647,0.546,0.488,0.879,0.937,0.208,0.731,0.521,105.342,13
0.778,0.944,0.765,0.548,0.496,0.87,0.92,0.44,0.483,0.318,0.778,0.944,0.765,0.548,0.496,0.87,0.92,0.44,0.483,0.318,105.342,13
0.764,0.924,0.72,0.559,0.472,0.859,0.94,0.343,0.613,0.411,0.764,0.924,0.72,0.559,0.472,0.859,0.94,0.343,0.613,0.411,105.688,13
0.854,1.114,0.754,0.64,0.533,0.893,0.679,0.215,0.465,0.215,0.854,1.114,0.754,0.64,0.533,0.893,0.679,0.215,0.465,0.215,105.688,13
0.783,1.022,0.723,0.578,0.483,0.939,0.876,0.3,0.582,0.174,0.783,1.022,0.723,0.578,0.483,0.939,0.876,0.3,0.582,0.174,104.752,13
0.814,1.087,0.74,0.625,0.488,0.949,0.77,0.235,0.537,0.179,0.814,1.087,0.74,0.625,0.488,0.949,0.77,0.235,0.537,0.179,103.247,13
0.917,1.247,0.746,0.664,0.574,1.018,0.586,0.145,0.442,0.432,0.917,1.247,0.746,0.664,0.574,1.018,0.586,0.145,0.442,0.432,105.109,13
0.877,1.161,0.779,0.665,0.526,0.943,0.638,0.218,0.42,0.307,0.877,1.161,0.779,0.665,0.526,0.943,0.638,0.218,0.42,0.307,102.318,13
0.874,1.188,0.736,0.648,0.53,1.017,0.663,0.168,0.5,0.354,0.874,1.188,0.736,0.648,0.53,1.017,0.663,0.168,0.5,0.354,105.109,13
0.835,1.134,0.725,0.627,0.491,1.032,0.76,0.202,0.561,0.273,0.835,1.134,0.725,0.627,0.491,1.032,0.76,0.202,0.561,0.273,104.178,13
0.784,1.035,0.728,0.583,0.463,0.976,0.9,0.314,0.587,0.076,0.784,1.035,0.728,0.583,0.463,0.976,0.9,0.314,0.587,0.076,104.752,13
0.841,1.036,0.72,0.618,0.498,0.874,0.767,0.206,0.562,0.338,0.841,1.036,0.72,0.618,0.498,0.874,0.767,0.206,0.562,0.338,103.817,13
0.784,0.984,0.727,0.575,0.484,0.882,0.881,0.315,0.566,0.253,0.784,0.984,0.727,0.575,0.484,0.882,0.881,0.315,0.566,0.253,102.528,13
0.792,1.041,0.791,0.608,0.48,0.903,0.82,0.382,0.447,0.093,0.792,1.041,0.791,0.608,0.48,0.903,0.82,0.382,0.447,0.093,103.121,13
0.825,1.07,0.695,0.598,0.46,1.027,0.873,0.217,0.669,0.159,0.825,1.07,0.695,0.598,0.46,1.027,0.873,0.217,0.669,0.159,101.514,13
0.745,0.928,0.706,0.554,0.439,0.887,1.018,0.349,0.673,0.37,0.745,0.928,0.706,0.554,0.439,0.887,1.018,0.349,0.673,0.37,104.178,13
0.804,1.064,0.683,0.555,0.477,1.069,0.935,0.271,0.665,0.136,0.804,1.064,0.683,0.555,0.477,1.069,0.935,0.271,0.665,0.136,102.181,13
0.863,1.185,0.721,0.608,0.539,1.07,0.728,0.21,0.52,0.344,0.863,1.185,0.721,0.608,0.539,1.07,0.728,0.21,0.52,0.344,103.817,13
0.807,1.087,0.72,0.59,0.461,1.076,0.888,0.282,0.607,0.189,0.807,1.087,0.72,0.59,0.461,1.076,0.888,0.282,0.607,0.189,104.403,13
0.875,1.193,0.739,0.654,0.524,1.029,0.661,0.162,0.499,0.37,0.875,1.193,0.739,0.654,0.524,1.029,0.661,0.162,0.499,0.37,104.752,13
0.752,0.933,0.646,0.554,0.445,0.93,1.003,0.207,0.796,0.452,0.752,0.933,0.646,0.554,0.445,0.93,1.003,0.207,0.796,0.452,102.181,13
0.79,1.069,0.675,0.597,0.471,1.002,0.856,0.165,0.692,0.152,0.79,1.069,0.675,0.597,0.471,1.002,0.856,0.165,0.692,0.152,106.283,13
0.745,0.956,0.738,0.552,0.445,0.954,1.008,0.417,0.597,0.333,0.745,0.956,0.738,0.552,0.445,0.954,1.008,0.417,0.597,0.333,104.752,13
0.762,1.006,0.654,0.537,0.463,1.011,1,0.253,0.752,0.047,0.762,1.006,0.654,0.537,0.463,1.011,1,0.253,0.752,0.047,105.005,13
0.551,0.947,0.613,0.546,0.396,1.071,1.147,0.209,1.002,0.57,0.551,0.947,0.613,0.546,0.396,1.071,1.147,0.209,1.002,0.57,73.98,14
0.538,0.94,0.606,0.547,0.388,1.068,1.166,0.211,1.039,0.521,0.538,0.94,0.606,0.547,0.388,1.068,1.166,0.211,1.039,0.521,73.082,14
0.541,0.942,0.601,0.535,0.374,1.131,1.245,0.207,1.095,0.583,0.541,0.942,0.601,0.535,0.374,1.131,1.245,0.207,1.095,0.583,78.16,14
0.539,0.938,0.603,0.535,0.39,1.077,1.194,0.214,1.048,0.534,0.539,0.938,0.603,0.535,0.39,1.077,1.194,0.214,1.048,0.534,80.654,14
0.538,0.918,0.605,0.548,0.382,1.018,1.184,0.186,1.056,0.558,0.538,0.918,0.605,0.548,0.382,1.018,1.184,0.186,1.056,0.558,81.043,14
0.545,0.933,0.62,0.545,0.394,1.045,1.157,0.237,0.994,0.55,0.545,0.933,0.62,0.545,0.394,1.045,1.157,0.237,0.994,0.55,76.655,14
0.542,0.929,0.593,0.535,0.391,1.05,1.193,0.184,1.066,0.518,0.542,0.929,0.593,0.535,0.391,1.05,1.193,0.184,1.066,0.518,80.362,14
0.556,0.94,0.609,0.547,0.396,1.034,1.147,0.211,1.022,0.504,0.556,0.94,0.609,0.547,0.396,1.034,1.147,0.211,1.022,0.504,77.885,14
0.551,0.939,0.618,0.553,0.407,1.002,1.101,0.192,0.958,0.508,0.551,0.939,0.618,0.553,0.407,1.002,1.101,0.192,0.958,0.508,78.16,14
0.531,0.923,0.586,0.534,0.384,1.069,1.215,0.205,1.103,0.536,0.531,0.923,0.586,0.534,0.384,1.069,1.215,0.205,1.103,0.536,78.848,14
0.551,0.937,0.593,0.548,0.39,1.042,1.158,0.176,1.065,0.492,0.551,0.937,0.593,0.548,0.39,1.042,1.158,0.176,1.065,0.492,77.885,14
0.552,0.921,0.584,0.531,0.384,1.06,1.224,0.188,1.111,0.542,0.552,0.921,0.584,0.531,0.384,1.06,1.224,0.188,1.111,0.542,71.784,14
0.539,0.938,0.597,0.537,0.393,1.077,1.179,0.212,1.045,0.492,0.539,0.938,0.597,0.537,0.393,1.077,1.179,0.212,1.045,0.492,76.844,14
0.539,0.933,0.552,0.491,0.372,1.219,1.372,0.211,1.236,0.508,0.539,0.933,0.552,0.491,0.372,1.219,1.372,0.211,1.236,0.508,78.447,14
0.529,0.925,0.535,0.475,0.374,1.247,1.405,0.225,1.27,0.549,0.529,0.925,0.535,0.475,0.374,1.247,1.405,0.225,1.27,0.549,80.362,14
0.535,0.931,0.533,0.472,0.371,1.266,1.425,0.225,1.288,0.488,0.535,0.931,0.533,0.472,0.371,1.266,1.425,0.225,1.288,0.488,75.286,14
0.525,0.94,0.532,0.464,0.369,1.326,1.454,0.255,1.298,0.516,0.525,0.94,0.532,0.464,0.369,1.326,1.454,0.255,1.298,0.516,77.201,14
0.536,0.923,0.528,0.46,0.378,1.259,1.43,0.247,1.273,0.47,0.536,0.923,0.528,0.46,0.378,1.259,1.43,0.247,1.273,0.47,77.201,14
0.526,0.931,0.528,0.459,0.396,1.241,1.37,0.265,1.214,0.438,0.526,0.931,0.528,0.459,0.396,1.241,1.37,0.265,1.214,0.438,79.812,14
0.548,0.936,0.543,0.457,0.403,1.24,1.35,0.285,1.149,0.435,0.548,0.936,0.543,0.457,0.403,1.24,1.35,0.285,1.149,0.435,84.119,14
0.543,0.937,0.528,0.475,0.418,1.172,1.267,0.25,1.135,0.363,0.543,0.937,0.528,0.475,0.418,1.172,1.267,0.25,1.135,0.363,82.28,14
0.536,0.924,0.54,0.466,0.41,1.175,1.308,0.266,1.137,0.433,0.536,0.924,0.54,0.466,0.41,1.175,1.308,0.266,1.137,0.433,81.908,14
0.546,0.933,0.528,0.458,0.407,1.213,1.335,0.257,1.178,0.411,0.546,0.933,0.528,0.458,0.407,1.213,1.335,0.257,1.178,0.411,79.404,14
0.551,0.937,0.533,0.472,0.423,1.152,1.253,0.239,1.116,0.371,0.551,0.937,0.533,0.472,0.423,1.152,1.253,0.239,1.116,0.371,79.48,14
0.555,0.945,0.538,0.476,0.419,1.171,1.257,0.243,1.117,0.368,0.555,0.945,0.538,0.476,0.419,1.171,1.257,0.243,1.117,0.368,82.219,14
0.553,0.945,0.547,0.486,0.431,1.132,1.203,0.252,1.06,0.36,0.553,0.945,0.547,0.486,0.431,1.132,1.203,0.252,1.06,0.36,81.271,14
0.55,0.939,0.57,0.534,0.446,0.988,1.056,0.192,0.969,0.369,0.55,0.939,0.57,0.534,0.446,0.988,1.056,0.192,0.969,0.369,82.541,14
0.55,0.936,0.552,0.561,0.462,0.891,0.959,0.163,0.974,0.359,0.55,0.936,0.552,0.561,0.462,0.891,0.959,0.163,0.974,0.359,83.169,14
0.541,0.928,0.557,0.632,0.502,0.699,0.752,0.29,0.898,0.31,0.541,0.928,0.557,0.632,0.502,0.699,0.752,0.29,0.898,0.31,80.324,14
0.562,0.941,0.596,0.654,0.518,0.685,0.684,0.222,0.786,0.339,0.562,0.941,0.596,0.654,0.518,0.685,0.684,0.222,0.786,0.339,82.541,14
0.548,0.931,0.53,0.664,0.527,0.639,0.659,0.397,0.921,0.315,0.548,0.931,0.53,0.664,0.527,0.639,0.659,0.397,0.921,0.315,82.541,14
0.528,0.925,0.548,0.767,0.697,0.596,0.498,0.509,0.664,0.253,0.528,0.925,0.548,0.767,0.697,0.596,0.498,0.509,0.664,0.253,81.908,14
0.543,0.936,0.549,0.781,0.727,0.632,0.511,0.514,0.631,0.243,0.543,0.936,0.549,0.781,0.727,0.632,0.511,0.514,0.631,0.243,80.654,14
0.554,0.93,0.571,0.78,0.737,0.629,0.518,0.497,0.591,0.237,0.554,0.93,0.571,0.78,0.737,0.629,0.518,0.497,0.591,0.237,82.565,14
0.548,0.93,0.558,0.773,0.727,0.64,0.531,0.518,0.619,0.24,0.548,0.93,0.558,0.773,0.727,0.64,0.531,0.518,0.619,0.24,71.47,14
0.547,0.923,0.562,0.777,0.731,0.627,0.518,0.511,0.611,0.246,0.547,0.923,0.562,0.777,0.731,0.627,0.518,0.511,0.611,0.246,78.109,14
0.543,0.927,0.556,0.746,0.686,0.611,0.533,0.488,0.66,0.239,0.543,0.927,0.556,0.746,0.686,0.611,0.533,0.488,0.66,0.239,82.565,14
0.564,0.94,0.582,0.581,0.506,0.844,0.863,0.247,0.829,0.314,0.564,0.94,0.582,0.581,0.506,0.844,0.863,0.247,0.829,0.314,76.896,14
0.544,0.935,0.577,0.534,0.475,0.952,1.012,0.258,0.894,0.308,0.544,0.935,0.577,0.534,0.475,0.952,1.012,0.258,0.894,0.308,84.119,14
0.56,0.933,0.598,0.547,0.471,0.922,0.994,0.275,0.856,0.281,0.56,0.933,0.598,0.547,0.471,0.922,0.994,0.275,0.856,0.281,81.597,14
0.555,0.934,0.596,0.55,0.483,0.894,0.962,0.266,0.841,0.276,0.555,0.934,0.596,0.55,0.483,0.894,0.962,0.266,0.841,0.276,80.324,14
0.568,0.943,0.6,0.559,0.474,0.903,0.952,0.256,0.853,0.301,0.568,0.943,0.6,0.559,0.474,0.903,0.952,0.256,0.853,0.301,80.056,14
0.557,0.949,0.59,0.553,0.498,0.903,0.929,0.247,0.826,0.283,0.557,0.949,0.59,0.553,0.498,0.903,0.929,0.247,0.826,0.283,85.094,14
0.558,0.942,0.579,0.549,0.491,0.908,0.949,0.245,0.861,0.293,0.558,0.942,0.579,0.549,0.491,0.908,0.949,0.245,0.861,0.293,78.39,14
0.55,0.933,0.588,0.552,0.474,0.903,0.973,0.252,0.872,0.294,0.55,0.933,0.588,0.552,0.474,0.903,0.973,0.252,0.872,0.294,79.48,14
0.554,0.932,0.578,0.549,0.482,0.905,0.969,0.262,0.88,0.291,0.554,0.932,0.578,0.549,0.482,0.905,0.969,0.262,0.88,0.291,83.57,14
0.55,0.932,0.567,0.544,0.481,0.903,0.978,0.258,0.905,0.278,0.55,0.932,0.567,0.544,0.481,0.903,0.978,0.258,0.905,0.278,77.833,14
0.558,0.936,0.582,0.566,0.493,0.87,0.914,0.254,0.85,0.298,0.558,0.936,0.582,0.566,0.493,0.87,0.914,0.254,0.85,0.298,78.186,14
0.563,0.937,0.596,0.559,0.488,0.893,0.935,0.249,0.831,0.314,0.563,0.937,0.596,0.559,0.488,0.893,0.935,0.249,0.831,0.314,76.896,14
0.555,0.935,0.584,0.557,0.485,0.896,0.945,0.245,0.86,0.314,0.555,0.935,0.584,0.557,0.485,0.896,0.945,0.245,0.86,0.314,68.949,14
0.569,0.929,0.6,0.555,0.481,0.889,0.955,0.254,0.836,0.313,0.569,0.929,0.6,0.555,0.481,0.889,0.955,0.254,0.836,0.313,82.079,14
1.309,1.874,0.806,0.832,0.489,2.664,0.581,0.319,0.414,2.083,1.309,1.874,0.806,0.832,0.489,2.664,0.581,0.319,0.414,2.083,140.014,15
1.273,1.837,0.79,0.765,0.535,2.344,0.497,0.166,0.396,1.877,1.273,1.837,0.79,0.765,0.535,2.344,0.497,0.166,0.396,1.877,137.179,15
1.248,1.785,0.774,0.73,0.535,2.294,0.569,0.174,0.432,1.76,1.248,1.785,0.774,0.73,0.535,2.294,0.569,0.174,0.432,1.76,136.473,15
1.325,1.895,0.788,0.802,0.533,2.477,0.494,0.186,0.416,1.988,1.325,1.895,0.788,0.802,0.533,2.477,0.494,0.186,0.416,1.988,138.593,15
1.335,1.947,0.815,0.818,0.522,2.605,0.514,0.213,0.382,2.091,1.335,1.947,0.815,0.818,0.522,2.605,0.514,0.213,0.382,2.091,136.488,15
1.314,1.882,0.835,0.808,0.509,2.565,0.535,0.24,0.348,2.031,1.314,1.882,0.835,0.808,0.509,2.565,0.535,0.24,0.348,2.031,136.473,15
1.318,1.872,0.778,0.792,0.533,2.445,0.517,0.184,0.437,1.934,1.318,1.872,0.778,0.792,0.533,2.445,0.517,0.184,0.437,1.934,137.888,15
1.327,1.872,0.789,0.785,0.543,2.46,0.563,0.26,0.403,1.9,1.327,1.872,0.789,0.785,0.543,2.46,0.563,0.26,0.403,1.9,136.473,15
1.321,1.862,0.802,0.809,0.515,2.543,0.535,0.252,0.399,2.011,1.321,1.862,0.802,0.809,0.515,2.543,0.535,0.252,0.399,2.011,135.074,15
1.341,1.873,0.811,0.796,0.548,2.412,0.51,0.243,0.354,1.909,1.341,1.873,0.811,0.796,0.548,2.412,0.51,0.243,0.354,1.909,135.794,15
1.324,1.926,0.757,0.802,0.523,2.667,0.614,0.288,0.493,2.054,1.324,1.926,0.757,0.802,0.523,2.667,0.614,0.288,0.493,2.054,136.488,15
1.344,1.902,0.792,0.82,0.525,2.535,0.544,0.258,0.418,1.991,1.344,1.902,0.792,0.82,0.525,2.535,0.544,0.258,0.418,1.991,135.059,15
1.377,1.942,0.803,0.838,0.54,2.568,0.482,0.258,0.376,2.087,1.377,1.942,0.803,0.838,0.54,2.568,0.482,0.258,0.376,2.087,135.794,15
1.335,1.931,0.791,0.846,0.498,2.632,0.483,0.273,0.429,2.149,1.335,1.931,0.791,0.846,0.498,2.632,0.483,0.273,0.429,2.149,135.765,15
1.329,1.902,0.805,0.832,0.502,2.628,0.505,0.227,0.409,2.124,1.329,1.902,0.805,0.832,0.502,2.628,0.505,0.227,0.409,2.124,135.074,15
1.326,1.902,0.804,0.864,0.466,2.797,0.559,0.334,0.44,2.244,1.326,1.902,0.804,0.864,0.466,2.797,0.559,0.334,0.44,2.244,134.417,15
1.299,1.838,0.81,0.812,0.492,2.555,0.559,0.263,0.403,1.996,1.299,1.838,0.81,0.812,0.492,2.555,0.559,0.263,0.403,1.996,134.38,15
1.309,1.861,0.821,0.836,0.478,2.675,0.519,0.253,0.391,2.157,1.309,1.861,0.821,0.836,0.478,2.675,0.519,0.253,0.391,2.157,135.794,15
1.318,1.865,0.789,0.623,0.706,1.93,0.549,0.245,0.304,1.456,1.318,1.865,0.789,0.623,0.706,1.93,0.549,0.245,0.304,1.456,134.38,15
1.29,1.821,0.781,0.654,0.644,2.045,0.568,0.21,0.358,1.546,1.29,1.821,0.781,0.654,0.644,2.045,0.568,0.21,0.358,1.546,135.059,15
1.324,1.843,0.778,0.648,0.69,1.905,0.525,0.19,0.337,1.45,1.324,1.843,0.778,0.648,0.69,1.905,0.525,0.19,0.337,1.45,134.358,15
1.347,1.898,0.772,0.638,0.716,1.966,0.534,0.21,0.326,1.493,1.347,1.898,0.772,0.638,0.716,1.966,0.534,0.21,0.326,1.493,135.772,15
1.357,1.917,0.781,0.632,0.737,1.908,0.514,0.213,0.301,1.462,1.357,1.917,0.781,0.632,0.737,1.908,0.514,0.213,0.301,1.462,134.35,15
1.336,1.895,0.777,0.657,0.687,2.004,0.524,0.192,0.332,1.541,1.336,1.895,0.777,0.657,0.687,2.004,0.524,0.192,0.332,1.541,133.645,15
1.359,1.95,0.83,0.683,0.694,1.988,0.462,0.215,0.247,1.603,1.359,1.95,0.83,0.683,0.694,1.988,0.462,0.215,0.247,1.603,133.004,15
1.304,1.796,0.787,0.639,0.677,1.886,0.549,0.226,0.323,1.413,1.304,1.796,0.787,0.639,0.677,1.886,0.549,0.226,0.323,1.413,135.765,15
1.358,1.899,0.789,0.668,0.707,1.93,0.481,0.177,0.305,1.525,1.358,1.899,0.789,0.668,0.707,1.93,0.481,0.177,0.305,1.525,135.059,15
1.369,1.941,0.808,0.671,0.721,1.91,0.462,0.196,0.268,1.518,1.369,1.941,0.808,0.671,0.721,1.91,0.462,0.196,0.268,1.518,134.35,15
1.34,1.926,0.81,0.653,0.701,1.97,0.502,0.23,0.273,1.547,1.34,1.926,0.81,0.653,0.701,1.97,0.502,0.23,0.273,1.547,132.246,15
1.344,1.838,0.803,0.696,0.67,1.876,0.465,0.163,0.303,1.474,1.344,1.838,0.803,0.696,0.67,1.876,0.465,0.163,0.303,1.474,133.645,15
1.324,1.847,0.801,0.65,0.704,1.827,0.499,0.215,0.291,1.418,1.324,1.847,0.801,0.65,0.704,1.827,0.499,0.215,0.291,1.418,133.66,15
1.34,1.873,0.798,0.652,0.706,1.885,0.505,0.218,0.289,1.445,1.34,1.873,0.798,0.652,0.706,1.885,0.505,0.218,0.289,1.445,132.944,15
1.315,1.903,0.82,0.674,0.657,2.047,0.51,0.234,0.277,1.599,1.315,1.903,0.82,0.674,0.657,2.047,0.51,0.234,0.277,1.599,130.908,15
1.332,1.894,0.813,0.693,0.658,1.984,0.472,0.182,0.292,1.588,1.332,1.894,0.813,0.693,0.658,1.984,0.472,0.182,0.292,1.588,130.115,15
1.335,1.856,0.802,0.682,0.665,1.959,0.495,0.197,0.3,1.529,1.335,1.856,0.802,0.682,0.665,1.959,0.495,0.197,0.3,1.529,130.832,15
1.349,1.869,0.812,0.668,0.705,1.845,0.474,0.207,0.268,1.455,1.349,1.869,0.812,0.668,0.705,1.845,0.474,0.207,0.268,1.455,130.817,15
1.349,1.896,0.775,0.642,0.717,1.904,0.509,0.188,0.322,1.469,1.349,1.896,0.775,0.642,0.717,1.904,0.509,0.188,0.322,1.469,127.988,15
1.365,1.901,0.809,0.686,0.693,1.922,0.465,0.182,0.283,1.517,1.365,1.901,0.809,0.686,0.693,1.922,0.465,0.182,0.283,1.517,128.725,15
1.359,1.867,0.797,0.675,0.7,1.88,0.48,0.18,0.3,1.46,1.359,1.867,0.797,0.675,0.7,1.88,0.48,0.18,0.3,1.46,132.944,15
1.341,1.918,0.808,0.674,0.7,1.9,0.466,0.192,0.276,1.546,1.341,1.918,0.808,0.674,0.7,1.9,0.466,0.192,0.276,1.546,130.908,15
1.349,1.892,0.809,0.687,0.68,1.937,0.466,0.18,0.289,1.552,1.349,1.892,0.809,0.687,0.68,1.937,0.466,0.18,0.289,1.552,130.817,15
1.323,1.845,0.791,0.682,0.658,1.936,0.491,0.165,0.333,1.52,1.323,1.845,0.791,0.682,0.658,1.936,0.491,0.165,0.333,1.52,130.138,15
1.364,1.911,0.822,0.713,0.659,2.025,0.463,0.194,0.274,1.6,1.364,1.911,0.822,0.713,0.659,2.025,0.463,0.194,0.274,1.6,130.115,15
1.366,1.892,0.814,0.716,0.665,1.963,0.443,0.155,0.289,1.57,1.366,1.892,0.814,0.716,0.665,1.963,0.443,0.155,0.289,1.57,131.529,15
1.377,1.901,0.809,0.719,0.672,1.957,0.438,0.147,0.292,1.565,1.377,1.901,0.809,0.719,0.672,1.957,0.438,0.147,0.292,1.565,129.402,15
1.357,1.889,0.813,0.726,0.651,1.959,0.432,0.137,0.295,1.579,1.357,1.889,0.813,0.726,0.651,1.959,0.432,0.137,0.295,1.579,129.402,15
1.376,1.882,0.833,0.745,0.644,1.974,0.42,0.152,0.269,1.588,1.376,1.882,0.833,0.745,0.644,1.974,0.42,0.152,0.269,1.588,128.693,15
1.425,1.997,0.824,0.732,0.704,2.005,0.407,0.147,0.26,1.632,1.425,1.997,0.824,0.732,0.704,2.005,0.407,0.147,0.26,1.632,129.402,15
1.389,1.944,0.791,0.7,0.696,1.977,0.465,0.145,0.32,1.539,1.389,1.944,0.791,0.7,0.696,1.977,0.465,0.145,0.32,1.539,128.701,15
1.413,2.003,0.825,0.758,0.661,2.111,0.411,0.125,0.287,1.715,1.413,2.003,0.825,0.758,0.661,2.111,0.411,0.125,0.287,1.715,127.988,15
1.37,1.954,0.803,0.71,0.677,1.981,0.442,0.149,0.295,1.575,1.37,1.954,0.803,0.71,0.677,1.981,0.442,0.149,0.295,1.575,126.574,15
1.326,1.881,0.892,0.836,0.529,2.202,0.6,0.324,0.283,1.691,1.326,1.881,0.892,0.836,0.529,2.202,0.6,0.324,0.283,1.691,60.033,16
1.338,1.916,0.887,0.798,0.567,2.158,0.588,0.321,0.269,1.637,1.338,1.916,0.887,0.798,0.567,2.158,0.588,0.321,0.269,1.637,67.067,16
1.321,1.882,0.891,0.829,0.538,2.183,0.63,0.363,0.276,1.658,1.321,1.882,0.891,0.829,0.538,2.183,0.63,0.363,0.276,1.658,65.742,16
1.336,1.902,0.894,0.842,0.546,2.183,0.585,0.316,0.276,1.683,1.336,1.902,0.894,0.842,0.546,2.183,0.585,0.316,0.276,1.683,65.552,16
1.32,1.872,0.88,0.829,0.53,2.214,0.625,0.321,0.313,1.674,1.32,1.872,0.88,0.829,0.53,2.214,0.625,0.321,0.313,1.674,64.846,16
1.28,1.849,0.871,0.816,0.5,2.283,0.64,0.335,0.322,1.723,1.28,1.849,0.871,0.816,0.5,2.283,0.64,0.335,0.322,1.723,61.294,16
1.312,1.918,0.887,0.837,0.52,2.348,0.667,0.335,0.337,1.791,1.312,1.918,0.887,0.837,0.52,2.348,0.667,0.335,0.337,1.791,64.885,16
1.336,1.977,0.885,0.811,0.562,2.287,0.625,0.35,0.28,1.757,1.336,1.977,0.885,0.811,0.562,2.287,0.625,0.35,0.28,1.757,64.622,16
1.302,1.938,0.888,0.849,0.495,2.502,0.707,0.368,0.349,1.926,1.302,1.938,0.888,0.849,0.495,2.502,0.707,0.368,0.349,1.926,60.828,16
1.32,1.884,0.903,0.848,0.516,2.255,0.62,0.327,0.296,1.74,1.32,1.884,0.903,0.848,0.516,2.255,0.62,0.327,0.296,1.74,63.063,16
1.289,1.875,0.886,0.828,0.488,2.369,0.621,0.343,0.293,1.825,1.289,1.875,0.886,0.828,0.488,2.369,0.621,0.343,0.293,1.825,67.779,16
1.26,1.892,0.866,0.816,0.483,2.504,0.71,0.347,0.375,1.882,1.26,1.892,0.866,0.816,0.483,2.504,0.71,0.347,0.375,1.882,62.769,16
1.28,1.889,0.893,0.797,0.521,2.337,0.652,0.37,0.283,1.745,1.28,1.889,0.893,0.797,0.521,2.337,0.652,0.37,0.283,1.745,63.953,16
1.309,1.933,0.903,0.847,0.496,2.421,0.635,0.335,0.303,1.903,1.309,1.933,0.903,0.847,0.496,2.421,0.635,0.335,0.303,1.903,67.779,16
1.315,1.941,0.918,0.848,0.504,2.419,0.635,0.366,0.27,1.895,1.315,1.941,0.918,0.848,0.504,2.419,0.635,0.366,0.27,1.895,65.307,16
1.325,1.93,0.928,0.86,0.504,2.383,0.652,0.366,0.286,1.869,1.325,1.93,0.928,0.86,0.504,2.383,0.652,0.366,0.286,1.869,62.65,16
1.285,1.895,0.893,0.822,0.492,2.438,0.668,0.374,0.3,1.853,1.285,1.895,0.893,0.822,0.492,2.438,0.668,0.374,0.3,1.853,73.164,16
1.285,1.944,0.9,0.829,0.49,2.539,0.691,0.378,0.314,1.954,1.285,1.944,0.9,0.829,0.49,2.539,0.691,0.378,0.314,1.954,62.266,16
1.3,1.88,0.881,0.816,0.522,2.313,0.657,0.35,0.313,1.727,1.3,1.88,0.881,0.816,0.522,2.313,0.657,0.35,0.313,1.727,67.676,16
1.295,1.927,0.88,0.816,0.525,2.405,0.663,0.354,0.317,1.812,1.295,1.927,0.88,0.816,0.525,2.405,0.663,0.354,0.317,1.812,65.391,16
1.306,1.956,0.905,0.842,0.508,2.488,0.667,0.366,0.303,1.922,1.306,1.956,0.905,0.842,0.508,2.488,0.667,0.366,0.303,1.922,63.953,16
1.311,1.966,0.892,0.823,0.517,2.431,0.6,0.314,0.29,1.902,1.311,1.966,0.892,0.823,0.517,2.431,0.6,0.314,0.29,1.902,68.949,16
1.295,1.921,0.9,0.829,0.496,2.473,0.683,0.374,0.311,1.889,1.295,1.921,0.9,0.829,0.496,2.473,0.683,0.374,0.311,1.889,65.391,16
1.3,1.903,0.896,0.841,0.5,2.416,0.667,0.384,0.293,1.846,1.3,1.903,0.896,0.841,0.5,2.416,0.667,0.384,0.293,1.846,61.098,16
1.294,1.888,0.87,0.785,0.53,2.269,0.621,0.327,0.301,1.702,1.294,1.888,0.87,0.785,0.53,2.269,0.621,0.327,0.301,1.702,61.717,16
1.342,1.953,0.879,0.831,0.569,2.257,0.634,0.348,0.297,1.712,1.342,1.953,0.879,0.831,0.569,2.257,0.634,0.348,0.297,1.712,61.847,16
1.273,1.851,0.879,0.833,0.487,2.416,0.686,0.384,0.322,1.804,1.273,1.851,0.879,0.833,0.487,2.416,0.686,0.384,0.322,1.804,64.405,16
1.304,1.919,0.881,0.828,0.517,2.372,0.631,0.324,0.317,1.818,1.304,1.919,0.881,0.828,0.517,2.372,0.631,0.324,0.317,1.818,69.893,16
1.295,1.996,0.885,0.829,0.496,2.59,0.683,0.343,0.345,2.028,1.295,1.996,0.885,0.829,0.496,2.59,0.683,0.343,0.345,2.028,64.475,16
1.326,1.902,0.9,0.828,0.533,2.297,0.642,0.372,0.274,1.734,1.326,1.902,0.9,0.828,0.533,2.297,0.642,0.372,0.274,1.734,58.6,16
1.302,1.926,0.891,0.815,0.53,2.373,0.625,0.368,0.266,1.803,1.302,1.926,0.891,0.815,0.53,2.373,0.625,0.368,0.266,1.803,59.808,16
1.315,1.958,0.9,0.853,0.504,2.499,0.66,0.38,0.29,1.944,1.315,1.958,0.9,0.853,0.504,2.499,0.66,0.38,0.29,1.944,62.65,16
1.32,1.981,0.882,0.823,0.559,2.371,0.627,0.334,0.299,1.809,1.32,1.981,0.882,0.823,0.559,2.371,0.627,0.334,0.299,1.809,63.695,16
1.308,1.923,0.875,0.827,0.521,2.382,0.613,0.321,0.308,1.828,1.308,1.923,0.875,0.827,0.521,2.382,0.613,0.321,0.308,1.828,63.561,16
1.347,1.974,0.886,0.824,0.578,2.27,0.617,0.372,0.257,1.728,1.347,1.974,0.886,0.824,0.578,2.27,0.617,0.372,0.257,1.728,62.241,16
1.317,2.01,0.892,0.823,0.538,2.475,0.631,0.354,0.283,1.92,1.317,2.01,0.892,0.823,0.538,2.475,0.631,0.354,0.283,1.92,63.325,16
1.327,2.046,0.909,0.829,0.539,2.522,0.625,0.38,0.248,1.981,1.327,2.046,0.909,0.829,0.539,2.522,0.625,0.38,0.248,1.981,66.129,16
1.326,2.11,0.888,0.816,0.552,2.604,0.596,0.331,0.271,2.065,1.326,2.11,0.888,0.816,0.552,2.604,0.596,0.331,0.271,2.065,56.921,16
1.362,2.101,0.897,0.865,0.568,2.501,0.624,0.37,0.268,1.986,1.362,2.101,0.897,0.865,0.568,2.501,0.624,0.37,0.268,1.986,62.394,16
1.336,2.056,0.902,0.85,0.541,2.556,0.625,0.35,0.28,2.014,1.336,2.056,0.902,0.85,0.541,2.556,0.625,0.35,0.28,2.014,67.779,16
1.358,2.008,0.897,0.839,0.578,2.333,0.629,0.372,0.263,1.791,1.358,2.008,0.897,0.839,0.578,2.333,0.629,0.372,0.263,1.791,66.851,16
1.28,2.019,0.885,0.803,0.502,2.636,0.636,0.354,0.289,2.064,1.28,2.019,0.885,0.803,0.502,2.636,0.636,0.354,0.289,2.064,69.26,16
1.351,2.098,0.912,0.837,0.569,2.498,0.629,0.4,0.232,1.967,1.351,2.098,0.912,0.837,0.569,2.498,0.629,0.4,0.232,1.967,62.032,16
1.315,2.108,0.897,0.837,0.542,2.653,0.66,0.391,0.276,2.091,1.315,2.108,0.897,0.837,0.542,2.653,0.66,0.391,0.276,2.091,60.374,16
1.354,2.086,0.9,0.803,0.589,2.419,0.599,0.352,0.248,1.883,1.354,2.086,0.9,0.803,0.589,2.419,0.599,0.352,0.248,1.883,50.22,16
1.324,2.022,0.9,0.857,0.537,2.516,0.675,0.409,0.276,1.953,1.324,2.022,0.9,0.857,0.537,2.516,0.675,0.409,0.276,1.953,62.298,16
1.367,2.157,0.905,0.831,0.591,2.491,0.61,0.346,0.265,1.984,1.367,2.157,0.905,0.831,0.591,2.491,0.61,0.346,0.265,1.984,63.325,16
1.337,2.014,0.892,0.836,0.559,2.428,0.617,0.372,0.257,1.879,1.337,2.014,0.892,0.836,0.559,2.428,0.617,0.372,0.257,1.879,57.585,16
1.37,2.369,0.884,0.785,0.633,2.701,0.622,0.371,0.253,2.176,1.37,2.369,0.884,0.785,0.633,2.701,0.622,0.371,0.253,2.176,58.523,16
1.312,1.888,0.887,0.828,0.53,2.306,0.636,0.339,0.304,1.733,1.312,1.888,0.887,0.828,0.53,2.306,0.636,0.339,0.304,1.733,64.288,16
1.375,2.324,0.878,0.792,0.647,2.593,0.583,0.315,0.27,2.078,1.375,2.324,0.878,0.792,0.647,2.593,0.583,0.315,0.27,2.078,62.394,16
1.339,1.926,0.847,1.014,0.618,2.141,0.513,0.336,0.368,1.727,1.339,1.926,0.847,1.014,0.618,2.141,0.513,0.336,0.368,1.727,32.28,17
1.233,1.876,0.877,1.018,0.496,2.621,0.539,0.335,0.407,2.164,1.233,1.876,0.877,1.018,0.496,2.621,0.539,0.335,0.407,2.164,31.145,17
1.289,1.959,0.874,1.034,0.598,2.355,0.487,0.316,0.35,1.951,1.289,1.959,0.874,1.034,0.598,2.355,0.487,0.316,0.35,1.951,26.249,17
1.359,1.92,0.846,1.061,0.682,1.89,0.387,0.322,0.354,1.611,1.359,1.92,0.846,1.061,0.682,1.89,0.387,0.322,0.354,1.611,35.44,17
1.355,2.031,0.862,1.047,0.672,2.113,0.325,0.29,0.286,1.869,1.355,2.031,0.862,1.047,0.672,2.113,0.325,0.29,0.286,1.869,35.171,17
1.385,2.03,0.884,1.072,0.727,2.012,0.379,0.299,0.247,1.729,1.385,2.03,0.884,1.072,0.727,2.012,0.379,0.299,0.247,1.729,29.53,17
1.318,1.957,0.874,1.069,0.648,2.15,0.444,0.33,0.323,1.81,1.318,1.957,0.874,1.069,0.648,2.15,0.444,0.33,0.323,1.81,36.139,17
1.219,1.885,0.849,1.032,0.389,3.298,0.758,0.595,0.507,2.694,1.219,1.885,0.849,1.032,0.389,3.298,0.758,0.595,0.507,2.694,21,17
1.27,1.976,0.863,1.03,0.554,2.449,0.398,0.329,0.337,2.135,1.27,1.976,0.863,1.03,0.554,2.449,0.398,0.329,0.337,2.135,33.242,17
1.272,1.934,0.856,1.009,0.61,2.219,0.524,0.339,0.348,1.783,1.272,1.934,0.856,1.009,0.61,2.219,0.524,0.339,0.348,1.783,32.985,17
1.314,1.917,0.894,1.058,0.604,2.109,0.468,0.314,0.322,1.775,1.314,1.917,0.894,1.058,0.604,2.109,0.468,0.314,0.322,1.775,26.401,17
1.257,1.88,0.839,1.03,0.444,2.872,0.648,0.502,0.491,2.355,1.257,1.88,0.839,1.03,0.444,2.872,0.648,0.502,0.491,2.355,26.173,17
1.281,1.95,0.895,1.062,0.52,2.607,0.55,0.394,0.338,2.193,1.281,1.95,0.895,1.062,0.52,2.607,0.55,0.394,0.338,2.193,23.087,17
1.33,1.902,0.872,0.999,0.701,1.899,0.37,0.238,0.265,1.574,1.33,1.902,0.872,0.999,0.701,1.899,0.37,0.238,0.265,1.574,31.305,17
1.279,1.898,0.861,1.025,0.483,2.756,0.505,0.409,0.37,2.329,1.279,1.898,0.861,1.025,0.483,2.756,0.505,0.409,0.37,2.329,15.811,17
1.385,2.037,0.872,1.067,0.454,3.146,0.547,0.483,0.384,2.756,1.385,2.037,0.872,1.067,0.454,3.146,0.547,0.483,0.384,2.756,14.56,17
1.348,1.932,0.881,1.058,0.594,2.3,0.375,0.327,0.281,2.009,1.348,1.932,0.881,1.058,0.594,2.3,0.375,0.327,0.281,2.009,33.838,17
1.273,1.937,0.834,1.063,0.52,2.594,0.594,0.481,0.458,2.144,1.273,1.937,0.834,1.063,0.52,2.594,0.594,0.481,0.458,2.144,24.739,17
1.287,1.975,0.83,1.063,0.652,2.142,0.45,0.379,0.374,1.799,1.287,1.975,0.83,1.063,0.652,2.142,0.45,0.379,0.374,1.799,38.079,17
1.226,1.903,0.843,1.051,0.484,2.742,0.543,0.469,0.439,2.312,1.226,1.903,0.843,1.051,0.484,2.742,0.543,0.469,0.439,2.312,28.16,17
1.303,1.917,0.885,1.035,0.668,2.024,0.414,0.299,0.254,1.682,1.303,1.917,0.885,1.035,0.668,2.024,0.414,0.299,0.254,1.682,32.311,17
1.264,1.895,0.871,1.02,0.613,2.14,0.459,0.299,0.33,1.757,1.264,1.895,0.871,1.02,0.613,2.14,0.459,0.299,0.33,1.757,26.571,17
1.254,1.962,0.842,1.06,0.595,2.364,0.422,0.398,0.343,2.033,1.254,1.962,0.842,1.06,0.595,2.364,0.422,0.398,0.343,2.033,29.614,17
1.27,1.916,0.854,1.046,0.378,3.668,0.677,0.561,0.534,3.103,1.27,1.916,0.854,1.046,0.378,3.668,0.677,0.561,0.534,3.103,14.142,17
1.257,1.95,0.898,1.065,0.419,3.247,0.678,0.485,0.416,2.738,1.257,1.95,0.898,1.065,0.419,3.247,0.678,0.485,0.416,2.738,24.021,17
1.308,1.91,0.872,1.058,0.613,2.111,0.461,0.362,0.303,1.769,1.308,1.91,0.872,1.058,0.613,2.111,0.461,0.362,0.303,1.769,27.731,17
1.323,2.003,0.842,1.067,0.646,2.231,0.461,0.378,0.357,1.877,1.323,2.003,0.842,1.067,0.646,2.231,0.461,0.378,0.357,1.877,30.364,17
1.337,1.915,0.869,1.05,0.714,1.876,0.327,0.276,0.26,1.617,1.337,1.915,0.869,1.05,0.714,1.876,0.327,0.276,0.26,1.617,32.202,17
1.336,1.94,0.847,0.993,0.736,1.904,0.378,0.257,0.28,1.565,1.336,1.94,0.847,0.993,0.736,1.904,0.378,0.257,0.28,1.565,38.484,17
1.299,1.936,0.875,1.019,0.561,2.453,0.53,0.357,0.333,2.006,1.299,1.936,0.875,1.019,0.561,2.453,0.53,0.357,0.333,2.006,23.77,17
1.255,1.894,0.889,1.028,0.588,2.2,0.439,0.283,0.316,1.844,1.255,1.894,0.889,1.028,0.588,2.2,0.439,0.283,0.316,1.844,37.108,17
1.249,1.904,0.866,1.028,0.597,2.224,0.432,0.311,0.332,1.865,1.249,1.904,0.866,1.028,0.597,2.224,0.432,0.311,0.332,1.865,32.558,17
1.271,1.931,0.87,1.029,0.437,3.188,0.716,0.464,0.476,2.583,1.271,1.931,0.87,1.029,0.437,3.188,0.716,0.464,0.476,2.583,16.125,17
1.331,2.035,0.833,1.041,0.438,3.422,0.745,0.552,0.544,2.812,1.331,2.035,0.833,1.041,0.438,3.422,0.745,0.552,0.544,2.812,20.1,17
1.289,1.845,0.851,1.011,0.627,2.04,0.425,0.295,0.341,1.672,1.289,1.845,0.851,1.011,0.627,2.04,0.425,0.295,0.341,1.672,27.313,17
1.321,1.985,0.871,1.045,0.678,2.116,0.425,0.311,0.286,1.771,1.321,1.985,0.871,1.045,0.678,2.116,0.425,0.311,0.286,1.771,28.178,17
1.306,2.049,0.817,1.056,0.573,2.566,0.458,0.444,0.403,2.216,1.306,2.049,0.817,1.056,0.573,2.566,0.458,0.444,0.403,2.216,21.541,17
1.272,1.879,0.864,0.988,0.642,2.059,0.471,0.281,0.316,1.641,1.272,1.879,0.864,0.988,0.642,2.059,0.471,0.281,0.316,1.641,29.53,17
1.246,1.902,0.839,0.991,0.448,3.027,0.598,0.411,0.479,2.488,1.246,1.902,0.839,0.991,0.448,3.027,0.598,0.411,0.479,2.488,12.083,17
1.267,1.811,0.838,1.05,0.471,2.49,0.611,0.486,0.494,2.034,1.267,1.811,0.838,1.05,0.471,2.49,0.611,0.486,0.494,2.034,22.361,17
1.213,1.817,0.883,0.97,0.428,3.025,0.598,0.375,0.369,2.457,1.213,1.817,0.883,0.97,0.428,3.025,0.598,0.375,0.369,2.457,18.248,17
1.294,1.928,0.85,1.007,0.658,2.121,0.432,0.283,0.333,1.74,1.294,1.928,0.85,1.007,0.658,2.121,0.432,0.283,0.333,1.74,28.636,17
1.208,1.873,0.869,1.03,0.48,2.668,0.486,0.363,0.41,2.269,1.208,1.873,0.869,1.03,0.48,2.668,0.486,0.363,0.41,2.269,19.647,17
1.288,1.972,0.855,1.027,0.627,2.288,0.473,0.335,0.335,1.887,1.288,1.972,0.855,1.027,0.627,2.288,0.473,0.335,0.335,1.887,26.833,17
1.302,1.928,0.898,1.066,0.607,2.288,0.505,0.359,0.287,1.887,1.302,1.928,0.898,1.066,0.607,2.288,0.505,0.359,0.287,1.887,22.825,17
1.325,1.904,0.831,1.045,0.679,1.977,0.466,0.36,0.349,1.601,1.325,1.904,0.831,1.045,0.679,1.977,0.466,0.36,0.349,1.601,32.696,17
1.217,1.927,0.846,1.079,0.405,3.314,0.617,0.598,0.528,2.868,1.217,1.927,0.846,1.079,0.405,3.314,0.617,0.598,0.528,2.868,26.077,17
1.352,1.987,0.858,1.063,0.694,2.044,0.443,0.338,0.308,1.703,1.352,1.987,0.858,1.063,0.694,2.044,0.443,0.338,0.308,1.703,32.202,17
1.285,1.854,0.853,0.98,0.447,2.942,0.528,0.357,0.426,2.448,1.285,1.854,0.853,0.98,0.447,2.942,0.528,0.357,0.426,2.448,11.18,17
1.362,2.004,0.856,1.054,0.658,2.166,0.429,0.355,0.294,1.835,1.362,2.004,0.856,1.054,0.658,2.166,0.429,0.355,0.294,1.835,27.295,17
1.324,1.963,0.882,1.068,0.678,2.053,0.463,0.312,0.319,1.701,1.324,1.963,0.882,1.068,0.678,2.053,0.463,0.312,0.319,1.701,30.871,17
0.881,1.12,0.854,0.757,0.339,1.076,0.718,0.287,0.432,0.366,0.881,1.12,0.854,0.757,0.339,1.076,0.718,0.287,0.432,0.366,91.351,18
0.889,1.102,0.858,0.753,0.336,1.041,0.736,0.318,0.424,0.329,0.889,1.102,0.858,0.753,0.336,1.041,0.736,0.318,0.424,0.329,89.022,18
0.86,1.173,0.876,0.788,0.314,1.241,0.675,0.278,0.397,0.578,0.86,1.173,0.876,0.788,0.314,1.241,0.675,0.278,0.397,0.578,87.144,18
0.885,1.192,0.833,0.741,0.34,1.347,0.763,0.277,0.497,0.615,0.885,1.192,0.833,0.741,0.34,1.347,0.763,0.277,0.497,0.615,90.139,18
0.88,1.169,0.868,0.79,0.332,1.146,0.633,0.237,0.397,0.52,0.88,1.169,0.868,0.79,0.332,1.146,0.633,0.237,0.397,0.52,88.204,18
0.948,1.214,0.886,0.8,0.343,1.218,0.582,0.253,0.335,0.646,0.948,1.214,0.886,0.8,0.343,1.218,0.582,0.253,0.335,0.646,89.09,18
0.895,1.19,0.899,0.809,0.324,1.191,0.592,0.279,0.318,0.604,0.895,1.19,0.899,0.809,0.324,1.191,0.592,0.279,0.318,0.604,88.091,18
0.86,1.095,0.876,0.765,0.314,1.062,0.749,0.355,0.394,0.351,0.86,1.095,0.876,0.765,0.314,1.062,0.749,0.355,0.394,0.351,88.278,18
0.842,1.119,0.817,0.731,0.313,1.247,0.859,0.275,0.585,0.419,0.842,1.119,0.817,0.731,0.313,1.247,0.859,0.275,0.585,0.419,89.051,18
0.855,1.171,0.862,0.776,0.315,1.274,0.712,0.276,0.436,0.587,0.855,1.171,0.862,0.776,0.315,1.274,0.712,0.276,0.436,0.587,87.092,18
0.907,1.25,0.849,0.759,0.324,1.534,0.745,0.284,0.468,0.827,0.907,1.25,0.849,0.759,0.324,1.534,0.745,0.284,0.468,0.827,89,18
0.837,1.104,0.837,0.757,0.305,1.141,0.798,0.269,0.534,0.344,0.837,1.104,0.837,0.757,0.305,1.141,0.798,0.269,0.534,0.344,89.359,18
0.928,1.147,0.85,0.739,0.36,1.139,0.724,0.312,0.417,0.443,0.928,1.147,0.85,0.739,0.36,1.139,0.724,0.312,0.417,0.443,90.139,18
1.033,1.312,0.886,0.794,0.433,1.216,0.487,0.218,0.308,0.73,1.033,1.312,0.886,0.794,0.433,1.216,0.487,0.218,0.308,0.73,92.022,18
0.922,1.252,0.896,0.815,0.353,1.256,0.53,0.23,0.311,0.727,0.922,1.252,0.896,0.815,0.353,1.256,0.53,0.23,0.311,0.727,88.051,18
0.908,1.203,0.823,0.74,0.363,1.288,0.716,0.229,0.489,0.595,0.908,1.203,0.823,0.74,0.363,1.288,0.716,0.229,0.489,0.595,90.022,18
0.882,1.19,0.873,0.782,0.314,1.311,0.695,0.297,0.41,0.633,0.882,1.19,0.873,0.782,0.314,1.311,0.695,0.297,0.41,0.633,90.089,18
0.993,1.312,0.89,0.817,0.384,1.333,0.488,0.189,0.317,0.847,0.993,1.312,0.89,0.817,0.384,1.333,0.488,0.189,0.317,0.847,91.198,18
0.927,1.263,0.831,0.75,0.342,1.512,0.732,0.258,0.506,0.803,0.927,1.263,0.831,0.75,0.342,1.512,0.732,0.258,0.506,0.803,89.051,18
0.907,1.206,0.883,0.793,0.321,1.304,0.647,0.283,0.364,0.667,0.907,1.206,0.883,0.793,0.321,1.304,0.647,0.283,0.364,0.667,90.05,18
0.914,1.195,0.868,0.791,0.328,1.243,0.64,0.243,0.402,0.605,0.914,1.195,0.868,0.791,0.328,1.243,0.64,0.243,0.402,0.605,90.089,18
0.863,1.187,0.886,0.797,0.28,1.403,0.726,0.318,0.408,0.712,0.863,1.187,0.886,0.797,0.28,1.403,0.726,0.318,0.408,0.712,87.006,18
0.902,1.185,0.864,0.778,0.297,1.388,0.749,0.291,0.458,0.658,0.902,1.185,0.864,0.778,0.297,1.388,0.749,0.291,0.458,0.658,89,18
0.858,1.13,0.853,0.768,0.298,1.23,0.779,0.286,0.496,0.493,0.858,1.13,0.853,0.768,0.298,1.23,0.779,0.286,0.496,0.493,90.089,18
0.862,1.107,0.853,0.744,0.304,1.201,0.844,0.36,0.487,0.379,0.862,1.107,0.853,0.744,0.304,1.201,0.844,0.36,0.487,0.379,89.051,18
0.874,1.209,0.841,0.766,0.305,1.482,0.768,0.246,0.527,0.743,0.874,1.209,0.841,0.766,0.305,1.482,0.768,0.246,0.527,0.743,91.137,18
0.905,1.13,0.868,0.776,0.328,1.081,0.681,0.28,0.402,0.408,0.905,1.13,0.868,0.776,0.328,1.081,0.681,0.28,0.402,0.408,91.137,18
0.878,1.143,0.893,0.786,0.28,1.277,0.766,0.382,0.385,0.512,0.878,1.143,0.893,0.786,0.28,1.277,0.766,0.382,0.385,0.512,90.05,18
0.859,1.121,0.825,0.712,0.319,1.288,0.905,0.36,0.548,0.42,0.859,1.121,0.825,0.712,0.319,1.288,0.905,0.36,0.548,0.42,92.266,18
0.867,1.143,0.855,0.759,0.309,1.254,0.779,0.311,0.468,0.506,0.867,1.143,0.855,0.759,0.309,1.254,0.779,0.311,0.468,0.506,90.022,18
0.927,1.157,0.856,0.764,0.362,1.091,0.654,0.254,0.4,0.438,0.927,1.157,0.856,0.764,0.362,1.091,0.654,0.254,0.4,0.438,92.266,18
0.883,1.169,0.878,0.782,0.301,1.304,0.729,0.326,0.404,0.579,0.883,1.169,0.878,0.782,0.301,1.304,0.729,0.326,0.404,0.579,90.089,18
0.918,1.063,0.857,0.766,0.332,0.897,0.707,0.276,0.431,0.21,0.918,1.063,0.857,0.766,0.332,0.897,0.707,0.276,0.431,0.21,90.05,18
0.872,1.155,0.891,0.795,0.281,1.286,0.729,0.345,0.395,0.563,0.872,1.155,0.891,0.795,0.281,1.286,0.729,0.345,0.395,0.563,91.269,18
0.87,1.132,0.805,0.695,0.332,1.32,0.918,0.332,0.587,0.429,0.87,1.132,0.805,0.695,0.332,1.32,0.918,0.332,0.587,0.429,92.136,18
0.888,1.203,0.847,0.758,0.312,1.443,0.78,0.287,0.493,0.668,0.888,1.203,0.847,0.758,0.312,1.443,0.78,0.287,0.493,0.668,90.006,18
0.894,1.179,0.844,0.753,0.328,1.31,0.752,0.277,0.476,0.576,0.894,1.179,0.844,0.753,0.328,1.31,0.752,0.277,0.476,0.576,89.09,18
0.895,1.185,0.877,0.779,0.297,1.375,0.75,0.335,0.416,0.625,0.895,1.185,0.877,0.779,0.297,1.375,0.75,0.335,0.416,0.625,90.089,18
0.845,1.107,0.855,0.759,0.293,1.198,0.823,0.331,0.5,0.405,0.845,1.107,0.855,0.759,0.293,1.198,0.823,0.331,0.5,0.405,90.139,18
0.809,1.096,0.781,0.683,0.274,1.514,1.16,0.367,0.801,0.38,0.809,1.096,0.781,0.683,0.274,1.514,1.16,0.367,0.801,0.38,88.051,18
0.945,1.243,0.894,0.813,0.351,1.254,0.552,0.231,0.329,0.703,0.945,1.243,0.894,0.813,0.351,1.254,0.552,0.231,0.329,0.703,88.006,18
0.921,1.233,0.865,0.767,0.355,1.341,0.664,0.276,0.398,0.681,0.921,1.233,0.865,0.767,0.355,1.341,0.664,0.276,0.398,0.681,89.022,18
0.875,1.19,0.866,0.775,0.298,1.406,0.757,0.307,0.458,0.693,0.875,1.19,0.866,0.775,0.298,1.406,0.757,0.307,0.458,0.693,88.006,18
0.838,1.148,0.825,0.725,0.276,1.542,0.995,0.361,0.634,0.571,0.838,1.148,0.825,0.725,0.276,1.542,0.995,0.361,0.634,0.571,88.006,18
0.879,1.115,0.871,0.782,0.289,1.152,0.755,0.313,0.452,0.401,0.879,1.115,0.871,0.782,0.289,1.152,0.755,0.313,0.452,0.401,86,18
0.897,1.132,0.866,0.773,0.307,1.169,0.738,0.303,0.435,0.435,0.897,1.132,0.866,0.773,0.307,1.169,0.738,0.303,0.435,0.435,87.052,18
0.899,1.206,0.87,0.793,0.308,1.352,0.673,0.256,0.423,0.685,0.899,1.206,0.87,0.793,0.308,1.352,0.673,0.256,0.423,0.685,89.022,18
0.918,1.159,0.867,0.76,0.329,1.215,0.73,0.326,0.405,0.488,0.918,1.159,0.867,0.76,0.329,1.215,0.73,0.326,0.405,0.488,89.006,18
0.856,1.147,0.816,0.73,0.289,1.458,0.941,0.299,0.642,0.52,0.856,1.147,0.816,0.73,0.289,1.458,0.941,0.299,0.642,0.52,88.051,18
0.858,1.171,0.851,0.766,0.29,1.408,0.808,0.3,0.517,0.619,0.858,1.171,0.851,0.766,0.29,1.408,0.808,0.3,0.517,0.619,87.023,18
0.859,1.156,0.841,0.756,0.289,1.391,0.846,0.297,0.549,0.572,0.859,1.156,0.841,0.756,0.289,1.391,0.846,0.297,0.549,0.572,88.051,18
1.34,2.022,0.887,0.81,0.535,2.461,0.515,0.273,0.249,1.97,1.34,2.022,0.887,0.81,0.535,2.461,0.515,0.273,0.249,1.97,67.052,19
1.369,2.07,0.886,0.865,0.507,2.622,0.483,0.243,0.271,2.187,1.369,2.07,0.886,0.865,0.507,2.622,0.483,0.243,0.271,2.187,69.921,19
1.311,2.01,0.871,0.797,0.517,2.539,0.526,0.253,0.282,2.026,1.311,2.01,0.871,0.797,0.517,2.539,0.526,0.253,0.282,2.026,66.408,19
1.353,2.028,0.89,0.83,0.526,2.468,0.462,0.242,0.235,2.026,1.353,2.028,0.89,0.83,0.526,2.468,0.462,0.242,0.235,2.026,66.098,19
1.314,2.019,0.876,0.819,0.496,2.597,0.471,0.219,0.271,2.135,1.314,2.019,0.876,0.819,0.496,2.597,0.471,0.219,0.271,2.135,68.308,19
1.328,2.064,0.885,0.825,0.506,2.647,0.507,0.25,0.268,2.168,1.328,2.064,0.885,0.825,0.506,2.647,0.507,0.25,0.268,2.168,66.761,19
1.379,2.111,0.888,0.842,0.545,2.536,0.467,0.263,0.231,2.104,1.379,2.111,0.888,0.842,0.545,2.536,0.467,0.263,0.231,2.104,66.761,19
1.367,2.087,0.883,0.824,0.543,2.519,0.483,0.238,0.255,2.063,1.367,2.087,0.883,0.824,0.543,2.519,0.483,0.238,0.255,2.063,69.376,19
1.367,2.037,0.89,0.845,0.526,2.492,0.476,0.268,0.235,2.048,1.367,2.037,0.89,0.845,0.526,2.492,0.476,0.268,0.235,2.048,68.154,19
1.364,2.089,0.885,0.801,0.563,2.42,0.457,0.241,0.224,1.979,1.364,2.089,0.885,0.801,0.563,2.42,0.457,0.241,0.224,1.979,66.219,19
1.367,2.037,0.89,0.83,0.538,2.433,0.451,0.236,0.23,2,1.367,2.037,0.89,0.83,0.538,2.433,0.451,0.236,0.23,2,65.253,19
1.353,2.043,0.89,0.845,0.514,2.548,0.487,0.274,0.24,2.098,1.353,2.043,0.89,0.845,0.514,2.548,0.487,0.274,0.24,2.098,63.063,19
1.364,2.106,0.898,0.838,0.531,2.597,0.487,0.248,0.245,2.146,1.364,2.106,0.898,0.838,0.531,2.597,0.487,0.248,0.245,2.146,64.846,19
1.333,1.978,0.878,0.837,0.503,2.473,0.467,0.238,0.263,2.025,1.333,1.978,0.878,0.837,0.503,2.473,0.467,0.238,0.263,2.025,62.817,19
1.354,2.022,0.866,0.825,0.535,2.461,0.528,0.257,0.294,1.97,1.354,2.022,0.866,0.825,0.535,2.461,0.528,0.257,0.294,1.97,62.169,19
1.352,2.019,0.882,0.822,0.537,2.437,0.523,0.261,0.272,1.952,1.352,2.019,0.882,0.822,0.537,2.437,0.523,0.261,0.272,1.952,61.188,19
1.38,2.01,0.89,0.835,0.551,2.345,0.453,0.224,0.24,1.912,1.38,2.01,0.89,0.835,0.551,2.345,0.453,0.224,0.24,1.912,62.169,19
1.395,2.049,0.886,0.811,0.594,2.299,0.477,0.252,0.231,1.841,1.395,2.049,0.886,0.811,0.594,2.299,0.477,0.252,0.231,1.841,62.169,19
1.389,2.002,0.903,0.839,0.559,2.328,0.491,0.28,0.219,1.87,1.389,2.002,0.903,0.839,0.559,2.328,0.491,0.28,0.219,1.87,65.115,19
1.377,2.031,0.887,0.827,0.557,2.366,0.481,0.253,0.24,1.915,1.377,2.031,0.887,0.827,0.557,2.366,0.481,0.253,0.24,1.915,64.133,19
1.39,1.978,0.894,0.801,0.591,2.166,0.453,0.256,0.202,1.724,1.39,1.978,0.894,0.801,0.591,2.166,0.453,0.256,0.202,1.724,64.777,19
1.399,2.066,0.881,0.818,0.588,2.323,0.481,0.253,0.24,1.871,1.399,2.066,0.881,0.818,0.588,2.323,0.481,0.253,0.24,1.871,63.348,19
1.39,2,0.876,0.8,0.596,2.215,0.459,0.248,0.227,1.764,1.39,2,0.876,0.8,0.596,2.215,0.459,0.248,0.227,1.764,64.938,19
1.377,2.007,0.887,0.827,0.557,2.323,0.481,0.253,0.24,1.871,1.377,2.007,0.887,0.827,0.557,2.323,0.481,0.253,0.24,1.871,64.133,19
1.374,2.022,0.869,0.81,0.569,2.323,0.469,0.224,0.261,1.869,1.374,2.022,0.869,0.81,0.569,2.323,0.469,0.224,0.261,1.869,64.938,19
1.356,1.979,0.882,0.822,0.543,2.373,0.518,0.258,0.269,1.881,1.356,1.979,0.882,0.822,0.543,2.373,0.518,0.258,0.269,1.881,62.801,19
1.356,1.984,0.866,0.79,0.569,2.278,0.496,0.227,0.275,1.794,1.356,1.984,0.866,0.79,0.569,2.278,0.496,0.227,0.275,1.794,62.801,19
1.376,1.99,0.887,0.827,0.553,2.279,0.453,0.224,0.24,1.848,1.376,1.99,0.887,0.827,0.553,2.279,0.453,0.224,0.24,1.848,61.66,19
1.36,1.999,0.868,0.794,0.571,2.279,0.456,0.204,0.258,1.827,1.36,1.999,0.868,0.794,0.571,2.279,0.456,0.204,0.258,1.827,60.828,19
1.372,1.996,0.887,0.831,0.546,2.325,0.435,0.198,0.244,1.904,1.372,1.996,0.887,0.831,0.546,2.325,0.435,0.198,0.244,1.904,61.984,19
1.373,2.012,0.9,0.801,0.575,2.278,0.481,0.267,0.215,1.816,1.373,2.012,0.9,0.801,0.575,2.278,0.481,0.267,0.215,1.816,64.938,19
1.318,1.937,0.875,0.817,0.505,2.421,0.498,0.237,0.277,1.937,1.318,1.937,0.875,0.817,0.505,2.421,0.498,0.237,0.277,1.937,63.151,19
1.34,2.007,0.88,0.803,0.541,2.416,0.515,0.243,0.275,1.922,1.34,2.007,0.88,0.803,0.541,2.416,0.515,0.243,0.275,1.922,63.151,19
1.344,1.978,0.871,0.812,0.535,2.371,0.487,0.232,0.271,1.899,1.344,1.978,0.871,0.812,0.535,2.371,0.487,0.232,0.271,1.899,61.984,19
1.326,1.982,0.894,0.813,0.514,2.422,0.515,0.251,0.266,1.944,1.326,1.982,0.894,0.813,0.514,2.422,0.515,0.251,0.266,1.944,61.188,19
1.345,2.046,0.899,0.854,0.494,2.611,0.495,0.251,0.256,2.169,1.345,2.046,0.899,0.854,0.494,2.611,0.495,0.251,0.256,2.169,63.348,19
1.318,1.973,0.889,0.797,0.524,2.416,0.505,0.257,0.249,1.922,1.318,1.973,0.889,0.797,0.524,2.416,0.505,0.257,0.249,1.922,62.169,19
1.327,2.007,0.884,0.823,0.508,2.525,0.502,0.248,0.266,2.047,1.327,2.007,0.884,0.823,0.508,2.525,0.502,0.248,0.266,2.047,62.169,19
1.338,1.95,0.873,0.795,0.55,2.279,0.506,0.26,0.258,1.787,1.338,1.95,0.873,0.795,0.55,2.279,0.506,0.26,0.258,1.787,60.017,19
1.357,1.986,0.854,0.774,0.583,2.192,0.447,0.202,0.259,1.746,1.357,1.986,0.854,0.774,0.583,2.192,0.447,0.202,0.259,1.746,54.342,19
1.381,1.936,0.868,0.784,0.6,2.016,0.446,0.215,0.239,1.585,1.381,1.936,0.868,0.784,0.6,2.016,0.446,0.215,0.239,1.585,57.07,19
1.353,1.99,0.852,0.81,0.544,2.28,0.426,0.16,0.289,1.864,1.353,1.99,0.852,0.81,0.544,2.28,0.426,0.16,0.289,1.864,59.228,19
1.334,1.959,0.886,0.806,0.53,2.326,0.483,0.241,0.247,1.859,1.334,1.959,0.886,0.806,0.53,2.326,0.483,0.241,0.247,1.859,61,19
1.33,1.959,0.886,0.803,0.53,2.348,0.51,0.27,0.247,1.859,1.33,1.959,0.886,0.803,0.53,2.348,0.51,0.27,0.247,1.859,61.984,19
1.272,1.967,0.868,0.755,0.518,2.435,0.528,0.254,0.275,1.909,1.272,1.967,0.868,0.755,0.518,2.435,0.528,0.254,0.275,1.909,59.666,19
1.322,1.99,0.868,0.793,0.529,2.37,0.458,0.188,0.273,1.918,1.322,1.99,0.868,0.793,0.529,2.37,0.458,0.188,0.273,1.918,61.188,19
1.3,1.993,0.859,0.816,0.485,2.538,0.488,0.179,0.324,2.076,1.3,1.993,0.859,0.816,0.485,2.538,0.488,0.179,0.324,2.076,62.37,19
1.277,1.947,0.886,0.825,0.453,2.625,0.511,0.232,0.287,2.137,1.277,1.947,0.886,0.825,0.453,2.625,0.511,0.232,0.287,2.137,61.847,19
1.263,1.916,0.874,0.816,0.447,2.608,0.521,0.229,0.307,2.102,1.263,1.916,0.874,0.816,0.447,2.608,0.521,0.229,0.307,2.102,63.561,19
1.302,1.945,0.878,0.848,0.454,2.557,0.453,0.217,0.282,2.129,1.302,1.945,0.878,0.848,0.454,2.557,0.453,0.217,0.282,2.129,62.37,19
1.306,1.971,0.888,0.876,0.431,2.75,0.482,0.232,0.298,2.319,1.306,1.971,0.888,0.876,0.431,2.75,0.482,0.232,0.298,2.319,62.37,19
1.601,1.806,0.885,0.921,0.714,1.242,0.133,0.053,0.171,1.129,1.601,1.806,0.885,0.921,0.714,1.242,0.133,0.053,0.171,1.129,78.568,20
1.56,1.917,0.895,0.901,0.697,1.457,0.168,0.059,0.153,1.32,1.56,1.917,0.895,0.901,0.697,1.457,0.168,0.059,0.153,1.32,79.31,20
1.693,2.053,0.925,0.97,0.773,1.402,0.126,0.091,0.107,1.378,1.693,2.053,0.925,0.97,0.773,1.402,0.126,0.091,0.107,1.378,77.897,20
1.652,1.618,0.914,0.918,0.754,0.928,0.128,0.057,0.114,0.83,1.652,1.618,0.914,0.918,0.754,0.928,0.128,0.057,0.114,0.83,77.897,20
1.717,2.145,0.926,0.945,0.825,1.456,0.192,0.086,0.129,1.401,1.717,2.145,0.926,0.945,0.825,1.456,0.192,0.086,0.129,1.401,77.897,20
1.615,1.986,0.894,0.887,0.758,1.451,0.182,0.025,0.161,1.308,1.615,1.986,0.894,0.887,0.758,1.451,0.182,0.025,0.161,1.308,76.485,20
1.509,1.848,0.899,0.893,0.65,1.47,0.174,0.027,0.158,1.307,1.509,1.848,0.899,0.893,0.65,1.47,0.174,0.027,0.158,1.307,79.31,20
1.574,2.051,0.859,0.882,0.73,1.605,0.248,0.074,0.225,1.449,1.574,2.051,0.859,0.882,0.73,1.605,0.248,0.074,0.225,1.449,78.645,20
1.574,1.941,0.898,0.903,0.712,1.462,0.196,0.057,0.165,1.325,1.574,1.941,0.898,0.903,0.712,1.462,0.196,0.057,0.165,1.325,77.156,20
1.569,1.984,0.827,0.872,0.726,1.541,0.23,0.081,0.254,1.356,1.569,1.984,0.827,0.872,0.726,1.541,0.23,0.081,0.254,1.356,77.897,20
1.628,2.022,0.883,0.893,0.754,1.497,0.161,0.036,0.161,1.358,1.628,2.022,0.883,0.893,0.754,1.497,0.161,0.036,0.161,1.358,77.897,20
1.619,1.671,0.922,0.91,0.75,1.014,0.126,0.05,0.104,0.894,1.619,1.671,0.922,0.91,0.75,1.014,0.126,0.05,0.104,0.894,77.987,20
1.604,1.944,0.893,0.887,0.74,1.431,0.161,0.025,0.146,1.286,1.604,1.944,0.893,0.887,0.74,1.431,0.161,0.025,0.146,1.286,77.233,20
1.582,1.992,0.866,0.897,0.718,1.526,0.241,0.111,0.204,1.403,1.582,1.992,0.866,0.897,0.718,1.526,0.241,0.111,0.204,1.403,77.337,20
1.739,2.234,0.881,0.945,0.83,1.554,0.176,0.113,0.161,1.503,1.739,2.234,0.881,0.945,0.83,1.554,0.176,0.113,0.161,1.503,77.337,20
1.441,1.73,0.826,0.809,0.66,1.401,0.329,0.131,0.264,1.112,1.441,1.73,0.826,0.809,0.66,1.401,0.329,0.131,0.264,1.112,78.746,20
1.708,2.134,0.901,0.961,0.803,1.466,0.154,0.129,0.129,1.416,1.708,2.134,0.901,0.961,0.803,1.466,0.154,0.129,0.129,1.416,78.102,20
1.679,2.065,0.894,0.96,0.739,1.501,0.135,0.111,0.153,1.475,1.679,2.065,0.894,0.96,0.739,1.501,0.135,0.111,0.153,1.475,79.398,20
1.704,2.159,0.911,0.981,0.761,1.547,0.139,0.112,0.136,1.536,1.704,2.159,0.911,0.981,0.761,1.547,0.139,0.112,0.136,1.536,79.398,20
1.379,1.76,0.747,0.749,0.646,1.572,0.481,0.115,0.42,1.207,1.379,1.76,0.747,0.749,0.646,1.572,0.481,0.115,0.42,1.207,77.987,20
1.58,2.01,0.869,0.887,0.718,1.568,0.192,0.027,0.207,1.406,1.58,2.01,0.869,0.887,0.718,1.568,0.192,0.027,0.207,1.406,79.31,20
1.497,1.783,0.873,0.883,0.634,1.419,0.199,0.04,0.203,1.24,1.497,1.783,0.873,0.883,0.634,1.419,0.199,0.04,0.203,1.24,80.808,20
1.645,2.014,0.896,0.941,0.753,1.427,0.162,0.096,0.151,1.352,1.645,2.014,0.896,0.941,0.753,1.427,0.162,0.096,0.151,1.352,79.398,20
1.681,2.073,0.886,0.935,0.778,1.464,0.156,0.081,0.164,1.39,1.681,2.073,0.886,0.935,0.778,1.464,0.156,0.081,0.164,1.39,78.645,20
1.639,2.079,0.889,0.913,0.769,1.519,0.187,0.073,0.165,1.406,1.639,2.079,0.889,0.913,0.769,1.519,0.187,0.073,0.165,1.406,77.987,20
1.559,1.906,0.854,0.893,0.7,1.451,0.224,0.094,0.222,1.299,1.559,1.906,0.854,0.893,0.7,1.451,0.224,0.094,0.222,1.299,77.897,20
1.755,2.201,0.874,0.936,0.88,1.448,0.216,0.12,0.173,1.373,1.755,2.201,0.874,0.936,0.88,1.448,0.216,0.12,0.173,1.373,77.233,20
1.471,1.822,0.798,0.812,0.692,1.468,0.329,0.091,0.304,1.19,1.471,1.822,0.798,0.812,0.692,1.468,0.329,0.091,0.304,1.19,77.987,20
1.671,2.012,0.88,0.945,0.787,1.367,0.154,0.113,0.162,1.286,1.671,2.012,0.88,0.945,0.787,1.367,0.154,0.113,0.162,1.286,75.822,20
1.369,1.681,0.746,0.758,0.632,1.466,0.441,0.092,0.417,1.094,1.369,1.681,0.746,0.758,0.632,1.466,0.441,0.092,0.417,1.094,76.485,20
1.642,2.046,0.863,0.894,0.797,1.453,0.189,0.055,0.194,1.313,1.642,2.046,0.863,0.894,0.797,1.453,0.189,0.055,0.194,1.313,77.337,20
1.614,2.007,0.888,0.914,0.745,1.467,0.153,0.074,0.153,1.36,1.614,2.007,0.888,0.914,0.745,1.467,0.153,0.074,0.153,1.36,76.577,20
1.7,1.951,0.904,0.938,0.798,1.27,0.151,0.105,0.124,1.21,1.7,1.951,0.904,0.938,0.798,1.27,0.151,0.105,0.124,1.21,74.411,20
0.804,1.05,0.451,0.417,0.404,1.582,1.474,0.175,1.361,0.188,0.804,1.05,0.451,0.417,0.404,1.582,1.474,0.175,1.361,0.188,77.233,20
1.671,2.122,0.873,0.928,0.784,1.524,0.185,0.131,0.168,1.459,1.671,2.122,0.873,0.928,0.784,1.524,0.185,0.131,0.168,1.459,75.928,20
1.68,2.109,0.894,0.941,0.788,1.482,0.159,0.094,0.148,1.417,1.68,2.109,0.894,0.941,0.788,1.482,0.159,0.094,0.148,1.417,75.166,20
1.661,2.101,0.872,0.941,0.743,1.562,0.193,0.114,0.199,1.516,1.661,2.101,0.872,0.941,0.743,1.562,0.193,0.114,0.199,1.516,76.577,20
1.668,2.033,0.913,0.926,0.782,1.416,0.141,0.037,0.131,1.334,1.668,2.033,0.913,0.926,0.782,1.416,0.141,0.037,0.131,1.334,75.928,20
1.586,2,0.892,0.904,0.72,1.521,0.182,0.038,0.174,1.397,1.586,2,0.892,0.904,0.72,1.521,0.182,0.038,0.174,1.397,77.233,20
1.573,2.001,0.874,0.882,0.745,1.503,0.215,0.06,0.189,1.355,1.573,2.001,0.874,0.882,0.745,1.503,0.215,0.06,0.189,1.355,76.577,20
1.653,2.072,0.894,0.927,0.773,1.482,0.144,0.06,0.151,1.404,1.653,2.072,0.894,0.927,0.773,1.482,0.144,0.06,0.151,1.404,76.694,20
1.76,2.243,0.899,0.933,0.874,1.499,0.151,0.055,0.145,1.432,1.76,2.243,0.899,0.933,0.874,1.499,0.151,0.055,0.145,1.432,75.166,20
1.565,1.892,0.905,0.894,0.727,1.375,0.185,0.051,0.145,1.229,1.565,1.892,0.905,0.894,0.727,1.375,0.185,0.051,0.145,1.229,77.233,20
1.547,1.941,0.886,0.896,0.685,1.525,0.207,0.038,0.196,1.386,1.547,1.941,0.886,0.896,0.685,1.525,0.207,0.038,0.196,1.386,75.166,20
1.604,2.042,0.889,0.963,0.685,1.576,0.144,0.115,0.185,1.524,1.604,2.042,0.889,0.963,0.685,1.576,0.144,0.115,0.185,1.524,75.928,20
1.586,1.952,0.873,0.884,0.73,1.464,0.189,0.037,0.185,1.308,1.586,1.952,0.873,0.884,0.73,1.464,0.189,0.037,0.185,1.308,74.518,20
1.646,2.027,0.888,0.928,0.756,1.455,0.138,0.093,0.15,1.372,1.646,2.027,0.888,0.928,0.756,1.455,0.138,0.093,0.15,1.372,75.166,20
1.605,1.977,0.876,0.905,0.737,1.456,0.172,0.057,0.182,1.335,1.605,1.977,0.876,0.905,0.737,1.456,0.172,0.057,0.182,1.335,74.411,20
1.572,1.962,0.876,0.922,0.697,1.496,0.172,0.086,0.192,1.384,1.572,1.962,0.876,0.922,0.697,1.496,0.172,0.086,0.192,1.384,75.286,20
1.699,2.152,0.922,0.947,0.828,1.456,0.151,0.089,0.105,1.403,1.699,2.152,0.922,0.947,0.828,1.456,0.151,0.089,0.105,1.403,75.166,20
1.603,1.977,0.907,0.937,0.707,1.471,0.122,0.061,0.136,1.386,1.603,1.977,0.907,0.937,0.707,1.471,0.122,0.061,0.136,1.386,75.166,20
1.071,2.055,0.838,0.828,0.485,2.986,0.999,0.423,0.587,2.194,1.071,2.055,0.838,0.828,0.485,2.986,0.999,0.423,0.587,2.194,62,21
1.018,1.983,0.846,0.892,0.446,3.021,1.111,0.547,0.604,2.221,1.018,1.983,0.846,0.892,0.446,3.021,1.111,0.547,0.604,2.221,69.007,21
1.104,2.136,0.855,0.901,0.533,2.816,0.951,0.504,0.478,2.149,1.104,2.136,0.855,0.901,0.533,2.816,0.951,0.504,0.478,2.149,58.009,21
1.061,1.939,0.838,0.839,0.483,2.731,0.989,0.456,0.553,1.959,1.061,1.939,0.838,0.839,0.483,2.731,0.989,0.456,0.553,1.959,62,21
1.106,2.107,0.855,0.867,0.53,2.807,0.967,0.486,0.497,2.099,1.106,2.107,0.855,0.867,0.53,2.807,0.967,0.486,0.497,2.099,65.031,21
1.034,2.005,0.859,0.866,0.458,3.021,1.079,0.497,0.595,2.211,1.034,2.005,0.859,0.866,0.458,3.021,1.079,0.497,0.595,2.211,70.029,21
1.028,2.026,0.854,0.869,0.483,2.928,1.054,0.504,0.566,2.139,1.028,2.026,0.854,0.869,0.483,2.928,1.054,0.504,0.566,2.139,67.119,21
1.036,2.078,0.82,0.844,0.557,2.648,0.956,0.441,0.539,1.941,1.036,2.078,0.82,0.844,0.557,2.648,0.956,0.441,0.539,1.941,66.189,21
1.034,2.05,0.846,0.853,0.487,2.994,1.079,0.497,0.595,2.172,1.034,2.05,0.846,0.853,0.487,2.994,1.079,0.497,0.595,2.172,68,21
1.014,2.019,0.845,0.84,0.45,3.111,1.111,0.511,0.613,2.276,1.014,2.019,0.845,0.84,0.45,3.111,1.111,0.511,0.613,2.276,58.009,21
1.024,1.994,0.826,0.824,0.486,2.876,1.023,0.471,0.572,2.061,1.024,1.994,0.826,0.824,0.486,2.876,1.023,0.471,0.572,2.061,66.03,21
1.077,2.165,0.853,0.871,0.472,3.241,1.05,0.501,0.569,2.481,1.077,2.165,0.853,0.871,0.472,3.241,1.05,0.501,0.569,2.481,66.272,21
1.062,2.118,0.859,0.864,0.511,2.938,0.973,0.471,0.514,2.206,1.062,2.118,0.859,0.864,0.511,2.938,0.973,0.471,0.514,2.206,65.069,21
1.052,2.1,0.852,0.848,0.479,3.106,1.045,0.462,0.592,2.312,1.052,2.1,0.852,0.848,0.479,3.106,1.045,0.462,0.592,2.312,75.027,21
1.069,2.036,0.844,0.861,0.456,3.024,1.048,0.508,0.568,2.278,1.069,2.036,0.844,0.861,0.456,3.024,1.048,0.508,0.568,2.278,106.254,21
1.087,2.044,0.844,0.874,0.505,2.827,0.995,0.483,0.54,2.086,1.087,2.044,0.844,0.874,0.505,2.827,0.995,0.483,0.54,2.086,104.043,21
1.067,2.037,0.832,0.85,0.497,2.836,1.019,0.451,0.59,2.091,1.067,2.037,0.832,0.85,0.497,2.836,1.019,0.451,0.59,2.091,105.304,21
1.034,2.065,0.853,0.884,0.467,3.067,1.086,0.513,0.597,2.295,1.034,2.065,0.853,0.884,0.467,3.067,1.086,0.513,0.597,2.295,109.11,21
1.111,2.109,0.855,0.907,0.501,2.899,1.007,0.516,0.526,2.223,1.111,2.109,0.855,0.907,0.501,2.899,1.007,0.516,0.526,2.223,104.695,21
1.024,2.015,0.854,0.882,0.483,2.831,1.03,0.486,0.566,2.107,1.024,2.015,0.854,0.882,0.483,2.831,1.03,0.486,0.566,2.107,108.467,21
1.083,2.013,0.866,0.84,0.468,2.933,0.983,0.428,0.558,2.179,1.083,2.013,0.866,0.84,0.468,2.933,0.983,0.428,0.558,2.179,104.403,21
1.063,2.035,0.825,0.852,0.483,2.882,0.996,0.447,0.585,2.15,1.063,2.035,0.825,0.852,0.483,2.882,0.996,0.447,0.585,2.15,104.995,21
1.019,2.06,0.835,0.842,0.454,3.175,1.14,0.559,0.604,2.341,1.019,2.06,0.835,0.842,0.454,3.175,1.14,0.559,0.604,2.341,107.564,21
1.046,2.042,0.851,0.879,0.47,2.975,1.028,0.499,0.557,2.233,1.046,2.042,0.851,0.879,0.47,2.975,1.028,0.499,0.557,2.233,109.11,21
1.093,1.92,0.838,0.841,0.487,2.64,0.932,0.404,0.548,1.907,1.093,1.92,0.838,0.841,0.487,2.64,0.932,0.404,0.548,1.907,103.092,21
1.049,2.017,0.843,0.887,0.46,2.956,1.062,0.532,0.573,2.219,1.049,2.017,0.843,0.887,0.46,2.956,1.062,0.532,0.573,2.219,106.607,21
1.094,2.079,0.848,0.873,0.549,2.643,0.902,0.42,0.503,1.98,1.094,2.079,0.848,0.873,0.549,2.643,0.902,0.42,0.503,1.98,106.254,21
1.066,2.083,0.835,0.849,0.54,2.782,0.993,0.446,0.562,2.021,1.066,2.083,0.835,0.849,0.54,2.782,0.993,0.446,0.562,2.021,106.607,21
1.062,2.122,0.843,0.889,0.536,2.802,0.98,0.494,0.517,2.106,1.062,2.122,0.843,0.889,0.536,2.802,0.98,0.494,0.517,2.106,106.902,21
1.086,2.066,0.864,0.893,0.465,2.999,1.029,0.53,0.526,2.299,1.086,2.066,0.864,0.893,0.465,2.999,1.029,0.53,0.526,2.299,107.856,21
1.128,2.066,0.861,0.873,0.606,2.402,0.87,0.457,0.425,1.768,1.128,2.066,0.861,0.873,0.606,2.402,0.87,0.457,0.425,1.768,102.46,21
1.069,2.017,0.828,0.837,0.46,2.998,1.036,0.471,0.594,2.219,1.069,2.017,0.828,0.837,0.46,2.998,1.036,0.471,0.594,2.219,104.12,21
1.061,2.009,0.841,0.856,0.49,2.833,0.996,0.519,0.507,2.076,1.061,2.009,0.841,0.856,0.49,2.833,0.996,0.519,0.507,2.076,105.65,21
1.124,2.127,0.838,0.867,0.545,2.755,0.94,0.456,0.51,2.077,1.124,2.127,0.838,0.867,0.545,2.755,0.94,0.456,0.51,2.077,103.446,21
1.092,2.061,0.836,0.855,0.478,2.954,1.039,0.504,0.563,2.224,1.092,2.061,0.836,0.855,0.478,2.954,1.039,0.504,0.563,2.224,103.16,21
1.052,2.048,0.868,0.9,0.475,2.956,1.062,0.513,0.568,2.219,1.052,2.048,0.868,0.9,0.475,2.956,1.062,0.513,0.568,2.219,106.607,21
1.079,2.084,0.852,0.886,0.54,2.7,0.956,0.451,0.525,2.021,1.079,2.084,0.852,0.886,0.54,2.7,0.956,0.451,0.525,2.021,105.65,21
1.059,2.013,0.847,0.87,0.496,2.758,0.977,0.474,0.53,2.051,1.059,2.013,0.847,0.87,0.496,2.758,0.977,0.474,0.53,2.051,104.403,21
1.086,2.003,0.845,0.854,0.48,2.835,1.017,0.461,0.574,2.098,1.086,2.003,0.845,0.854,0.48,2.835,1.017,0.461,0.574,2.098,101.922,21
1.103,2.06,0.858,0.868,0.522,2.755,0.963,0.443,0.531,2.043,1.103,2.06,0.858,0.868,0.522,2.755,0.963,0.443,0.531,2.043,105.081,21
1.102,2.067,0.835,0.876,0.54,2.674,0.947,0.49,0.494,1.989,1.102,2.067,0.835,0.876,0.54,2.674,0.947,0.49,0.494,1.989,102.489,21
1.051,1.999,0.846,0.861,0.457,2.948,1.051,0.489,0.586,2.195,1.051,1.999,0.846,0.861,0.457,2.948,1.051,0.489,0.586,2.195,103.446,21
1.061,2.044,0.861,0.876,0.488,2.875,0.976,0.466,0.528,2.156,1.061,2.044,0.861,0.876,0.488,2.875,0.976,0.466,0.528,2.156,106.32,21
1.061,2.046,0.844,0.848,0.516,2.782,0.97,0.459,0.528,2.042,1.061,2.046,0.844,0.848,0.516,2.782,0.97,0.459,0.528,2.042,105.65,21
1.083,2.064,0.844,0.888,0.502,2.832,0.977,0.47,0.542,2.134,1.083,2.064,0.844,0.888,0.502,2.832,0.977,0.47,0.542,2.134,105.65,21
1.082,2.019,0.838,0.854,0.49,2.818,0.995,0.483,0.54,2.087,1.082,2.019,0.838,0.854,0.49,2.818,0.995,0.483,0.54,2.087,105.361,21
1.054,2.076,0.852,0.87,0.454,3.144,1.088,0.54,0.572,2.378,1.054,2.076,0.852,0.87,0.454,3.144,1.088,0.54,0.572,2.378,108.812,21
1.076,2.107,0.838,0.867,0.551,2.7,0.93,0.451,0.505,2.019,1.076,2.107,0.838,0.867,0.551,2.7,0.93,0.451,0.505,2.019,108.784,21
1.108,2.172,0.86,0.874,0.573,2.741,0.947,0.446,0.509,2.057,1.108,2.172,0.86,0.874,0.573,2.741,0.947,0.446,0.509,2.057,108.784,21
1.064,2.046,0.862,0.886,0.48,2.911,1.004,0.499,0.528,2.194,1.064,2.046,0.862,0.886,0.48,2.911,1.004,0.499,0.528,2.194,110.055,21
1.062,2.015,0.843,0.862,0.486,2.832,1,0.485,0.542,2.098,1.062,2.015,0.843,0.862,0.486,2.832,1,0.485,0.542,2.098,111,21
0.821,0.997,1.029,1.09,0.853,0.533,0.342,0.181,0.162,0.191,0.821,0.997,1.029,1.09,0.853,0.533,0.342,0.181,0.162,0.191,59.816,22
0.821,0.997,1.029,1.09,0.853,0.533,0.342,0.181,0.162,0.191,0.821,0.997,1.029,1.09,0.853,0.533,0.342,0.181,0.162,0.191,59.816,22
0.821,0.997,1.029,1.09,0.853,0.533,0.342,0.181,0.162,0.191,0.821,0.997,1.029,1.09,0.853,0.533,0.342,0.181,0.162,0.191,59.816,22
0.821,0.997,1.029,1.09,0.853,0.533,0.342,0.181,0.162,0.191,0.821,0.997,1.029,1.09,0.853,0.533,0.342,0.181,0.162,0.191,59.816,22
0.821,0.997,1.029,1.09,0.853,0.533,0.342,0.181,0.162,0.191,0.821,0.997,1.029,1.09,0.853,0.533,0.342,0.181,0.162,0.191,59.816,22
0.821,0.997,1.029,1.09,0.853,0.533,0.342,0.181,0.162,0.191,0.821,0.997,1.029,1.09,0.853,0.533,0.342,0.181,0.162,0.191,59.816,22
0.821,0.997,1.029,1.09,0.853,0.533,0.342,0.181,0.162,0.191,0.821,0.997,1.029,1.09,0.853,0.533,0.342,0.181,0.162,0.191,59.816,22
0.821,0.997,1.029,1.09,0.853,0.533,0.342,0.181,0.162,0.191,0.821,0.997,1.029,1.09,0.853,0.533,0.342,0.181,0.162,0.191,59.816,22
0.821,0.997,1.029,1.09,0.853,0.533,0.342,0.181,0.162,0.191,0.821,0.997,1.029,1.09,0.853,0.533,0.342,0.181,0.162,0.191,59.816,22
0.821,0.997,1.029,1.09,0.853,0.533,0.342,0.181,0.162,0.191,0.821,0.997,1.029,1.09,0.853,0.533,0.342,0.181,0.162,0.191,59.816,22
0.821,0.997,1.029,1.09,0.853,0.533,0.342,0.181,0.162,0.191,0.821,0.997,1.029,1.09,0.853,0.533,0.342,0.181,0.162,0.191,59.816,22
0.821,0.997,1.029,1.09,0.853,0.533,0.342,0.181,0.162,0.191,0.821,0.997,1.029,1.09,0.853,0.533,0.342,0.181,0.162,0.191,59.816,22
0.821,0.997,1.029,1.09,0.853,0.533,0.342,0.181,0.162,0.191,0.821,0.997,1.029,1.09,0.853,0.533,0.342,0.181,0.162,0.191,59.816,22
0.821,0.997,1.029,1.09,0.853,0.533,0.342,0.181,0.162,0.191,0.821,0.997,1.029,1.09,0.853,0.533,0.342,0.181,0.162,0.191,59.816,22
0.821,0.997,1.029,1.09,0.853,0.533,0.342,0.181,0.162,0.191,0.821,0.997,1.029,1.09,0.853,0.533,0.342,0.181,0.162,0.191,59.816,22
0.821,0.997,1.029,1.09,0.853,0.533,0.342,0.181,0.162,0.191,0.821,0.997,1.029,1.09,0.853,0.533,0.342,0.181,0.162,0.191,59.816,22
0.821,0.997,1.029,1.09,0.853,0.533,0.342,0.181,0.162,0.191,0.821,0.997,1.029,1.09,0.853,0.533,0.342,0.181,0.162,0.191,59.816,22
0.821,0.997,1.029,1.09,0.853,0.533,0.342,0.181,0.162,0.191,0.821,0.997,1.029,1.09,0.853,0.533,0.342,0.181,0.162,0.191,59.816,22
0.821,0.997,1.029,1.09,0.853,0.533,0.342,0.181,0.162,0.191,0.821,0.997,1.029,1.09,0.853,0.533,0.342,0.181,0.162,0.191,59.816,22
0.821,0.997,1.029,1.09,0.853,0.533,0.342,0.181,0.162,0.191,0.821,0.997,1.029,1.09,0.853,0.533,0.342,0.181,0.162,0.191,59.816,22
0.821,0.997,1.029,1.09,0.853,0.533,0.342,0.181,0.162,0.191,0.821,0.997,1.029,1.09,0.853,0.533,0.342,0.181,0.162,0.191,59.816,22
0.821,0.997,1.029,1.09,0.853,0.533,0.342,0.181,0.162,0.191,0.821,0.997,1.029,1.09,0.853,0.533,0.342,0.181,0.162,0.191,59.816,22
0.821,0.997,1.029,1.09,0.853,0.533,0.342,0.181,0.162,0.191,0.821,0.997,1.029,1.09,0.853,0.533,0.342,0.181,0.162,0.191,59.816,22
0.821,0.997,1.029,1.09,0.853,0.533,0.342,0.181,0.162,0.191,0.821,0.997,1.029,1.09,0.853,0.533,0.342,0.181,0.162,0.191,59.816,22
0.821,0.997,1.029,1.09,0.853,0.533,0.342,0.181,0.162,0.191,0.821,0.997,1.029,1.09,0.853,0.533,0.342,0.181,0.162,0.191,59.816,22
0.821,0.997,1.029,1.09,0.853,0.533,0.342,0.181,0.162,0.191,0.821,0.997,1.029,1.09,0.853,0.533,0.342,0.181,0.162,0.191,59.816,22
0.821,0.997,1.029,1.09,0.853,0.533,0.342,0.181,0.162,0.191,0.821,0.997,1.029,1.09,0.853,0.533,0.342,0.181,0.162,0.191,59.816,22
0.821,0.997,1.029,1.09,0.853,0.533,0.342,0.181,0.162,0.191,0.821,0.997,1.029,1.09,0.853,0.533,0.342,0.181,0.162,0.191,59.816,22
0.821,0.997,1.029,1.09,0.853,0.533,0.342,0.181,0.162,0.191,0.821,0.997,1.029,1.09,0.853,0.533,0.342,0.181,0.162,0.191,59.816,22
0.821,0.997,1.029,1.09,0.853,0.533,0.342,0.181,0.162,0.191,0.821,0.997,1.029,1.09,0.853,0.533,0.342,0.181,0.162,0.191,59.816,22
0.821,0.997,1.029,1.09,0.853,0.533,0.342,0.181,0.162,0.191,0.821,0.997,1.029,1.09,0.853,0.533,0.342,0.181,0.162,0.191,59.816,22
0.821,0.997,1.029,1.09,0.853,0.533,0.342,0.181,0.162,0.191,0.821,0.997,1.029,1.09,0.853,0.533,0.342,0.181,0.162,0.191,59.816,22
0.821,0.997,1.029,1.09,0.853,0.533,0.342,0.181,0.162,0.191,0.821,0.997,1.029,1.09,0.853,0.533,0.342,0.181,0.162,0.191,59.816,22
0.821,0.997,1.029,1.09,0.853,0.533,0.342,0.181,0.162,0.191,0.821,0.997,1.029,1.09,0.853,0.533,0.342,0.181,0.162,0.191,59.816,22
0.821,0.997,1.029,1.09,0.853,0.533,0.342,0.181,0.162,0.191,0.821,0.997,1.029,1.09,0.853,0.533,0.342,0.181,0.162,0.191,59.816,22
0.821,0.997,1.029,1.09,0.853,0.533,0.342,0.181,0.162,0.191,0.821,0.997,1.029,1.09,0.853,0.533,0.342,0.181,0.162,0.191,59.816,22
0.821,0.997,1.029,1.09,0.853,0.533,0.342,0.181,0.162,0.191,0.821,0.997,1.029,1.09,0.853,0.533,0.342,0.181,0.162,0.191,59.816,22
0.821,0.997,1.029,1.09,0.853,0.533,0.342,0.181,0.162,0.191,0.821,0.997,1.029,1.09,0.853,0.533,0.342,0.181,0.162,0.191,59.816,22
0.821,0.997,1.029,1.09,0.853,0.533,0.342,0.181,0.162,0.191,0.821,0.997,1.029,1.09,0.853,0.533,0.342,0.181,0.162,0.191,59.816,22
0.821,0.997,1.029,1.09,0.853,0.533,0.342,0.181,0.162,0.191,0.821,0.997,1.029,1.09,0.853,0.533,0.342,0.181,0.162,0.191,59.816,22
0.821,0.997,1.029,1.09,0.853,0.533,0.342,0.181,0.162,0.191,0.821,0.997,1.029,1.09,0.853,0.533,0.342,0.181,0.162,0.191,59.816,22
0.821,0.997,1.029,1.09,0.853,0.533,0.342,0.181,0.162,0.191,0.821,0.997,1.029,1.09,0.853,0.533,0.342,0.181,0.162,0.191,59.816,22
0.821,0.997,1.029,1.09,0.853,0.533,0.342,0.181,0.162,0.191,0.821,0.997,1.029,1.09,0.853,0.533,0.342,0.181,0.162,0.191,59.816,22
0.821,0.997,1.029,1.09,0.853,0.533,0.342,0.181,0.162,0.191,0.821,0.997,1.029,1.09,0.853,0.533,0.342,0.181,0.162,0.191,59.816,22
0.821,0.997,1.029,1.09,0.853,0.533,0.342,0.181,0.162,0.191,0.821,0.997,1.029,1.09,0.853,0.533,0.342,0.181,0.162,0.191,59.816,22
0.821,0.997,1.029,1.09,0.853,0.533,0.342,0.181,0.162,0.191,0.821,0.997,1.029,1.09,0.853,0.533,0.342,0.181,0.162,0.191,59.816,22
0.821,0.997,1.029,1.09,0.853,0.533,0.342,0.181,0.162,0.191,0.821,0.997,1.029,1.09,0.853,0.533,0.342,0.181,0.162,0.191,59.816,22
0.821,0.997,1.029,1.09,0.853,0.533,0.342,0.181,0.162,0.191,0.821,0.997,1.029,1.09,0.853,0.533,0.342,0.181,0.162,0.191,59.816,22
0.821,0.997,1.029,1.09,0.853,0.533,0.342,0.181,0.162,0.191,0.821,0.997,1.029,1.09,0.853,0.533,0.342,0.181,0.162,0.191,59.816,22
0.821,0.997,1.029,1.09,0.853,0.533,0.342,0.181,0.162,0.191,0.821,0.997,1.029,1.09,0.853,0.533,0.342,0.181,0.162,0.191,59.816,22
0.821,0.997,1.029,1.09,0.853,0.533,0.342,0.181,0.162,0.191,0.821,0.997,1.029,1.09,0.853,0.533,0.342,0.181,0.162,0.191,59.816,22
0.685,0.966,0.926,0.796,0.753,0.624,0.475,0.286,0.192,0.232,0.685,0.966,0.926,0.796,0.753,0.624,0.475,0.286,0.192,0.232,98.311,23
0.667,0.952,0.927,0.798,0.711,0.661,0.508,0.307,0.206,0.252,0.667,0.952,0.927,0.798,0.711,0.661,0.508,0.307,0.206,0.252,94.26,23
0.638,0.948,0.937,0.786,0.632,0.728,0.569,0.345,0.241,0.283,0.638,0.948,0.937,0.786,0.632,0.728,0.569,0.345,0.241,0.283,85.913,23
0.625,0.955,0.933,0.8,0.639,0.74,0.569,0.34,0.238,0.278,0.625,0.955,0.933,0.8,0.639,0.74,0.569,0.34,0.238,0.278,85.703,23
0.633,0.947,0.944,0.812,0.669,0.729,0.56,0.337,0.236,0.272,0.633,0.947,0.944,0.812,0.669,0.729,0.56,0.337,0.236,0.272,85.276,23
0.632,0.941,0.934,0.809,0.658,0.729,0.56,0.325,0.244,0.284,0.632,0.941,0.934,0.809,0.658,0.729,0.56,0.325,0.244,0.284,85.913,23
0.631,0.954,0.938,0.808,0.643,0.748,0.569,0.343,0.236,0.282,0.631,0.954,0.938,0.808,0.643,0.748,0.569,0.343,0.236,0.282,85.147,23
0.624,0.941,0.945,0.808,0.654,0.741,0.569,0.345,0.24,0.289,0.624,0.941,0.945,0.808,0.654,0.741,0.569,0.345,0.24,0.289,83.738,23
0.622,0.945,0.939,0.818,0.658,0.733,0.563,0.338,0.233,0.274,0.622,0.945,0.939,0.818,0.658,0.733,0.563,0.338,0.233,0.274,88.408,23
0.63,0.945,0.946,0.81,0.654,0.732,0.566,0.343,0.238,0.276,0.63,0.945,0.946,0.81,0.654,0.732,0.566,0.343,0.238,0.276,91.269,23
0.623,0.934,0.935,0.801,0.647,0.732,0.578,0.343,0.247,0.282,0.623,0.934,0.935,0.801,0.647,0.732,0.578,0.343,0.247,0.282,91.706,23
0.631,0.954,0.945,0.811,0.64,0.741,0.56,0.334,0.241,0.284,0.631,0.954,0.945,0.811,0.64,0.741,0.56,0.334,0.241,0.284,95.708,23
0.623,0.947,0.933,0.812,0.65,0.745,0.576,0.338,0.245,0.274,0.623,0.947,0.933,0.812,0.65,0.745,0.576,0.338,0.245,0.274,92.13,23
0.618,0.946,0.945,0.811,0.64,0.742,0.569,0.34,0.245,0.283,0.618,0.946,0.945,0.811,0.64,0.742,0.569,0.34,0.245,0.283,93.472,23
0.624,0.951,0.945,0.818,0.658,0.721,0.554,0.329,0.238,0.264,0.624,0.951,0.945,0.818,0.658,0.721,0.554,0.329,0.238,0.264,93.15,23
0.624,0.942,0.934,0.788,0.647,0.755,0.606,0.359,0.264,0.272,0.624,0.942,0.934,0.788,0.647,0.755,0.606,0.359,0.264,0.272,113.318,23
0.628,0.942,0.939,0.803,0.654,0.749,0.578,0.343,0.25,0.287,0.628,0.942,0.939,0.803,0.654,0.749,0.578,0.343,0.25,0.287,119.013,23
0.615,0.947,0.94,0.801,0.643,0.76,0.594,0.357,0.252,0.277,0.615,0.947,0.94,0.801,0.643,0.76,0.594,0.357,0.252,0.277,118.186,23
0.617,0.937,0.927,0.794,0.636,0.749,0.591,0.338,0.265,0.289,0.617,0.937,0.927,0.794,0.636,0.749,0.591,0.338,0.265,0.289,118.596,23
0.631,0.959,0.933,0.786,0.636,0.767,0.6,0.363,0.251,0.274,0.631,0.959,0.933,0.786,0.636,0.767,0.6,0.363,0.251,0.274,118.596,23
0.626,0.953,0.934,0.805,0.636,0.745,0.566,0.325,0.252,0.287,0.626,0.953,0.934,0.805,0.636,0.745,0.566,0.325,0.252,0.287,116.362,23
0.613,0.937,0.936,0.79,0.636,0.753,0.589,0.349,0.257,0.299,0.613,0.937,0.936,0.79,0.636,0.753,0.589,0.349,0.257,0.299,114.543,23
0.627,0.944,0.934,0.801,0.654,0.736,0.572,0.334,0.25,0.279,0.627,0.944,0.934,0.801,0.654,0.736,0.572,0.334,0.25,0.279,84.629,23
0.619,0.944,0.941,0.809,0.658,0.737,0.569,0.332,0.252,0.277,0.619,0.944,0.941,0.809,0.658,0.737,0.569,0.332,0.252,0.277,92.13,23
0.617,0.944,0.935,0.801,0.65,0.748,0.585,0.347,0.25,0.279,0.617,0.944,0.935,0.801,0.65,0.748,0.585,0.347,0.25,0.279,92.13,23
0.607,0.939,0.924,0.804,0.65,0.741,0.572,0.32,0.259,0.29,0.607,0.939,0.924,0.804,0.65,0.741,0.572,0.32,0.259,0.29,89.471,23
0.615,0.948,0.941,0.814,0.658,0.724,0.56,0.322,0.253,0.267,0.615,0.948,0.941,0.814,0.658,0.724,0.56,0.322,0.253,0.267,92.661,23
0.619,0.949,0.941,0.805,0.647,0.728,0.566,0.328,0.256,0.27,0.619,0.949,0.941,0.805,0.647,0.728,0.566,0.328,0.256,0.27,92.59,23
0.622,0.943,0.93,0.8,0.647,0.732,0.585,0.334,0.262,0.262,0.622,0.943,0.93,0.8,0.647,0.732,0.585,0.334,0.262,0.262,92.574,23
0.62,0.939,0.94,0.818,0.64,0.735,0.57,0.325,0.257,0.278,0.62,0.939,0.94,0.818,0.64,0.735,0.57,0.325,0.257,0.278,89.443,23
0.611,0.944,0.941,0.805,0.643,0.737,0.569,0.329,0.257,0.283,0.611,0.944,0.941,0.805,0.643,0.737,0.569,0.329,0.257,0.283,92.13,23
0.611,0.944,0.941,0.82,0.658,0.729,0.557,0.318,0.252,0.277,0.611,0.944,0.941,0.82,0.658,0.729,0.557,0.318,0.252,0.277,89.443,23
0.615,0.944,0.938,0.81,0.639,0.757,0.588,0.336,0.267,0.28,0.615,0.944,0.938,0.81,0.639,0.757,0.588,0.336,0.267,0.28,92.574,23
0.62,0.94,0.944,0.802,0.636,0.725,0.569,0.342,0.245,0.278,0.62,0.94,0.944,0.802,0.636,0.725,0.569,0.342,0.245,0.278,91.679,23
0.609,0.942,0.946,0.808,0.654,0.732,0.569,0.325,0.268,0.277,0.609,0.942,0.946,0.808,0.654,0.732,0.569,0.325,0.268,0.277,92.136,23
0.611,0.938,0.936,0.79,0.643,0.744,0.595,0.345,0.27,0.278,0.611,0.938,0.936,0.79,0.643,0.744,0.595,0.345,0.27,0.278,91.236,23
0.613,0.944,0.931,0.802,0.639,0.752,0.588,0.336,0.263,0.28,0.613,0.944,0.931,0.802,0.639,0.752,0.588,0.336,0.263,0.28,91.236,23
0.616,0.943,0.948,0.81,0.639,0.733,0.566,0.34,0.244,0.282,0.616,0.943,0.948,0.81,0.639,0.733,0.566,0.34,0.244,0.282,91.706,23
0.605,0.942,0.943,0.813,0.654,0.741,0.572,0.334,0.253,0.279,0.605,0.942,0.943,0.813,0.654,0.741,0.572,0.334,0.253,0.279,93.472,23
0.607,0.944,0.93,0.793,0.647,0.748,0.588,0.338,0.263,0.28,0.607,0.944,0.93,0.793,0.647,0.748,0.588,0.338,0.263,0.28,93.038,23
0.606,0.948,0.937,0.792,0.647,0.752,0.595,0.345,0.27,0.272,0.606,0.948,0.937,0.792,0.647,0.752,0.595,0.345,0.27,0.272,93.038,23
0.612,0.938,0.93,0.803,0.662,0.737,0.569,0.32,0.26,0.289,0.612,0.938,0.93,0.803,0.662,0.737,0.569,0.32,0.26,0.289,92.136,23
0.615,0.943,0.941,0.803,0.654,0.74,0.575,0.338,0.255,0.28,0.615,0.943,0.941,0.803,0.654,0.74,0.575,0.338,0.255,0.28,92.574,23
0.613,0.936,0.931,0.799,0.658,0.744,0.594,0.345,0.26,0.272,0.613,0.936,0.931,0.799,0.658,0.744,0.594,0.345,0.26,0.272,95.273,23
0.613,0.949,0.943,0.814,0.658,0.748,0.582,0.332,0.268,0.266,0.613,0.949,0.943,0.814,0.658,0.748,0.582,0.332,0.268,0.266,91.706,23
0.602,0.942,0.931,0.782,0.647,0.769,0.611,0.359,0.268,0.285,0.602,0.942,0.931,0.782,0.647,0.769,0.611,0.359,0.268,0.285,93.038,23
0.611,0.944,0.929,0.798,0.651,0.752,0.588,0.336,0.263,0.28,0.611,0.944,0.929,0.798,0.651,0.752,0.588,0.336,0.263,0.28,91.236,23
0.616,0.939,0.935,0.8,0.643,0.733,0.578,0.328,0.268,0.277,0.616,0.939,0.935,0.8,0.643,0.733,0.578,0.328,0.268,0.277,91.706,23
0.615,0.938,0.941,0.795,0.647,0.749,0.582,0.345,0.258,0.295,0.615,0.938,0.941,0.795,0.647,0.749,0.582,0.345,0.258,0.295,92.136,23
0.616,0.951,0.935,0.797,0.647,0.748,0.588,0.338,0.267,0.269,0.616,0.951,0.935,0.797,0.647,0.748,0.588,0.338,0.267,0.269,91.236,23
0.624,0.946,0.934,0.782,0.636,0.756,0.611,0.359,0.271,0.268,0.624,0.946,0.934,0.782,0.636,0.756,0.611,0.359,0.271,0.268,91.679,23
0.625,0.666,1.002,0.97,0.939,0.936,0.613,0.348,0.278,0.548,0.625,0.666,1.002,0.97,0.939,0.936,0.613,0.348,0.278,0.548,58.189,24
0.626,0.665,1.017,0.981,0.946,0.955,0.606,0.326,0.296,0.565,0.626,0.665,1.017,0.981,0.946,0.955,0.606,0.326,0.296,0.565,58.822,24
0.643,0.697,1.016,0.983,0.937,0.971,0.605,0.34,0.281,0.559,0.643,0.697,1.016,0.983,0.937,0.971,0.605,0.34,0.281,0.559,58.189,24
0.624,0.685,1.02,0.978,0.918,0.963,0.604,0.346,0.276,0.565,0.624,0.685,1.02,0.978,0.918,0.963,0.604,0.346,0.276,0.565,56.613,24
0.631,0.685,1.019,0.997,0.943,0.955,0.569,0.321,0.261,0.567,0.631,0.685,1.019,0.997,0.943,0.955,0.569,0.321,0.261,0.567,56.921,24
0.637,0.684,1.028,0.991,0.948,0.961,0.569,0.343,0.245,0.577,0.637,0.684,1.028,0.991,0.948,0.961,0.569,0.343,0.245,0.577,55.027,24
0.637,0.67,1.013,0.974,0.907,0.958,0.55,0.288,0.277,0.607,0.637,0.67,1.013,0.974,0.907,0.958,0.55,0.288,0.277,0.607,57.585,24
0.632,0.685,1.009,0.982,0.921,0.966,0.537,0.315,0.232,0.61,0.632,0.685,1.009,0.982,0.921,0.966,0.537,0.315,0.232,0.61,55.027,24
0.652,0.71,1.03,1.006,0.934,0.955,0.527,0.306,0.236,0.577,0.652,0.71,1.03,1.006,0.934,0.955,0.527,0.306,0.236,0.577,53.451,24
0.625,0.671,1.025,1,0.931,0.956,0.551,0.335,0.23,0.587,0.625,0.671,1.025,1,0.931,0.956,0.551,0.335,0.23,0.587,54.708,24
0.634,0.683,1.03,1.003,0.923,0.97,0.555,0.321,0.249,0.59,0.634,0.683,1.03,1.003,0.923,0.97,0.555,0.321,0.249,0.59,55.362,24
0.628,0.682,1.029,0.994,0.9,0.962,0.546,0.303,0.261,0.594,0.628,0.682,1.029,0.994,0.9,0.962,0.546,0.303,0.261,0.594,55.362,24
0.634,0.682,1.017,0.99,0.903,0.97,0.553,0.311,0.255,0.6,0.634,0.682,1.017,0.99,0.903,0.97,0.553,0.311,0.255,0.6,56.303,24
0.639,0.678,1.051,1.01,0.903,0.944,0.537,0.307,0.255,0.576,0.639,0.678,1.051,1.01,0.903,0.944,0.537,0.307,0.255,0.576,55.714,24
0.62,0.656,1.029,0.97,0.869,0.929,0.545,0.312,0.257,0.597,0.62,0.656,1.029,0.97,0.869,0.929,0.545,0.312,0.257,0.597,56.648,24
0.604,0.639,1.02,0.966,0.886,0.93,0.546,0.307,0.258,0.61,0.604,0.639,1.02,0.966,0.886,0.93,0.546,0.307,0.258,0.61,57.94,24
0.616,0.671,1.03,0.989,0.905,0.938,0.542,0.322,0.239,0.584,0.616,0.671,1.03,0.989,0.905,0.938,0.542,0.322,0.239,0.584,56.08,24
0.608,0.649,1.014,0.975,0.9,0.938,0.528,0.311,0.23,0.615,0.608,0.649,1.014,0.975,0.9,0.938,0.528,0.311,0.23,0.615,54.781,24
0.619,0.657,1.024,0.98,0.897,0.96,0.552,0.322,0.249,0.612,0.619,0.657,1.024,0.98,0.897,0.96,0.552,0.322,0.249,0.612,54.781,24
0.629,0.673,1.017,0.975,0.886,0.953,0.534,0.303,0.246,0.612,0.629,0.673,1.017,0.975,0.886,0.953,0.534,0.303,0.246,0.612,57.585,24
0.625,0.672,1.018,0.963,0.888,0.946,0.535,0.32,0.233,0.613,0.625,0.672,1.018,0.963,0.888,0.946,0.535,0.32,0.233,0.613,56.462,24
0.626,0.671,1.021,0.985,0.9,0.954,0.553,0.343,0.225,0.594,0.626,0.671,1.021,0.985,0.9,0.954,0.553,0.343,0.225,0.594,57.94,24
0.623,0.669,1.038,0.984,0.88,0.952,0.554,0.33,0.25,0.595,0.623,0.669,1.038,0.984,0.88,0.952,0.554,0.33,0.25,0.595,57.94,24
0.626,0.685,1.03,0.997,0.899,0.952,0.541,0.315,0.243,0.585,0.626,0.685,1.03,0.997,0.899,0.952,0.541,0.315,0.243,0.585,55.362,24
0.623,0.668,1.023,0.972,0.876,0.953,0.582,0.317,0.287,0.586,0.623,0.668,1.023,0.972,0.876,0.953,0.582,0.317,0.287,0.586,57.94,24
0.624,0.674,1.031,0.989,0.891,0.944,0.547,0.302,0.265,0.585,0.624,0.674,1.031,0.989,0.891,0.944,0.547,0.302,0.265,0.585,57.009,24
0.615,0.661,1.036,0.984,0.874,0.951,0.558,0.321,0.261,0.597,0.615,0.661,1.036,0.984,0.874,0.951,0.558,0.321,0.261,0.597,57.585,24
0.623,0.655,1.03,0.971,0.869,0.952,0.553,0.299,0.279,0.614,0.623,0.655,1.03,0.971,0.869,0.952,0.553,0.299,0.279,0.614,57.94,24
0.623,0.674,1.031,0.984,0.886,0.945,0.538,0.306,0.253,0.596,0.623,0.674,1.031,0.984,0.886,0.945,0.538,0.306,0.253,0.596,57.94,24
0.632,0.677,1.026,0.983,0.894,0.953,0.55,0.316,0.253,0.593,0.632,0.677,1.026,0.983,0.894,0.953,0.55,0.316,0.253,0.593,57.009,24
0.634,0.681,1.037,1.003,0.902,0.953,0.565,0.337,0.248,0.569,0.634,0.681,1.037,1.003,0.902,0.953,0.565,0.337,0.248,0.569,57.385,24
0.614,0.667,1.042,1.006,0.9,0.943,0.534,0.296,0.259,0.586,0.614,0.667,1.042,1.006,0.9,0.943,0.534,0.296,0.259,0.586,56.08,24
0.623,0.669,1.041,0.993,0.889,0.951,0.545,0.286,0.284,0.594,0.623,0.669,1.041,0.993,0.889,0.951,0.545,0.286,0.284,0.594,57.009,24
0.615,0.664,1.029,0.992,0.888,0.928,0.532,0.285,0.264,0.584,0.615,0.664,1.029,0.992,0.888,0.928,0.532,0.285,0.264,0.584,55.714,24
0.623,0.674,1.034,0.985,0.887,0.945,0.561,0.317,0.267,0.58,0.623,0.674,1.034,0.985,0.887,0.945,0.561,0.317,0.267,0.58,57.009,24
0.626,0.671,1.023,0.977,0.885,0.954,0.555,0.304,0.271,0.599,0.626,0.671,1.023,0.977,0.885,0.954,0.555,0.304,0.271,0.599,57.585,24
0.637,0.677,1.033,0.993,0.888,0.96,0.545,0.296,0.269,0.597,0.637,0.677,1.033,0.993,0.888,0.96,0.545,0.296,0.269,0.597,58.873,24
0.626,0.68,1.033,0.989,0.884,0.96,0.567,0.329,0.26,0.584,0.626,0.68,1.033,0.989,0.884,0.96,0.567,0.329,0.26,0.584,57.94,24
0.621,0.658,1.026,0.975,0.894,0.945,0.544,0.314,0.251,0.607,0.621,0.658,1.026,0.975,0.894,0.945,0.544,0.314,0.251,0.607,56.303,24
0.64,0.682,1.033,0.993,0.908,0.939,0.544,0.3,0.263,0.574,0.64,0.682,1.033,0.993,0.908,0.939,0.544,0.3,0.263,0.574,57.385,24
0.653,0.698,1.036,0.985,0.893,0.955,0.57,0.315,0.28,0.568,0.653,0.698,1.036,0.985,0.893,0.955,0.57,0.315,0.28,0.568,59.237,24
0.623,0.669,1.033,0.992,0.882,0.95,0.538,0.287,0.271,0.599,0.623,0.669,1.033,0.992,0.882,0.95,0.538,0.287,0.271,0.599,57.585,24
0.639,0.686,1.049,1.011,0.91,0.953,0.543,0.305,0.263,0.575,0.639,0.686,1.049,1.011,0.91,0.953,0.543,0.305,0.263,0.575,59.237,24
0.632,0.666,1.037,1.006,0.907,0.968,0.543,0.304,0.257,0.603,0.632,0.666,1.037,1.006,0.907,0.968,0.543,0.304,0.257,0.603,58.189,24
0.64,0.675,1.04,0.997,0.906,0.968,0.565,0.316,0.272,0.591,0.64,0.675,1.04,0.997,0.906,0.968,0.565,0.316,0.272,0.591,58.873,24
0.638,0.684,1.06,1.005,0.923,0.953,0.554,0.286,0.302,0.572,0.638,0.684,1.06,1.005,0.923,0.953,0.554,0.286,0.302,0.572,58.873,24
0.618,0.666,1.044,0.988,0.885,0.967,0.571,0.29,0.311,0.597,0.618,0.666,1.044,0.988,0.885,0.967,0.571,0.29,0.311,0.597,58.189,24
0.629,0.669,1.042,0.993,0.909,0.961,0.569,0.325,0.27,0.586,0.629,0.669,1.042,0.993,0.909,0.961,0.569,0.325,0.27,0.586,57.94,24
0.635,0.667,1.04,1.001,0.904,0.952,0.558,0.296,0.284,0.582,0.635,0.667,1.04,1.001,0.904,0.952,0.558,0.296,0.284,0.582,58.189,24
0.64,0.695,1.053,1.009,0.905,0.959,0.554,0.31,0.272,0.57,0.64,0.695,1.053,1.009,0.905,0.959,0.554,0.31,0.272,0.57,57.871,24
0.635,0.69,1.052,1.025,0.923,0.96,0.582,0.293,0.311,0.545,0.635,0.69,1.052,1.025,0.923,0.96,0.582,0.293,0.311,0.545,58.523,24
0.502,0.945,0.486,0.392,0.142,4.187,4.326,0.767,3.625,1.621,0.502,0.945,0.486,0.392,0.142,4.187,4.326,0.767,3.625,1.621,58.258,25
0.397,0.904,0.359,0.286,0.13,4.926,5.51,0.733,4.978,2.058,0.397,0.904,0.359,0.286,0.13,4.926,5.51,0.733,4.978,2.058,75.604,25
0.441,0.963,0.419,0.314,0.151,4.431,4.549,0.819,3.864,1.451,0.441,0.963,0.419,0.314,0.151,4.431,4.549,0.819,3.864,1.451,93.193,25
0.403,0.92,0.361,0.298,0.132,4.894,5.357,0.64,4.861,1.542,0.403,0.92,0.361,0.298,0.132,4.894,5.357,0.64,4.861,1.542,76.276,25
0.444,0.959,0.424,0.339,0.143,4.472,4.634,0.721,4.054,1.446,0.444,0.959,0.424,0.339,0.143,4.472,4.634,0.721,4.054,1.446,58.796,25
0.453,0.955,0.409,0.317,0.155,4.246,4.42,0.683,3.841,1.459,0.453,0.955,0.409,0.317,0.155,4.246,4.42,0.683,3.841,1.459,60.108,25
0.431,0.963,0.435,0.323,0.13,5.032,5.231,0.914,4.394,1.693,0.431,0.963,0.435,0.323,0.13,5.032,5.231,0.914,4.394,1.693,58.412,25
0.435,0.954,0.413,0.304,0.152,4.374,4.572,0.819,3.897,1.505,0.435,0.954,0.413,0.304,0.152,4.374,4.572,0.819,3.897,1.505,59.666,25
0.455,0.955,0.433,0.323,0.148,4.337,4.563,0.818,3.868,1.479,0.455,0.955,0.433,0.323,0.148,4.337,4.563,0.818,3.868,1.479,58.052,25
0.449,0.956,0.41,0.318,0.149,4.4,4.59,0.734,4,1.479,0.449,0.956,0.41,0.318,0.149,4.4,4.59,0.734,4,1.479,58.052,25
0.433,0.963,0.419,0.315,0.129,5.111,5.309,0.857,4.525,1.699,0.433,0.963,0.419,0.315,0.129,5.111,5.309,0.857,4.525,1.699,58.898,25
0.443,0.954,0.413,0.312,0.152,4.313,4.521,0.77,3.897,1.402,0.443,0.954,0.413,0.312,0.152,4.313,4.521,0.77,3.897,1.402,56.639,25
0.438,0.971,0.411,0.317,0.153,4.392,4.466,0.707,3.864,1.404,0.438,0.971,0.411,0.317,0.153,4.392,4.466,0.707,3.864,1.404,56.727,25
0.451,0.958,0.406,0.301,0.17,3.913,4.099,0.676,3.523,1.257,0.451,0.958,0.406,0.301,0.17,3.913,4.099,0.676,3.523,1.257,53.075,25
0.455,0.962,0.435,0.317,0.158,4.185,4.322,0.817,3.587,1.356,0.455,0.962,0.435,0.317,0.158,4.185,4.322,0.817,3.587,1.356,56.569,25
0.446,0.962,0.418,0.312,0.153,4.313,4.483,0.732,3.815,1.451,0.446,0.962,0.418,0.312,0.153,4.313,4.483,0.732,3.815,1.451,55.902,25
0.472,0.965,0.418,0.329,0.157,4.138,4.284,0.63,3.735,1.324,0.472,0.965,0.418,0.329,0.157,4.138,4.284,0.63,3.735,1.324,54.452,25
0.45,0.96,0.405,0.315,0.145,4.513,4.723,0.66,4.133,1.574,0.45,0.96,0.405,0.315,0.145,4.513,4.723,0.66,4.133,1.574,55.154,25
0.44,0.959,0.412,0.324,0.14,4.596,4.815,0.691,4.227,1.622,0.44,0.959,0.412,0.324,0.14,4.596,4.815,0.691,4.227,1.622,53.263,25
0.448,0.949,0.412,0.327,0.144,4.422,4.671,0.688,4.113,1.581,0.448,0.949,0.412,0.327,0.144,4.422,4.671,0.688,4.113,1.581,54.452,25
0.449,0.96,0.412,0.326,0.148,4.385,4.557,0.692,4.024,1.544,0.449,0.96,0.412,0.326,0.148,4.385,4.557,0.692,4.024,1.544,52.402,25
0.445,0.953,0.401,0.322,0.147,4.376,4.622,0.623,4.124,1.494,0.445,0.953,0.401,0.322,0.147,4.376,4.622,0.623,4.124,1.494,55.172,25
0.454,0.97,0.411,0.325,0.154,4.284,4.384,0.642,3.853,1.421,0.454,0.97,0.411,0.325,0.154,4.284,4.384,0.642,3.853,1.421,53.759,25
0.465,0.953,0.421,0.329,0.165,3.872,4.061,0.663,3.536,1.335,0.465,0.953,0.421,0.329,0.165,3.872,4.061,0.663,3.536,1.335,51.624,25
0.441,0.951,0.403,0.309,0.149,4.386,4.641,0.717,4.053,1.532,0.441,0.951,0.403,0.309,0.149,4.386,4.641,0.717,4.053,1.532,53.74,25
0.436,0.967,0.408,0.314,0.156,4.283,4.39,0.69,3.816,1.521,0.436,0.967,0.408,0.314,0.156,4.283,4.39,0.69,3.816,1.521,53.151,25
0.449,0.954,0.421,0.317,0.159,4.089,4.302,0.711,3.677,1.395,0.449,0.954,0.421,0.317,0.159,4.089,4.302,0.711,3.677,1.395,50.931,25
0.439,0.957,0.427,0.325,0.148,4.367,4.564,0.772,3.905,1.435,0.439,0.957,0.427,0.325,0.148,4.367,4.564,0.772,3.905,1.435,53.814,25
0.434,0.962,0.405,0.317,0.138,4.769,4.958,0.724,4.364,1.604,0.434,0.962,0.405,0.317,0.138,4.769,4.958,0.724,4.364,1.604,53.759,25
0.451,0.956,0.413,0.318,0.153,4.266,4.471,0.704,3.881,1.453,0.451,0.956,0.413,0.318,0.153,4.266,4.471,0.704,3.881,1.453,53.038,25
0.429,0.962,0.399,0.299,0.143,4.665,4.899,0.73,4.246,1.554,0.429,0.962,0.399,0.299,0.143,4.665,4.899,0.73,4.246,1.554,52.402,25
0.433,0.952,0.411,0.3,0.155,4.275,4.519,0.788,3.856,1.476,0.433,0.952,0.411,0.3,0.155,4.275,4.519,0.788,3.856,1.476,53.151,25
0.427,0.956,0.406,0.307,0.145,4.533,4.783,0.716,4.134,1.529,0.427,0.956,0.406,0.307,0.145,4.533,4.783,0.716,4.134,1.529,52.631,25
0.431,0.956,0.386,0.314,0.148,4.415,4.64,0.571,4.19,1.488,0.431,0.956,0.386,0.314,0.148,4.415,4.64,0.571,4.19,1.488,51.856,25
0.434,0.956,0.397,0.316,0.145,4.483,4.717,0.638,4.203,1.529,0.434,0.956,0.397,0.316,0.145,4.483,4.717,0.638,4.203,1.529,52.498,25
0.445,0.945,0.417,0.313,0.157,4.086,4.376,0.711,3.757,1.449,0.445,0.945,0.417,0.313,0.157,4.086,4.376,0.711,3.757,1.449,49.679,25
0.439,0.956,0.395,0.31,0.161,4.103,4.277,0.631,3.778,1.363,0.439,0.956,0.395,0.31,0.161,4.103,4.277,0.631,3.778,1.363,51.74,25
0.434,0.954,0.38,0.3,0.166,3.996,4.208,0.555,3.763,1.378,0.434,0.954,0.38,0.3,0.166,3.996,4.208,0.555,3.763,1.378,51.225,25
0.427,0.956,0.428,0.316,0.152,4.289,4.507,0.823,3.839,1.513,0.427,0.956,0.428,0.316,0.152,4.289,4.507,0.823,3.839,1.513,51.856,25
0.423,0.956,0.402,0.31,0.157,4.23,4.404,0.716,3.858,1.453,0.423,0.956,0.402,0.31,0.157,4.23,4.404,0.716,3.858,1.453,54.562,25
0.425,0.942,0.394,0.299,0.163,4.007,4.29,0.669,3.754,1.359,0.425,0.942,0.394,0.299,0.163,4.007,4.29,0.669,3.754,1.359,53.263,25
0.438,0.971,0.4,0.307,0.172,3.956,4.026,0.662,3.523,1.341,0.438,0.971,0.4,0.307,0.172,3.956,4.026,0.662,3.523,1.341,52.498,25
0.432,0.958,0.41,0.316,0.152,4.306,4.486,0.717,3.909,1.497,0.432,0.958,0.41,0.316,0.152,4.306,4.486,0.717,3.909,1.497,53.151,25
0.436,0.965,0.398,0.303,0.171,3.951,4.071,0.644,3.552,1.295,0.436,0.965,0.398,0.303,0.171,3.951,4.071,0.644,3.552,1.295,51.74,25
0.435,0.965,0.392,0.305,0.171,3.956,4.061,0.585,3.569,1.295,0.435,0.965,0.392,0.305,0.171,3.956,4.061,0.585,3.569,1.295,53.151,25
0.427,0.948,0.406,0.32,0.162,3.972,4.197,0.634,3.699,1.372,0.427,0.948,0.406,0.32,0.162,3.972,4.197,0.634,3.699,1.372,51.225,25
0.447,0.965,0.395,0.308,0.184,3.68,3.774,0.549,3.312,1.26,0.447,0.965,0.395,0.308,0.184,3.68,3.774,0.549,3.312,1.26,50.931,25
0.43,0.971,0.41,0.315,0.164,4.103,4.178,0.66,3.62,1.407,0.43,0.971,0.41,0.315,0.164,4.103,4.178,0.66,3.62,1.407,52.01,25
0.426,0.97,0.414,0.312,0.163,4.137,4.236,0.706,3.635,1.31,0.426,0.97,0.414,0.312,0.163,4.137,4.236,0.706,3.635,1.31,52.01,25
0.442,0.956,0.391,0.312,0.171,3.854,4.026,0.541,3.582,1.251,0.442,0.956,0.391,0.312,0.171,3.854,4.026,0.541,3.582,1.251,50.329,25
0.425,0.96,0.395,0.311,0.157,4.215,4.378,0.671,3.892,1.401,0.425,0.96,0.395,0.311,0.157,4.215,4.378,0.671,3.892,1.401,49.82,25
0.613,0.933,0.947,0.827,0.509,0.619,0.522,0.322,0.211,0.257,0.613,0.933,0.947,0.827,0.509,0.619,0.522,0.322,0.211,0.257,28,26
0.583,0.941,0.956,0.837,0.559,0.565,0.458,0.284,0.189,0.236,0.583,0.941,0.956,0.837,0.559,0.565,0.458,0.284,0.189,0.236,31.78,26
0.583,0.947,0.948,0.843,0.55,0.589,0.468,0.286,0.188,0.237,0.583,0.947,0.948,0.843,0.55,0.589,0.468,0.286,0.188,0.237,27.731,26
0.589,0.934,0.947,0.833,0.522,0.611,0.497,0.309,0.196,0.266,0.589,0.934,0.947,0.833,0.522,0.611,0.497,0.309,0.196,0.266,26.401,26
0.566,0.931,0.949,0.82,0.547,0.572,0.489,0.313,0.186,0.242,0.566,0.931,0.949,0.82,0.547,0.572,0.489,0.313,0.186,0.242,29.069,26
0.569,0.931,0.945,0.81,0.545,0.589,0.52,0.314,0.226,0.232,0.569,0.931,0.945,0.81,0.545,0.589,0.52,0.314,0.226,0.232,30.083,26
0.569,0.923,0.946,0.818,0.556,0.585,0.513,0.317,0.208,0.238,0.569,0.923,0.946,0.818,0.556,0.585,0.513,0.317,0.208,0.238,26.833,26
0.576,0.931,0.945,0.826,0.545,0.596,0.515,0.303,0.226,0.232,0.576,0.931,0.945,0.826,0.545,0.596,0.515,0.303,0.226,0.232,22.361,26
0.565,0.934,0.932,0.813,0.564,0.574,0.495,0.298,0.201,0.231,0.565,0.934,0.932,0.813,0.564,0.574,0.495,0.298,0.201,0.231,30.887,26
0.584,0.939,0.954,0.847,0.566,0.542,0.45,0.273,0.187,0.214,0.584,0.939,0.954,0.847,0.566,0.542,0.45,0.273,0.187,0.214,28.653,26
0.586,0.931,0.946,0.823,0.532,0.615,0.531,0.345,0.191,0.24,0.586,0.931,0.946,0.823,0.532,0.615,0.531,0.345,0.191,0.24,24.698,26
0.578,0.939,0.947,0.827,0.541,0.594,0.51,0.321,0.197,0.22,0.578,0.939,0.947,0.827,0.541,0.594,0.51,0.321,0.197,0.22,26.571,26
0.588,0.936,0.948,0.824,0.518,0.612,0.51,0.31,0.217,0.258,0.588,0.936,0.948,0.824,0.518,0.612,0.51,0.31,0.217,0.258,28.792,26
0.573,0.932,0.955,0.813,0.537,0.608,0.525,0.338,0.21,0.245,0.573,0.932,0.955,0.813,0.537,0.608,0.525,0.338,0.21,0.245,29.069,26
0.594,0.94,0.948,0.839,0.529,0.602,0.5,0.296,0.214,0.235,0.594,0.94,0.948,0.839,0.529,0.602,0.5,0.296,0.214,0.235,27.295,26
0.589,0.934,0.956,0.837,0.511,0.604,0.504,0.316,0.202,0.253,0.589,0.934,0.956,0.837,0.511,0.604,0.504,0.316,0.202,0.253,24.597,26
0.597,0.944,0.947,0.833,0.556,0.59,0.467,0.29,0.184,0.252,0.597,0.944,0.947,0.833,0.556,0.59,0.467,0.29,0.184,0.252,27.459,26
0.596,0.941,0.954,0.848,0.561,0.574,0.466,0.286,0.189,0.226,0.596,0.941,0.954,0.848,0.561,0.574,0.466,0.286,0.189,0.226,30.871,26
0.587,0.934,0.948,0.829,0.521,0.629,0.531,0.334,0.205,0.25,0.587,0.934,0.948,0.829,0.521,0.629,0.531,0.334,0.205,0.25,23.707,26
0.612,0.94,0.953,0.865,0.545,0.588,0.466,0.254,0.222,0.232,0.612,0.94,0.953,0.865,0.545,0.588,0.466,0.254,0.222,0.232,26.401,26
0.586,0.938,0.962,0.849,0.572,0.582,0.485,0.313,0.183,0.214,0.586,0.938,0.962,0.849,0.572,0.582,0.485,0.313,0.183,0.214,31.064,26
0.595,0.933,0.954,0.836,0.553,0.622,0.52,0.327,0.203,0.237,0.595,0.933,0.954,0.836,0.553,0.622,0.52,0.327,0.203,0.237,27.295,26
0.586,0.941,0.948,0.831,0.549,0.62,0.509,0.31,0.21,0.24,0.586,0.941,0.948,0.831,0.549,0.62,0.509,0.31,0.21,0.24,27.785,26
0.61,0.949,0.97,0.857,0.556,0.586,0.456,0.28,0.2,0.232,0.61,0.949,0.97,0.857,0.556,0.586,0.456,0.28,0.2,0.232,25.495,26
0.603,0.946,0.961,0.864,0.572,0.588,0.48,0.294,0.195,0.202,0.603,0.946,0.961,0.864,0.572,0.588,0.48,0.294,0.195,0.202,30.017,26
0.586,0.932,0.948,0.821,0.525,0.63,0.525,0.319,0.223,0.266,0.586,0.932,0.948,0.821,0.525,0.63,0.525,0.319,0.223,0.266,26.42,26
0.59,0.938,0.955,0.828,0.541,0.625,0.524,0.329,0.212,0.237,0.59,0.938,0.955,0.828,0.541,0.625,0.524,0.329,0.212,0.237,26.833,26
0.586,0.936,0.955,0.855,0.57,0.615,0.48,0.28,0.211,0.251,0.586,0.936,0.955,0.855,0.57,0.615,0.48,0.28,0.211,0.251,25.807,26
0.585,0.959,0.962,0.852,0.557,0.64,0.495,0.308,0.2,0.233,0.585,0.959,0.962,0.852,0.557,0.64,0.495,0.308,0.2,0.233,27.459,26
0.582,0.95,0.954,0.842,0.556,0.626,0.502,0.308,0.204,0.23,0.582,0.95,0.954,0.842,0.556,0.626,0.502,0.308,0.204,0.23,28.302,26
0.588,0.94,0.953,0.84,0.538,0.62,0.51,0.31,0.212,0.237,0.588,0.94,0.953,0.84,0.538,0.62,0.51,0.31,0.212,0.237,26.077,26
0.563,0.93,0.93,0.817,0.548,0.612,0.522,0.299,0.228,0.247,0.563,0.93,0.93,0.817,0.548,0.612,0.522,0.299,0.228,0.247,28.178,26
0.583,0.936,0.951,0.838,0.564,0.582,0.502,0.298,0.217,0.208,0.583,0.936,0.951,0.838,0.564,0.582,0.502,0.298,0.217,0.208,27.459,26
0.583,0.938,0.952,0.83,0.559,0.604,0.514,0.32,0.206,0.22,0.583,0.938,0.952,0.83,0.559,0.604,0.514,0.32,0.206,0.22,25.554,26
0.572,0.94,0.952,0.838,0.558,0.608,0.5,0.304,0.208,0.233,0.572,0.94,0.952,0.838,0.558,0.608,0.5,0.304,0.208,0.233,24.597,26
0.586,0.931,0.936,0.823,0.538,0.623,0.537,0.31,0.235,0.237,0.586,0.931,0.936,0.823,0.538,0.623,0.537,0.31,0.235,0.237,19.925,26
0.565,0.93,0.946,0.834,0.561,0.602,0.502,0.301,0.21,0.24,0.565,0.93,0.946,0.834,0.561,0.602,0.502,0.301,0.21,0.24,23.77,26
0.585,0.932,0.945,0.823,0.543,0.623,0.525,0.319,0.216,0.247,0.585,0.932,0.945,0.823,0.543,0.623,0.525,0.319,0.216,0.247,23.77,26
0.572,0.932,0.947,0.834,0.545,0.614,0.512,0.318,0.201,0.245,0.572,0.932,0.947,0.834,0.545,0.614,0.512,0.318,0.201,0.245,22.361,26
0.582,0.948,0.952,0.843,0.557,0.58,0.468,0.284,0.194,0.223,0.582,0.948,0.952,0.843,0.557,0.58,0.468,0.284,0.194,0.223,24.698,26
0.585,0.939,0.952,0.839,0.565,0.604,0.509,0.316,0.202,0.216,0.585,0.939,0.952,0.839,0.565,0.604,0.509,0.316,0.202,0.216,23.77,26
0.579,0.941,0.946,0.846,0.553,0.598,0.473,0.277,0.201,0.246,0.579,0.941,0.946,0.846,0.553,0.598,0.473,0.277,0.201,0.246,23.77,26
0.608,0.947,0.952,0.845,0.543,0.628,0.522,0.32,0.21,0.214,0.608,0.947,0.952,0.845,0.543,0.628,0.522,0.32,0.21,0.214,27.313,26
0.594,0.951,0.952,0.844,0.557,0.622,0.492,0.306,0.194,0.234,0.594,0.951,0.952,0.844,0.557,0.622,0.492,0.306,0.194,0.234,25.239,26
0.577,0.947,0.959,0.838,0.569,0.612,0.502,0.307,0.214,0.219,0.577,0.947,0.959,0.838,0.569,0.612,0.502,0.307,0.214,0.219,25.942,26
0.59,0.941,0.945,0.821,0.531,0.639,0.536,0.337,0.207,0.242,0.59,0.941,0.945,0.821,0.531,0.639,0.536,0.337,0.207,0.242,25.06,26
0.578,0.935,0.943,0.828,0.535,0.642,0.536,0.324,0.219,0.25,0.578,0.935,0.943,0.828,0.535,0.642,0.536,0.324,0.219,0.25,23.854,26
0.601,0.95,0.957,0.846,0.558,0.64,0.516,0.32,0.206,0.225,0.601,0.95,0.957,0.846,0.558,0.64,0.516,0.32,0.206,0.225,27.514,26
0.597,0.952,0.95,0.855,0.553,0.631,0.489,0.283,0.212,0.239,0.597,0.952,0.95,0.855,0.553,0.631,0.489,0.283,0.212,0.239,22.825,26
0.574,0.931,0.952,0.815,0.537,0.612,0.534,0.34,0.212,0.237,0.574,0.931,0.952,0.815,0.537,0.612,0.534,0.34,0.212,0.237,27.731,26
0.602,0.939,0.957,0.849,0.578,0.586,0.483,0.286,0.212,0.216,0.602,0.939,0.957,0.849,0.578,0.586,0.483,0.286,0.212,0.216,26.571,26
0.928,0.947,1.025,0.991,0.279,0.26,0.043,0.123,0.097,0.263,0.928,0.947,1.025,0.991,0.279,0.26,0.043,0.123,0.097,0.263,11.18,27
0.901,0.951,1.024,0.974,0.274,0.13,0.097,0.184,0.097,0.194,0.901,0.951,1.024,0.974,0.274,0.13,0.097,0.184,0.097,0.194,10.77,27
0.891,0.944,1.007,0.965,0.274,0.179,0.137,0.156,0.097,0.233,0.891,0.944,1.007,0.965,0.274,0.179,0.137,0.156,0.097,0.233,10.77,27
0.907,0.959,1.017,0.966,0.271,0.1,0.126,0.189,0.063,0.183,0.907,0.959,1.017,0.966,0.271,0.1,0.126,0.189,0.063,0.183,10.44,27
0.866,0.949,1.02,0.985,0.275,0.409,0.216,0.136,0.178,0.262,0.866,0.949,1.02,0.985,0.275,0.409,0.216,0.136,0.178,0.262,12.53,27
0.907,0.958,1.015,0.989,0.252,0.194,0.108,0.108,0.097,0.175,0.907,0.958,1.015,0.989,0.252,0.194,0.108,0.108,0.097,0.175,9.487,27
0.91,0.965,1.033,0.987,0.296,0.171,0.15,0.171,0.132,0.118,0.91,0.965,1.033,0.987,0.296,0.171,0.15,0.171,0.132,0.118,13.416,27
0.915,0.967,1.008,0.972,0.275,0.16,0.133,0.141,0.044,0.141,0.915,0.967,1.008,0.972,0.275,0.16,0.133,0.141,0.044,0.141,11.662,27
0.934,0.966,1.035,0.999,0.266,0.189,0.067,0.149,0.133,0.149,0.934,0.966,1.035,0.999,0.266,0.189,0.067,0.149,0.133,0.149,8.944,27
0.977,0.968,1.036,1.008,0.332,0.484,0.269,0.112,0.227,0.227,0.977,0.968,1.036,1.008,0.332,0.484,0.269,0.112,0.227,0.227,11.045,27
0.948,0.959,1.025,1.015,0.35,0.251,0.114,0.036,0.108,0.148,0.948,0.959,1.025,1.015,0.35,0.251,0.114,0.036,0.108,0.148,14.036,27
0.921,0.961,1.015,0.98,0.308,0.21,0.123,0.123,0.078,0.161,0.921,0.961,1.015,0.98,0.308,0.21,0.123,0.123,0.078,0.161,12.166,27
0.909,0.969,1.025,0.982,0.307,0.177,0.079,0.143,0.088,0.158,0.909,0.969,1.025,0.982,0.307,0.177,0.079,0.143,0.088,0.158,12.649,27
0.945,0.961,1.025,0.99,0.251,0.198,0.049,0.14,0.11,0.204,0.945,0.961,1.025,0.99,0.251,0.198,0.049,0.14,0.11,0.204,12.083,27
0.914,0.952,1.024,0.972,0.316,0.21,0.117,0.166,0.117,0.199,0.914,0.952,1.024,0.972,0.316,0.21,0.117,0.166,0.117,0.199,13.153,27
0.956,0.964,1.033,0.983,0.244,0.209,0.072,0.227,0.161,0.254,0.956,0.964,1.033,0.983,0.244,0.209,0.072,0.227,0.161,0.254,11.18,27
0.944,0.959,1.01,0.965,0.279,0.1,0.126,0.161,0.045,0.184,0.944,0.959,1.01,0.965,0.279,0.1,0.126,0.161,0.045,0.184,10.198,27
0.883,0.951,1.008,0.956,0.279,0.098,0.158,0.186,0.044,0.196,0.883,0.951,1.008,0.956,0.279,0.098,0.158,0.186,0.044,0.196,15.232,27
0.921,0.984,1.018,0.971,0.296,0.152,0.126,0.173,0.059,0.084,0.921,0.984,1.018,0.971,0.296,0.152,0.126,0.173,0.059,0.084,11.705,27
0.903,0.96,1.008,0.955,0.263,0.133,0.17,0.2,0.047,0.195,0.903,0.96,1.008,0.955,0.263,0.133,0.17,0.2,0.047,0.195,11.705,27
0.937,0.96,1.016,0.972,0.285,0.192,0.129,0.155,0.086,0.177,0.937,0.96,1.016,0.972,0.285,0.192,0.129,0.155,0.086,0.177,9.055,27
0.888,0.959,1.016,0.98,0.323,0.207,0.122,0.122,0.077,0.159,0.888,0.959,1.016,0.98,0.323,0.207,0.122,0.122,0.077,0.159,12.649,27
0.944,0.951,1.024,0.997,0.275,0.328,0.131,0.104,0.139,0.237,0.944,0.951,1.024,0.997,0.275,0.328,0.131,0.104,0.139,0.237,9.849,27
0.949,0.96,1.025,0.979,0.291,0.232,0.136,0.177,0.096,0.177,0.949,0.96,1.025,0.979,0.291,0.232,0.136,0.177,0.096,0.177,9.22,27
0.891,0.965,1.017,0.973,0.282,0.044,0.098,0.158,0.062,0.124,0.891,0.965,1.017,0.973,0.282,0.044,0.098,0.158,0.062,0.124,10.77,27
0.91,0.953,1.015,0.981,0.269,0.233,0.092,0.13,0.092,0.233,0.91,0.953,1.015,0.981,0.269,0.233,0.092,0.13,0.092,0.233,13,27
0.902,0.931,0.997,0.971,0.301,0.326,0.163,0.088,0.112,0.288,0.902,0.931,0.997,0.971,0.301,0.326,0.163,0.088,0.112,0.288,12.166,27
0.9,0.936,1.008,0.966,0.302,0.158,0.112,0.143,0.04,0.25,0.9,0.936,1.008,0.966,0.302,0.158,0.112,0.143,0.04,0.25,12.166,27
0.926,0.973,1.008,0.971,0.306,0.057,0.121,0.128,0.04,0.091,0.926,0.973,1.008,0.971,0.306,0.057,0.121,0.128,0.04,0.091,14,27
0.879,0.949,1.026,0.99,0.305,0.169,0.041,0.116,0.092,0.184,0.879,0.949,1.026,0.99,0.305,0.169,0.041,0.116,0.092,0.184,14.866,27
0.971,0.966,1.028,1.012,0.249,0.187,0.116,0.104,0.116,0.164,0.971,0.966,1.028,1.012,0.249,0.187,0.116,0.104,0.116,0.164,10.05,27
0.996,0.956,1.052,1.016,0.328,0.211,0.078,0.111,0.175,0.141,0.996,0.956,1.052,1.016,0.328,0.211,0.078,0.111,0.175,0.141,14.036,27
0.93,0.951,1.018,0.982,0.283,0.178,0.063,0.126,0.063,0.227,0.93,0.951,1.018,0.982,0.283,0.178,0.063,0.126,0.063,0.227,10.198,27
0.938,0.963,1.025,0.99,0.265,0.241,0.047,0.133,0.106,0.236,0.938,0.963,1.025,0.99,0.265,0.241,0.047,0.133,0.106,0.236,13.601,27
0.91,0.953,1.014,0.978,0.325,0.287,0.168,0.119,0.119,0.192,0.91,0.953,1.014,0.978,0.325,0.287,0.168,0.119,0.119,0.192,13.601,27
0.887,0.952,1.018,0.959,0.29,0.042,0.171,0.208,0.083,0.212,0.887,0.952,1.018,0.959,0.29,0.042,0.171,0.208,0.083,0.212,12.042,27
0.937,0.954,1.017,0.976,0.259,0.139,0.104,0.167,0.066,0.237,0.937,0.954,1.017,0.976,0.259,0.139,0.104,0.167,0.066,0.237,11.402,27
0.887,0.942,1.017,0.975,0.263,0.146,0.104,0.167,0.066,0.249,0.887,0.942,1.017,0.975,0.263,0.146,0.104,0.167,0.066,0.249,11.18,27
0.931,0.952,1.018,0.992,0.264,0.197,0.048,0.107,0.068,0.244,0.931,0.952,1.018,0.992,0.264,0.197,0.048,0.107,0.068,0.244,13.342,27
0.885,0.958,1.009,0.966,0.275,0.044,0.124,0.158,0.044,0.158,0.885,0.958,1.009,0.966,0.275,0.044,0.124,0.158,0.044,0.158,11.402,27
0.886,0.944,1.017,0.975,0.279,0.177,0.099,0.16,0.063,0.27,0.886,0.944,1.017,0.975,0.279,0.177,0.099,0.16,0.063,0.27,16.125,27
0.866,0.952,1.002,0.967,0.26,0.094,0.149,0.133,0.067,0.24,0.866,0.952,1.002,0.967,0.26,0.094,0.149,0.133,0.067,0.24,12.53,27
0.932,0.959,1.009,0.959,0.271,0,0.188,0.204,0.046,0.188,0.932,0.959,1.009,0.959,0.271,0,0.188,0.204,0.046,0.188,13.038,27
0.919,0.96,1.017,0.975,0.273,0.09,0.101,0.163,0.064,0.186,0.919,0.96,1.017,0.975,0.273,0.09,0.101,0.163,0.064,0.186,13.342,27
0.936,0.96,1.002,0.969,0.25,0.049,0.194,0.153,0.069,0.2,0.936,0.96,1.002,0.969,0.25,0.049,0.194,0.153,0.069,0.2,11.045,27
0.911,0.974,1.036,1.008,0.326,0.123,0.039,0.087,0.11,0.087,0.911,0.974,1.036,1.008,0.326,0.123,0.039,0.087,0.11,0.087,17.088,27
0.966,0.975,1.018,0.993,0.258,0.069,0.049,0.108,0.069,0.108,0.966,0.975,1.018,0.993,0.258,0.069,0.049,0.108,0.069,0.108,13.342,27
0.91,0.951,1.017,0.975,0.267,0.102,0.102,0.165,0.065,0.205,0.91,0.951,1.017,0.975,0.267,0.102,0.102,0.165,0.065,0.205,13.601,27
0.908,0.965,1.01,0.985,0.216,0.116,0.116,0.13,0.058,0.164,0.908,0.965,1.01,0.985,0.216,0.116,0.116,0.13,0.058,0.164,11.662,27
0.969,0.967,1.042,1.005,0.294,0.262,0.155,0.136,0.177,0.136,0.969,0.967,1.042,1.005,0.294,0.262,0.155,0.136,0.177,0.136,10.44,27
0.938,0.964,1.016,0.98,0.248,0.104,0.104,0.146,0.104,0.146,0.938,0.964,1.016,0.98,0.248,0.104,0.104,0.146,0.104,0.146,11.402,27
0.526,0.976,0.941,0.571,0.131,4.089,3.929,3.26,0.783,0.74,0.526,0.976,0.941,0.571,0.131,4.089,3.929,3.26,0.783,0.74,100.722,28
0.539,0.979,0.928,0.625,0.172,2.965,2.774,2.176,0.639,0.583,0.539,0.979,0.928,0.625,0.172,2.965,2.774,2.176,0.639,0.583,98.899,28
0.521,0.976,0.933,0.55,0.092,5.823,5.65,4.634,1.185,1.045,0.521,0.976,0.933,0.55,0.092,5.823,5.65,4.634,1.185,1.045,105.309,28
0.543,0.975,0.948,0.515,0.152,3.807,3.712,3.187,0.676,0.64,0.543,0.975,0.948,0.515,0.152,3.807,3.712,3.187,0.676,0.64,98.087,28
0.535,0.967,0.949,0.521,0.154,3.731,3.676,3.14,0.711,0.639,0.535,0.967,0.949,0.521,0.154,3.731,3.676,3.14,0.711,0.639,98.615,28
0.518,0.967,0.946,0.467,0.124,4.843,4.838,4.217,0.828,0.796,0.518,0.967,0.946,0.467,0.124,4.843,4.838,4.217,0.828,0.796,102.883,28
0.522,1.009,0.939,0.46,0.126,5.288,4.838,4.142,0.922,1.129,0.522,1.009,0.939,0.46,0.126,5.288,4.838,4.142,0.922,1.129,101.242,28
0.497,0.958,0.95,0.458,0.117,5.179,5.274,4.651,0.822,0.788,0.497,0.958,0.95,0.458,0.117,5.179,5.274,4.651,0.822,0.788,107.154,28
0.532,0.989,0.941,0.472,0.164,3.854,3.707,3.184,0.666,0.589,0.532,0.989,0.941,0.472,0.164,3.854,3.707,3.184,0.666,0.589,98.234,28
0.518,0.967,0.937,0.487,0.117,5.104,5.095,4.329,0.943,0.767,0.518,0.967,0.937,0.487,0.117,5.104,5.095,4.329,0.943,0.767,104.752,28
0.508,0.975,0.975,0.483,0.109,5.497,5.378,4.94,0.772,0.974,0.508,0.975,0.975,0.483,0.109,5.497,5.378,4.94,0.772,0.974,104.785,28
0.526,0.975,0.957,0.483,0.122,4.888,4.782,4.236,0.779,0.866,0.526,0.975,0.957,0.483,0.122,4.888,4.782,4.236,0.779,0.866,103.619,28
0.531,0.982,0.955,0.527,0.095,5.82,5.632,4.888,1.032,0.989,0.531,0.982,0.955,0.527,0.095,5.82,5.632,4.888,1.032,0.989,103.247,28
0.53,0.976,0.954,0.495,0.123,4.937,4.849,4.239,0.834,0.71,0.53,0.976,0.954,0.495,0.123,4.937,4.849,4.239,0.834,0.71,105.475,28
0.517,0.972,0.947,0.505,0.118,4.974,4.902,4.224,0.869,0.788,0.517,0.972,0.947,0.505,0.118,4.974,4.902,4.224,0.869,0.788,105.475,28
0.5,0.979,0.948,0.469,0.118,5.291,5.154,4.536,0.767,0.874,0.5,0.979,0.948,0.469,0.118,5.291,5.154,4.536,0.767,0.874,107.541,28
0.538,0.992,0.93,0.592,0.164,3.444,3.203,2.574,0.683,0.57,0.538,0.992,0.93,0.592,0.164,3.444,3.203,2.574,0.683,0.57,100.464,28
0.511,0.977,0.949,0.452,0.127,4.958,4.847,4.296,0.707,0.883,0.511,0.977,0.949,0.452,0.127,4.958,4.847,4.296,0.707,0.883,104.924,28
0.52,0.983,0.951,0.48,0.118,5.15,5.038,4.402,0.883,0.707,0.52,0.983,0.951,0.48,0.118,5.15,5.038,4.402,0.883,0.707,104.178,28
0.538,0.976,0.951,0.477,0.147,4.249,4.182,3.639,0.75,0.599,0.538,0.976,0.951,0.477,0.147,4.249,4.182,3.639,0.75,0.599,103.465,28
0.537,0.973,0.948,0.483,0.181,3.406,3.323,2.883,0.577,0.601,0.537,0.973,0.948,0.483,0.181,3.406,3.323,2.883,0.577,0.601,97.309,28
0.529,0.986,0.943,0.477,0.127,4.929,4.779,4.108,0.877,0.697,0.529,0.986,0.943,0.477,0.127,4.929,4.779,4.108,0.877,0.697,104.403,28
0.511,0.974,0.951,0.458,0.113,5.536,5.435,4.802,0.849,0.947,0.511,0.974,0.951,0.458,0.113,5.536,5.435,4.802,0.849,0.947,107.564,28
0.543,0.977,0.95,0.495,0.148,4.025,3.925,3.402,0.716,0.677,0.543,0.977,0.95,0.495,0.148,4.025,3.925,3.402,0.716,0.677,100.658,28
0.534,0.964,0.925,0.479,0.182,3.354,3.323,2.776,0.626,0.608,0.534,0.964,0.925,0.479,0.182,3.354,3.323,2.776,0.626,0.608,97.862,28
0.511,0.966,0.933,0.447,0.146,4.281,4.263,3.633,0.803,0.745,0.511,0.966,0.933,0.447,0.146,4.281,4.263,3.633,0.803,0.745,103.619,28
0.533,0.978,0.941,0.469,0.141,4.43,4.296,3.71,0.737,0.798,0.533,0.978,0.941,0.469,0.141,4.43,4.296,3.71,0.737,0.798,104.403,28
0.548,0.973,0.937,0.451,0.207,3.056,3.027,2.61,0.514,0.465,0.548,0.973,0.937,0.451,0.207,3.056,3.027,2.61,0.514,0.465,96.566,28
0.536,0.966,0.93,0.501,0.161,3.682,3.641,3.04,0.698,0.625,0.536,0.966,0.93,0.501,0.161,3.682,3.641,3.04,0.698,0.625,101.592,28
0.551,0.966,0.942,0.481,0.181,3.3,3.267,2.799,0.615,0.608,0.551,0.966,0.942,0.481,0.181,3.3,3.267,2.799,0.615,0.608,98.234,28
0.534,0.982,0.945,0.476,0.147,4.177,4.067,3.521,0.711,0.638,0.534,0.982,0.945,0.476,0.147,4.177,4.067,3.521,0.711,0.638,103.121,28
0.524,0.977,0.942,0.475,0.147,4.191,4.12,3.533,0.761,0.609,0.524,0.977,0.942,0.475,0.147,4.191,4.12,3.533,0.761,0.609,105.342,28
0.536,0.97,0.935,0.462,0.144,4.211,4.15,3.537,0.786,0.804,0.536,0.97,0.935,0.462,0.144,4.211,4.15,3.537,0.786,0.804,102.528,28
0.536,0.976,0.93,0.468,0.157,4.02,3.936,3.324,0.721,0.636,0.536,0.976,0.93,0.468,0.157,4.02,3.936,3.324,0.721,0.636,105.005,28
0.556,0.977,0.938,0.466,0.173,3.634,3.557,3.03,0.687,0.575,0.556,0.977,0.938,0.466,0.173,3.634,3.557,3.03,0.687,0.575,101.843,28
0.529,0.975,0.941,0.467,0.139,4.424,4.332,3.741,0.743,0.772,0.529,0.975,0.941,0.467,0.139,4.424,4.332,3.741,0.743,0.772,105.342,28
0.543,0.974,0.943,0.444,0.17,3.802,3.713,3.253,0.576,0.699,0.543,0.974,0.943,0.444,0.17,3.802,3.713,3.253,0.576,0.699,104.676,28
0.527,0.962,0.935,0.464,0.139,4.356,4.341,3.707,0.793,0.823,0.527,0.962,0.935,0.464,0.139,4.356,4.341,3.707,0.793,0.823,106.283,28
0.553,0.963,0.934,0.469,0.182,3.315,3.309,2.812,0.613,0.583,0.553,0.963,0.934,0.469,0.182,3.315,3.309,2.812,0.613,0.583,98.082,28
0.511,0.953,0.943,0.452,0.144,4.343,4.384,3.84,0.662,0.801,0.511,0.953,0.943,0.452,0.144,4.343,4.384,3.84,0.662,0.801,107.224,28
0.537,0.968,0.933,0.453,0.164,3.878,3.808,3.25,0.681,0.731,0.537,0.968,0.933,0.453,0.164,3.878,3.808,3.25,0.681,0.731,104.043,28
0.536,0.952,0.933,0.461,0.174,3.537,3.551,3.038,0.601,0.729,0.536,0.952,0.933,0.461,0.174,3.537,3.551,3.038,0.601,0.729,101.843,28
0.541,0.975,0.935,0.464,0.169,3.699,3.624,3.108,0.622,0.62,0.541,0.975,0.935,0.464,0.169,3.699,3.624,3.108,0.622,0.62,102.786,28
0.587,0.969,0.938,0.478,0.248,2.538,2.487,2.121,0.455,0.45,0.587,0.969,0.938,0.478,0.248,2.538,2.487,2.121,0.455,0.45,91.082,28
0.549,0.965,0.938,0.463,0.169,3.664,3.603,3.085,0.658,0.741,0.549,0.965,0.938,0.463,0.169,3.664,3.603,3.085,0.658,0.741,100.881,28
0.524,0.962,0.942,0.447,0.169,3.757,3.75,3.252,0.663,0.667,0.524,0.962,0.942,0.447,0.169,3.757,3.75,3.252,0.663,0.667,103.092,28
0.531,0.961,0.939,0.453,0.16,3.91,3.909,3.369,0.685,0.691,0.531,0.961,0.939,0.453,0.16,3.91,3.909,3.369,0.685,0.691,105.65,28
0.532,0.969,0.939,0.463,0.148,4.27,4.204,3.613,0.748,0.74,0.532,0.969,0.939,0.463,0.148,4.27,4.204,3.613,0.748,0.74,107.856,28
0.554,0.97,0.948,0.475,0.162,3.797,3.731,3.248,0.644,0.677,0.554,0.97,0.948,0.475,0.162,3.797,3.731,3.248,0.644,0.677,102.489,28
0.527,0.957,0.93,0.446,0.157,3.987,3.982,3.391,0.717,0.821,0.527,0.957,0.93,0.446,0.157,3.987,3.982,3.391,0.717,0.821,104.403,28
0.525,0.958,0.938,0.459,0.174,3.622,3.614,3.091,0.681,0.679,0.525,0.958,0.938,0.459,0.174,3.622,3.614,3.091,0.681,0.679,103.407,28
0.703,0.992,0.966,0.876,0.175,1.527,1.128,0.635,0.557,0.541,0.703,0.992,0.966,0.876,0.175,1.527,1.128,0.635,0.557,0.541,3.606,29
0.703,0.992,0.966,0.876,0.175,1.527,1.128,0.635,0.557,0.541,0.703,0.992,0.966,0.876,0.175,1.527,1.128,0.635,0.557,0.541,3.606,29
0.703,0.992,0.966,0.876,0.175,1.527,1.128,0.635,0.557,0.541,0.703,0.992,0.966,0.876,0.175,1.527,1.128,0.635,0.557,0.541,3.606,29
0.703,0.992,0.966,0.876,0.175,1.527,1.128,0.635,0.557,0.541,0.703,0.992,0.966,0.876,0.175,1.527,1.128,0.635,0.557,0.541,3.606,29
0.703,0.992,0.966,0.876,0.175,1.527,1.128,0.635,0.557,0.541,0.703,0.992,0.966,0.876,0.175,1.527,1.128,0.635,0.557,0.541,3.606,29
0.703,0.992,0.966,0.876,0.175,1.527,1.128,0.635,0.557,0.541,0.703,0.992,0.966,0.876,0.175,1.527,1.128,0.635,0.557,0.541,3.606,29
0.703,0.992,0.966,0.876,0.175,1.527,1.128,0.635,0.557,0.541,0.703,0.992,0.966,0.876,0.175,1.527,1.128,0.635,0.557,0.541,3.606,29
0.703,0.992,0.966,0.876,0.175,1.527,1.128,0.635,0.557,0.541,0.703,0.992,0.966,0.876,0.175,1.527,1.128,0.635,0.557,0.541,3.606,29
0.703,0.992,0.966,0.876,0.175,1.527,1.128,0.635,0.557,0.541,0.703,0.992,0.966,0.876,0.175,1.527,1.128,0.635,0.557,0.541,3.606,29
0.703,0.992,0.966,0.876,0.175,1.527,1.128,0.635,0.557,0.541,0.703,0.992,0.966,0.876,0.175,1.527,1.128,0.635,0.557,0.541,3.606,29
0.703,0.992,0.966,0.876,0.175,1.527,1.128,0.635,0.557,0.541,0.703,0.992,0.966,0.876,0.175,1.527,1.128,0.635,0.557,0.541,3.606,29
0.703,0.992,0.966,0.876,0.175,1.527,1.128,0.635,0.557,0.541,0.703,0.992,0.966,0.876,0.175,1.527,1.128,0.635,0.557,0.541,3.606,29
0.703,0.992,0.966,0.876,0.175,1.527,1.128,0.635,0.557,0.541,0.703,0.992,0.966,0.876,0.175,1.527,1.128,0.635,0.557,0.541,3.606,29
0.703,0.992,0.966,0.876,0.175,1.527,1.128,0.635,0.557,0.541,0.703,0.992,0.966,0.876,0.175,1.527,1.128,0.635,0.557,0.541,3.606,29
0.703,0.992,0.966,0.876,0.175,1.527,1.128,0.635,0.557,0.541,0.703,0.992,0.966,0.876,0.175,1.527,1.128,0.635,0.557,0.541,3.606,29
0.703,0.992,0.966,0.876,0.175,1.527,1.128,0.635,0.557,0.541,0.703,0.992,0.966,0.876,0.175,1.527,1.128,0.635,0.557,0.541,3.606,29
0.703,0.992,0.966,0.876,0.175,1.527,1.128,0.635,0.557,0.541,0.703,0.992,0.966,0.876,0.175,1.527,1.128,0.635,0.557,0.541,3.606,29
0.703,0.992,0.966,0.876,0.175,1.527,1.128,0.635,0.557,0.541,0.703,0.992,0.966,0.876,0.175,1.527,1.128,0.635,0.557,0.541,3.606,29
0.703,0.992,0.966,0.876,0.175,1.527,1.128,0.635,0.557,0.541,0.703,0.992,0.966,0.876,0.175,1.527,1.128,0.635,0.557,0.541,3.606,29
0.703,0.992,0.966,0.876,0.175,1.527,1.128,0.635,0.557,0.541,0.703,0.992,0.966,0.876,0.175,1.527,1.128,0.635,0.557,0.541,3.606,29
0.703,0.992,0.966,0.876,0.175,1.527,1.128,0.635,0.557,0.541,0.703,0.992,0.966,0.876,0.175,1.527,1.128,0.635,0.557,0.541,3.606,29
0.703,0.992,0.966,0.876,0.175,1.527,1.128,0.635,0.557,0.541,0.703,0.992,0.966,0.876,0.175,1.527,1.128,0.635,0.557,0.541,3.606,29
0.703,0.992,0.966,0.876,0.175,1.527,1.128,0.635,0.557,0.541,0.703,0.992,0.966,0.876,0.175,1.527,1.128,0.635,0.557,0.541,3.606,29
0.703,0.992,0.966,0.876,0.175,1.527,1.128,0.635,0.557,0.541,0.703,0.992,0.966,0.876,0.175,1.527,1.128,0.635,0.557,0.541,3.606,29
0.703,0.992,0.966,0.876,0.175,1.527,1.128,0.635,0.557,0.541,0.703,0.992,0.966,0.876,0.175,1.527,1.128,0.635,0.557,0.541,3.606,29
0.703,0.992,0.966,0.876,0.175,1.527,1.128,0.635,0.557,0.541,0.703,0.992,0.966,0.876,0.175,1.527,1.128,0.635,0.557,0.541,3.606,29
0.703,0.992,0.966,0.876,0.175,1.527,1.128,0.635,0.557,0.541,0.703,0.992,0.966,0.876,0.175,1.527,1.128,0.635,0.557,0.541,3.606,29
0.703,0.992,0.966,0.876,0.175,1.527,1.128,0.635,0.557,0.541,0.703,0.992,0.966,0.876,0.175,1.527,1.128,0.635,0.557,0.541,3.606,29
0.703,0.992,0.966,0.876,0.175,1.527,1.128,0.635,0.557,0.541,0.703,0.992,0.966,0.876,0.175,1.527,1.128,0.635,0.557,0.541,3.606,29
0.703,0.992,0.966,0.876,0.175,1.527,1.128,0.635,0.557,0.541,0.703,0.992,0.966,0.876,0.175,1.527,1.128,0.635,0.557,0.541,3.606,29
0.703,0.992,0.966,0.876,0.175,1.527,1.128,0.635,0.557,0.541,0.703,0.992,0.966,0.876,0.175,1.527,1.128,0.635,0.557,0.541,3.606,29
0.703,0.992,0.966,0.876,0.175,1.527,1.128,0.635,0.557,0.541,0.703,0.992,0.966,0.876,0.175,1.527,1.128,0.635,0.557,0.541,3.606,29
0.703,0.992,0.966,0.876,0.175,1.527,1.128,0.635,0.557,0.541,0.703,0.992,0.966,0.876,0.175,1.527,1.128,0.635,0.557,0.541,3.606,29
0.703,0.992,0.966,0.876,0.175,1.527,1.128,0.635,0.557,0.541,0.703,0.992,0.966,0.876,0.175,1.527,1.128,0.635,0.557,0.541,3.606,29
0.703,0.992,0.966,0.876,0.175,1.527,1.128,0.635,0.557,0.541,0.703,0.992,0.966,0.876,0.175,1.527,1.128,0.635,0.557,0.541,3.606,29
0.703,0.992,0.966,0.876,0.175,1.527,1.128,0.635,0.557,0.541,0.703,0.992,0.966,0.876,0.175,1.527,1.128,0.635,0.557,0.541,3.606,29
0.703,0.992,0.966,0.876,0.175,1.527,1.128,0.635,0.557,0.541,0.703,0.992,0.966,0.876,0.175,1.527,1.128,0.635,0.557,0.541,3.606,29
0.703,0.992,0.966,0.876,0.175,1.527,1.128,0.635,0.557,0.541,0.703,0.992,0.966,0.876,0.175,1.527,1.128,0.635,0.557,0.541,3.606,29
0.703,0.992,0.966,0.876,0.175,1.527,1.128,0.635,0.557,0.541,0.703,0.992,0.966,0.876,0.175,1.527,1.128,0.635,0.557,0.541,3.606,29
0.703,0.992,0.966,0.876,0.175,1.527,1.128,0.635,0.557,0.541,0.703,0.992,0.966,0.876,0.175,1.527,1.128,0.635,0.557,0.541,3.606,29
0.703,0.992,0.966,0.876,0.175,1.527,1.128,0.635,0.557,0.541,0.703,0.992,0.966,0.876,0.175,1.527,1.128,0.635,0.557,0.541,3.606,29
0.703,0.992,0.966,0.876,0.175,1.527,1.128,0.635,0.557,0.541,0.703,0.992,0.966,0.876,0.175,1.527,1.128,0.635,0.557,0.541,3.606,29
0.703,0.992,0.966,0.876,0.175,1.527,1.128,0.635,0.557,0.541,0.703,0.992,0.966,0.876,0.175,1.527,1.128,0.635,0.557,0.541,3.606,29
0.703,0.992,0.966,0.876,0.175,1.527,1.128,0.635,0.557,0.541,0.703,0.992,0.966,0.876,0.175,1.527,1.128,0.635,0.557,0.541,3.606,29
0.703,0.992,0.966,0.876,0.175,1.527,1.128,0.635,0.557,0.541,0.703,0.992,0.966,0.876,0.175,1.527,1.128,0.635,0.557,0.541,3.606,29
0.703,0.992,0.966,0.876,0.175,1.527,1.128,0.635,0.557,0.541,0.703,0.992,0.966,0.876,0.175,1.527,1.128,0.635,0.557,0.541,3.606,29
0.703,0.992,0.966,0.876,0.175,1.527,1.128,0.635,0.557,0.541,0.703,0.992,0.966,0.876,0.175,1.527,1.128,0.635,0.557,0.541,3.606,29
0.703,0.992,0.966,0.876,0.175,1.527,1.128,0.635,0.557,0.541,0.703,0.992,0.966,0.876,0.175,1.527,1.128,0.635,0.557,0.541,3.606,29
0.703,0.992,0.966,0.876,0.175,1.527,1.128,0.635,0.557,0.541,0.703,0.992,0.966,0.876,0.175,1.527,1.128,0.635,0.557,0.541,3.606,29
0.703,0.992,0.966,0.876,0.175,1.527,1.128,0.635,0.557,0.541,0.703,0.992,0.966,0.876,0.175,1.527,1.128,0.635,0.557,0.541,3.606,29
0.703,0.992,0.966,0.876,0.175,1.527,1.128,0.635,0.557,0.541,0.703,0.992,0.966,0.876,0.175,1.527,1.128,0.635,0.557,0.541,3.606,29
0.519,0.861,0.506,0.471,0.146,3.173,4.242,0.568,3.722,1.077,0.519,0.861,0.506,0.471,0.146,3.173,4.242,0.568,3.722,1.077,102.533,30
0.528,0.857,0.488,0.441,0.183,2.61,3.504,0.481,3.046,0.913,0.528,0.857,0.488,0.441,0.183,2.61,3.504,0.481,3.046,0.913,97.673,30
0.531,0.903,0.479,0.444,0.166,3.141,3.832,0.51,3.376,0.722,0.531,0.903,0.479,0.444,0.166,3.141,3.832,0.51,3.376,0.722,100.419,30
0.544,0.918,0.515,0.478,0.167,3.099,3.624,0.517,3.158,0.525,0.544,0.918,0.515,0.478,0.167,3.099,3.624,0.517,3.158,0.525,100.419,30
0.56,0.895,0.494,0.465,0.219,2.315,2.853,0.411,2.5,0.542,0.56,0.895,0.494,0.465,0.219,2.315,2.853,0.411,2.5,0.542,92.655,30
0.523,0.903,0.489,0.449,0.163,3.223,3.886,0.505,3.413,0.67,0.523,0.903,0.489,0.449,0.163,3.223,3.886,0.505,3.413,0.67,98.29,30
0.514,0.899,0.485,0.444,0.15,3.497,4.266,0.58,3.729,0.786,0.514,0.899,0.485,0.444,0.15,3.497,4.266,0.58,3.729,0.786,101.823,30
0.512,0.849,0.493,0.446,0.141,3.296,4.471,0.557,3.931,1.182,0.512,0.849,0.493,0.446,0.141,3.296,4.471,0.557,3.931,1.182,98.351,30
0.513,0.879,0.498,0.453,0.134,3.659,4.689,0.618,4.098,1.05,0.513,0.879,0.498,0.453,0.134,3.659,4.689,0.618,4.098,1.05,106.075,30
0.529,0.897,0.481,0.439,0.178,2.921,3.62,0.506,3.153,0.743,0.529,0.897,0.481,0.439,0.178,2.921,3.62,0.506,3.153,0.743,96.177,30
0.493,0.888,0.469,0.435,0.154,3.494,4.38,0.587,3.837,0.931,0.493,0.888,0.469,0.435,0.154,3.494,4.38,0.587,3.837,0.931,99.725,30
0.486,0.83,0.469,0.423,0.139,3.345,4.833,0.643,4.213,1.58,0.486,0.83,0.469,0.423,0.139,3.345,4.833,0.643,4.213,1.58,105.361,30
0.534,0.921,0.486,0.452,0.18,3.066,3.603,0.485,3.158,0.569,0.534,0.921,0.486,0.452,0.18,3.066,3.603,0.485,3.158,0.569,96.876,30
0.523,0.914,0.479,0.431,0.161,3.417,4.03,0.564,3.494,0.631,0.523,0.914,0.479,0.431,0.161,3.417,4.03,0.564,3.494,0.631,99.035,30
0.499,0.867,0.47,0.435,0.152,3.34,4.41,0.602,3.855,1.126,0.499,0.867,0.47,0.435,0.152,3.34,4.41,0.602,3.855,1.126,103.247,30
0.542,0.888,0.51,0.469,0.16,3.038,3.859,0.539,3.357,0.846,0.542,0.888,0.51,0.469,0.16,3.038,3.859,0.539,3.357,0.846,96.167,30
0.525,0.87,0.497,0.469,0.158,2.995,3.953,0.51,3.498,0.977,0.525,0.87,0.497,0.469,0.158,2.995,3.953,0.51,3.498,0.977,96.876,30
0.532,0.916,0.477,0.429,0.204,2.779,3.268,0.471,2.82,0.509,0.532,0.916,0.477,0.429,0.204,2.779,3.268,0.471,2.82,0.509,96.208,30
0.522,0.858,0.492,0.443,0.181,2.622,3.557,0.504,3.075,0.98,0.522,0.858,0.492,0.443,0.181,2.622,3.557,0.504,3.075,0.98,93.434,30
0.544,0.903,0.513,0.469,0.161,3.069,3.798,0.526,3.301,0.773,0.544,0.903,0.513,0.469,0.161,3.069,3.798,0.526,3.301,0.773,95.462,30
0.522,0.828,0.488,0.433,0.158,2.828,4.093,0.559,3.547,1.312,0.522,0.828,0.488,0.433,0.158,2.828,4.093,0.559,3.547,1.312,96.897,30
0.542,0.903,0.476,0.428,0.197,2.745,3.352,0.46,2.911,0.661,0.542,0.903,0.476,0.428,0.197,2.745,3.352,0.46,2.911,0.661,91.22,30
0.535,0.887,0.466,0.421,0.186,2.76,3.539,0.473,3.096,0.904,0.535,0.887,0.466,0.421,0.186,2.76,3.539,0.473,3.096,0.904,94.048,30
0.506,0.842,0.487,0.445,0.156,2.968,4.146,0.537,3.633,1.209,0.506,0.842,0.487,0.445,0.156,2.968,4.146,0.537,3.633,1.209,94.752,30
0.514,0.856,0.466,0.429,0.182,2.71,3.643,0.475,3.206,0.971,0.514,0.856,0.466,0.429,0.182,2.71,3.643,0.475,3.206,0.971,97.591,30
0.519,0.944,0.473,0.448,0.142,4.016,4.494,0.561,4.019,0.508,0.519,0.944,0.473,0.448,0.142,4.016,4.494,0.561,4.019,0.508,100.449,30
0.529,0.892,0.491,0.456,0.152,3.323,4.123,0.526,3.642,0.81,0.529,0.892,0.491,0.456,0.152,3.323,4.123,0.526,3.642,0.81,100.499,30
0.505,0.891,0.492,0.446,0.147,3.509,4.386,0.591,3.818,0.913,0.505,0.891,0.492,0.446,0.147,3.509,4.386,0.591,3.818,0.913,103.247,30
0.5,0.893,0.463,0.415,0.158,3.47,4.278,0.573,3.728,0.852,0.5,0.893,0.463,0.415,0.158,3.47,4.278,0.573,3.728,0.852,99.086,30
0.51,0.873,0.493,0.455,0.133,3.599,4.753,0.652,4.155,1.216,0.51,0.873,0.493,0.455,0.133,3.599,4.753,0.652,4.155,1.216,98.311,30
0.526,0.867,0.484,0.441,0.172,2.854,3.794,0.543,3.283,0.994,0.526,0.867,0.484,0.441,0.172,2.854,3.794,0.543,3.283,0.994,94.763,30
0.56,0.938,0.485,0.455,0.213,2.679,3.025,0.442,2.639,0.357,0.56,0.938,0.485,0.455,0.213,2.679,3.025,0.442,2.639,0.357,91.22,30
0.514,0.882,0.499,0.452,0.174,2.867,3.654,0.529,3.153,0.805,0.514,0.882,0.499,0.452,0.174,2.867,3.654,0.529,3.153,0.805,99.035,30
0.559,0.89,0.475,0.42,0.232,2.283,2.864,0.4,2.474,0.636,0.559,0.89,0.475,0.42,0.232,2.283,2.864,0.4,2.474,0.636,89.828,30
0.519,0.93,0.494,0.452,0.147,3.775,4.329,0.588,3.775,0.57,0.519,0.93,0.494,0.452,0.147,3.775,4.329,0.588,3.775,0.57,102.65,30
0.535,0.86,0.512,0.467,0.151,3.027,3.988,0.573,3.458,0.963,0.535,0.86,0.512,0.467,0.151,3.027,3.988,0.573,3.458,0.963,98.29,30
0.533,0.867,0.474,0.43,0.185,2.674,3.482,0.47,3.048,0.821,0.533,0.867,0.474,0.43,0.185,2.674,3.482,0.47,3.048,0.821,94.763,30
0.538,0.883,0.494,0.464,0.167,2.867,3.692,0.449,3.292,0.859,0.538,0.883,0.494,0.464,0.167,2.867,3.692,0.449,3.292,0.859,90.609,30
0.523,0.878,0.487,0.451,0.164,3.017,3.874,0.512,3.408,0.877,0.523,0.878,0.487,0.451,0.164,3.017,3.874,0.512,3.408,0.877,99.725,30
0.523,0.838,0.505,0.476,0.162,2.695,3.757,0.533,3.298,1.062,0.523,0.838,0.505,0.476,0.162,2.695,3.757,0.533,3.298,1.062,103.238,30
0.545,0.873,0.502,0.465,0.173,2.741,3.584,0.505,3.127,0.858,0.545,0.873,0.502,0.465,0.173,2.741,3.584,0.505,3.127,0.858,99.086,30
0.524,0.932,0.499,0.456,0.154,3.583,4.126,0.615,3.556,0.58,0.524,0.932,0.499,0.456,0.154,3.583,4.126,0.615,3.556,0.58,101.912,30
0.505,0.886,0.481,0.444,0.148,3.434,4.395,0.609,3.84,1.037,0.505,0.886,0.481,0.444,0.148,3.434,4.395,0.609,3.84,1.037,103.276,30
0.547,0.88,0.466,0.426,0.206,2.487,3.181,0.441,2.781,0.736,0.547,0.88,0.466,0.426,0.206,2.487,3.181,0.441,2.781,0.736,91.924,30
0.525,0.939,0.502,0.453,0.142,3.988,4.433,0.621,3.839,0.447,0.525,0.939,0.502,0.453,0.142,3.988,4.433,0.621,3.839,0.447,104.89,30
0.52,0.923,0.476,0.438,0.161,3.478,4.073,0.568,3.554,0.647,0.52,0.923,0.476,0.438,0.161,3.478,4.073,0.568,3.554,0.647,101.863,30
0.537,0.904,0.498,0.461,0.168,3.038,3.666,0.495,3.218,0.632,0.537,0.904,0.498,0.461,0.168,3.038,3.666,0.495,3.218,0.632,80.604,30
0.523,0.901,0.476,0.435,0.168,3.139,3.832,0.507,3.362,0.729,0.523,0.901,0.476,0.435,0.168,3.139,3.832,0.507,3.362,0.729,102.533,30
0.505,0.855,0.476,0.424,0.15,3.28,4.411,0.599,3.828,1.177,0.505,0.855,0.476,0.424,0.15,3.28,4.411,0.599,3.828,1.177,104.738,30
0.491,0.88,0.464,0.411,0.142,3.741,4.748,0.656,4.111,1.073,0.491,0.88,0.464,0.411,0.142,3.741,4.748,0.656,4.111,1.073,104.738,30
0.506,0.877,0.47,0.417,0.158,3.294,4.238,0.613,3.646,1.018,0.506,0.877,0.47,0.417,0.158,3.294,4.238,0.613,3.646,1.018,101.833,30
1.123,1.9,0.874,0.845,0.509,2.62,0.872,0.376,0.499,1.848,1.123,1.9,0.874,0.845,0.509,2.62,0.872,0.376,0.499,1.848,168.514,31
1.165,1.919,0.889,0.873,0.528,2.504,0.804,0.349,0.459,1.817,1.165,1.919,0.889,0.873,0.528,2.504,0.804,0.349,0.459,1.817,166.469,31
1.112,1.841,0.87,0.817,0.504,2.565,0.904,0.389,0.514,1.744,1.112,1.841,0.87,0.817,0.504,2.565,0.904,0.389,0.514,1.744,168.908,31
1.217,1.892,0.897,0.866,0.568,2.31,0.754,0.33,0.424,1.651,1.217,1.892,0.897,0.866,0.568,2.31,0.754,0.33,0.424,1.651,158.146,31
1.162,1.88,0.845,0.819,0.576,2.337,0.825,0.366,0.465,1.594,1.162,1.88,0.845,0.819,0.576,2.337,0.825,0.366,0.465,1.594,161.037,31
1.065,1.841,0.878,0.835,0.472,2.742,0.973,0.443,0.53,1.868,1.065,1.841,0.878,0.835,0.472,2.742,0.973,0.443,0.53,1.868,167.275,31
1.263,1.935,0.889,0.899,0.565,2.393,0.732,0.306,0.435,1.76,1.263,1.935,0.889,0.899,0.565,2.393,0.732,0.306,0.435,1.76,161.533,31
1.18,1.858,0.875,0.834,0.543,2.381,0.797,0.337,0.46,1.661,1.18,1.858,0.875,0.834,0.543,2.381,0.797,0.337,0.46,1.661,161.245,31
1.155,1.892,0.885,0.848,0.528,2.535,0.858,0.379,0.479,1.773,1.155,1.892,0.885,0.848,0.528,2.535,0.858,0.379,0.479,1.773,164.125,31
1.209,1.885,0.881,0.837,0.559,2.346,0.774,0.318,0.456,1.655,1.209,1.885,0.881,0.837,0.559,2.346,0.774,0.318,0.456,1.655,159.389,31
1.199,1.894,0.869,0.837,0.577,2.369,0.784,0.349,0.437,1.649,1.199,1.894,0.869,0.837,0.577,2.369,0.784,0.349,0.437,1.649,161.137,31
1.224,1.968,0.886,0.86,0.592,2.366,0.75,0.347,0.405,1.71,1.224,1.968,0.886,0.86,0.592,2.366,0.75,0.347,0.405,1.71,160.524,31
1.134,1.925,0.869,0.83,0.523,2.607,0.87,0.368,0.502,1.836,1.134,1.925,0.869,0.83,0.523,2.607,0.87,0.368,0.502,1.836,164.83,31
1.115,1.949,0.894,0.887,0.456,2.999,0.951,0.385,0.569,2.187,1.115,1.949,0.894,0.887,0.456,2.999,0.951,0.385,0.569,2.187,171.19,31
1.195,1.876,0.865,0.849,0.558,2.39,0.777,0.33,0.453,1.679,1.195,1.876,0.865,0.849,0.558,2.39,0.777,0.33,0.453,1.679,162.114,31
1.172,1.892,0.863,0.832,0.549,2.446,0.795,0.339,0.459,1.719,1.172,1.892,0.863,0.832,0.549,2.446,0.795,0.339,0.459,1.719,162.41,31
1.107,1.88,0.878,0.841,0.495,2.634,0.891,0.377,0.515,1.851,1.107,1.88,0.878,0.841,0.495,2.634,0.891,0.377,0.515,1.851,163.67,31
1.191,1.978,0.9,0.892,0.523,2.663,0.788,0.361,0.43,1.981,1.191,1.978,0.9,0.892,0.523,2.663,0.788,0.361,0.43,1.981,164.83,31
1.102,2.003,0.891,0.868,0.484,2.948,0.9,0.402,0.499,2.169,1.102,2.003,0.891,0.868,0.484,2.948,0.9,0.402,0.499,2.169,170.578,31
1.135,1.943,0.904,0.881,0.493,2.746,0.877,0.384,0.493,2,1.135,1.943,0.904,0.881,0.493,2.746,0.877,0.384,0.493,2,167.275,31
1.108,1.892,0.889,0.849,0.491,2.729,0.883,0.387,0.496,1.929,1.108,1.892,0.889,0.849,0.491,2.729,0.883,0.387,0.496,1.929,168.119,31
1.142,1.898,0.879,0.842,0.535,2.49,0.814,0.354,0.461,1.761,1.142,1.898,0.879,0.842,0.535,2.49,0.814,0.354,0.461,1.761,163.67,31
1.166,1.892,0.878,0.846,0.547,2.452,0.772,0.341,0.433,1.744,1.166,1.892,0.878,0.846,0.547,2.452,0.772,0.341,0.433,1.744,162.929,31
1.163,1.931,0.868,0.827,0.553,2.477,0.832,0.374,0.459,1.742,1.163,1.931,0.868,0.827,0.553,2.477,0.832,0.374,0.459,1.742,162.604,31
1.073,1.888,0.859,0.842,0.497,2.733,0.922,0.396,0.533,1.893,1.073,1.888,0.859,0.842,0.497,2.733,0.922,0.396,0.533,1.893,168.36,31
1.173,1.91,0.874,0.86,0.55,2.501,0.822,0.343,0.482,1.761,1.173,1.91,0.874,0.86,0.55,2.501,0.822,0.343,0.482,1.761,164.985,31
1.148,1.899,0.881,0.861,0.527,2.565,0.846,0.355,0.492,1.81,1.148,1.899,0.881,0.861,0.527,2.565,0.846,0.355,0.492,1.81,165.36,31
1.149,1.993,0.906,0.899,0.525,2.699,0.82,0.368,0.454,1.998,1.149,1.993,0.906,0.899,0.525,2.699,0.82,0.368,0.454,1.998,165.303,31
1.115,1.886,0.876,0.829,0.538,2.483,0.857,0.378,0.478,1.717,1.115,1.886,0.876,0.829,0.538,2.483,0.857,0.378,0.478,1.717,163.371,31
1.21,1.952,0.916,0.886,0.583,2.374,0.784,0.36,0.424,1.709,1.21,1.952,0.916,0.886,0.583,2.374,0.784,0.36,0.424,1.709,160.605,31
1.151,1.894,0.882,0.85,0.531,2.527,0.836,0.363,0.474,1.777,1.151,1.894,0.882,0.85,0.531,2.527,0.836,0.363,0.474,1.777,162.29,31
1.154,1.9,0.881,0.843,0.568,2.331,0.824,0.375,0.449,1.629,1.154,1.9,0.881,0.843,0.568,2.331,0.824,0.375,0.449,1.629,158.373,31
1.109,1.858,0.877,0.85,0.492,2.598,0.875,0.368,0.509,1.825,1.109,1.858,0.877,0.85,0.492,2.598,0.875,0.368,0.509,1.825,162.533,31
1.134,1.854,0.876,0.839,0.549,2.361,0.812,0.344,0.469,1.633,1.134,1.854,0.876,0.839,0.549,2.361,0.812,0.344,0.469,1.633,160.066,31
1.12,1.856,0.875,0.83,0.526,2.515,0.808,0.36,0.449,1.755,1.12,1.856,0.875,0.83,0.526,2.515,0.808,0.36,0.449,1.755,163.982,31
1.11,1.86,0.866,0.81,0.52,2.504,0.874,0.386,0.488,1.716,1.11,1.86,0.866,0.81,0.52,2.504,0.874,0.386,0.488,1.716,160.605,31
1.112,1.828,0.87,0.84,0.493,2.536,0.911,0.387,0.526,1.741,1.112,1.828,0.87,0.84,0.493,2.536,0.911,0.387,0.526,1.741,161.227,31
1.183,1.836,0.863,0.822,0.56,2.259,0.78,0.327,0.454,1.557,1.183,1.836,0.863,0.822,0.56,2.259,0.78,0.327,0.454,1.557,156.064,31
1.107,1.86,0.882,0.834,0.486,2.639,0.883,0.387,0.496,1.848,1.107,1.86,0.882,0.834,0.486,2.639,0.883,0.387,0.496,1.848,163.67,31
1.14,1.846,0.886,0.832,0.534,2.359,0.819,0.374,0.445,1.639,1.14,1.846,0.886,0.832,0.534,2.359,0.819,0.374,0.445,1.639,157.305,31
1.132,1.898,0.864,0.845,0.557,2.42,0.833,0.36,0.477,1.684,1.132,1.898,0.864,0.845,0.557,2.42,0.833,0.36,0.477,1.684,158.382,31
1.174,1.881,0.889,0.837,0.543,2.379,0.8,0.354,0.446,1.68,1.174,1.881,0.889,0.837,0.543,2.379,0.8,0.354,0.446,1.68,155.724,31
1.111,1.865,0.871,0.851,0.509,2.566,0.872,0.364,0.512,1.79,1.111,1.865,0.871,0.851,0.509,2.566,0.872,0.364,0.512,1.79,160.031,31
1.101,1.806,0.84,0.801,0.511,2.488,0.827,0.339,0.494,1.698,1.101,1.806,0.84,0.801,0.511,2.488,0.827,0.339,0.494,1.698,159.531,31
1.137,1.829,0.871,0.817,0.514,2.422,0.877,0.387,0.49,1.655,1.137,1.829,0.871,0.817,0.514,2.422,0.877,0.387,0.49,1.655,157.544,31
1.051,1.83,0.847,0.796,0.47,2.708,0.992,0.43,0.563,1.818,1.051,1.83,0.847,0.796,0.47,2.708,0.992,0.43,0.563,1.818,161.419,31
1.176,2.078,0.927,0.922,0.541,2.73,0.854,0.376,0.478,2.062,1.176,2.078,0.927,0.922,0.541,2.73,0.854,0.376,0.478,2.062,164.757,31
1.121,1.891,0.884,0.844,0.505,2.581,0.884,0.377,0.507,1.821,1.121,1.891,0.884,0.844,0.505,2.581,0.884,0.377,0.507,1.821,159.477,31
1.101,1.87,0.874,0.847,0.495,2.59,0.881,0.38,0.503,1.824,1.101,1.87,0.874,0.847,0.495,2.59,0.881,0.38,0.503,1.824,159.477,31
1.12,1.88,0.899,0.851,0.493,2.574,0.892,0.386,0.507,1.829,1.12,1.88,0.899,0.851,0.493,2.574,0.892,0.386,0.507,1.829,158.092,31
1.132,1.967,0.887,0.871,0.561,2.455,0.829,0.374,0.456,1.773,1.132,1.967,0.887,0.871,0.561,2.455,0.829,0.374,0.456,1.773,157.293,31
1.192,1.001,0.964,0.929,0.272,0.322,0.288,0.144,0.144,0.064,1.192,1.001,0.964,0.929,0.272,0.322,0.288,0.144,0.144,0.064,19.105,32
1.203,0.983,1,0.964,0.256,0.221,0.198,0.198,0,0.099,1.203,0.983,1,0.964,0.256,0.221,0.198,0.198,0,0.099,18.358,32
1.189,1,0.964,0.927,0.267,0.327,0.327,0.185,0.146,0,1.189,1,0.964,0.927,0.267,0.327,0.327,0.185,0.146,0,16.553,32
1.189,1,0.964,0.927,0.267,0.327,0.327,0.185,0.146,0,1.189,1,0.964,0.927,0.267,0.327,0.327,0.185,0.146,0,16.553,32
1.189,1,0.964,0.927,0.267,0.327,0.327,0.185,0.146,0,1.189,1,0.964,0.927,0.267,0.327,0.327,0.185,0.146,0,16.553,32
1.011,1,0.935,0.913,0.118,1.067,1.067,0.511,0.62,0,1.011,1,0.935,0.913,0.118,1.067,1.067,0.511,0.62,0,15.652,32
1.011,1,0.935,0.913,0.118,1.067,1.067,0.511,0.62,0,1.011,1,0.935,0.913,0.118,1.067,1.067,0.511,0.62,0,15.652,32
0.889,0.995,0.937,0.891,0.026,5.701,6.519,3.354,3.202,1,0.889,0.995,0.937,0.891,0.026,5.701,6.519,3.354,3.202,1,19.849,32
0.889,0.995,0.937,0.891,0.026,5.701,6.519,3.354,3.202,1,0.889,0.995,0.937,0.891,0.026,5.701,6.519,3.354,3.202,1,19.849,32
0.889,0.995,0.937,0.891,0.026,5.701,6.519,3.354,3.202,1,0.889,0.995,0.937,0.891,0.026,5.701,6.519,3.354,3.202,1,19.849,32
0.889,0.995,0.937,0.891,0.026,5.701,6.519,3.354,3.202,1,0.889,0.995,0.937,0.891,0.026,5.701,6.519,3.354,3.202,1,19.849,32
0.889,0.995,0.937,0.891,0.026,5.701,6.519,3.354,3.202,1,0.889,0.995,0.937,0.891,0.026,5.701,6.519,3.354,3.202,1,19.849,32
0.889,0.995,0.937,0.891,0.026,5.701,6.519,3.354,3.202,1,0.889,0.995,0.937,0.891,0.026,5.701,6.519,3.354,3.202,1,19.849,32
0.889,0.995,0.937,0.891,0.026,5.701,6.519,3.354,3.202,1,0.889,0.995,0.937,0.891,0.026,5.701,6.519,3.354,3.202,1,19.849,32
0.889,0.995,0.937,0.891,0.026,5.701,6.519,3.354,3.202,1,0.889,0.995,0.937,0.891,0.026,5.701,6.519,3.354,3.202,1,19.849,32
0.889,0.995,0.937,0.891,0.026,5.701,6.519,3.354,3.202,1,0.889,0.995,0.937,0.891,0.026,5.701,6.519,3.354,3.202,1,19.849,32
0.889,0.995,0.937,0.891,0.026,5.701,6.519,3.354,3.202,1,0.889,0.995,0.937,0.891,0.026,5.701,6.519,3.354,3.202,1,19.849,32
0.889,0.995,0.937,0.891,0.026,5.701,6.519,3.354,3.202,1,0.889,0.995,0.937,0.891,0.026,5.701,6.519,3.354,3.202,1,19.849,32
0.889,0.995,0.937,0.891,0.026,5.701,6.519,3.354,3.202,1,0.889,0.995,0.937,0.891,0.026,5.701,6.519,3.354,3.202,1,19.849,32
0.889,0.995,0.937,0.891,0.026,5.701,6.519,3.354,3.202,1,0.889,0.995,0.937,0.891,0.026,5.701,6.519,3.354,3.202,1,19.849,32
0.889,0.995,0.937,0.891,0.026,5.701,6.519,3.354,3.202,1,0.889,0.995,0.937,0.891,0.026,5.701,6.519,3.354,3.202,1,19.849,32
0.889,0.995,0.937,0.891,0.026,5.701,6.519,3.354,3.202,1,0.889,0.995,0.937,0.891,0.026,5.701,6.519,3.354,3.202,1,19.849,32
0.889,0.995,0.937,0.891,0.026,5.701,6.519,3.354,3.202,1,0.889,0.995,0.937,0.891,0.026,5.701,6.519,3.354,3.202,1,19.849,32
0.967,1.009,0.887,0.793,0.225,1.11,1.11,0.536,0.575,0.082,0.967,1.009,0.887,0.793,0.225,1.11,1.11,0.536,0.575,0.082,12.806,32
0.967,1.009,0.887,0.793,0.225,1.11,1.11,0.536,0.575,0.082,0.967,1.009,0.887,0.793,0.225,1.11,1.11,0.536,0.575,0.082,12.806,32
0.967,1.009,0.887,0.793,0.225,1.11,1.11,0.536,0.575,0.082,0.967,1.009,0.887,0.793,0.225,1.11,1.11,0.536,0.575,0.082,12.806,32
1.183,1.066,0.95,1.002,0.184,0.749,0.62,0.632,0.277,0.362,1.183,1.066,0.95,1.002,0.184,0.749,0.62,0.632,0.277,0.362,16.279,32
1.183,1.066,0.95,1.002,0.184,0.749,0.62,0.632,0.277,0.362,1.183,1.066,0.95,1.002,0.184,0.749,0.62,0.632,0.277,0.362,16.279,32
1.183,1.066,0.95,1.002,0.184,0.749,0.62,0.632,0.277,0.362,1.183,1.066,0.95,1.002,0.184,0.749,0.62,0.632,0.277,0.362,16.279,32
0.939,1,0.918,0.847,0.117,1.838,1.838,1.04,0.822,0,0.939,1,0.918,0.847,0.117,1.838,1.838,1.04,0.822,0,20.616,32
0.939,1,0.918,0.847,0.117,1.838,1.838,1.04,0.822,0,0.939,1,0.918,0.847,0.117,1.838,1.838,1.04,0.822,0,20.616,32
0.939,1,0.918,0.847,0.117,1.838,1.838,1.04,0.822,0,0.939,1,0.918,0.847,0.117,1.838,1.838,1.04,0.822,0,20.616,32
0.945,0.971,0.881,0.759,0.252,0.927,1.041,0.553,0.491,0.116,0.945,0.971,0.881,0.759,0.252,0.927,1.041,0.553,0.491,0.116,13.601,32
0.945,0.971,0.881,0.759,0.252,0.927,1.041,0.553,0.491,0.116,0.945,0.971,0.881,0.759,0.252,0.927,1.041,0.553,0.491,0.116,13.601,32
0.817,0.965,0.994,0.941,0.125,0.721,0.881,0.645,0.268,0.283,0.817,0.965,0.994,0.941,0.125,0.721,0.881,0.645,0.268,0.283,18.385,32
0.817,0.965,0.994,0.941,0.125,0.721,0.881,0.645,0.268,0.283,0.817,0.965,0.994,0.941,0.125,0.721,0.881,0.645,0.268,0.283,18.385,32
1.064,0.998,0.956,0.95,0.141,0.382,0.45,0.318,0.318,0.106,1.064,0.998,0.956,0.95,0.141,0.382,0.45,0.318,0.318,0.106,17.692,32
1.064,0.998,0.956,0.95,0.141,0.382,0.45,0.318,0.318,0.106,1.064,0.998,0.956,0.95,0.141,0.382,0.45,0.318,0.318,0.106,17.692,32
1.048,0.985,0.968,0.974,0.082,1.114,1.13,0.947,0.415,0.186,1.048,0.985,0.968,0.974,0.082,1.114,1.13,0.947,0.415,0.186,14.422,32
1.048,0.985,0.968,0.974,0.082,1.114,1.13,0.947,0.415,0.186,1.048,0.985,0.968,0.974,0.082,1.114,1.13,0.947,0.415,0.186,14.422,32
0.982,1,0.931,0.896,0.117,0.937,0.937,0.419,0.593,0,0.982,1,0.931,0.896,0.117,0.937,0.937,0.419,0.593,0,21.26,32
0.982,1,0.931,0.896,0.117,0.937,0.937,0.419,0.593,0,0.982,1,0.931,0.896,0.117,0.937,0.937,0.419,0.593,0,21.26,32
1.151,1,0.969,0.982,0.2,0.121,0.121,0.271,0.243,0,1.151,1,0.969,0.982,0.2,0.121,0.121,0.271,0.243,0,17,32
1.151,1,0.969,0.982,0.2,0.121,0.121,0.271,0.243,0,1.151,1,0.969,0.982,0.2,0.121,0.121,0.271,0.243,0,17,32
1.092,0.997,0.964,0.942,0.174,0.447,0.522,0.283,0.253,0.089,1.092,0.997,0.964,0.942,0.174,0.447,0.522,0.283,0.253,0.089,23.259,32
1.092,0.997,0.964,0.942,0.174,0.447,0.522,0.283,0.253,0.089,1.092,0.997,0.964,0.942,0.174,0.447,0.522,0.283,0.253,0.089,23.259,32
1.092,0.997,0.964,0.942,0.174,0.447,0.522,0.283,0.253,0.089,1.092,0.997,0.964,0.942,0.174,0.447,0.522,0.283,0.253,0.089,23.259,32
0.952,0.996,0.886,0.812,0.17,1.299,1.359,0.643,0.736,0.08,0.952,0.996,0.886,0.812,0.17,1.299,1.359,0.643,0.736,0.08,20.591,32
0.952,0.996,0.886,0.812,0.17,1.299,1.359,0.643,0.736,0.08,0.952,0.996,0.886,0.812,0.17,1.299,1.359,0.643,0.736,0.08,20.591,32
0.904,0.981,0.94,0.878,0.124,0.907,1.121,0.596,0.527,0.236,0.904,0.981,0.94,0.878,0.124,0.907,1.121,0.596,0.527,0.236,11.18,32
0.904,0.981,0.94,0.878,0.124,0.907,1.121,0.596,0.527,0.236,0.904,0.981,0.94,0.878,0.124,0.907,1.121,0.596,0.527,0.236,11.18,32
0.564,0.921,0.933,0.779,0.584,0.574,0.508,0.317,0.207,0.262,0.564,0.921,0.933,0.779,0.584,0.574,0.508,0.317,0.207,0.262,2.236,33
0.564,0.921,0.933,0.779,0.584,0.574,0.508,0.317,0.207,0.262,0.564,0.921,0.933,0.779,0.584,0.574,0.508,0.317,0.207,0.262,2.236,33
0.564,0.921,0.933,0.779,0.584,0.574,0.508,0.317,0.207,0.262,0.564,0.921,0.933,0.779,0.584,0.574,0.508,0.317,0.207,0.262,2.236,33
0.564,0.921,0.933,0.779,0.584,0.574,0.508,0.317,0.207,0.262,0.564,0.921,0.933,0.779,0.584,0.574,0.508,0.317,0.207,0.262,2.236,33
0.564,0.921,0.933,0.779,0.584,0.574,0.508,0.317,0.207,0.262,0.564,0.921,0.933,0.779,0.584,0.574,0.508,0.317,0.207,0.262,2.236,33
0.564,0.921,0.933,0.779,0.584,0.574,0.508,0.317,0.207,0.262,0.564,0.921,0.933,0.779,0.584,0.574,0.508,0.317,0.207,0.262,2.236,33
0.564,0.921,0.933,0.779,0.584,0.574,0.508,0.317,0.207,0.262,0.564,0.921,0.933,0.779,0.584,0.574,0.508,0.317,0.207,0.262,2.236,33
0.564,0.921,0.933,0.779,0.584,0.574,0.508,0.317,0.207,0.262,0.564,0.921,0.933,0.779,0.584,0.574,0.508,0.317,0.207,0.262,2.236,33
0.564,0.921,0.933,0.779,0.584,0.574,0.508,0.317,0.207,0.262,0.564,0.921,0.933,0.779,0.584,0.574,0.508,0.317,0.207,0.262,2.236,33
0.564,0.921,0.933,0.779,0.584,0.574,0.508,0.317,0.207,0.262,0.564,0.921,0.933,0.779,0.584,0.574,0.508,0.317,0.207,0.262,2.236,33
0.563,0.948,0.949,0.775,0.63,0.641,0.528,0.364,0.181,0.246,0.563,0.948,0.949,0.775,0.63,0.641,0.528,0.364,0.181,0.246,3.162,33
0.563,0.948,0.949,0.775,0.63,0.641,0.528,0.364,0.181,0.246,0.563,0.948,0.949,0.775,0.63,0.641,0.528,0.364,0.181,0.246,3.162,33
0.563,0.948,0.949,0.775,0.63,0.641,0.528,0.364,0.181,0.246,0.563,0.948,0.949,0.775,0.63,0.641,0.528,0.364,0.181,0.246,3.162,33
0.547,0.946,0.943,0.759,0.602,0.677,0.582,0.391,0.214,0.24,0.547,0.946,0.943,0.759,0.602,0.677,0.582,0.391,0.214,0.24,2,33
0.547,0.946,0.943,0.759,0.602,0.677,0.582,0.391,0.214,0.24,0.547,0.946,0.943,0.759,0.602,0.677,0.582,0.391,0.214,0.24,2,33
0.562,0.942,0.945,0.772,0.61,0.662,0.557,0.376,0.199,0.249,0.562,0.942,0.945,0.772,0.61,0.662,0.557,0.376,0.199,0.249,1.414,33
0.562,0.942,0.945,0.772,0.61,0.662,0.557,0.376,0.199,0.249,0.562,0.942,0.945,0.772,0.61,0.662,0.557,0.376,0.199,0.249,1.414,33
0.562,0.942,0.945,0.772,0.61,0.662,0.557,0.376,0.199,0.249,0.562,0.942,0.945,0.772,0.61,0.662,0.557,0.376,0.199,0.249,1.414,33
0.562,0.942,0.945,0.772,0.61,0.662,0.557,0.376,0.199,0.249,0.562,0.942,0.945,0.772,0.61,0.662,0.557,0.376,0.199,0.249,1.414,33
0.562,0.942,0.945,0.772,0.61,0.662,0.557,0.376,0.199,0.249,0.562,0.942,0.945,0.772,0.61,0.662,0.557,0.376,0.199,0.249,1.414,33
0.562,0.942,0.945,0.772,0.61,0.662,0.557,0.376,0.199,0.249,0.562,0.942,0.945,0.772,0.61,0.662,0.557,0.376,0.199,0.249,1.414,33
0.562,0.942,0.945,0.772,0.61,0.662,0.557,0.376,0.199,0.249,0.562,0.942,0.945,0.772,0.61,0.662,0.557,0.376,0.199,0.249,1.414,33
0.562,0.942,0.945,0.772,0.61,0.662,0.557,0.376,0.199,0.249,0.562,0.942,0.945,0.772,0.61,0.662,0.557,0.376,0.199,0.249,1.414,33
0.562,0.942,0.945,0.772,0.61,0.662,0.557,0.376,0.199,0.249,0.562,0.942,0.945,0.772,0.61,0.662,0.557,0.376,0.199,0.249,1.414,33
0.562,0.942,0.945,0.772,0.61,0.662,0.557,0.376,0.199,0.249,0.562,0.942,0.945,0.772,0.61,0.662,0.557,0.376,0.199,0.249,1.414,33
0.562,0.942,0.945,0.772,0.61,0.662,0.557,0.376,0.199,0.249,0.562,0.942,0.945,0.772,0.61,0.662,0.557,0.376,0.199,0.249,1.414,33
0.562,0.942,0.945,0.772,0.61,0.662,0.557,0.376,0.199,0.249,0.562,0.942,0.945,0.772,0.61,0.662,0.557,0.376,0.199,0.249,1.414,33
0.546,0.936,0.941,0.767,0.6,0.656,0.569,0.381,0.204,0.245,0.546,0.936,0.941,0.767,0.6,0.656,0.569,0.381,0.204,0.245,1,33
0.546,0.936,0.941,0.767,0.6,0.656,0.569,0.381,0.204,0.245,0.546,0.936,0.941,0.767,0.6,0.656,0.569,0.381,0.204,0.245,1,33
0.546,0.936,0.941,0.767,0.6,0.656,0.569,0.381,0.204,0.245,0.546,0.936,0.941,0.767,0.6,0.656,0.569,0.381,0.204,0.245,1,33
0.546,0.936,0.941,0.767,0.6,0.656,0.569,0.381,0.204,0.245,0.546,0.936,0.941,0.767,0.6,0.656,0.569,0.381,0.204,0.245,1,33
0.546,0.936,0.941,0.767,0.6,0.656,0.569,0.381,0.204,0.245,0.546,0.936,0.941,0.767,0.6,0.656,0.569,0.381,0.204,0.245,1,33
0.546,0.936,0.941,0.767,0.6,0.656,0.569,0.381,0.204,0.245,0.546,0.936,0.941,0.767,0.6,0.656,0.569,0.381,0.204,0.245,1,33
0.546,0.936,0.941,0.767,0.6,0.656,0.569,0.381,0.204,0.245,0.546,0.936,0.941,0.767,0.6,0.656,0.569,0.381,0.204,0.245,1,33
0.546,0.936,0.941,0.767,0.6,0.656,0.569,0.381,0.204,0.245,0.546,0.936,0.941,0.767,0.6,0.656,0.569,0.381,0.204,0.245,1,33
0.546,0.936,0.941,0.767,0.6,0.656,0.569,0.381,0.204,0.245,0.546,0.936,0.941,0.767,0.6,0.656,0.569,0.381,0.204,0.245,1,33
0.546,0.936,0.941,0.767,0.6,0.656,0.569,0.381,0.204,0.245,0.546,0.936,0.941,0.767,0.6,0.656,0.569,0.381,0.204,0.245,1,33
0.546,0.936,0.941,0.767,0.6,0.656,0.569,0.381,0.204,0.245,0.546,0.936,0.941,0.767,0.6,0.656,0.569,0.381,0.204,0.245,1,33
0.546,0.936,0.941,0.767,0.6,0.656,0.569,0.381,0.204,0.245,0.546,0.936,0.941,0.767,0.6,0.656,0.569,0.381,0.204,0.245,1,33
0.546,0.936,0.941,0.767,0.6,0.656,0.569,0.381,0.204,0.245,0.546,0.936,0.941,0.767,0.6,0.656,0.569,0.381,0.204,0.245,1,33
0.546,0.936,0.941,0.767,0.6,0.656,0.569,0.381,0.204,0.245,0.546,0.936,0.941,0.767,0.6,0.656,0.569,0.381,0.204,0.245,1,33
0.546,0.936,0.941,0.767,0.6,0.656,0.569,0.381,0.204,0.245,0.546,0.936,0.941,0.767,0.6,0.656,0.569,0.381,0.204,0.245,1,33
0.546,0.936,0.941,0.767,0.6,0.656,0.569,0.381,0.204,0.245,0.546,0.936,0.941,0.767,0.6,0.656,0.569,0.381,0.204,0.245,1,33
0.546,0.936,0.941,0.767,0.6,0.656,0.569,0.381,0.204,0.245,0.546,0.936,0.941,0.767,0.6,0.656,0.569,0.381,0.204,0.245,1,33
0.546,0.936,0.941,0.767,0.6,0.656,0.569,0.381,0.204,0.245,0.546,0.936,0.941,0.767,0.6,0.656,0.569,0.381,0.204,0.245,1,33
0.546,0.936,0.941,0.767,0.6,0.656,0.569,0.381,0.204,0.245,0.546,0.936,0.941,0.767,0.6,0.656,0.569,0.381,0.204,0.245,1,33
0.546,0.936,0.941,0.767,0.6,0.656,0.569,0.381,0.204,0.245,0.546,0.936,0.941,0.767,0.6,0.656,0.569,0.381,0.204,0.245,1,33
0.546,0.936,0.941,0.767,0.6,0.656,0.569,0.381,0.204,0.245,0.546,0.936,0.941,0.767,0.6,0.656,0.569,0.381,0.204,0.245,1,33
0.546,0.936,0.941,0.767,0.6,0.656,0.569,0.381,0.204,0.245,0.546,0.936,0.941,0.767,0.6,0.656,0.569,0.381,0.204,0.245,1,33
0.546,0.936,0.941,0.767,0.6,0.656,0.569,0.381,0.204,0.245,0.546,0.936,0.941,0.767,0.6,0.656,0.569,0.381,0.204,0.245,1,33
0.546,0.936,0.941,0.767,0.6,0.656,0.569,0.381,0.204,0.245,0.546,0.936,0.941,0.767,0.6,0.656,0.569,0.381,0.204,0.245,1,33
1.13,1.903,0.954,0.932,0.47,2.793,0.836,0.392,0.445,2.08,1.13,1.903,0.954,0.932,0.47,2.793,0.836,0.392,0.445,2.08,152.742,34
1.138,1.96,0.969,0.961,0.529,2.54,0.722,0.349,0.373,1.957,1.138,1.96,0.969,0.961,0.529,2.54,0.722,0.349,0.373,1.957,149.913,34
1.117,1.974,0.955,0.954,0.495,2.713,0.821,0.381,0.44,2.074,1.117,1.974,0.955,0.954,0.495,2.713,0.821,0.381,0.44,2.074,151.347,34
1.12,1.999,0.979,0.957,0.518,2.698,0.795,0.376,0.423,2.06,1.12,1.999,0.979,0.957,0.518,2.698,0.795,0.376,0.423,2.06,152.742,34
1.12,2.032,0.945,0.932,0.507,2.82,0.807,0.389,0.418,2.157,1.12,2.032,0.945,0.932,0.507,2.82,0.807,0.389,0.418,2.157,152.03,34
1.083,2.009,0.954,0.911,0.507,2.878,0.85,0.423,0.431,2.138,1.083,2.009,0.954,0.911,0.507,2.878,0.85,0.423,0.431,2.138,158.55,34
1.075,1.963,0.98,0.961,0.507,2.707,0.817,0.401,0.42,2.043,1.075,1.963,0.98,0.961,0.507,2.707,0.817,0.401,0.42,2.043,154.159,34
1.179,2.105,0.908,0.881,0.565,2.701,0.786,0.363,0.423,2.038,1.179,2.105,0.908,0.881,0.565,2.701,0.786,0.363,0.423,2.038,154.302,34
1.125,2.042,0.946,0.957,0.514,2.829,0.867,0.403,0.464,2.142,1.125,2.042,0.946,0.957,0.514,2.829,0.867,0.403,0.464,2.142,160.24,34
1.123,1.995,0.977,0.972,0.502,2.732,0.848,0.399,0.451,2.089,1.123,1.995,0.977,0.972,0.502,2.732,0.848,0.399,0.451,2.089,156.4,34
1.122,1.99,0.965,0.927,0.471,2.933,0.84,0.416,0.429,2.236,1.122,1.99,0.965,0.927,0.471,2.933,0.84,0.416,0.429,2.236,156.474,34
1.079,2.041,0.966,0.93,0.456,3.172,0.895,0.443,0.458,2.429,1.079,2.041,0.966,0.93,0.456,3.172,0.895,0.443,0.458,2.429,162.631,34
1.085,1.987,0.961,0.912,0.507,2.806,0.851,0.455,0.403,2.077,1.085,1.987,0.961,0.912,0.507,2.806,0.851,0.455,0.403,2.077,158.6,34
1.084,1.952,0.946,0.962,0.49,2.795,0.827,0.41,0.419,2.112,1.084,1.952,0.946,0.962,0.49,2.795,0.827,0.41,0.419,2.112,158.6,34
1.136,2.003,0.936,0.93,0.538,2.606,0.762,0.379,0.383,1.979,1.136,2.003,0.936,0.93,0.538,2.606,0.762,0.379,0.383,1.979,153.222,34
1.122,2.003,0.968,0.97,0.502,2.835,0.867,0.435,0.432,2.139,1.122,2.003,0.968,0.97,0.502,2.835,0.867,0.435,0.432,2.139,154.159,34
1.135,1.977,0.968,0.96,0.516,2.658,0.76,0.396,0.365,2.041,1.135,1.977,0.968,0.96,0.516,2.658,0.76,0.396,0.365,2.041,150.446,34
1.096,1.89,0.97,0.968,0.538,2.395,0.751,0.364,0.387,1.788,1.096,1.89,0.97,0.968,0.538,2.395,0.751,0.364,0.387,1.788,147.868,34
1.094,1.997,0.977,0.955,0.477,2.889,0.877,0.431,0.451,2.203,1.094,1.997,0.977,0.955,0.477,2.889,0.877,0.431,0.451,2.203,151.38,34
1.119,2.031,0.967,0.96,0.505,2.808,0.788,0.41,0.378,2.18,1.119,2.031,0.967,0.96,0.505,2.808,0.788,0.41,0.378,2.18,151.38,34
1.18,2.23,0.954,0.975,0.534,3.06,0.851,0.394,0.457,2.416,1.18,2.23,0.954,0.975,0.534,3.06,0.851,0.394,0.457,2.416,156.541,34
1.163,1.988,0.927,0.906,0.538,2.621,0.725,0.359,0.366,1.984,1.163,1.988,0.927,0.906,0.538,2.621,0.725,0.359,0.366,1.984,154.768,34
1.181,1.973,0.926,0.916,0.583,2.363,0.754,0.375,0.379,1.747,1.181,1.973,0.926,0.916,0.583,2.363,0.754,0.375,0.379,1.747,152.122,34
1.016,1.843,0.966,0.929,0.397,3.08,0.96,0.459,0.508,2.274,1.016,1.843,0.966,0.929,0.397,3.08,0.96,0.459,0.508,2.274,161.245,34
1.077,1.91,0.956,0.937,0.458,2.923,0.873,0.41,0.465,2.171,1.077,1.91,0.956,0.937,0.458,2.923,0.873,0.41,0.465,2.171,162.114,34
1.114,1.995,0.985,1.057,0.552,2.452,0.765,0.401,0.367,1.935,1.114,1.995,0.985,1.057,0.552,2.452,0.765,0.401,0.367,1.935,158.382,34
1.078,1.968,0.954,0.933,0.45,3.037,0.868,0.422,0.447,2.308,1.078,1.968,0.954,0.933,0.45,3.037,0.868,0.422,0.447,2.308,161.756,34
1.116,2.089,0.919,0.888,0.557,2.823,0.801,0.4,0.4,2.104,1.116,2.089,0.919,0.888,0.557,2.823,0.801,0.4,0.4,2.104,164.502,34
1.14,1.975,0.955,0.967,0.514,2.668,0.809,0.389,0.42,2.028,1.14,1.975,0.955,0.967,0.514,2.668,0.809,0.389,0.42,2.028,157.201,34
1.042,1.826,0.974,0.929,0.453,2.71,0.815,0.41,0.413,2.001,1.042,1.826,0.974,0.929,0.453,2.71,0.815,0.41,0.413,2.001,155.416,34
1.136,1.948,0.957,0.98,0.52,2.577,0.744,0.357,0.389,1.983,1.136,1.948,0.957,0.98,0.52,2.577,0.744,0.357,0.389,1.983,155.081,34
1.113,1.957,0.988,0.994,0.504,2.628,0.84,0.393,0.449,2.009,1.113,1.957,0.988,0.994,0.504,2.628,0.84,0.393,0.449,2.009,156.774,34
1.081,1.808,0.945,0.901,0.497,2.383,0.766,0.364,0.405,1.727,1.081,1.808,0.945,0.901,0.497,2.383,0.766,0.364,0.405,1.727,152.463,34
1.111,1.909,0.95,0.951,0.49,2.758,0.782,0.375,0.408,2.074,1.111,1.909,0.95,0.951,0.49,2.758,0.782,0.375,0.408,2.074,158.824,34
1.057,1.836,0.954,0.912,0.44,2.798,0.803,0.381,0.425,2.085,1.057,1.836,0.954,0.912,0.44,2.798,0.803,0.381,0.425,2.085,156.285,34
1.207,2.007,0.937,0.92,0.569,2.448,0.752,0.363,0.389,1.846,1.207,2.007,0.937,0.92,0.569,2.448,0.752,0.363,0.389,1.846,153.183,34
1.088,1.911,0.981,1.006,0.456,2.821,0.921,0.461,0.461,2.136,1.088,1.911,0.981,1.006,0.456,2.821,0.921,0.461,0.461,2.136,159.013,34
1.178,1.985,0.96,0.977,0.543,2.482,0.765,0.395,0.37,1.91,1.178,1.985,0.96,0.977,0.543,2.482,0.765,0.395,0.37,1.91,154.185,34
1.129,1.906,0.919,0.896,0.53,2.458,0.783,0.376,0.408,1.797,1.129,1.906,0.919,0.896,0.53,2.458,0.783,0.376,0.408,1.797,154.693,34
1.026,1.838,0.966,1.014,0.423,2.868,0.812,0.411,0.411,2.231,1.026,1.838,0.966,1.014,0.423,2.868,0.812,0.411,0.411,2.231,160.378,34
1.131,1.924,0.97,0.963,0.438,2.835,0.854,0.412,0.443,2.208,1.131,1.924,0.97,0.963,0.438,2.835,0.854,0.412,0.443,2.208,154.305,34
1.067,1.887,0.992,0.981,0.452,2.8,0.865,0.406,0.464,2.119,1.067,1.887,0.992,0.981,0.452,2.8,0.865,0.406,0.464,2.119,159.706,34
1.148,1.941,0.956,0.954,0.551,2.433,0.746,0.335,0.411,1.828,1.148,1.941,0.956,0.954,0.551,2.433,0.746,0.335,0.411,1.828,155.193,34
1.136,1.899,0.948,0.924,0.505,2.532,0.8,0.389,0.412,1.877,1.136,1.899,0.948,0.924,0.505,2.532,0.8,0.389,0.412,1.877,154.305,34
1.119,1.949,0.969,0.961,0.505,2.636,0.767,0.371,0.396,2.02,1.119,1.949,0.969,0.961,0.505,2.636,0.767,0.371,0.396,2.02,157.471,34
1.157,1.919,0.943,0.922,0.526,2.516,0.719,0.347,0.372,1.895,1.157,1.919,0.943,0.922,0.526,2.516,0.719,0.347,0.372,1.895,156.589,34
1.112,1.876,0.998,1.018,0.479,2.577,0.789,0.366,0.423,1.993,1.112,1.876,0.998,1.018,0.479,2.577,0.789,0.366,0.423,1.993,156.589,34
1.104,1.925,0.93,0.896,0.51,2.65,0.864,0.396,0.469,1.912,1.104,1.925,0.93,0.896,0.51,2.65,0.864,0.396,0.469,1.912,158.902,34
1.079,1.922,0.954,0.955,0.499,2.69,0.865,0.419,0.446,1.981,1.079,1.922,0.954,0.955,0.499,2.69,0.865,0.419,0.446,1.981,161.744,34
1.092,1.854,0.94,0.919,0.478,2.63,0.821,0.397,0.424,1.926,1.092,1.854,0.94,0.919,0.478,2.63,0.821,0.397,0.424,1.926,158.902,34
1.209,1.931,0.944,0.947,0.553,2.386,0.757,0.353,0.405,1.782,1.209,1.931,0.944,0.947,0.553,2.386,0.757,0.353,0.405,1.782,155.193,34
1.209,1.913,0.942,0.881,0.535,2.331,0.588,0.322,0.267,1.811,1.209,1.913,0.942,0.881,0.535,2.331,0.588,0.322,0.267,1.811,76.609,35
1.282,1.965,0.944,0.906,0.596,2.178,0.583,0.31,0.274,1.698,1.282,1.965,0.944,0.906,0.596,2.178,0.583,0.31,0.274,1.698,76.007,35
1.233,1.944,0.943,0.884,0.56,2.284,0.587,0.321,0.266,1.775,1.233,1.944,0.943,0.884,0.56,2.284,0.587,0.321,0.266,1.775,76.551,35
1.187,1.908,0.94,0.911,0.508,2.381,0.687,0.343,0.343,1.845,1.187,1.908,0.94,0.911,0.508,2.381,0.687,0.343,0.343,1.845,74.632,35
1.176,1.983,0.959,0.951,0.5,2.583,0.673,0.352,0.322,2.069,1.176,1.983,0.959,0.951,0.5,2.583,0.673,0.352,0.322,2.069,76.551,35
1.158,1.96,0.975,0.95,0.482,2.584,0.687,0.373,0.316,2.077,1.158,1.96,0.975,0.95,0.482,2.584,0.687,0.373,0.316,2.077,76.662,35
1.144,1.994,0.975,0.943,0.517,2.538,0.694,0.396,0.3,2.01,1.144,1.994,0.975,0.943,0.517,2.538,0.694,0.396,0.3,2.01,79.925,35
1.175,1.969,0.966,0.941,0.497,2.556,0.69,0.338,0.353,2.034,1.175,1.969,0.966,0.941,0.497,2.556,0.69,0.338,0.353,2.034,76.551,35
1.179,1.985,0.963,0.943,0.519,2.463,0.702,0.358,0.345,1.957,1.179,1.985,0.963,0.943,0.519,2.463,0.702,0.358,0.345,1.957,78.23,35
1.121,1.915,0.953,0.931,0.461,2.634,0.735,0.353,0.383,2.069,1.121,1.915,0.953,0.931,0.461,2.634,0.735,0.353,0.383,2.069,79.925,35
1.164,1.966,0.966,0.944,0.489,2.617,0.648,0.383,0.265,2.101,1.164,1.966,0.966,0.944,0.489,2.617,0.648,0.383,0.265,2.101,80.994,35
1.156,1.972,0.967,0.93,0.483,2.632,0.693,0.364,0.331,2.097,1.156,1.972,0.967,0.93,0.483,2.632,0.693,0.364,0.331,2.097,79.881,35
1.184,1.987,0.965,0.965,0.519,2.46,0.615,0.336,0.279,2.005,1.184,1.987,0.965,0.965,0.519,2.46,0.615,0.336,0.279,2.005,77.936,35
1.13,1.942,0.961,0.913,0.472,2.656,0.664,0.4,0.265,2.106,1.13,1.942,0.961,0.913,0.472,2.656,0.664,0.4,0.265,2.106,81.633,35
1.119,1.88,0.947,0.88,0.396,3,0.781,0.456,0.326,2.326,1.119,1.88,0.947,0.88,0.396,3,0.781,0.456,0.326,2.326,85.088,35
1.162,1.85,0.932,0.868,0.316,3.71,0.909,0.538,0.371,2.875,1.162,1.85,0.932,0.868,0.316,3.71,0.909,0.538,0.371,2.875,94.81,35
1.168,1.875,0.945,0.885,0.289,4.037,0.874,0.51,0.364,3.241,1.168,1.875,0.945,0.885,0.289,4.037,0.874,0.51,0.364,3.241,102.421,35
1.185,1.866,0.948,0.901,0.289,3.964,0.877,0.475,0.402,3.192,1.185,1.866,0.948,0.901,0.289,3.964,0.877,0.475,0.402,3.192,100.623,35
1.213,1.928,0.946,0.888,0.34,3.608,0.835,0.481,0.354,2.879,1.213,1.928,0.946,0.888,0.34,3.608,0.835,0.481,0.354,2.879,97.949,35
1.197,1.83,0.933,0.895,0.322,3.554,0.803,0.454,0.355,2.817,1.197,1.83,0.933,0.895,0.322,3.554,0.803,0.454,0.355,2.817,103.87,35
1.191,1.883,0.947,0.88,0.371,3.236,0.833,0.487,0.348,2.506,1.191,1.883,0.947,0.88,0.371,3.236,0.833,0.487,0.348,2.506,89.944,35
1.129,1.877,0.929,0.855,0.352,3.462,0.833,0.476,0.357,2.68,1.129,1.877,0.929,0.855,0.352,3.462,0.833,0.476,0.357,2.68,90.973,35
1.157,1.889,0.941,0.866,0.344,3.552,0.904,0.528,0.377,2.736,1.157,1.889,0.941,0.866,0.344,3.552,0.904,0.528,0.377,2.736,87.092,35
1.154,1.912,0.939,0.872,0.307,3.983,0.917,0.529,0.389,3.151,1.154,1.912,0.939,0.872,0.307,3.983,0.917,0.529,0.389,3.151,89.889,35
1.234,1.911,0.942,0.85,0.399,3.138,0.787,0.462,0.33,2.415,1.234,1.911,0.942,0.85,0.399,3.138,0.787,0.462,0.33,2.415,91.679,35
1.13,1.858,0.926,0.874,0.378,3.121,0.672,0.365,0.309,2.482,1.13,1.858,0.926,0.874,0.378,3.121,0.672,0.365,0.309,2.482,76.322,35
1.133,1.869,0.943,0.865,0.419,2.865,0.714,0.407,0.309,2.211,1.133,1.869,0.943,0.865,0.419,2.865,0.714,0.407,0.309,2.211,72.111,35
1.173,1.891,0.939,0.842,0.407,3.006,0.762,0.447,0.319,2.304,1.173,1.891,0.939,0.842,0.407,3.006,0.762,0.447,0.319,2.304,79.649,35
1.181,1.922,0.925,0.861,0.394,3.176,0.835,0.445,0.39,2.443,1.181,1.922,0.925,0.861,0.394,3.176,0.835,0.445,0.39,2.443,81.633,35
1.22,1.935,0.937,0.873,0.391,3.212,0.753,0.447,0.306,2.535,1.22,1.935,0.937,0.873,0.391,3.212,0.753,0.447,0.306,2.535,85.959,35
1.19,1.876,0.938,0.874,0.352,3.395,0.823,0.488,0.335,2.649,1.19,1.876,0.938,0.874,0.352,3.395,0.823,0.488,0.335,2.649,86.452,35
1.234,1.938,0.935,0.868,0.399,3.163,0.794,0.453,0.342,2.464,1.234,1.938,0.935,0.868,0.399,3.163,0.794,0.453,0.342,2.464,85.088,35
1.157,1.923,0.954,0.883,0.402,3.052,0.752,0.412,0.347,2.404,1.157,1.923,0.954,0.883,0.402,3.052,0.752,0.412,0.347,2.404,78.006,35
1.157,1.913,0.937,0.89,0.422,2.92,0.813,0.432,0.381,2.248,1.157,1.913,0.937,0.89,0.422,2.92,0.813,0.432,0.381,2.248,78.006,35
1.197,1.907,0.937,0.884,0.334,3.641,1.003,0.514,0.49,2.813,1.197,1.907,0.937,0.884,0.334,3.641,1.003,0.514,0.49,2.813,87.983,35
1.176,1.957,0.951,0.913,0.444,2.81,0.697,0.373,0.324,2.249,1.176,1.957,0.951,0.913,0.444,2.81,0.697,0.373,0.324,2.249,76.837,35
1.14,1.901,0.957,0.909,0.408,2.924,0.787,0.413,0.376,2.296,1.14,1.901,0.957,0.909,0.408,2.924,0.787,0.413,0.376,2.296,76.217,35
1.157,1.886,0.942,0.889,0.412,2.881,0.767,0.379,0.39,2.24,1.157,1.886,0.942,0.889,0.412,2.881,0.767,0.379,0.39,2.24,74.404,35
1.141,1.86,0.949,0.9,0.372,3.05,0.961,0.518,0.445,2.344,1.141,1.86,0.949,0.9,0.372,3.05,0.961,0.518,0.445,2.344,75.432,35
1.172,1.889,0.937,0.899,0.432,2.701,0.744,0.372,0.372,2.116,1.172,1.889,0.937,0.899,0.432,2.701,0.744,0.372,0.372,2.116,73.6,35
1.222,1.876,0.918,0.879,0.518,2.276,0.646,0.315,0.331,1.743,1.222,1.876,0.918,0.879,0.518,2.276,0.646,0.315,0.331,1.743,67.007,35
1.195,1.892,0.932,0.868,0.398,2.96,0.774,0.399,0.376,2.307,1.195,1.892,0.932,0.868,0.398,2.96,0.774,0.399,0.376,2.307,76.609,35
1.251,1.886,0.935,0.897,0.52,2.265,0.575,0.314,0.262,1.784,1.251,1.886,0.935,0.897,0.52,2.265,0.575,0.314,0.262,1.784,66.4,35
1.2,1.839,0.929,0.871,0.462,2.448,0.675,0.389,0.287,1.877,1.2,1.839,0.929,0.871,0.462,2.448,0.675,0.389,0.287,1.877,68.118,35
1.183,1.819,0.92,0.88,0.458,2.449,0.651,0.345,0.309,1.88,1.183,1.819,0.92,0.88,0.458,2.449,0.651,0.345,0.309,1.88,67.268,35
1.231,1.875,0.918,0.857,0.431,2.746,0.706,0.368,0.339,2.117,1.231,1.875,0.918,0.857,0.431,2.746,0.706,0.368,0.339,2.117,73.817,35
1.22,1.847,0.917,0.865,0.477,2.434,0.709,0.382,0.328,1.833,1.22,1.847,0.917,0.865,0.477,2.434,0.709,0.382,0.328,1.833,68.118,35
1.198,1.878,0.931,0.868,0.35,3.342,0.842,0.453,0.389,2.607,1.198,1.878,0.931,0.868,0.35,3.342,0.842,0.453,0.389,2.607,80.212,35
1.203,1.851,0.917,0.845,0.485,2.436,0.664,0.367,0.297,1.835,1.203,1.851,0.917,0.845,0.485,2.436,0.664,0.367,0.297,1.835,67.476,35
1.182,1.851,0.935,0.859,0.38,3.071,0.821,0.437,0.387,2.341,1.182,1.851,0.935,0.859,0.38,3.071,0.821,0.437,0.387,2.341,75.452,35
1.143,1.878,0.931,0.903,0.382,3.013,0.762,0.409,0.357,2.391,1.143,1.878,0.931,0.903,0.382,3.013,0.762,0.409,0.357,2.391,67.476,35
0.941,0.986,1.02,1.04,0.304,0.649,0.532,0.378,0.159,0.12,0.941,0.986,1.02,1.04,0.304,0.649,0.532,0.378,0.159,0.12,78.102,36
0.928,0.978,1.022,1.019,0.28,0.44,0.368,0.311,0.096,0.096,0.928,0.978,1.022,1.019,0.28,0.44,0.368,0.311,0.096,0.096,81,36
0.921,0.98,1.011,1.017,0.315,0.556,0.412,0.256,0.158,0.153,0.921,0.98,1.011,1.017,0.315,0.556,0.412,0.256,0.158,0.153,76,36
0.941,0.979,1.017,1.012,0.308,0.447,0.386,0.283,0.118,0.088,0.941,0.979,1.017,1.012,0.308,0.447,0.386,0.283,0.118,0.088,72.111,36
0.943,0.985,1.016,1.049,0.314,0.732,0.617,0.415,0.203,0.119,0.943,0.985,1.016,1.049,0.314,0.732,0.617,0.415,0.203,0.119,72.111,36
0.967,0.985,1.022,1.052,0.304,0.709,0.588,0.429,0.164,0.123,0.967,0.985,1.022,1.052,0.304,0.709,0.588,0.429,0.164,0.123,75.007,36
0.94,0.973,1.018,1.032,0.306,0.52,0.412,0.301,0.118,0.125,0.94,0.973,1.018,1.032,0.306,0.52,0.412,0.301,0.118,0.125,69.116,36
0.965,0.99,1.038,1.055,0.303,0.626,0.544,0.353,0.211,0.083,0.965,0.99,1.038,1.055,0.303,0.626,0.544,0.353,0.211,0.083,71.176,36
0.942,0.996,1.028,1.056,0.341,0.643,0.527,0.349,0.184,0.116,0.942,0.996,1.028,1.056,0.341,0.643,0.527,0.349,0.184,0.116,71.113,36
0.939,0.985,1.011,1.027,0.292,0.689,0.572,0.405,0.169,0.123,0.939,0.985,1.011,1.027,0.292,0.689,0.572,0.405,0.169,0.123,69.029,36
0.94,0.994,1.03,1.044,0.311,0.662,0.537,0.353,0.197,0.125,0.94,0.994,1.03,1.044,0.311,0.662,0.537,0.353,0.197,0.125,69,36
0.941,0.999,1.015,1.051,0.289,0.628,0.533,0.356,0.178,0.096,0.941,0.999,1.015,1.051,0.289,0.628,0.533,0.356,0.178,0.096,65.008,36
0.94,0.995,1.026,1.05,0.355,0.691,0.576,0.359,0.222,0.115,0.94,0.995,1.026,1.05,0.355,0.691,0.576,0.359,0.222,0.115,68.029,36
0.927,0.994,1.025,1.038,0.345,0.579,0.463,0.328,0.147,0.116,0.927,0.994,1.025,1.038,0.345,0.579,0.463,0.328,0.147,0.116,69.007,36
0.953,0.975,1.016,1.028,0.314,0.613,0.453,0.282,0.173,0.168,0.953,0.975,1.016,1.028,0.314,0.613,0.453,0.282,0.173,0.168,68.007,36
0.933,0.994,1.014,1.04,0.329,0.625,0.5,0.337,0.163,0.125,0.933,0.994,1.014,1.04,0.329,0.625,0.5,0.337,0.163,0.125,66.008,36
0.912,0.987,1.033,1.044,0.367,0.573,0.432,0.275,0.171,0.141,0.912,0.987,1.033,1.044,0.367,0.573,0.432,0.275,0.171,0.141,70,36
0.92,0.984,1.035,1.044,0.339,0.688,0.582,0.379,0.221,0.11,0.92,0.984,1.035,1.044,0.339,0.688,0.582,0.379,0.221,0.11,69.007,36
0.94,1.006,1.026,1.056,0.376,0.727,0.609,0.408,0.205,0.122,0.94,1.006,1.026,1.056,0.376,0.727,0.609,0.408,0.205,0.122,71,36
0.95,0.989,1.024,1.061,0.314,0.673,0.592,0.432,0.165,0.083,0.95,0.989,1.024,1.061,0.314,0.673,0.592,0.432,0.165,0.083,65.008,36
0.938,0.984,1.013,1.035,0.279,0.699,0.57,0.385,0.186,0.135,0.938,0.984,1.013,1.035,0.279,0.699,0.57,0.385,0.186,0.135,66.008,36
0.912,0.994,1.024,1.021,0.295,0.63,0.5,0.356,0.165,0.131,0.912,0.994,1.024,1.021,0.295,0.63,0.5,0.356,0.165,0.131,64.008,36
0.9,0.999,1.008,1.008,0.302,0.61,0.426,0.298,0.131,0.185,0.9,0.999,1.008,1.008,0.302,0.61,0.426,0.298,0.131,0.185,68,36
0.93,0.979,1.036,1.067,0.314,0.801,0.637,0.395,0.25,0.167,0.93,0.979,1.036,1.067,0.314,0.801,0.637,0.395,0.25,0.167,67.007,36
0.931,0.995,1.025,1.064,0.328,0.696,0.571,0.416,0.159,0.126,0.931,0.995,1.025,1.064,0.328,0.696,0.571,0.416,0.159,0.126,68,36
0.919,0.988,1.014,1.036,0.305,0.654,0.576,0.407,0.17,0.083,0.919,0.988,1.014,1.036,0.305,0.654,0.576,0.407,0.17,0.083,66.008,36
0.928,0.998,1.039,1.06,0.348,0.593,0.427,0.291,0.158,0.171,0.928,0.998,1.039,1.06,0.348,0.593,0.427,0.291,0.158,0.171,65,36
0.913,0.966,1.014,1.035,0.315,0.564,0.416,0.252,0.164,0.164,0.913,0.966,1.014,1.035,0.315,0.564,0.416,0.252,0.164,0.164,64,36
0.947,1.006,1.034,1.08,0.342,0.751,0.622,0.352,0.27,0.138,0.947,1.006,1.034,1.08,0.342,0.751,0.622,0.352,0.27,0.138,65.008,36
0.914,0.986,1.016,1.047,0.344,0.571,0.42,0.268,0.152,0.152,0.914,0.986,1.016,1.047,0.344,0.571,0.42,0.268,0.152,0.152,67.007,36
0.916,0.993,1.02,1.046,0.313,0.605,0.473,0.355,0.125,0.131,0.916,0.993,1.02,1.046,0.313,0.605,0.473,0.355,0.125,0.131,63.071,36
0.955,1,1.025,1.046,0.31,0.735,0.555,0.402,0.163,0.182,0.955,1,1.025,1.046,0.31,0.735,0.555,0.402,0.163,0.182,65.008,36
0.908,0.984,1.012,1.034,0.298,0.646,0.527,0.356,0.172,0.125,0.908,0.984,1.012,1.034,0.298,0.646,0.527,0.356,0.172,0.125,65.008,36
0.905,1.011,1.02,1.034,0.313,0.66,0.555,0.357,0.203,0.113,0.905,1.011,1.02,1.034,0.313,0.66,0.555,0.357,0.203,0.113,60,36
0.909,0.994,1.003,1.027,0.321,0.617,0.497,0.326,0.171,0.121,0.909,0.994,1.003,1.027,0.321,0.617,0.497,0.326,0.171,0.121,62.008,36
0.957,1.001,1.04,1.052,0.274,0.679,0.577,0.361,0.242,0.106,0.957,1.001,1.04,1.052,0.274,0.679,0.577,0.361,0.242,0.106,63.008,36
0.933,0.99,1.023,1.049,0.281,0.695,0.606,0.431,0.182,0.091,0.933,0.99,1.023,1.049,0.281,0.695,0.606,0.431,0.182,0.091,65.008,36
0.933,0.983,1.014,1.025,0.293,0.583,0.461,0.287,0.177,0.129,0.933,0.983,1.014,1.025,0.293,0.583,0.461,0.287,0.177,0.129,66.03,36
0.944,0.989,1.023,1.043,0.313,0.592,0.511,0.353,0.165,0.083,0.944,0.989,1.023,1.043,0.313,0.592,0.511,0.353,0.165,0.083,66.068,36
0.909,0.994,1.018,0.995,0.287,0.595,0.463,0.363,0.129,0.135,0.909,0.994,1.018,0.995,0.287,0.595,0.463,0.363,0.129,0.135,64.031,36
0.914,0.973,1.023,1.033,0.315,0.587,0.485,0.343,0.153,0.121,0.914,0.973,1.023,1.033,0.315,0.587,0.485,0.343,0.153,0.121,65.123,36
0.932,0.973,1.039,1.06,0.307,0.641,0.526,0.341,0.204,0.126,0.932,0.973,1.039,1.06,0.307,0.641,0.526,0.341,0.204,0.126,63.032,36
0.926,0.993,1.026,1.02,0.328,0.491,0.372,0.242,0.151,0.119,0.926,0.993,1.026,1.02,0.328,0.491,0.372,0.242,0.151,0.119,64.07,36
0.93,0.982,1.019,1.007,0.315,0.419,0.314,0.22,0.117,0.117,0.93,0.982,1.019,1.007,0.315,0.419,0.314,0.22,0.117,0.117,65.192,36
0.945,0.982,1.008,1.003,0.293,0.503,0.392,0.266,0.132,0.125,0.945,0.982,1.008,1.003,0.293,0.503,0.392,0.266,0.132,0.125,62.29,36
0.919,0.983,1.018,1.006,0.283,0.409,0.289,0.183,0.129,0.129,0.919,0.983,1.018,1.006,0.283,0.409,0.289,0.183,0.129,0.129,62.129,36
0.918,0.985,1.017,1.028,0.318,0.64,0.532,0.342,0.195,0.115,0.918,0.985,1.017,1.028,0.318,0.64,0.532,0.342,0.195,0.115,65.031,36
0.921,0.984,1.013,1.03,0.309,0.666,0.465,0.302,0.164,0.203,0.921,0.984,1.013,1.03,0.309,0.666,0.465,0.302,0.164,0.203,62.073,36
0.953,0.985,1.034,1.059,0.29,0.698,0.57,0.411,0.179,0.13,0.953,0.985,1.034,1.059,0.29,0.698,0.57,0.411,0.179,0.13,63.071,36
0.951,1.006,1.029,1.016,0.275,0.461,0.4,0.3,0.148,0.066,0.951,1.006,1.029,1.016,0.275,0.461,0.4,0.3,0.148,0.066,64.125,36
0.902,0.984,1.017,1.009,0.286,0.486,0.371,0.266,0.125,0.125,0.902,0.984,1.017,1.009,0.286,0.486,0.371,0.266,0.125,0.125,65.123,36
1.288,2.079,0.879,0.745,0.564,2.842,0.59,0.326,0.264,2.269,1.288,2.079,0.879,0.745,0.564,2.842,0.59,0.326,0.264,2.269,146.659,1
1.287,2.058,0.864,0.745,0.574,2.776,0.608,0.304,0.304,2.178,1.287,2.058,0.864,0.745,0.574,2.776,0.608,0.304,0.304,2.178,142.555,1
1.276,2.062,0.866,0.734,0.571,2.807,0.613,0.322,0.291,2.211,1.276,2.062,0.866,0.734,0.571,2.807,0.613,0.322,0.291,2.211,145.825,1
1.327,2.102,0.875,0.753,0.611,2.651,0.577,0.319,0.26,2.076,1.327,2.102,0.875,0.753,0.611,2.651,0.577,0.319,0.26,2.076,141.566,1
1.275,2.035,0.869,0.724,0.563,2.756,0.62,0.347,0.273,2.154,1.275,2.035,0.869,0.724,0.563,2.756,0.62,0.347,0.273,2.154,149.626,1
1.178,2.069,0.877,0.715,0.532,3,0.687,0.409,0.278,2.327,1.178,2.069,0.877,0.715,0.532,3,0.687,0.409,0.278,2.327,135.34,1
1.203,2.084,0.865,0.717,0.524,3.065,0.683,0.383,0.301,2.399,1.203,2.084,0.865,0.717,0.524,3.065,0.683,0.383,0.301,2.399,139.058,1
1.256,2.068,0.866,0.732,0.569,2.807,0.614,0.337,0.278,2.208,1.256,2.068,0.866,0.732,0.569,2.807,0.614,0.337,0.278,2.208,138.101,1
1.268,2.022,0.857,0.713,0.573,2.701,0.614,0.329,0.286,2.112,1.268,2.022,0.857,0.713,0.573,2.701,0.614,0.329,0.286,2.112,143.694,1
1.285,2.113,0.887,0.764,0.566,2.877,0.601,0.332,0.269,2.28,1.285,2.113,0.887,0.764,0.566,2.877,0.601,0.332,0.269,2.28,139.445,1
1.227,2.12,0.888,0.75,0.532,3.077,0.639,0.387,0.253,2.447,1.227,2.12,0.888,0.75,0.532,3.077,0.639,0.387,0.253,2.447,139.27,1
1.325,2.126,0.861,0.751,0.609,2.728,0.582,0.3,0.284,2.152,1.325,2.126,0.861,0.751,0.609,2.728,0.582,0.3,0.284,2.152,142.555,1
1.298,2.068,0.878,0.759,0.553,2.862,0.601,0.316,0.285,2.27,1.298,2.068,0.878,0.759,0.553,2.862,0.601,0.316,0.285,2.27,148.637,1
1.246,2.07,0.889,0.73,0.538,2.954,0.664,0.39,0.276,2.299,1.246,2.07,0.889,0.73,0.538,2.954,0.664,0.39,0.276,2.299,146.697,1
1.19,2.045,0.866,0.73,0.499,3.106,0.688,0.378,0.311,2.433,1.19,2.045,0.866,0.73,0.499,3.106,0.688,0.378,0.311,2.433,140.688,1
1.281,2.062,0.863,0.727,0.572,2.757,0.623,0.334,0.289,2.144,1.281,2.062,0.863,0.727,0.572,2.757,0.623,0.334,0.289,2.144,146.328,1
1.313,2.075,0.862,0.727,0.611,2.618,0.591,0.317,0.274,2.036,1.313,2.075,0.862,0.727,0.611,2.618,0.591,0.317,0.274,2.036,143.544,1
1.256,2.048,0.867,0.734,0.565,2.801,0.62,0.34,0.28,2.197,1.256,2.048,0.867,0.734,0.565,2.801,0.62,0.34,0.28,2.197,140.246,1
1.25,2.043,0.883,0.754,0.517,3.033,0.638,0.369,0.27,2.412,1.25,2.043,0.883,0.754,0.517,3.033,0.638,0.369,0.27,2.412,148.297,1
1.231,2.008,0.873,0.732,0.516,2.96,0.644,0.362,0.283,2.345,1.231,2.008,0.873,0.732,0.516,2.96,0.644,0.362,0.283,2.345,148.476,1
1.263,2.078,0.865,0.721,0.578,2.807,0.635,0.348,0.287,2.186,1.263,2.078,0.865,0.721,0.578,2.807,0.635,0.348,0.287,2.186,142.215,1
1.247,2.06,0.876,0.719,0.557,2.87,0.673,0.391,0.281,2.208,1.247,2.06,0.876,0.719,0.557,2.87,0.673,0.391,0.281,2.208,143.199,1
1.258,2.018,0.871,0.742,0.536,2.861,0.623,0.335,0.289,2.256,1.258,2.018,0.871,0.742,0.536,2.861,0.623,0.335,0.289,2.256,145.986,1
1.268,2.019,0.858,0.729,0.562,2.761,0.624,0.334,0.292,2.156,1.268,2.019,0.858,0.729,0.562,2.761,0.624,0.334,0.292,2.156,145.825,1
1.268,2.093,0.876,0.742,0.566,2.847,0.624,0.343,0.281,2.23,1.268,2.093,0.876,0.742,0.566,2.847,0.624,0.343,0.281,2.23,140.428,1
1.198,2.105,0.887,0.739,0.515,3.174,0.695,0.4,0.296,2.488,1.198,2.105,0.887,0.739,0.515,3.174,0.695,0.4,0.296,2.488,138.514,1
1.195,2.089,0.864,0.728,0.509,3.168,0.695,0.382,0.315,2.487,1.195,2.089,0.864,0.728,0.509,3.168,0.695,0.382,0.315,2.487,138.514,1
1.285,2.103,0.877,0.754,0.562,2.891,0.591,0.319,0.272,2.312,1.285,2.103,0.877,0.754,0.562,2.891,0.591,0.319,0.272,2.312,141.057,1
1.255,2.044,0.868,0.75,0.545,2.895,0.627,0.338,0.291,2.281,1.255,2.044,0.868,0.75,0.545,2.895,0.627,0.338,0.291,2.281,141.23,1
1.26,2.052,0.866,0.731,0.563,2.795,0.601,0.316,0.285,2.215,1.26,2.052,0.866,0.731,0.563,2.795,0.601,0.316,0.285,2.215,139.262,1
1.173,2.108,0.874,0.737,0.516,3.177,0.686,0.387,0.299,2.503,1.173,2.108,0.874,0.737,0.516,3.177,0.686,0.387,0.299,2.503,136.308,1
1.3,2.107,0.872,0.735,0.604,2.705,0.6,0.315,0.285,2.112,1.3,2.107,0.872,0.735,0.604,2.705,0.6,0.315,0.285,2.112,139.904,1
1.283,2.107,0.885,0.75,0.567,2.887,0.64,0.368,0.272,2.25,1.283,2.107,0.885,0.75,0.567,2.887,0.64,0.368,0.272,2.25,141.411,1
1.262,2.061,0.874,0.752,0.536,2.92,0.641,0.329,0.313,2.284,1.262,2.061,0.874,0.752,0.536,2.92,0.641,0.329,0.313,2.284,142.215,1
1.275,2.06,0.877,0.745,0.562,2.802,0.621,0.342,0.279,2.188,1.275,2.06,0.877,0.745,0.562,2.802,0.621,0.342,0.279,2.188,141.411,1
1.264,2.065,0.877,0.745,0.54,2.937,0.655,0.36,0.295,2.289,1.264,2.065,0.877,0.745,0.54,2.937,0.655,0.36,0.295,2.289,145.527,1
1.291,2.059,0.878,0.736,0.575,2.781,0.632,0.355,0.277,2.158,1.291,2.059,0.878,0.736,0.575,2.781,0.632,0.355,0.277,2.158,146.973,1
1.287,2.084,0.879,0.748,0.555,2.911,0.618,0.341,0.276,2.305,1.287,2.084,0.879,0.748,0.555,2.911,0.618,0.341,0.276,2.305,147.313,1
1.172,2.079,0.881,0.736,0.516,3.128,0.658,0.381,0.278,2.493,1.172,2.079,0.881,0.736,0.516,3.128,0.658,0.381,0.278,2.493,134.893,1
1.319,2.076,0.879,0.735,0.601,2.66,0.578,0.313,0.266,2.094,1.319,2.076,0.879,0.735,0.601,2.66,0.578,0.313,0.266,2.094,145,1
1.274,2.111,0.875,0.727,0.578,2.851,0.63,0.348,0.283,2.231,1.274,2.111,0.875,0.727,0.578,2.851,0.63,0.348,0.283,2.231,141.792,1
1.269,2.036,0.87,0.741,0.566,2.768,0.607,0.326,0.281,2.175,1.269,2.036,0.87,0.741,0.566,2.768,0.607,0.326,0.281,2.175,139.445,1
1.236,2.054,0.891,0.738,0.525,3.017,0.7,0.417,0.284,2.323,1.236,2.054,0.891,0.738,0.525,3.017,0.7,0.417,0.284,2.323,145.344,1
1.263,2.04,0.867,0.727,0.556,2.834,0.662,0.362,0.3,2.182,1.263,2.04,0.867,0.727,0.556,2.834,0.662,0.362,0.3,2.182,146.509,1
1.222,2.088,0.889,0.745,0.523,3.091,0.686,0.412,0.274,2.411,1.222,2.088,0.889,0.745,0.523,3.091,0.686,0.412,0.274,2.411,138.975,1
1.252,2.065,0.875,0.745,0.55,2.896,0.676,0.37,0.306,2.222,1.252,2.065,0.875,0.745,0.55,2.896,0.676,0.37,0.306,2.222,140.246,1
1.254,2.069,0.865,0.736,0.544,2.953,0.668,0.358,0.31,2.295,1.254,2.069,0.865,0.736,0.544,2.953,0.668,0.358,0.31,2.295,143.951,1
1.294,2.083,0.892,0.737,0.579,2.795,0.614,0.369,0.245,2.191,1.294,2.083,0.892,0.737,0.579,2.795,0.614,0.369,0.245,2.191,145.169,1
1.294,2.083,0.892,0.749,0.57,2.827,0.608,0.359,0.249,2.227,1.294,2.083,0.892,0.749,0.57,2.827,0.608,0.359,0.249,2.227,144.544,1
1.283,2.086,0.868,0.738,0.567,2.855,0.613,0.329,0.284,2.257,1.283,2.086,0.868,0.738,0.567,2.855,0.613,0.329,0.284,2.257,145.344,1
1.09,2.023,0.886,0.85,0.655,2.469,0.68,0.358,0.325,1.804,1.09,2.023,0.886,0.85,0.655,2.469,0.68,0.358,0.325,1.804,57.315,2
1.134,2.072,0.889,0.886,0.614,2.67,0.775,0.383,0.397,1.943,1.134,2.072,0.889,0.886,0.614,2.67,0.775,0.383,0.397,1.943,60.44,2
1.217,2.223,0.902,0.947,0.641,2.716,0.812,0.396,0.423,2.032,1.217,2.223,0.902,0.947,0.641,2.716,0.812,0.396,0.423,2.032,59.203,2
1.161,2.194,0.935,0.943,0.624,2.792,0.774,0.429,0.345,2.104,1.161,2.194,0.935,0.943,0.624,2.792,0.774,0.429,0.345,2.104,61.033,2
1.171,2.247,0.948,0.961,0.628,2.858,0.825,0.442,0.383,2.15,1.171,2.247,0.948,0.961,0.628,2.858,0.825,0.442,0.383,2.15,61.612,2
1.108,2.082,0.909,0.91,0.62,2.668,0.767,0.381,0.388,1.955,1.108,2.082,0.909,0.91,0.62,2.668,0.767,0.381,0.388,1.955,61.221,2
1.163,2.208,0.936,0.926,0.634,2.748,0.831,0.416,0.415,2.031,1.163,2.208,0.936,0.926,0.634,2.748,0.831,0.416,0.415,2.031,61.4,2
1.06,2.038,0.897,0.853,0.566,2.83,0.771,0.41,0.362,2.082,1.06,2.038,0.897,0.853,0.566,2.83,0.771,0.41,0.362,2.082,62.626,2
1.111,2.125,0.902,0.871,0.61,2.736,0.837,0.419,0.419,1.976,1.111,2.125,0.902,0.871,0.61,2.736,0.837,0.419,0.419,1.976,61.221,2
1.103,2.188,0.928,0.908,0.624,2.795,0.817,0.396,0.421,2.062,1.103,2.188,0.928,0.908,0.624,2.795,0.817,0.396,0.421,2.062,64.031,2
1.075,2.129,0.902,0.876,0.604,2.795,0.797,0.424,0.374,2.052,1.075,2.129,0.902,0.876,0.604,2.795,0.797,0.424,0.374,2.052,63.411,2
1.161,2.228,0.954,0.955,0.645,2.741,0.78,0.391,0.39,2.067,1.161,2.228,0.954,0.955,0.645,2.741,0.78,0.391,0.39,2.067,62.626,2
1.133,2.211,0.919,0.934,0.673,2.613,0.722,0.373,0.351,1.969,1.133,2.211,0.919,0.934,0.673,2.613,0.722,0.373,0.351,1.969,61.074,2
1.204,2.212,0.881,0.905,0.779,2.309,0.74,0.345,0.398,1.655,1.204,2.212,0.881,0.905,0.779,2.309,0.74,0.345,0.398,1.655,58.052,2
1.206,2.304,0.906,0.923,0.69,2.684,0.765,0.382,0.385,2.018,1.206,2.304,0.906,0.923,0.69,2.684,0.765,0.382,0.385,2.018,62.008,2
1.199,2.236,0.901,0.902,0.807,2.252,0.63,0.335,0.297,1.675,1.199,2.236,0.901,0.902,0.807,2.252,0.63,0.335,0.297,1.675,56.586,2
1.155,2.088,0.887,0.877,0.631,2.572,0.824,0.396,0.429,1.836,1.155,2.088,0.887,0.877,0.631,2.572,0.824,0.396,0.429,1.836,58.258,2
1.184,2.177,0.932,0.939,0.619,2.739,0.791,0.423,0.368,2.054,1.184,2.177,0.932,0.939,0.619,2.739,0.791,0.423,0.368,2.054,59.405,2
1.149,2.102,0.846,0.839,0.632,2.665,0.785,0.382,0.414,1.916,1.149,2.102,0.846,0.839,0.632,2.665,0.785,0.382,0.414,1.916,57.428,2
1.079,2.005,0.827,0.82,0.578,2.741,0.884,0.4,0.497,1.897,1.079,2.005,0.827,0.82,0.578,2.741,0.884,0.4,0.497,1.897,59.203,2
1.278,2.348,0.952,1.016,0.881,2.148,0.618,0.333,0.286,1.648,1.278,2.348,0.952,1.016,0.881,2.148,0.618,0.333,0.286,1.648,55.866,2
1.058,1.942,0.873,0.843,0.552,2.803,0.818,0.412,0.412,1.997,1.058,1.942,0.873,0.843,0.552,2.803,0.818,0.412,0.412,1.997,60.465,2
1.148,2.211,0.912,0.948,0.666,2.658,0.791,0.41,0.386,1.969,1.148,2.211,0.912,0.948,0.666,2.658,0.791,0.41,0.386,1.969,61.074,2
1.216,2.291,0.926,0.968,0.74,2.493,0.675,0.376,0.304,1.909,1.216,2.291,0.926,0.968,0.74,2.493,0.675,0.376,0.304,1.909,58.796,2
1.238,2.267,0.935,0.956,0.756,2.419,0.584,0.315,0.271,1.89,1.238,2.267,0.935,0.956,0.756,2.419,0.584,0.315,0.271,1.89,56.851,2
1.162,2.287,0.906,0.941,0.69,2.671,0.764,0.383,0.386,2.007,1.162,2.287,0.906,0.941,0.69,2.671,0.764,0.383,0.386,2.007,60.308,2
1.184,2.152,0.939,0.956,0.581,2.923,0.852,0.456,0.396,2.177,1.184,2.152,0.939,0.956,0.581,2.923,0.852,0.456,0.396,2.177,62.129,2
1.199,2.289,0.912,0.962,0.629,2.879,0.782,0.396,0.396,2.214,1.199,2.289,0.912,0.962,0.629,2.879,0.782,0.396,0.396,2.214,61.4,2
1.22,2.342,0.956,0.965,0.631,2.953,0.86,0.461,0.4,2.249,1.22,2.342,0.956,0.965,0.631,2.953,0.86,0.461,0.4,2.249,60.803,2
1.224,2.266,0.952,1.007,0.636,2.811,0.821,0.442,0.38,2.146,1.224,2.266,0.952,1.007,0.636,2.811,0.821,0.442,0.38,2.146,59.034,2
1.215,2.328,0.92,0.953,0.605,3.086,0.871,0.42,0.453,2.347,1.215,2.328,0.92,0.953,0.605,3.086,0.871,0.42,0.453,2.347,61.855,2
1.28,2.41,0.97,1.027,0.815,2.344,0.647,0.35,0.298,1.846,1.28,2.41,0.97,1.027,0.815,2.344,0.647,0.35,0.298,1.846,57.28,2
1.191,2.251,0.944,0.982,0.696,2.565,0.69,0.373,0.32,1.976,1.191,2.251,0.944,0.982,0.696,2.565,0.69,0.373,0.32,1.976,59.666,2
1.301,2.39,0.964,1.04,0.723,2.624,0.755,0.396,0.361,2.048,1.301,2.39,0.964,1.04,0.723,2.624,0.755,0.396,0.361,2.048,57.201,2
1.279,2.416,0.95,1.001,0.833,2.3,0.68,0.341,0.339,1.78,1.279,2.416,0.95,1.001,0.833,2.3,0.68,0.341,0.339,1.78,55.866,2
1.268,2.262,0.964,1.067,0.903,1.92,0.511,0.31,0.208,1.538,1.268,2.262,0.964,1.067,0.903,1.92,0.511,0.31,0.208,1.538,51.088,2
1.203,2.256,0.946,0.972,0.946,1.95,0.52,0.28,0.241,1.486,1.203,2.256,0.946,0.972,0.946,1.95,0.52,0.28,0.241,1.486,54.037,2
1.219,2.253,0.96,0.962,0.832,2.164,0.599,0.323,0.276,1.645,1.219,2.253,0.96,0.962,0.832,2.164,0.599,0.323,0.276,1.645,54.562,2
1.323,2.506,0.972,1.064,0.934,2.181,0.616,0.345,0.272,1.718,1.323,2.506,0.972,1.064,0.934,2.181,0.616,0.345,0.272,1.718,57.28,2
1.284,2.28,0.944,0.995,0.865,2.131,0.601,0.335,0.268,1.621,1.284,2.28,0.944,0.995,0.865,2.131,0.601,0.335,0.268,1.621,53.759,2
1.367,2.444,0.967,1.031,0.976,2.005,0.572,0.298,0.274,1.568,1.367,2.444,0.967,1.031,0.976,2.005,0.572,0.298,0.274,1.568,52.345,2
1.304,2.482,0.969,1.067,0.925,2.135,0.588,0.323,0.267,1.706,1.304,2.482,0.969,1.067,0.925,2.135,0.588,0.323,0.267,1.706,56.727,2
1.209,2.259,0.928,0.95,0.771,2.368,0.615,0.343,0.274,1.816,1.209,2.259,0.928,0.95,0.771,2.368,0.615,0.343,0.274,1.816,55.317,2
1.195,2.286,0.94,1.033,0.639,2.829,0.754,0.408,0.361,2.219,1.195,2.286,0.94,1.033,0.639,2.829,0.754,0.408,0.361,2.219,61.033,2
1.226,2.346,0.932,0.973,0.682,2.802,0.783,0.436,0.349,2.134,1.226,2.346,0.932,0.973,0.682,2.802,0.783,0.436,0.349,2.134,61.033,2
1.173,2.172,0.927,0.947,0.656,2.636,0.722,0.387,0.337,1.988,1.173,2.172,0.927,0.947,0.656,2.636,0.722,0.387,0.337,1.988,57.801,2
1.309,2.567,0.977,1.039,0.893,2.329,0.661,0.342,0.318,1.838,1.309,2.567,0.977,1.039,0.893,2.329,0.661,0.342,0.318,1.838,56.569,2
1.251,2.185,0.913,0.944,0.913,1.896,0.558,0.299,0.262,1.409,1.251,2.185,0.913,0.944,0.913,1.896,0.558,0.299,0.262,1.409,49.406,2
1.296,2.463,0.957,1.028,0.819,2.378,0.675,0.354,0.322,1.877,1.296,2.463,0.957,1.028,0.819,2.378,0.675,0.354,0.322,1.877,57.28,2
1.198,2.21,0.937,0.944,0.773,2.231,0.592,0.307,0.285,1.712,1.198,2.21,0.937,0.944,0.773,2.231,0.592,0.307,0.285,1.712,54.037,2
1.295,2.152,0.944,0.94,1.048,1.606,0.442,0.238,0.204,1.213,1.295,2.152,0.944,0.94,1.048,1.606,0.442,0.238,0.204,1.213,46.957,2
0.805,1.107,0.443,0.41,0.91,1.106,0.893,0.142,0.753,0.294,0.805,1.107,0.443,0.41,0.91,1.106,0.893,0.142,0.753,0.294,2.236,3
0.805,1.107,0.443,0.41,0.91,1.106,0.893,0.142,0.753,0.294,0.805,1.107,0.443,0.41,0.91,1.106,0.893,0.142,0.753,0.294,2.236,3
0.805,1.107,0.443,0.41,0.91,1.106,0.893,0.142,0.753,0.294,0.805,1.107,0.443,0.41,0.91,1.106,0.893,0.142,0.753,0.294,2.236,3
0.805,1.107,0.443,0.41,0.91,1.106,0.893,0.142,0.753,0.294,0.805,1.107,0.443,0.41,0.91,1.106,0.893,0.142,0.753,0.294,2.236,3
0.791,1.09,0.36,0.354,0.88,1.111,0.944,0.148,0.814,0.237,0.791,1.09,0.36,0.354,0.88,1.111,0.944,0.148,0.814,0.237,2.828,3
0.791,1.09,0.36,0.354,0.88,1.111,0.944,0.148,0.814,0.237,0.791,1.09,0.36,0.354,0.88,1.111,0.944,0.148,0.814,0.237,2.828,3
0.791,1.09,0.36,0.354,0.88,1.111,0.944,0.148,0.814,0.237,0.791,1.09,0.36,0.354,0.88,1.111,0.944,0.148,0.814,0.237,2.828,3
0.791,1.09,0.36,0.354,0.88,1.111,0.944,0.148,0.814,0.237,0.791,1.09,0.36,0.354,0.88,1.111,0.944,0.148,0.814,0.237,2.828,3
0.791,1.09,0.36,0.354,0.88,1.111,0.944,0.148,0.814,0.237,0.791,1.09,0.36,0.354,0.88,1.111,0.944,0.148,0.814,0.237,2.828,3
0.741,1.049,0.405,0.387,0.872,1.133,0.947,0.161,0.796,0.359,0.741,1.049,0.405,0.387,0.872,1.133,0.947,0.161,0.796,0.359,2,3
0.741,1.049,0.405,0.387,0.872,1.133,0.947,0.161,0.796,0.359,0.741,1.049,0.405,0.387,0.872,1.133,0.947,0.161,0.796,0.359,2,3
0.741,1.049,0.405,0.387,0.872,1.133,0.947,0.161,0.796,0.359,0.741,1.049,0.405,0.387,0.872,1.133,0.947,0.161,0.796,0.359,2,3
0.741,1.049,0.405,0.387,0.872,1.133,0.947,0.161,0.796,0.359,0.741,1.049,0.405,0.387,0.872,1.133,0.947,0.161,0.796,0.359,2,3
0.741,1.049,0.405,0.387,0.872,1.133,0.947,0.161,0.796,0.359,0.741,1.049,0.405,0.387,0.872,1.133,0.947,0.161,0.796,0.359,2,3
0.741,1.049,0.405,0.387,0.872,1.133,0.947,0.161,0.796,0.359,0.741,1.049,0.405,0.387,0.872,1.133,0.947,0.161,0.796,0.359,2,3
0.741,1.049,0.405,0.387,0.872,1.133,0.947,0.161,0.796,0.359,0.741,1.049,0.405,0.387,0.872,1.133,0.947,0.161,0.796,0.359,2,3
0.741,1.049,0.405,0.387,0.872,1.133,0.947,0.161,0.796,0.359,0.741,1.049,0.405,0.387,0.872,1.133,0.947,0.161,0.796,0.359,2,3
0.741,1.049,0.405,0.387,0.872,1.133,0.947,0.161,0.796,0.359,0.741,1.049,0.405,0.387,0.872,1.133,0.947,0.161,0.796,0.359,2,3
0.741,1.049,0.405,0.387,0.872,1.133,0.947,0.161,0.796,0.359,0.741,1.049,0.405,0.387,0.872,1.133,0.947,0.161,0.796,0.359,2,3
1.617,2.035,0.882,0.801,1.789,0.955,0.29,0.13,0.162,0.667,1.617,2.035,0.882,0.801,1.789,0.955,0.29,0.13,0.162,0.667,1.414,3
1.617,2.035,0.882,0.801,1.789,0.955,0.29,0.13,0.162,0.667,1.617,2.035,0.882,0.801,1.789,0.955,0.29,0.13,0.162,0.667,1.414,3
1.617,2.035,0.882,0.801,1.789,0.955,0.29,0.13,0.162,0.667,1.617,2.035,0.882,0.801,1.789,0.955,0.29,0.13,0.162,0.667,1.414,3
1.617,2.035,0.882,0.801,1.789,0.955,0.29,0.13,0.162,0.667,1.617,2.035,0.882,0.801,1.789,0.955,0.29,0.13,0.162,0.667,1.414,3
1.617,2.035,0.882,0.801,1.789,0.955,0.29,0.13,0.162,0.667,1.617,2.035,0.882,0.801,1.789,0.955,0.29,0.13,0.162,0.667,1.414,3
0.715,1.023,0.795,0.516,0.825,1.057,0.861,0.536,0.328,0.344,0.715,1.023,0.795,0.516,0.825,1.057,0.861,0.536,0.328,0.344,1,3
0.715,1.023,0.795,0.516,0.825,1.057,0.861,0.536,0.328,0.344,0.715,1.023,0.795,0.516,0.825,1.057,0.861,0.536,0.328,0.344,1,3
0.715,1.023,0.795,0.516,0.825,1.057,0.861,0.536,0.328,0.344,0.715,1.023,0.795,0.516,0.825,1.057,0.861,0.536,0.328,0.344,1,3
0.715,1.023,0.795,0.516,0.825,1.057,0.861,0.536,0.328,0.344,0.715,1.023,0.795,0.516,0.825,1.057,0.861,0.536,0.328,0.344,1,3
0.715,1.023,0.795,0.516,0.825,1.057,0.861,0.536,0.328,0.344,0.715,1.023,0.795,0.516,0.825,1.057,0.861,0.536,0.328,0.344,1,3
1.414,1.924,0.856,0.715,1.565,1.113,0.349,0.159,0.196,0.773,1.414,1.924,0.856,0.715,1.565,1.113,0.349,0.159,0.196,0.773,1.414,3
1.414,1.924,0.856,0.715,1.565,1.113,0.349,0.159,0.196,0.773,1.414,1.924,0.856,0.715,1.565,1.113,0.349,0.159,0.196,0.773,1.414,3
1.414,1.924,0.856,0.715,1.565,1.113,0.349,0.159,0.196,0.773,1.414,1.924,0.856,0.715,1.565,1.113,0.349,0.159,0.196,0.773,1.414,3
1.414,1.924,0.856,0.715,1.565,1.113,0.349,0.159,0.196,0.773,1.414,1.924,0.856,0.715,1.565,1.113,0.349,0.159,0.196,0.773,1.414,3
0.732,1.022,0.407,0.378,0.841,1.143,0.997,0.141,0.857,0.33,0.732,1.022,0.407,0.378,0.841,1.143,0.997,0.141,0.857,0.33,1.414,3
0.732,1.022,0.407,0.378,0.841,1.143,0.997,0.141,0.857,0.33,0.732,1.022,0.407,0.378,0.841,1.143,0.997,0.141,0.857,0.33,1.414,3
0.732,1.022,0.407,0.378,0.841,1.143,0.997,0.141,0.857,0.33,0.732,1.022,0.407,0.378,0.841,1.143,0.997,0.141,0.857,0.33,1.414,3
0.732,1.022,0.407,0.378,0.841,1.143,0.997,0.141,0.857,0.33,0.732,1.022,0.407,0.378,0.841,1.143,0.997,0.141,0.857,0.33,1.414,3
0.732,1.022,0.407,0.378,0.841,1.143,0.997,0.141,0.857,0.33,0.732,1.022,0.407,0.378,0.841,1.143,0.997,0.141,0.857,0.33,1.414,3
0.732,1.022,0.407,0.378,0.841,1.143,0.997,0.141,0.857,0.33,0.732,1.022,0.407,0.378,0.841,1.143,0.997,0.141,0.857,0.33,1.414,3
0.732,1.022,0.407,0.378,0.841,1.143,0.997,0.141,0.857,0.33,0.732,1.022,0.407,0.378,0.841,1.143,0.997,0.141,0.857,0.33,1.414,3
0.732,1.022,0.407,0.378,0.841,1.143,0.997,0.141,0.857,0.33,0.732,1.022,0.407,0.378,0.841,1.143,0.997,0.141,0.857,0.33,1.414,3
1.057,1.425,0.6,0.539,1.17,1.116,0.631,0.138,0.493,0.509,1.057,1.425,0.6,0.539,1.17,1.116,0.631,0.138,0.493,0.509,1,3
1.057,1.425,0.6,0.539,1.17,1.116,0.631,0.138,0.493,0.509,1.057,1.425,0.6,0.539,1.17,1.116,0.631,0.138,0.493,0.509,1,3
0.802,1.095,0.472,0.422,0.888,1.137,0.933,0.17,0.763,0.287,0.802,1.095,0.472,0.422,0.888,1.137,0.933,0.17,0.763,0.287,1.414,3
0.802,1.095,0.472,0.422,0.888,1.137,0.933,0.17,0.763,0.287,0.802,1.095,0.472,0.422,0.888,1.137,0.933,0.17,0.763,0.287,1.414,3
0.802,1.095,0.472,0.422,0.888,1.137,0.933,0.17,0.763,0.287,0.802,1.095,0.472,0.422,0.888,1.137,0.933,0.17,0.763,0.287,1.414,3
0.802,1.095,0.472,0.422,0.888,1.137,0.933,0.17,0.763,0.287,0.802,1.095,0.472,0.422,0.888,1.137,0.933,0.17,0.763,0.287,1.414,3
0.802,1.095,0.472,0.422,0.888,1.137,0.933,0.17,0.763,0.287,0.802,1.095,0.472,0.422,0.888,1.137,0.933,0.17,0.763,0.287,1.414,3
0.881,1.105,0.494,0.437,0.951,0.986,0.819,0.15,0.669,0.197,0.881,1.105,0.494,0.437,0.951,0.986,0.819,0.15,0.669,0.197,13.342,3
0.881,1.105,0.494,0.437,0.951,0.986,0.819,0.15,0.669,0.197,0.881,1.105,0.494,0.437,0.951,0.986,0.819,0.15,0.669,0.197,13.342,3
0.929,1.083,0.534,0.482,1.034,0.871,0.724,0.148,0.577,0.185,0.929,1.083,0.534,0.482,1.034,0.871,0.724,0.148,0.577,0.185,3.162,3
0.82,1.135,0.883,0.728,0.724,0.76,0.5,0.295,0.206,0.266,0.82,1.135,0.883,0.728,0.724,0.76,0.5,0.295,0.206,0.266,11.662,4
1.151,1.948,0.948,0.835,0.777,1.881,0.564,0.306,0.274,1.342,1.151,1.948,0.948,0.835,0.777,1.881,0.564,0.306,0.274,1.342,27.019,4
1.151,1.948,0.948,0.835,0.777,1.881,0.564,0.306,0.274,1.342,1.151,1.948,0.948,0.835,0.777,1.881,0.564,0.306,0.274,1.342,27.019,4
1.291,1.98,0.959,0.845,0.959,1.571,0.471,0.264,0.223,1.123,1.291,1.98,0.959,0.845,0.959,1.571,0.471,0.264,0.223,1.123,17.117,4
1.291,1.98,0.959,0.845,0.959,1.571,0.471,0.264,0.223,1.123,1.291,1.98,0.959,0.845,0.959,1.571,0.471,0.264,0.223,1.123,17.117,4
1.291,1.98,0.959,0.845,0.959,1.571,0.471,0.264,0.223,1.123,1.291,1.98,0.959,0.845,0.959,1.571,0.471,0.264,0.223,1.123,17.117,4
1.291,1.98,0.959,0.845,0.959,1.571,0.471,0.264,0.223,1.123,1.291,1.98,0.959,0.845,0.959,1.571,0.471,0.264,0.223,1.123,17.117,4
1.23,1.744,0.883,0.761,0.941,1.372,0.462,0.232,0.233,0.911,1.23,1.744,0.883,0.761,0.941,1.372,0.462,0.232,0.233,0.911,13,4
1.23,1.744,0.883,0.761,0.941,1.372,0.462,0.232,0.233,0.911,1.23,1.744,0.883,0.761,0.941,1.372,0.462,0.232,0.233,0.911,13,4
1.23,1.744,0.883,0.761,0.941,1.372,0.462,0.232,0.233,0.911,1.23,1.744,0.883,0.761,0.941,1.372,0.462,0.232,0.233,0.911,13,4
1.23,1.744,0.883,0.761,0.941,1.372,0.462,0.232,0.233,0.911,1.23,1.744,0.883,0.761,0.941,1.372,0.462,0.232,0.233,0.911,13,4
0.905,1.029,0.855,0.643,0.732,0.666,0.577,0.361,0.217,0.127,0.905,1.029,0.855,0.643,0.732,0.666,0.577,0.361,0.217,0.127,13.892,4
0.905,1.029,0.855,0.643,0.732,0.666,0.577,0.361,0.217,0.127,0.905,1.029,0.855,0.643,0.732,0.666,0.577,0.361,0.217,0.127,13.892,4
1.36,2.044,0.959,0.854,1.056,1.532,0.478,0.278,0.212,1.082,1.36,2.044,0.959,0.854,1.056,1.532,0.478,0.278,0.212,1.082,17.088,4
1.36,2.044,0.959,0.854,1.056,1.532,0.478,0.278,0.212,1.082,1.36,2.044,0.959,0.854,1.056,1.532,0.478,0.278,0.212,1.082,17.088,4
1.396,2.039,0.963,0.846,1.095,1.421,0.402,0.228,0.188,1.04,1.396,2.039,0.963,0.846,1.095,1.421,0.402,0.228,0.188,1.04,10.77,4
1.396,2.039,0.963,0.846,1.095,1.421,0.402,0.228,0.188,1.04,1.396,2.039,0.963,0.846,1.095,1.421,0.402,0.228,0.188,1.04,10.77,4
1.171,1.786,0.963,0.839,0.738,1.847,0.613,0.368,0.266,1.245,1.171,1.786,0.963,0.839,0.738,1.847,0.613,0.368,0.266,1.245,26.249,4
1.171,1.786,0.963,0.839,0.738,1.847,0.613,0.368,0.266,1.245,1.171,1.786,0.963,0.839,0.738,1.847,0.613,0.368,0.266,1.245,26.249,4
1.314,1.941,0.95,0.842,0.988,1.487,0.445,0.254,0.201,1.06,1.314,1.941,0.95,0.842,0.988,1.487,0.445,0.254,0.201,1.06,17,4
1.314,1.941,0.95,0.842,0.988,1.487,0.445,0.254,0.201,1.06,1.314,1.941,0.95,0.842,0.988,1.487,0.445,0.254,0.201,1.06,17,4
1.314,1.941,0.95,0.842,0.988,1.487,0.445,0.254,0.201,1.06,1.314,1.941,0.95,0.842,0.988,1.487,0.445,0.254,0.201,1.06,17,4
1.371,2.044,0.963,0.874,1.13,1.4,0.424,0.225,0.21,1.008,1.371,2.044,0.963,0.874,1.13,1.4,0.424,0.225,0.21,1.008,7.071,4
1.371,2.044,0.963,0.874,1.13,1.4,0.424,0.225,0.21,1.008,1.371,2.044,0.963,0.874,1.13,1.4,0.424,0.225,0.21,1.008,7.071,4
0.564,0.973,0.881,0.709,0.433,0.989,0.89,0.509,0.388,0.255,0.564,0.973,0.881,0.709,0.433,0.989,0.89,0.509,0.388,0.255,26.907,4
0.826,1.002,0.843,0.681,0.675,0.708,0.607,0.322,0.285,0.177,0.826,1.002,0.843,0.681,0.675,0.708,0.607,0.322,0.285,0.177,14.318,4
0.775,0.993,0.874,0.698,0.704,0.637,0.565,0.328,0.239,0.137,0.775,0.993,0.874,0.698,0.704,0.637,0.565,0.328,0.239,0.137,4.472,4
0.748,0.982,0.852,0.708,0.729,0.622,0.551,0.312,0.241,0.146,0.748,0.982,0.852,0.708,0.729,0.622,0.551,0.312,0.241,0.146,6.403,4
0.776,1.024,0.868,0.71,0.763,0.645,0.538,0.297,0.242,0.139,0.776,1.024,0.868,0.71,0.763,0.645,0.538,0.297,0.242,0.139,7.211,4
0.728,0.984,0.889,0.745,0.758,0.597,0.521,0.289,0.235,0.135,0.728,0.984,0.889,0.745,0.758,0.597,0.521,0.289,0.235,0.135,6.325,4
0.819,1.015,0.868,0.708,0.768,0.613,0.519,0.299,0.22,0.133,0.819,1.015,0.868,0.708,0.768,0.613,0.519,0.299,0.22,0.133,5.831,4
0.781,1.04,0.872,0.706,0.712,0.679,0.555,0.309,0.249,0.148,0.781,1.04,0.872,0.706,0.712,0.679,0.555,0.309,0.249,0.148,6.325,4
0.837,1.02,0.851,0.666,0.705,0.649,0.56,0.315,0.246,0.138,0.837,1.02,0.851,0.666,0.705,0.649,0.56,0.315,0.246,0.138,4.472,4
0.747,0.976,0.84,0.7,0.717,0.633,0.555,0.278,0.278,0.176,0.747,0.976,0.84,0.7,0.717,0.633,0.555,0.278,0.278,0.176,7.071,4
0.801,0.996,0.868,0.723,0.742,0.606,0.512,0.274,0.239,0.159,0.801,0.996,0.868,0.723,0.742,0.606,0.512,0.274,0.239,0.159,8.485,4
0.801,0.996,0.868,0.723,0.742,0.606,0.512,0.274,0.239,0.159,0.801,0.996,0.868,0.723,0.742,0.606,0.512,0.274,0.239,0.159,8.485,4
0.737,1.017,0.886,0.745,0.639,0.692,0.574,0.312,0.265,0.155,0.737,1.017,0.886,0.745,0.639,0.692,0.574,0.312,0.265,0.155,4.123,4
0.68,1.042,0.894,0.739,0.637,0.874,0.642,0.36,0.29,0.281,0.68,1.042,0.894,0.739,0.637,0.874,0.642,0.36,0.29,0.281,5.831,4
1.539,2.167,0.92,0.885,1.364,1.243,0.362,0.189,0.173,0.917,1.539,2.167,0.92,0.885,1.364,1.243,0.362,0.189,0.173,0.917,6.325,4
1.539,2.167,0.92,0.885,1.364,1.243,0.362,0.189,0.173,0.917,1.539,2.167,0.92,0.885,1.364,1.243,0.362,0.189,0.173,0.917,6.325,4
0.793,1.022,0.868,0.739,0.663,0.663,0.54,0.279,0.261,0.162,0.793,1.022,0.868,0.739,0.663,0.663,0.54,0.279,0.261,0.162,8.062,4
0.792,1.04,0.855,0.72,0.739,0.625,0.503,0.259,0.244,0.146,0.792,1.04,0.855,0.72,0.739,0.625,0.503,0.259,0.244,0.146,5.099,4
0.746,0.975,0.861,0.745,0.757,0.593,0.523,0.255,0.268,0.14,0.746,0.975,0.861,0.745,0.757,0.593,0.523,0.255,0.268,0.14,8.544,4
0.743,0.998,0.849,0.722,0.809,0.606,0.525,0.27,0.255,0.125,0.743,0.998,0.849,0.722,0.809,0.606,0.525,0.27,0.255,0.125,6.708,4
0.711,0.992,0.882,0.76,0.801,0.608,0.524,0.3,0.224,0.126,0.711,0.992,0.882,0.76,0.801,0.608,0.524,0.3,0.224,0.126,9.434,4
0.739,1.006,0.883,0.755,0.832,0.609,0.523,0.306,0.218,0.113,0.739,1.006,0.883,0.755,0.832,0.609,0.523,0.306,0.218,0.113,6.325,4
0.792,0.985,0.857,0.703,0.794,0.624,0.543,0.308,0.235,0.151,0.792,0.985,0.857,0.703,0.794,0.624,0.543,0.308,0.235,0.151,5.385,4
0.756,0.99,0.855,0.709,0.723,0.647,0.56,0.291,0.27,0.158,0.756,0.99,0.855,0.709,0.723,0.647,0.56,0.291,0.27,0.158,4.123,4
0.736,0.977,0.855,0.711,0.782,0.588,0.537,0.297,0.239,0.119,0.736,0.977,0.855,0.711,0.782,0.588,0.537,0.297,0.239,0.119,4.123,4
0.736,0.977,0.855,0.711,0.782,0.588,0.537,0.297,0.239,0.119,0.736,0.977,0.855,0.711,0.782,0.588,0.537,0.297,0.239,0.119,4.123,4
0.736,0.977,0.855,0.711,0.782,0.588,0.537,0.297,0.239,0.119,0.736,0.977,0.855,0.711,0.782,0.588,0.537,0.297,0.239,0.119,4.123,4
1.152,1.919,0.985,0.852,0.716,1.992,0.599,0.35,0.287,1.423,1.152,1.919,0.985,0.852,0.716,1.992,0.599,0.35,0.287,1.423,30.806,5
1.152,1.919,0.985,0.852,0.716,1.992,0.599,0.35,0.287,1.423,1.152,1.919,0.985,0.852,0.716,1.992,0.599,0.35,0.287,1.423,30.806,5
1.152,1.919,0.985,0.852,0.716,1.992,0.599,0.35,0.287,1.423,1.152,1.919,0.985,0.852,0.716,1.992,0.599,0.35,0.287,1.423,30.806,5
1.055,1.919,0.954,0.836,0.803,1.835,0.605,0.349,0.272,1.26,1.055,1.919,0.954,0.836,0.803,1.835,0.605,0.349,0.272,1.26,25.962,5
1.055,1.919,0.954,0.836,0.803,1.835,0.605,0.349,0.272,1.26,1.055,1.919,0.954,0.836,0.803,1.835,0.605,0.349,0.272,1.26,25.962,5
1.152,2.156,0.976,0.864,0.861,1.887,0.529,0.284,0.27,1.417,1.152,2.156,0.976,0.864,0.861,1.887,0.529,0.284,0.27,1.417,32.573,5
1.152,2.156,0.976,0.864,0.861,1.887,0.529,0.284,0.27,1.417,1.152,2.156,0.976,0.864,0.861,1.887,0.529,0.284,0.27,1.417,32.573,5
1.152,2.156,0.976,0.864,0.861,1.887,0.529,0.284,0.27,1.417,1.152,2.156,0.976,0.864,0.861,1.887,0.529,0.284,0.27,1.417,32.573,5
1.152,2.156,0.976,0.864,0.861,1.887,0.529,0.284,0.27,1.417,1.152,2.156,0.976,0.864,0.861,1.887,0.529,0.284,0.27,1.417,32.573,5
1.152,2.156,0.976,0.864,0.861,1.887,0.529,0.284,0.27,1.417,1.152,2.156,0.976,0.864,0.861,1.887,0.529,0.284,0.27,1.417,32.573,5
1.152,2.156,0.976,0.864,0.861,1.887,0.529,0.284,0.27,1.417,1.152,2.156,0.976,0.864,0.861,1.887,0.529,0.284,0.27,1.417,32.573,5
1.152,2.156,0.976,0.864,0.861,1.887,0.529,0.284,0.27,1.417,1.152,2.156,0.976,0.864,0.861,1.887,0.529,0.284,0.27,1.417,32.573,5
1.368,2.028,0.962,0.886,1.156,1.33,0.398,0.216,0.189,0.967,1.368,2.028,0.962,0.886,1.156,1.33,0.398,0.216,0.189,0.967,16.125,5
1.368,2.028,0.962,0.886,1.156,1.33,0.398,0.216,0.189,0.967,1.368,2.028,0.962,0.886,1.156,1.33,0.398,0.216,0.189,0.967,16.125,5
1.494,2.132,0.998,0.907,1.249,1.267,0.366,0.204,0.178,0.957,1.494,2.132,0.998,0.907,1.249,1.267,0.366,0.204,0.178,0.957,9.22,5
1.494,2.132,0.998,0.907,1.249,1.267,0.366,0.204,0.178,0.957,1.494,2.132,0.998,0.907,1.249,1.267,0.366,0.204,0.178,0.957,9.22,5
1.494,2.132,0.998,0.907,1.249,1.267,0.366,0.204,0.178,0.957,1.494,2.132,0.998,0.907,1.249,1.267,0.366,0.204,0.178,0.957,9.22,5
1.494,2.132,0.998,0.907,1.249,1.267,0.366,0.204,0.178,0.957,1.494,2.132,0.998,0.907,1.249,1.267,0.366,0.204,0.178,0.957,9.22,5
1.494,2.132,0.998,0.907,1.249,1.267,0.366,0.204,0.178,0.957,1.494,2.132,0.998,0.907,1.249,1.267,0.366,0.204,0.178,0.957,9.22,5
1.494,2.132,0.998,0.907,1.249,1.267,0.366,0.204,0.178,0.957,1.494,2.132,0.998,0.907,1.249,1.267,0.366,0.204,0.178,0.957,9.22,5
1.24,2.058,0.992,0.909,0.967,1.535,0.459,0.251,0.225,1.151,1.24,2.058,0.992,0.909,0.967,1.535,0.459,0.251,0.225,1.151,25,5
1.24,2.058,0.992,0.909,0.967,1.535,0.459,0.251,0.225,1.151,1.24,2.058,0.992,0.909,0.967,1.535,0.459,0.251,0.225,1.151,25,5
1.24,2.058,0.992,0.909,0.967,1.535,0.459,0.251,0.225,1.151,1.24,2.058,0.992,0.909,0.967,1.535,0.459,0.251,0.225,1.151,25,5
1.269,2.026,0.968,0.821,1.002,1.541,0.473,0.283,0.215,1.097,1.269,2.026,0.968,0.821,1.002,1.541,0.473,0.283,0.215,1.097,22.204,5
1.269,2.026,0.968,0.821,1.002,1.541,0.473,0.283,0.215,1.097,1.269,2.026,0.968,0.821,1.002,1.541,0.473,0.283,0.215,1.097,22.204,5
0.969,1.719,0.972,0.822,0.573,2.294,0.84,0.518,0.366,1.467,0.969,1.719,0.972,0.822,0.573,2.294,0.84,0.518,0.366,1.467,48.662,5
0.969,1.719,0.972,0.822,0.573,2.294,0.84,0.518,0.366,1.467,0.969,1.719,0.972,0.822,0.573,2.294,0.84,0.518,0.366,1.467,48.662,5
1.093,1.932,0.958,0.838,0.662,2.146,0.647,0.353,0.319,1.535,1.093,1.932,0.958,0.838,0.662,2.146,0.647,0.353,0.319,1.535,43.417,5
1.093,1.932,0.958,0.838,0.662,2.146,0.647,0.353,0.319,1.535,1.093,1.932,0.958,0.838,0.662,2.146,0.647,0.353,0.319,1.535,43.417,5
1.003,1.907,0.967,0.828,0.624,2.237,0.673,0.4,0.306,1.594,1.003,1.907,0.967,0.828,0.624,2.237,0.673,0.4,0.306,1.594,41.761,5
1.003,1.907,0.967,0.828,0.624,2.237,0.673,0.4,0.306,1.594,1.003,1.907,0.967,0.828,0.624,2.237,0.673,0.4,0.306,1.594,41.761,5
1.003,1.907,0.967,0.828,0.624,2.237,0.673,0.4,0.306,1.594,1.003,1.907,0.967,0.828,0.624,2.237,0.673,0.4,0.306,1.594,41.761,5
1.003,1.907,0.967,0.828,0.624,2.237,0.673,0.4,0.306,1.594,1.003,1.907,0.967,0.828,0.624,2.237,0.673,0.4,0.306,1.594,41.761,5
1.015,1.935,0.964,0.843,0.61,2.333,0.72,0.393,0.36,1.659,1.015,1.935,0.964,0.843,0.61,2.333,0.72,0.393,0.36,1.659,43.932,5
1.015,1.935,0.964,0.843,0.61,2.333,0.72,0.393,0.36,1.659,1.015,1.935,0.964,0.843,0.61,2.333,0.72,0.393,0.36,1.659,43.932,5
1.151,1.972,0.977,0.864,0.871,1.661,0.537,0.297,0.264,1.182,1.151,1.972,0.977,0.864,0.871,1.661,0.537,0.297,0.264,1.182,29.12,5
1.151,1.972,0.977,0.864,0.871,1.661,0.537,0.297,0.264,1.182,1.151,1.972,0.977,0.864,0.871,1.661,0.537,0.297,0.264,1.182,29.12,5
1.089,2.004,0.984,0.862,0.784,1.845,0.522,0.307,0.244,1.371,1.089,2.004,0.984,0.862,0.784,1.845,0.522,0.307,0.244,1.371,26.926,5
1.089,2.004,0.984,0.862,0.784,1.845,0.522,0.307,0.244,1.371,1.089,2.004,0.984,0.862,0.784,1.845,0.522,0.307,0.244,1.371,26.926,5
1.089,2.004,0.984,0.862,0.784,1.845,0.522,0.307,0.244,1.371,1.089,2.004,0.984,0.862,0.784,1.845,0.522,0.307,0.244,1.371,26.926,5
1.089,2.004,0.984,0.862,0.784,1.845,0.522,0.307,0.244,1.371,1.089,2.004,0.984,0.862,0.784,1.845,0.522,0.307,0.244,1.371,26.926,5
1.089,2.004,0.984,0.862,0.784,1.845,0.522,0.307,0.244,1.371,1.089,2.004,0.984,0.862,0.784,1.845,0.522,0.307,0.244,1.371,26.926,5
1.089,2.004,0.984,0.862,0.784,1.845,0.522,0.307,0.244,1.371,1.089,2.004,0.984,0.862,0.784,1.845,0.522,0.307,0.244,1.371,26.926,5
1.13,2.074,0.984,0.855,0.859,1.838,0.555,0.318,0.268,1.333,1.13,2.074,0.984,0.855,0.859,1.838,0.555,0.318,0.268,1.333,36.401,5
1.13,2.074,0.984,0.855,0.859,1.838,0.555,0.318,0.268,1.333,1.13,2.074,0.984,0.855,0.859,1.838,0.555,0.318,0.268,1.333,36.401,5
1.13,2.074,0.984,0.855,0.859,1.838,0.555,0.318,0.268,1.333,1.13,2.074,0.984,0.855,0.859,1.838,0.555,0.318,0.268,1.333,36.401,5
0.923,1.759,0.974,0.868,0.639,2.023,0.705,0.391,0.342,1.351,0.923,1.759,0.974,0.868,0.639,2.023,0.705,0.391,0.342,1.351,46.819,5
0.923,1.759,0.974,0.868,0.639,2.023,0.705,0.391,0.342,1.351,0.923,1.759,0.974,0.868,0.639,2.023,0.705,0.391,0.342,1.351,46.819,5
1.106,2.036,0.966,0.876,0.795,1.839,0.55,0.302,0.263,1.366,1.106,2.036,0.966,0.876,0.795,1.839,0.55,0.302,0.263,1.366,33.526,5
1.106,2.036,0.966,0.876,0.795,1.839,0.55,0.302,0.263,1.366,1.106,2.036,0.966,0.876,0.795,1.839,0.55,0.302,0.263,1.366,33.526,5
1.106,2.036,0.966,0.876,0.795,1.839,0.55,0.302,0.263,1.366,1.106,2.036,0.966,0.876,0.795,1.839,0.55,0.302,0.263,1.366,33.526,5
1.12,1.995,0.949,0.905,0.464,3.133,0.808,0.407,0.403,2.391,1.12,1.995,0.949,0.905,0.464,3.133,0.808,0.407,0.403,2.391,38.288,6
1.126,1.997,0.966,0.905,0.464,3.09,0.777,0.413,0.373,2.381,1.126,1.997,0.966,0.905,0.464,3.09,0.777,0.413,0.373,2.381,10,6
1.124,1.985,0.954,0.895,0.508,2.875,0.744,0.407,0.341,2.18,1.124,1.985,0.954,0.895,0.508,2.875,0.744,0.407,0.341,2.18,41.773,6
1.168,2.011,0.948,0.902,0.497,2.959,0.763,0.385,0.38,2.258,1.168,2.011,0.948,0.902,0.497,2.959,0.763,0.385,0.38,2.258,41.773,6
1.12,1.997,0.963,0.919,0.474,3.066,0.819,0.429,0.395,2.33,1.12,1.997,0.963,0.919,0.474,3.066,0.819,0.429,0.395,2.33,43.417,6
1.104,1.964,0.952,0.895,0.438,3.213,0.804,0.395,0.415,2.464,1.104,1.964,0.952,0.895,0.438,3.213,0.804,0.395,0.415,2.464,20.591,6
1.069,1.884,0.934,0.881,0.476,2.859,0.742,0.401,0.341,2.144,1.069,1.884,0.934,0.881,0.476,2.859,0.742,0.401,0.341,2.144,44.598,6
1.102,1.919,0.946,0.879,0.479,2.903,0.747,0.411,0.34,2.187,1.102,1.919,0.946,0.879,0.479,2.903,0.747,0.411,0.34,2.187,47.424,6
1.076,1.876,0.937,0.854,0.46,2.931,0.753,0.431,0.324,2.194,1.076,1.876,0.937,0.854,0.46,2.931,0.753,0.431,0.324,2.194,24.759,6
1.135,1.952,0.941,0.881,0.478,2.986,0.77,0.419,0.352,2.254,1.135,1.952,0.941,0.881,0.478,2.986,0.77,0.419,0.352,2.254,37.643,6
1.164,1.991,0.95,0.875,0.506,2.895,0.684,0.406,0.28,2.235,1.164,1.991,0.95,0.875,0.506,2.895,0.684,0.406,0.28,2.235,47.011,6
1.151,1.937,0.94,0.879,0.487,2.877,0.742,0.404,0.34,2.172,1.151,1.937,0.94,0.879,0.487,2.877,0.742,0.404,0.34,2.172,15.811,6
1.133,1.942,0.939,0.863,0.502,2.817,0.734,0.404,0.334,2.112,1.133,1.942,0.939,0.863,0.502,2.817,0.734,0.404,0.334,2.112,48.166,6
1.093,1.92,0.945,0.876,0.446,3.148,0.783,0.418,0.37,2.389,1.093,1.92,0.945,0.876,0.446,3.148,0.783,0.418,0.37,2.389,40.608,6
1.1,1.907,0.951,0.879,0.507,2.745,0.74,0.395,0.353,2.039,1.1,1.907,0.951,0.879,0.507,2.745,0.74,0.395,0.353,2.039,45.255,6
1.069,1.904,0.928,0.868,0.434,3.13,0.796,0.417,0.38,2.363,1.069,1.904,0.928,0.868,0.434,3.13,0.796,0.417,0.38,2.363,44.822,6
1.111,1.967,0.95,0.879,0.475,3.044,0.785,0.406,0.388,2.297,1.111,1.967,0.95,0.879,0.475,3.044,0.785,0.406,0.388,2.297,41.11,6
1.118,1.984,0.949,0.89,0.491,2.957,0.765,0.39,0.38,2.241,1.118,1.984,0.949,0.89,0.491,2.957,0.765,0.39,0.38,2.241,36.878,6
1.133,1.991,0.95,0.873,0.492,2.948,0.748,0.402,0.355,2.24,1.133,1.991,0.95,0.873,0.492,2.948,0.748,0.402,0.355,2.24,44.598,6
1.114,2.011,0.938,0.878,0.49,3.056,0.785,0.427,0.359,2.312,1.114,2.011,0.938,0.878,0.49,3.056,0.785,0.427,0.359,2.312,21.633,6
1.107,2.021,0.95,0.902,0.477,3.087,0.766,0.402,0.366,2.382,1.107,2.021,0.95,0.902,0.477,3.087,0.766,0.402,0.366,2.382,45.453,6
1.141,1.967,0.956,0.893,0.489,2.895,0.701,0.387,0.319,2.234,1.141,1.967,0.956,0.893,0.489,2.895,0.701,0.387,0.319,2.234,47.424,6
1.058,1.908,0.949,0.888,0.456,3.006,0.814,0.429,0.389,2.241,1.058,1.908,0.949,0.888,0.456,3.006,0.814,0.429,0.389,2.241,46.69,6
1.108,1.952,0.954,0.895,0.475,2.966,0.742,0.393,0.353,2.268,1.108,1.952,0.954,0.895,0.475,2.966,0.742,0.393,0.353,2.268,36.77,6
1.122,1.967,0.951,0.888,0.496,2.89,0.744,0.407,0.341,2.19,1.122,1.967,0.951,0.888,0.496,2.89,0.744,0.407,0.341,2.19,45.343,6
1.08,1.911,0.945,0.876,0.442,3.149,0.79,0.421,0.373,2.384,1.08,1.911,0.945,0.876,0.442,3.149,0.79,0.421,0.373,2.384,46.098,6
1.098,1.952,0.936,0.877,0.453,3.161,0.838,0.44,0.4,2.365,1.098,1.952,0.936,0.877,0.453,3.161,0.838,0.44,0.4,2.365,39.205,6
1.067,1.879,0.925,0.871,0.465,2.916,0.685,0.356,0.328,2.242,1.067,1.879,0.925,0.871,0.465,2.916,0.685,0.356,0.328,2.242,51.088,6
1.087,1.966,0.956,0.883,0.479,2.978,0.729,0.392,0.346,2.283,1.087,1.966,0.956,0.883,0.479,2.978,0.729,0.392,0.346,2.283,46.098,6
1.09,1.93,0.934,0.867,0.474,2.998,0.746,0.394,0.353,2.271,1.09,1.93,0.934,0.867,0.474,2.998,0.746,0.394,0.353,2.271,45.607,6
1.088,1.921,0.943,0.886,0.427,3.245,0.808,0.426,0.384,2.472,1.088,1.921,0.943,0.886,0.427,3.245,0.808,0.426,0.384,2.472,44.407,6
1.081,1.912,0.954,0.872,0.453,3.07,0.796,0.419,0.391,2.302,1.081,1.912,0.954,0.872,0.453,3.07,0.796,0.419,0.391,2.302,46.69,6
1.092,1.921,0.93,0.872,0.466,2.983,0.745,0.39,0.356,2.263,1.092,1.921,0.93,0.872,0.466,2.983,0.745,0.39,0.356,2.263,42.45,6
1.1,1.928,0.937,0.852,0.5,2.802,0.733,0.383,0.358,2.092,1.1,1.928,0.937,0.852,0.5,2.802,0.733,0.383,0.358,2.092,46.69,6
1.118,1.937,0.942,0.87,0.48,2.919,0.733,0.391,0.346,2.214,1.118,1.937,0.942,0.87,0.48,2.919,0.733,0.391,0.346,2.214,43.863,6
1.113,1.88,0.949,0.879,0.436,3.07,0.767,0.438,0.332,2.329,1.113,1.88,0.949,0.879,0.436,3.07,0.767,0.438,0.332,2.329,49.041,6
1.156,1.957,0.944,0.901,0.487,2.906,0.717,0.375,0.343,2.232,1.156,1.957,0.944,0.901,0.487,2.906,0.717,0.375,0.343,2.232,10,6
1.091,1.954,0.95,0.873,0.434,3.198,0.808,0.434,0.383,2.437,1.091,1.954,0.95,0.873,0.434,3.198,0.808,0.434,0.383,2.437,44.407,6
1.124,1.946,0.933,0.874,0.482,2.919,0.705,0.384,0.321,2.239,1.124,1.946,0.933,0.874,0.482,2.919,0.705,0.384,0.321,2.239,45.255,6
1.084,1.948,0.937,0.86,0.479,2.937,0.751,0.401,0.355,2.217,1.084,1.948,0.937,0.86,0.479,2.937,0.751,0.401,0.355,2.217,50.329,6
1.136,2.037,0.94,0.875,0.488,3.087,0.74,0.406,0.336,2.383,1.136,2.037,0.94,0.875,0.488,3.087,0.74,0.406,0.336,2.383,36.878,6
1.107,1.973,0.95,0.871,0.465,3.105,0.808,0.447,0.368,2.338,1.107,1.973,0.95,0.871,0.465,3.105,0.808,0.447,0.368,2.338,43.278,6
1.155,1.957,0.937,0.86,0.505,2.833,0.739,0.406,0.336,2.125,1.155,1.957,0.937,0.86,0.505,2.833,0.739,0.406,0.336,2.125,36.878,6
1.095,1.927,0.94,0.893,0.453,3.069,0.793,0.429,0.365,2.32,1.095,1.927,0.94,0.893,0.453,3.069,0.793,0.429,0.365,2.32,39.825,6
1.079,1.928,0.937,0.879,0.43,3.258,0.871,0.457,0.416,2.432,1.079,1.928,0.937,0.879,0.43,3.258,0.871,0.457,0.416,2.432,48.01,6
1.092,1.957,0.934,0.874,0.469,3.07,0.821,0.431,0.392,2.291,1.092,1.957,0.934,0.874,0.469,3.07,0.821,0.431,0.392,2.291,44.407,6
1.097,1.918,0.94,0.893,0.417,3.274,0.829,0.433,0.397,2.492,1.097,1.918,0.94,0.893,0.417,3.274,0.829,0.433,0.397,2.492,7.616,6
1.068,1.893,0.93,0.872,0.436,3.118,0.796,0.417,0.38,2.348,1.068,1.893,0.93,0.872,0.436,3.118,0.796,0.417,0.38,2.348,40,6
1.079,1.9,0.947,0.875,0.421,3.185,0.783,0.434,0.353,2.432,1.079,1.9,0.947,0.875,0.421,3.185,0.783,0.434,0.353,2.432,43.417,6
1.063,1.872,0.914,0.831,0.441,3.073,0.751,0.423,0.327,2.325,1.063,1.872,0.914,0.831,0.441,3.073,0.751,0.423,0.327,2.325,14.422,6
1.101,1.896,0.924,0.869,0.459,2.989,0.731,0.394,0.337,2.274,1.101,1.896,0.924,0.869,0.459,2.989,0.731,0.394,0.337,2.274,42.202,6
1.229,1.855,0.652,0.592,0.779,1.628,0.605,0.181,0.459,1.301,1.229,1.855,0.652,0.592,0.779,1.628,0.605,0.181,0.459,1.301,45.277,7
1.62,2.497,0.75,0.743,1.076,1.631,0.362,0.147,0.254,1.517,1.62,2.497,0.75,0.743,1.076,1.631,0.362,0.147,0.254,1.517,47.424,7
1.308,2.08,0.659,0.597,0.848,1.757,0.559,0.167,0.418,1.488,1.308,2.08,0.659,0.597,0.848,1.757,0.559,0.167,0.418,1.488,46.669,7
1.617,2.532,0.803,0.774,1.069,1.647,0.368,0.161,0.223,1.566,1.617,2.532,0.803,0.774,1.069,1.647,0.368,0.161,0.223,1.566,47.381,7
1.582,2.364,0.81,0.786,0.947,1.689,0.332,0.114,0.235,1.616,1.582,2.364,0.81,0.786,0.947,1.689,0.332,0.114,0.235,1.616,48.836,7
1.427,2.184,0.716,0.723,0.902,1.624,0.478,0.191,0.345,1.522,1.427,2.184,0.716,0.723,0.902,1.624,0.478,0.191,0.345,1.522,48.836,7
1.309,1.973,0.653,0.641,0.804,1.672,0.56,0.172,0.45,1.487,1.309,1.973,0.653,0.641,0.804,1.672,0.56,0.172,0.45,1.487,47.424,7
1.185,1.723,0.585,0.569,0.741,1.569,0.684,0.174,0.577,1.309,1.185,1.723,0.585,0.569,0.741,1.569,0.684,0.174,0.577,1.309,49.204,7
1.326,2.002,0.624,0.622,0.789,1.783,0.537,0.118,0.486,1.533,1.326,2.002,0.624,0.622,0.789,1.783,0.537,0.118,0.486,1.533,47.802,7
1.434,2.213,0.706,0.657,0.873,1.806,0.469,0.158,0.347,1.611,1.434,2.213,0.706,0.657,0.873,1.806,0.469,0.158,0.347,1.611,47.424,7
1.466,2.335,0.768,0.755,0.87,1.83,0.442,0.196,0.293,1.758,1.466,2.335,0.768,0.755,0.87,1.83,0.442,0.196,0.293,1.758,49.518,7
1.647,2.501,0.768,0.753,1.043,1.689,0.34,0.119,0.249,1.588,1.647,2.501,0.768,0.753,1.043,1.689,0.34,0.119,0.249,1.588,49.041,7
1.612,2.366,0.754,0.727,1.005,1.649,0.382,0.133,0.273,1.558,1.612,2.366,0.754,0.727,1.005,1.649,0.382,0.133,0.273,1.558,48.6,7
1.495,2.187,0.723,0.673,0.939,1.63,0.448,0.129,0.331,1.492,1.495,2.187,0.723,0.673,0.939,1.63,0.448,0.129,0.331,1.492,50,7
1.713,2.458,0.794,0.767,1.099,1.547,0.347,0.143,0.222,1.485,1.713,2.458,0.794,0.767,1.099,1.547,0.347,0.143,0.222,1.485,46.4,7
1.707,2.469,0.794,0.791,1.057,1.605,0.301,0.088,0.233,1.54,1.707,2.469,0.794,0.791,1.057,1.605,0.301,0.088,0.233,1.54,50.804,7
1.648,2.39,0.795,0.754,1.005,1.654,0.322,0.1,0.232,1.55,1.648,2.39,0.795,0.754,1.005,1.654,0.322,0.1,0.232,1.55,48.01,7
1.157,1.622,0.54,0.496,0.733,1.554,0.739,0.14,0.636,1.181,1.157,1.622,0.54,0.496,0.733,1.554,0.739,0.14,0.636,1.181,48.374,7
1.608,2.272,0.75,0.724,1.032,1.509,0.402,0.144,0.28,1.426,1.608,2.272,0.75,0.724,1.032,1.509,0.402,0.144,0.28,1.426,49.93,7
1.385,2.11,0.747,0.681,0.805,1.805,0.48,0.146,0.343,1.625,1.385,2.11,0.747,0.681,0.805,1.805,0.48,0.146,0.343,1.625,46.755,7
1.477,2.068,0.689,0.632,0.948,1.531,0.472,0.142,0.35,1.359,1.477,2.068,0.689,0.632,0.948,1.531,0.472,0.142,0.35,1.359,49.092,7
1.528,2.279,0.753,0.721,0.968,1.615,0.438,0.174,0.29,1.516,1.528,2.279,0.753,0.721,0.968,1.615,0.438,0.174,0.29,1.516,46.861,7
1.637,2.365,0.731,0.799,0.99,1.599,0.356,0.163,0.295,1.575,1.637,2.365,0.731,0.799,0.99,1.599,0.356,0.163,0.295,1.575,47.202,7
1.404,2.02,0.712,0.656,0.822,1.698,0.484,0.11,0.38,1.513,1.404,2.02,0.712,0.656,0.822,1.698,0.484,0.11,0.38,1.513,46.4,7
1.544,2.23,0.753,0.728,0.987,1.529,0.418,0.156,0.287,1.438,1.544,2.23,0.753,0.728,0.987,1.529,0.418,0.156,0.287,1.438,47.202,7
1.431,2.026,0.717,0.684,0.851,1.602,0.461,0.125,0.359,1.451,1.431,2.026,0.717,0.684,0.851,1.602,0.461,0.125,0.359,1.451,45.804,7
1.586,2.257,0.728,0.731,1.012,1.516,0.415,0.167,0.296,1.441,1.586,2.257,0.728,0.731,1.012,1.516,0.415,0.167,0.296,1.441,45.804,7
1.69,2.448,0.782,0.779,1.062,1.585,0.319,0.132,0.226,1.512,1.69,2.448,0.782,0.779,1.062,1.585,0.319,0.132,0.226,1.512,47.634,7
1.615,2.301,0.782,0.761,1.015,1.526,0.381,0.14,0.26,1.463,1.615,2.301,0.782,0.761,1.015,1.526,0.381,0.14,0.26,1.463,44.407,7
1.493,2.193,0.684,0.822,0.832,1.675,0.423,0.236,0.408,1.703,1.493,2.193,0.684,0.822,0.832,1.675,0.423,0.236,0.408,1.703,44.045,7
1.445,2.094,0.696,0.677,0.886,1.617,0.486,0.13,0.384,1.497,1.445,2.094,0.696,0.677,0.886,1.617,0.486,0.13,0.384,1.497,44.204,7
1.47,2.219,0.744,0.728,0.856,1.769,0.428,0.124,0.333,1.664,1.47,2.219,0.744,0.728,0.856,1.769,0.428,0.124,0.333,1.664,45.277,7
1.649,2.37,0.762,0.814,1.014,1.544,0.383,0.168,0.278,1.546,1.649,2.37,0.762,0.814,1.014,1.544,0.383,0.168,0.278,1.546,46.228,7
1.518,2.281,0.782,0.723,0.922,1.712,0.397,0.114,0.286,1.594,1.518,2.281,0.782,0.723,0.922,1.712,0.397,0.114,0.286,1.594,48.27,7
1.561,2.236,0.749,0.737,0.911,1.696,0.371,0.1,0.3,1.615,1.561,2.236,0.749,0.737,0.911,1.696,0.371,0.1,0.3,1.615,46.615,7
1.412,2.224,0.716,0.678,0.873,1.784,0.484,0.152,0.357,1.631,1.412,2.224,0.716,0.678,0.873,1.784,0.484,0.152,0.357,1.631,46.69,7
1.498,2.145,0.71,0.701,0.926,1.576,0.453,0.149,0.344,1.483,1.498,2.145,0.71,0.701,0.926,1.576,0.453,0.149,0.344,1.483,46.615,7
1.657,2.451,0.769,0.824,1.028,1.59,0.377,0.205,0.249,1.592,1.657,2.451,0.769,0.824,1.028,1.59,0.377,0.205,0.249,1.592,45.343,7
1.378,2.054,0.695,0.675,0.817,1.71,0.521,0.18,0.394,1.576,1.378,2.054,0.695,0.675,0.817,1.71,0.521,0.18,0.394,1.576,44.822,7
1.537,2.185,0.726,0.719,0.966,1.529,0.428,0.148,0.318,1.446,1.537,2.185,0.726,0.719,0.966,1.529,0.428,0.148,0.318,1.446,46.4,7
1.268,1.872,0.634,0.58,0.777,1.681,0.615,0.162,0.485,1.409,1.268,1.872,0.634,0.58,0.777,1.681,0.615,0.162,0.485,1.409,45,7
1.645,2.337,0.752,0.73,1.032,1.576,0.377,0.127,0.273,1.508,1.645,2.337,0.752,0.73,1.032,1.576,0.377,0.127,0.273,1.508,46.615,7
1.581,2.358,0.758,0.753,0.96,1.691,0.372,0.144,0.273,1.607,1.581,2.358,0.758,0.753,0.96,1.691,0.372,0.144,0.273,1.607,46.098,7
1.55,2.287,0.77,0.749,0.926,1.687,0.39,0.138,0.28,1.619,1.55,2.287,0.77,0.749,0.926,1.687,0.39,0.138,0.28,1.619,46.228,7
1.474,2.233,0.738,0.724,0.881,1.736,0.439,0.164,0.32,1.641,1.474,2.233,0.738,0.724,0.881,1.736,0.439,0.164,0.32,1.641,46.69,7
1.594,2.407,0.765,0.811,0.929,1.744,0.355,0.138,0.289,1.725,1.594,2.407,0.765,0.811,0.929,1.744,0.355,0.138,0.289,1.725,45.343,7
1.201,1.757,0.61,0.571,0.729,1.647,0.672,0.167,0.549,1.38,1.201,1.757,0.61,0.571,0.729,1.647,0.672,0.167,0.549,1.38,44.822,7
1.612,2.415,0.782,0.768,1.014,1.637,0.37,0.172,0.236,1.577,1.612,2.415,0.782,0.768,1.014,1.637,0.37,0.172,0.236,1.577,47.508,7
1.597,2.27,0.764,0.769,0.964,1.577,0.351,0.12,0.273,1.502,1.597,2.27,0.764,0.769,0.964,1.577,0.351,0.12,0.273,1.502,46.4,7
1.521,2.162,0.733,0.711,1.002,1.451,0.486,0.204,0.31,1.383,1.521,2.162,0.733,0.711,1.002,1.451,0.486,0.204,0.31,1.383,44.822,7
1.682,2.404,0.798,0.802,1.083,1.483,0.362,0.147,0.239,1.455,1.682,2.404,0.798,0.802,1.083,1.483,0.362,0.147,0.239,1.455,46.228,7
1.885,2.617,0.76,1.07,0.944,1.654,0.19,0.331,0.277,1.782,1.885,2.617,0.76,1.07,0.944,1.654,0.19,0.331,0.277,1.782,3.162,8
1.775,2.479,0.825,0.945,0.949,1.621,0.228,0.163,0.211,1.634,1.775,2.479,0.825,0.945,0.949,1.621,0.228,0.163,0.211,1.634,7.071,8
1.783,2.547,0.786,0.823,1.061,1.628,0.259,0.089,0.227,1.532,1.783,2.547,0.786,0.823,1.061,1.628,0.259,0.089,0.227,1.532,8.062,8
1.798,2.516,0.825,0.797,1.174,1.468,0.295,0.112,0.192,1.33,1.798,2.516,0.825,0.797,1.174,1.468,0.295,0.112,0.192,1.33,10,8
1.721,2.446,0.794,0.856,1.019,1.561,0.275,0.104,0.244,1.484,1.721,2.446,0.794,0.856,1.019,1.561,0.275,0.104,0.244,1.484,8.062,8
1.74,2.513,0.797,0.884,0.981,1.663,0.244,0.119,0.239,1.614,1.74,2.513,0.797,0.884,0.981,1.663,0.244,0.119,0.239,1.614,6,8
1.804,2.545,0.804,0.847,1.091,1.557,0.266,0.086,0.226,1.48,1.804,2.545,0.804,0.847,1.091,1.557,0.266,0.086,0.226,1.48,5.099,8
1.787,2.545,0.812,0.831,1.072,1.6,0.255,0.074,0.212,1.506,1.787,2.545,0.812,0.831,1.072,1.6,0.255,0.074,0.212,1.506,5.099,8
1.714,2.404,0.783,0.982,0.848,1.692,0.21,0.247,0.28,1.746,1.714,2.404,0.783,0.982,0.848,1.692,0.21,0.247,0.28,1.746,6.083,8
1.845,2.542,0.832,0.939,1.037,1.548,0.235,0.133,0.207,1.56,1.845,2.542,0.832,0.939,1.037,1.548,0.235,0.133,0.207,1.56,5,8
1.787,2.497,0.789,0.842,1.108,1.495,0.296,0.125,0.228,1.411,1.787,2.497,0.789,0.842,1.108,1.495,0.296,0.125,0.228,1.411,8.062,8
1.842,2.567,0.799,0.897,1.055,1.586,0.235,0.109,0.239,1.559,1.842,2.567,0.799,0.897,1.055,1.586,0.235,0.109,0.239,1.559,9.055,8
1.808,2.517,0.817,0.932,1.004,1.585,0.245,0.133,0.236,1.6,1.808,2.517,0.817,0.932,1.004,1.585,0.245,0.133,0.236,1.6,8.062,8
1.856,2.573,0.784,0.863,1.18,1.451,0.285,0.134,0.221,1.385,1.856,2.573,0.784,0.863,1.18,1.451,0.285,0.134,0.221,1.385,8,8
1.786,2.476,0.823,0.865,1.069,1.507,0.245,0.085,0.207,1.431,1.786,2.476,0.823,0.865,1.069,1.507,0.245,0.085,0.207,1.431,8,8
1.875,2.644,0.772,0.922,1.063,1.626,0.217,0.151,0.252,1.621,1.875,2.644,0.772,0.922,1.063,1.626,0.217,0.151,0.252,1.621,6,8
1.798,2.497,0.822,0.856,1.087,1.509,0.257,0.098,0.201,1.432,1.798,2.497,0.822,0.856,1.087,1.509,0.257,0.098,0.201,1.432,3.606,8
1.878,2.585,0.777,1.133,0.917,1.595,0.296,0.395,0.283,1.82,1.878,2.585,0.777,1.133,0.917,1.595,0.296,0.395,0.283,1.82,5,8
1.698,2.382,0.798,0.867,0.944,1.611,0.242,0.089,0.253,1.54,1.698,2.382,0.798,0.867,0.944,1.611,0.242,0.089,0.253,1.54,6.083,8
1.711,2.372,0.79,0.82,0.977,1.598,0.262,0.046,0.26,1.492,1.711,2.372,0.79,0.82,0.977,1.598,0.262,0.046,0.26,1.492,5.657,8
1.773,2.499,0.799,0.859,1.063,1.544,0.28,0.1,0.241,1.48,1.773,2.499,0.799,0.859,1.063,1.544,0.28,0.1,0.241,1.48,5,8
1.684,2.365,0.803,0.82,0.983,1.573,0.278,0.074,0.239,1.455,1.684,2.365,0.803,0.82,0.983,1.573,0.278,0.074,0.239,1.455,5,8
1.755,2.445,0.779,0.81,1.023,1.607,0.259,0.046,0.257,1.496,1.755,2.445,0.779,0.81,1.023,1.607,0.259,0.046,0.257,1.496,8.062,8
1.734,2.421,0.765,0.792,1.045,1.56,0.303,0.097,0.254,1.443,1.734,2.421,0.765,0.792,1.045,1.56,0.303,0.097,0.254,1.443,5.831,8
1.852,2.58,0.762,0.912,1.018,1.653,0.218,0.154,0.272,1.652,1.852,2.58,0.762,0.912,1.018,1.653,0.218,0.154,0.272,1.652,3.162,8
1.857,2.505,0.792,0.87,1.116,1.467,0.236,0.114,0.212,1.412,1.857,2.505,0.792,0.87,1.116,1.467,0.236,0.114,0.212,1.412,5.099,8
1.809,2.501,0.788,0.801,1.136,1.496,0.275,0.084,0.22,1.381,1.809,2.501,0.788,0.801,1.136,1.496,0.275,0.084,0.22,1.381,5.385,8
1.756,2.453,0.815,0.857,1.041,1.533,0.233,0.087,0.205,1.437,1.756,2.453,0.815,0.857,1.041,1.533,0.233,0.087,0.205,1.437,7.071,8
1.715,2.387,0.83,0.902,0.963,1.545,0.214,0.088,0.219,1.495,1.715,2.387,0.83,0.902,0.963,1.545,0.214,0.088,0.219,1.495,5.099,8
1.816,2.524,0.826,0.887,1.024,1.605,0.233,0.095,0.209,1.572,1.816,2.524,0.826,0.887,1.024,1.605,0.233,0.095,0.209,1.572,6.083,8
1.864,2.618,0.781,0.875,1.128,1.546,0.261,0.145,0.217,1.51,1.864,2.618,0.781,0.875,1.128,1.546,0.261,0.145,0.217,1.51,9.487,8
1.804,2.545,0.792,0.911,1.058,1.545,0.272,0.168,0.226,1.527,1.804,2.545,0.792,0.911,1.058,1.545,0.272,0.168,0.226,1.527,6.083,8
1.821,2.55,0.783,0.922,1.03,1.581,0.237,0.152,0.25,1.569,1.821,2.55,0.783,0.922,1.03,1.581,0.237,0.152,0.25,1.569,10.05,8
1.784,2.497,0.817,0.894,1.057,1.517,0.267,0.131,0.211,1.479,1.784,2.497,0.817,0.894,1.057,1.517,0.267,0.131,0.211,1.479,5,8
1.79,2.513,0.783,0.853,1.054,1.579,0.255,0.094,0.244,1.51,1.79,2.513,0.783,0.853,1.054,1.579,0.255,0.094,0.244,1.51,6.403,8
1.818,2.545,0.771,0.874,1.08,1.549,0.246,0.137,0.233,1.496,1.818,2.545,0.771,0.874,1.08,1.549,0.246,0.137,0.233,1.496,6.325,8
1.887,2.622,0.772,1.164,0.874,1.694,0.283,0.449,0.306,1.946,1.887,2.622,0.772,1.164,0.874,1.694,0.283,0.449,0.306,1.946,5.385,8
1.804,2.494,0.764,0.859,1.128,1.452,0.353,0.153,0.273,1.413,1.804,2.494,0.764,0.859,1.128,1.452,0.353,0.153,0.273,1.413,6.083,8
1.912,2.718,0.814,1.044,1.065,1.572,0.213,0.226,0.213,1.656,1.912,2.718,0.814,1.044,1.065,1.572,0.213,0.226,0.213,1.656,7.071,8
1.818,2.545,0.812,0.929,1.019,1.59,0.218,0.132,0.223,1.584,1.818,2.545,0.812,0.929,1.019,1.59,0.218,0.132,0.223,1.584,3.606,8
1.844,2.558,0.798,1.049,0.988,1.53,0.275,0.27,0.252,1.65,1.844,2.558,0.798,1.049,0.988,1.53,0.275,0.27,0.252,1.65,9.487,8
1.87,2.622,0.793,0.93,1.109,1.527,0.252,0.151,0.231,1.534,1.87,2.622,0.793,0.93,1.109,1.527,0.252,0.151,0.231,1.534,2.236,8
1.769,2.423,0.797,0.876,0.976,1.602,0.224,0.089,0.249,1.558,1.769,2.423,0.797,0.876,0.976,1.602,0.224,0.089,0.249,1.558,6,8
1.782,2.53,0.822,0.869,1.085,1.531,0.293,0.134,0.206,1.486,1.782,2.53,0.822,0.869,1.085,1.531,0.293,0.134,0.206,1.486,3.162,8
1.765,2.504,0.777,0.865,1.035,1.585,0.259,0.116,0.251,1.528,1.765,2.504,0.777,0.865,1.035,1.585,0.259,0.116,0.251,1.528,7.28,8
1.744,2.503,0.793,1.128,0.807,1.722,0.25,0.416,0.303,1.934,1.744,2.503,0.793,1.128,0.807,1.722,0.25,0.416,0.303,1.934,3.606,8
1.841,2.526,0.781,0.915,1.026,1.58,0.219,0.154,0.236,1.575,1.841,2.526,0.781,0.915,1.026,1.58,0.219,0.154,0.236,1.575,6.083,8
1.779,2.505,0.832,0.884,1.008,1.615,0.218,0.069,0.213,1.564,1.779,2.505,0.832,0.884,1.008,1.615,0.218,0.069,0.213,1.564,5.099,8
1.81,2.5,0.812,0.843,1.105,1.5,0.26,0.099,0.203,1.425,1.81,2.5,0.812,0.843,1.105,1.5,0.26,0.099,0.203,1.425,4.123,8
1.688,2.327,0.788,0.793,0.995,1.548,0.303,0.093,0.243,1.437,1.688,2.327,0.788,0.793,0.995,1.548,0.303,0.093,0.243,1.437,4.123,8
1.667,2.324,0.773,0.851,0.915,1.621,0.297,0.123,0.285,1.571,1.667,2.324,0.773,0.851,0.915,1.621,0.297,0.123,0.285,1.571,5.099,8
0.468,0.924,0.966,0.822,0.379,0.279,0.472,0.382,0.093,0.21,0.468,0.924,0.966,0.822,0.379,0.279,0.472,0.382,0.093,0.21,51.923,9
0.462,0.935,0.965,0.827,0.394,0.276,0.44,0.351,0.097,0.167,0.462,0.935,0.965,0.827,0.394,0.276,0.44,0.351,0.097,0.167,51.264,9
0.468,0.937,0.972,0.84,0.407,0.246,0.393,0.324,0.072,0.165,0.468,0.937,0.972,0.84,0.407,0.246,0.393,0.324,0.072,0.165,51.478,9
0.462,0.928,0.978,0.847,0.413,0.197,0.369,0.318,0.068,0.175,0.462,0.928,0.978,0.847,0.413,0.197,0.369,0.318,0.068,0.175,50.596,9
0.455,0.921,0.958,0.831,0.407,0.241,0.423,0.313,0.117,0.195,0.455,0.921,0.958,0.831,0.407,0.241,0.423,0.313,0.117,0.195,53.16,9
0.456,0.934,0.958,0.837,0.416,0.238,0.393,0.289,0.116,0.16,0.456,0.934,0.958,0.837,0.416,0.238,0.393,0.289,0.116,0.16,49.193,9
0.452,0.94,0.952,0.832,0.418,0.264,0.404,0.289,0.122,0.145,0.452,0.94,0.952,0.832,0.418,0.264,0.404,0.289,0.122,0.145,46.755,9
0.439,0.932,0.972,0.855,0.451,0.177,0.324,0.258,0.076,0.152,0.439,0.932,0.972,0.855,0.451,0.177,0.324,0.258,0.076,0.152,51.43,9
0.455,0.926,0.972,0.837,0.426,0.214,0.389,0.318,0.079,0.176,0.455,0.926,0.972,0.837,0.426,0.214,0.389,0.318,0.079,0.176,48.332,9
0.446,0.927,0.966,0.845,0.434,0.206,0.364,0.278,0.098,0.169,0.446,0.927,0.966,0.845,0.434,0.206,0.364,0.278,0.098,0.169,48.754,9
0.454,0.946,0.959,0.83,0.422,0.283,0.407,0.307,0.101,0.128,0.454,0.946,0.959,0.83,0.422,0.283,0.407,0.307,0.101,0.128,50.567,9
0.462,0.941,0.972,0.86,0.436,0.197,0.324,0.258,0.076,0.137,0.462,0.941,0.972,0.86,0.436,0.197,0.324,0.258,0.076,0.137,48.754,9
0.458,0.941,0.965,0.85,0.433,0.223,0.348,0.265,0.091,0.143,0.458,0.941,0.965,0.85,0.433,0.223,0.348,0.265,0.091,0.143,49.244,9
0.456,0.928,0.971,0.849,0.436,0.218,0.359,0.283,0.087,0.169,0.456,0.928,0.971,0.849,0.436,0.218,0.359,0.283,0.087,0.169,51.225,9
0.44,0.93,0.965,0.834,0.438,0.241,0.384,0.3,0.096,0.167,0.44,0.93,0.965,0.834,0.438,0.241,0.384,0.3,0.096,0.167,49.406,9
0.452,0.93,0.965,0.84,0.43,0.232,0.376,0.293,0.089,0.17,0.452,0.93,0.965,0.84,0.43,0.232,0.376,0.293,0.089,0.17,48.826,9
0.445,0.922,0.959,0.828,0.421,0.235,0.412,0.31,0.111,0.185,0.445,0.922,0.959,0.828,0.421,0.235,0.412,0.31,0.111,0.185,53.824,9
0.441,0.93,0.959,0.829,0.423,0.253,0.407,0.307,0.11,0.169,0.441,0.93,0.959,0.829,0.423,0.253,0.407,0.307,0.11,0.169,52.154,9
0.437,0.928,0.959,0.827,0.43,0.246,0.406,0.308,0.102,0.167,0.437,0.928,0.959,0.827,0.43,0.246,0.406,0.308,0.102,0.167,48.26,9
0.458,0.93,0.972,0.853,0.431,0.207,0.347,0.276,0.086,0.17,0.458,0.93,0.972,0.853,0.431,0.207,0.347,0.276,0.086,0.17,51.43,9
0.443,0.936,0.952,0.827,0.424,0.27,0.412,0.295,0.124,0.155,0.443,0.936,0.952,0.827,0.424,0.27,0.412,0.295,0.124,0.155,51.313,9
0.432,0.923,0.972,0.841,0.448,0.209,0.363,0.294,0.082,0.175,0.432,0.923,0.972,0.841,0.448,0.209,0.363,0.294,0.082,0.175,45.486,9
0.441,0.935,0.939,0.819,0.415,0.283,0.436,0.288,0.152,0.161,0.441,0.935,0.939,0.819,0.415,0.283,0.436,0.288,0.152,0.161,50.606,9
0.452,0.928,0.972,0.847,0.436,0.195,0.353,0.286,0.075,0.165,0.452,0.928,0.972,0.847,0.436,0.195,0.353,0.286,0.075,0.165,48.021,9
0.448,0.935,0.959,0.846,0.428,0.217,0.361,0.265,0.098,0.159,0.448,0.935,0.959,0.846,0.428,0.217,0.361,0.265,0.098,0.159,55.036,9
0.455,0.922,0.959,0.846,0.435,0.19,0.357,0.259,0.102,0.183,0.455,0.922,0.959,0.846,0.435,0.19,0.357,0.259,0.102,0.183,44.944,9
0.441,0.934,0.965,0.826,0.427,0.259,0.409,0.326,0.09,0.154,0.441,0.934,0.965,0.826,0.427,0.259,0.409,0.326,0.09,0.154,51,9
0.452,0.935,0.946,0.821,0.405,0.297,0.447,0.309,0.145,0.162,0.452,0.935,0.946,0.821,0.405,0.297,0.447,0.309,0.145,0.162,54.12,9
0.445,0.928,0.966,0.84,0.435,0.211,0.372,0.292,0.082,0.167,0.445,0.928,0.966,0.84,0.435,0.211,0.372,0.292,0.082,0.167,53.666,9
0.452,0.929,0.946,0.822,0.417,0.271,0.432,0.298,0.139,0.17,0.452,0.929,0.946,0.822,0.417,0.271,0.432,0.298,0.139,0.17,50.606,9
0.452,0.925,0.966,0.844,0.433,0.205,0.364,0.281,0.094,0.177,0.452,0.925,0.966,0.844,0.433,0.205,0.364,0.281,0.094,0.177,47.885,9
0.451,0.931,0.966,0.837,0.426,0.229,0.383,0.302,0.088,0.166,0.451,0.931,0.966,0.837,0.426,0.229,0.383,0.302,0.088,0.166,49.193,9
0.452,0.941,0.933,0.802,0.39,0.358,0.507,0.336,0.175,0.151,0.452,0.941,0.933,0.802,0.39,0.358,0.507,0.336,0.175,0.151,48.877,9
0.457,0.937,0.966,0.842,0.42,0.236,0.377,0.295,0.09,0.158,0.457,0.937,0.966,0.842,0.42,0.236,0.377,0.295,0.09,0.158,52.773,9
0.455,0.929,0.958,0.838,0.43,0.234,0.383,0.28,0.111,0.169,0.455,0.929,0.958,0.838,0.43,0.234,0.383,0.28,0.111,0.169,50.99,9
0.431,0.927,0.965,0.843,0.446,0.208,0.36,0.274,0.096,0.165,0.431,0.927,0.965,0.843,0.446,0.208,0.36,0.274,0.096,0.165,52.154,9
0.444,0.927,0.957,0.826,0.417,0.25,0.421,0.316,0.123,0.174,0.444,0.927,0.957,0.826,0.417,0.25,0.421,0.316,0.123,0.174,47.413,9
0.448,0.935,0.966,0.834,0.424,0.249,0.397,0.312,0.09,0.154,0.448,0.935,0.966,0.834,0.424,0.249,0.397,0.312,0.09,0.154,55.009,9
0.457,0.935,0.973,0.853,0.433,0.204,0.343,0.278,0.068,0.153,0.457,0.935,0.973,0.853,0.433,0.204,0.343,0.278,0.068,0.153,49.244,9
0.448,0.928,0.959,0.841,0.426,0.219,0.382,0.279,0.11,0.169,0.448,0.928,0.959,0.841,0.426,0.219,0.382,0.279,0.11,0.169,47.011,9
0.456,0.928,0.959,0.835,0.412,0.235,0.406,0.304,0.106,0.174,0.456,0.928,0.959,0.835,0.412,0.235,0.406,0.304,0.106,0.174,44.777,9
0.448,0.936,0.973,0.853,0.437,0.202,0.337,0.273,0.067,0.154,0.448,0.936,0.973,0.853,0.437,0.202,0.337,0.273,0.067,0.154,54.589,9
0.445,0.935,0.959,0.825,0.415,0.273,0.423,0.321,0.107,0.161,0.445,0.935,0.959,0.825,0.415,0.273,0.423,0.321,0.107,0.161,51,9
0.436,0.94,0.958,0.835,0.437,0.262,0.389,0.284,0.111,0.138,0.436,0.94,0.958,0.835,0.437,0.262,0.389,0.284,0.111,0.138,50.99,9
0.433,0.928,0.972,0.852,0.454,0.183,0.33,0.267,0.065,0.161,0.433,0.928,0.972,0.852,0.454,0.183,0.33,0.267,0.065,0.161,50.606,9
0.45,0.93,0.959,0.841,0.426,0.233,0.378,0.279,0.102,0.171,0.45,0.93,0.959,0.841,0.426,0.233,0.378,0.279,0.102,0.171,53.712,9
0.434,0.937,0.947,0.836,0.43,0.244,0.383,0.259,0.125,0.154,0.434,0.937,0.947,0.836,0.43,0.244,0.383,0.259,0.125,0.154,47.011,9
0.441,0.942,0.921,0.785,0.377,0.415,0.57,0.362,0.21,0.155,0.441,0.942,0.921,0.785,0.377,0.415,0.57,0.362,0.21,0.155,53.235,9
0.435,0.936,0.959,0.834,0.443,0.249,0.381,0.285,0.098,0.147,0.435,0.936,0.959,0.834,0.443,0.249,0.381,0.285,0.098,0.147,48.549,9
0.439,0.919,0.959,0.836,0.436,0.23,0.387,0.286,0.106,0.194,0.439,0.919,0.959,0.836,0.436,0.23,0.387,0.286,0.106,0.194,51,9
0.437,0.942,0.952,0.833,0.431,0.272,0.395,0.278,0.123,0.138,0.437,0.942,0.952,0.833,0.431,0.272,0.395,0.278,0.123,0.138,50.606,9
1.891,2.578,0.738,1.05,1.231,1.257,0.48,0.375,0.252,1.402,1.891,2.578,0.738,1.05,1.231,1.257,0.48,0.375,0.252,1.402,26.401,10
1.755,2.298,0.718,0.699,1.137,1.411,0.362,0.148,0.259,1.278,1.755,2.298,0.718,0.699,1.137,1.411,0.362,0.148,0.259,1.278,24.207,10
1.829,2.302,0.764,0.759,1.221,1.264,0.354,0.182,0.212,1.171,1.829,2.302,0.764,0.759,1.221,1.264,0.354,0.182,0.212,1.171,27.803,10
1.871,2.439,0.733,0.728,1.205,1.428,0.272,0.115,0.223,1.279,1.871,2.439,0.733,0.728,1.205,1.428,0.272,0.115,0.223,1.279,25.807,10
1.642,2.364,0.761,0.836,0.965,1.584,0.342,0.218,0.255,1.52,1.642,2.364,0.761,0.836,0.965,1.584,0.342,0.218,0.255,1.52,21.541,10
1.694,2.259,0.739,0.69,1.118,1.403,0.368,0.159,0.243,1.206,1.694,2.259,0.739,0.69,1.118,1.403,0.368,0.159,0.243,1.206,25,10
1.83,2.365,0.741,0.824,1.165,1.322,0.303,0.184,0.231,1.258,1.83,2.365,0.741,0.824,1.165,1.322,0.303,0.184,0.231,1.258,28.425,10
1.76,2.333,0.714,0.731,1.144,1.401,0.366,0.185,0.258,1.278,1.76,2.333,0.714,0.731,1.144,1.401,0.366,0.185,0.258,1.278,30,10
1.683,2.206,0.746,0.686,1.11,1.369,0.378,0.169,0.239,1.175,1.683,2.206,0.746,0.686,1.11,1.369,0.378,0.169,0.239,1.175,28.302,10
1.663,2.176,0.761,0.669,1.085,1.389,0.382,0.177,0.227,1.185,1.663,2.176,0.761,0.669,1.085,1.389,0.382,0.177,0.227,1.185,26.249,10
1.833,2.374,0.722,0.664,1.262,1.356,0.345,0.149,0.227,1.186,1.833,2.374,0.722,0.664,1.262,1.356,0.345,0.149,0.227,1.186,29.206,10
1.736,2.245,0.745,0.707,1.141,1.348,0.384,0.196,0.233,1.211,1.736,2.245,0.745,0.707,1.141,1.348,0.384,0.196,0.233,1.211,28.601,10
1.759,2.267,0.752,0.678,1.158,1.374,0.355,0.165,0.219,1.199,1.759,2.267,0.752,0.678,1.158,1.374,0.355,0.165,0.219,1.199,29.732,10
1.614,2.163,0.784,0.744,0.963,1.477,0.364,0.202,0.226,1.319,1.614,2.163,0.784,0.744,0.963,1.477,0.364,0.202,0.226,1.319,23.022,10
1.708,2.216,0.767,0.809,1.021,1.378,0.334,0.183,0.24,1.299,1.708,2.216,0.767,0.809,1.021,1.378,0.334,0.183,0.24,1.299,25.612,10
1.728,2.246,0.803,0.753,1.084,1.378,0.338,0.164,0.197,1.241,1.728,2.246,0.803,0.753,1.084,1.378,0.338,0.164,0.197,1.241,29.155,10
1.692,2.189,0.759,0.694,1.136,1.318,0.383,0.177,0.229,1.122,1.692,2.189,0.759,0.694,1.136,1.318,0.383,0.177,0.229,1.122,27.459,10
1.71,2.243,0.776,0.723,1.11,1.369,0.367,0.2,0.208,1.205,1.71,2.243,0.776,0.723,1.11,1.369,0.367,0.2,0.208,1.205,28.018,10
1.749,2.218,0.779,0.699,1.133,1.343,0.321,0.131,0.204,1.152,1.749,2.218,0.779,0.699,1.133,1.343,0.321,0.131,0.204,1.152,30,10
1.861,2.307,0.742,0.726,1.267,1.248,0.326,0.143,0.219,1.109,1.861,2.307,0.742,0.726,1.267,1.248,0.326,0.143,0.219,1.109,29.698,10
1.819,2.276,0.757,0.736,1.249,1.235,0.374,0.199,0.212,1.116,1.819,2.276,0.757,0.736,1.249,1.235,0.374,0.199,0.212,1.116,30.414,10
1.81,2.326,0.724,0.668,1.242,1.335,0.354,0.167,0.227,1.165,1.81,2.326,0.724,0.668,1.242,1.335,0.354,0.167,0.227,1.165,28.844,10
1.674,2.284,0.764,0.791,1.029,1.451,0.394,0.225,0.244,1.365,1.674,2.284,0.764,0.791,1.029,1.451,0.394,0.225,0.244,1.365,23.707,10
1.852,2.292,0.763,0.729,1.3,1.205,0.374,0.209,0.198,1.096,1.852,2.292,0.763,0.729,1.3,1.205,0.374,0.209,0.198,1.096,29.833,10
1.826,2.25,0.721,0.684,1.288,1.217,0.37,0.187,0.226,1.068,1.826,2.25,0.721,0.684,1.288,1.217,0.37,0.187,0.226,1.068,31.241,10
1.781,2.173,0.756,0.717,1.133,1.297,0.302,0.118,0.219,1.145,1.781,2.173,0.756,0.717,1.133,1.297,0.302,0.118,0.219,1.145,30.806,10
1.878,2.266,0.769,0.799,1.252,1.172,0.326,0.155,0.214,1.099,1.878,2.266,0.769,0.799,1.252,1.172,0.326,0.155,0.214,1.099,34.059,10
1.93,2.432,0.779,0.897,1.29,1.193,0.323,0.189,0.209,1.187,1.93,2.432,0.779,0.897,1.29,1.193,0.323,0.189,0.209,1.187,31.113,10
1.926,2.459,0.737,0.893,1.251,1.253,0.312,0.185,0.247,1.245,1.926,2.459,0.737,0.893,1.251,1.253,0.312,0.185,0.247,1.245,29.206,10
1.602,2.169,0.693,0.699,1.093,1.35,0.475,0.225,0.305,1.208,1.602,2.169,0.693,0.699,1.093,1.35,0.475,0.225,0.305,1.208,27.857,10
1.679,2.282,0.77,0.848,1.067,1.353,0.411,0.261,0.237,1.289,1.679,2.282,0.77,0.848,1.067,1.353,0.411,0.261,0.237,1.289,31.064,10
1.708,2.196,0.768,0.743,1.1,1.322,0.372,0.166,0.235,1.188,1.708,2.196,0.768,0.743,1.1,1.322,0.372,0.166,0.235,1.188,31.241,10
1.643,2.159,0.804,0.712,1.07,1.352,0.392,0.197,0.206,1.18,1.643,2.159,0.804,0.712,1.07,1.352,0.392,0.197,0.206,1.18,29.069,10
1.606,2.03,0.712,0.685,1.089,1.238,0.424,0.187,0.28,1.037,1.606,2.03,0.712,0.685,1.089,1.238,0.424,0.187,0.28,1.037,28.425,10
1.792,2.219,0.761,0.728,1.202,1.241,0.353,0.184,0.209,1.107,1.792,2.219,0.761,0.728,1.202,1.241,0.353,0.184,0.209,1.107,31.145,10
1.828,2.273,0.752,0.728,1.222,1.265,0.353,0.165,0.221,1.143,1.828,2.273,0.752,0.728,1.222,1.265,0.353,0.165,0.221,1.143,36.125,10
1.828,2.309,0.753,0.843,1.143,1.283,0.326,0.226,0.222,1.24,1.828,2.309,0.753,0.843,1.143,1.283,0.326,0.226,0.222,1.24,34.409,10
1.889,2.443,0.755,0.744,1.24,1.372,0.288,0.124,0.206,1.248,1.889,2.443,0.755,0.744,1.24,1.372,0.288,0.124,0.206,1.248,31.145,10
1.946,2.627,0.765,1.225,1.019,1.376,0.432,0.502,0.25,1.679,1.946,2.627,0.765,1.225,1.019,1.376,0.432,0.502,0.25,1.679,34.059,10
1.76,2.31,0.753,0.841,1.079,1.362,0.336,0.214,0.239,1.311,1.76,2.31,0.753,0.841,1.079,1.362,0.336,0.214,0.239,1.311,31.828,10
1.811,2.321,0.732,0.717,1.21,1.326,0.321,0.132,0.232,1.167,1.811,2.321,0.732,0.717,1.21,1.326,0.321,0.132,0.232,1.167,31.89,10
1.824,2.326,0.778,0.848,1.118,1.323,0.318,0.183,0.218,1.291,1.824,2.326,0.778,0.848,1.118,1.323,0.318,0.183,0.218,1.291,30.414,10
1.755,2.298,0.714,0.696,1.207,1.329,0.382,0.188,0.246,1.158,1.755,2.298,0.714,0.696,1.207,1.329,0.382,0.188,0.246,1.158,27.659,10
1.815,2.265,0.726,0.709,1.254,1.243,0.347,0.179,0.224,1.082,1.815,2.265,0.726,0.709,1.254,1.243,0.347,0.179,0.224,1.082,31.145,10
1.701,2.332,0.78,0.752,1.079,1.464,0.375,0.202,0.216,1.337,1.701,2.332,0.78,0.752,1.079,1.464,0.375,0.202,0.216,1.337,28.844,10
1.702,2.181,0.775,0.774,1.064,1.322,0.348,0.186,0.222,1.206,1.702,2.181,0.775,0.774,1.064,1.322,0.348,0.186,0.222,1.206,29.411,10
1.763,2.208,0.778,0.793,1.059,1.345,0.288,0.151,0.214,1.253,1.763,2.208,0.778,0.793,1.059,1.345,0.288,0.151,0.214,1.253,31.241,10
1.836,2.291,0.73,0.85,1.167,1.235,0.348,0.232,0.243,1.204,1.836,2.291,0.73,0.85,1.167,1.235,0.348,0.232,0.243,1.204,30.61,10
1.775,2.285,0.765,0.728,1.191,1.307,0.333,0.156,0.209,1.153,1.775,2.285,0.765,0.728,1.191,1.307,0.333,0.156,0.209,1.153,29,10
1.896,2.399,0.724,0.703,1.301,1.305,0.318,0.135,0.222,1.171,1.896,2.399,0.724,0.703,1.301,1.305,0.318,0.135,0.222,1.171,28.425,10
1.942,2.334,0.7,0.72,1.384,1.169,0.339,0.156,0.234,1.049,1.942,2.334,0.7,0.72,1.384,1.169,0.339,0.156,0.234,1.049,37.537,10
2.126,2.744,0.958,1.058,1.851,1.016,0.269,0.14,0.133,0.942,2.126,2.744,0.958,1.058,1.851,1.016,0.269,0.14,0.133,0.942,34.176,11
2.076,2.69,0.951,1.065,1.819,1.003,0.294,0.149,0.149,0.929,2.076,2.69,0.951,1.065,1.819,1.003,0.294,0.149,0.149,0.929,40.162,11
2.116,2.64,0.952,1.08,1.835,0.961,0.279,0.156,0.129,0.894,2.116,2.64,0.952,1.08,1.835,0.961,0.279,0.156,0.129,0.894,41.761,11
2.121,2.69,0.92,1.054,1.83,0.99,0.275,0.136,0.152,0.924,2.121,2.69,0.92,1.054,1.83,0.99,0.275,0.136,0.152,0.924,36.139,11
2.152,2.734,0.923,1.052,1.879,0.997,0.292,0.158,0.142,0.924,2.152,2.734,0.923,1.052,1.879,0.997,0.292,0.158,0.142,0.924,47.127,11
2.096,2.694,0.92,1.065,1.849,0.993,0.289,0.151,0.151,0.916,2.096,2.694,0.92,1.065,1.849,0.993,0.289,0.151,0.151,0.916,33.242,11
2.158,2.753,0.932,1.034,1.877,1.007,0.29,0.147,0.147,0.936,2.158,2.753,0.932,1.034,1.877,1.007,0.29,0.147,0.147,0.936,40.497,11
2.147,2.761,0.928,1.037,1.825,1.028,0.262,0.127,0.144,0.966,2.147,2.761,0.928,1.037,1.825,1.028,0.262,0.127,0.144,0.966,35.468,11
2.315,2.883,0.928,1.125,2.108,0.966,0.307,0.168,0.149,0.894,2.315,2.883,0.928,1.125,2.108,0.966,0.307,0.168,0.149,0.894,35.228,11
2.118,2.7,0.92,1.082,1.809,0.993,0.302,0.158,0.158,0.941,2.118,2.7,0.92,1.082,1.809,0.993,0.302,0.158,0.158,0.941,39.115,11
2.123,2.698,0.928,1.059,1.873,0.982,0.289,0.157,0.14,0.907,2.123,2.698,0.928,1.059,1.873,0.982,0.289,0.157,0.14,0.907,37.162,11
2.164,2.748,0.95,1.12,1.918,0.968,0.297,0.16,0.146,0.911,2.164,2.748,0.95,1.12,1.918,0.968,0.297,0.16,0.146,0.911,27.803,11
2.05,2.572,0.91,0.955,1.7,1.015,0.248,0.114,0.139,0.926,2.05,2.572,0.91,0.955,1.7,1.015,0.248,0.114,0.139,0.926,42.379,11
2.131,2.675,0.969,1.051,1.902,0.963,0.269,0.139,0.131,0.881,2.131,2.675,0.969,1.051,1.902,0.963,0.269,0.139,0.131,0.881,41.231,11
2.133,2.732,0.921,1.042,1.853,1.007,0.29,0.158,0.141,0.936,2.133,2.732,0.921,1.042,1.853,1.007,0.29,0.158,0.141,0.936,42.953,11
1.994,2.552,0.908,0.936,1.706,1.032,0.259,0.113,0.148,0.91,1.994,2.552,0.908,0.936,1.706,1.032,0.259,0.113,0.148,0.91,45.222,11
2.175,2.802,0.927,1.073,1.909,1.014,0.296,0.15,0.156,0.944,2.175,2.802,0.927,1.073,1.909,1.014,0.296,0.15,0.156,0.944,38.639,11
2.195,2.784,0.959,1.092,1.908,0.981,0.28,0.134,0.153,0.936,2.195,2.784,0.959,1.092,1.908,0.981,0.28,0.134,0.153,0.936,34.928,11
2.173,2.788,0.959,1.073,1.919,1.005,0.294,0.145,0.152,0.932,2.173,2.788,0.959,1.073,1.919,1.005,0.294,0.145,0.152,0.932,38.275,11
2.105,2.702,0.926,1.049,1.849,0.999,0.287,0.156,0.139,0.921,2.105,2.702,0.926,1.049,1.849,0.999,0.287,0.156,0.139,0.921,24.839,11
2.109,2.741,0.938,1.123,1.884,0.989,0.321,0.186,0.145,0.925,2.109,2.741,0.938,1.123,1.884,0.989,0.321,0.186,0.145,0.925,32.757,11
2.142,2.711,0.929,1.065,1.851,0.996,0.306,0.167,0.147,0.926,2.142,2.711,0.929,1.065,1.851,0.996,0.306,0.167,0.147,0.926,40.804,11
2.079,2.679,0.938,1.011,1.776,1.026,0.264,0.129,0.139,0.946,2.079,2.679,0.938,1.011,1.776,1.026,0.264,0.129,0.139,0.946,25.456,11
2.189,2.821,0.942,1.118,1.935,0.99,0.283,0.145,0.152,0.941,2.189,2.821,0.942,1.118,1.935,0.99,0.283,0.145,0.152,0.941,31.241,11
2.167,2.762,0.941,1.092,1.872,0.995,0.274,0.15,0.134,0.942,2.167,2.762,0.941,1.092,1.872,0.995,0.274,0.15,0.134,0.942,33.601,11
2.1,2.753,0.935,1.128,1.836,1.003,0.303,0.179,0.139,0.955,2.1,2.753,0.935,1.128,1.836,1.003,0.303,0.179,0.139,0.955,42.72,11
2.076,2.689,0.975,1.088,1.783,0.999,0.278,0.147,0.134,0.947,2.076,2.689,0.975,1.088,1.783,0.999,0.278,0.147,0.134,0.947,35.847,11
2.122,2.762,0.959,1.145,1.872,0.994,0.31,0.178,0.142,0.941,2.122,2.762,0.959,1.145,1.872,0.994,0.31,0.178,0.142,0.941,18.601,11
2.052,2.662,0.94,1.087,1.773,0.996,0.325,0.17,0.163,0.94,2.052,2.662,0.94,1.087,1.773,0.996,0.325,0.17,0.163,0.94,33.121,11
2.176,2.751,0.916,1.035,1.84,1.014,0.258,0.14,0.129,0.952,2.176,2.751,0.916,1.035,1.84,1.014,0.258,0.14,0.129,0.952,31.765,11
2.067,2.7,0.942,1.071,1.737,1.021,0.283,0.142,0.151,0.981,2.067,2.7,0.942,1.071,1.737,1.021,0.283,0.142,0.151,0.981,38.897,11
2.059,2.597,0.879,1.001,1.673,1.015,0.281,0.155,0.148,0.961,2.059,2.597,0.879,1.001,1.673,1.015,0.281,0.155,0.148,0.961,41.785,11
2.125,2.67,0.88,1.03,1.824,1.01,0.33,0.169,0.175,0.919,2.125,2.67,0.88,1.03,1.824,1.01,0.33,0.169,0.175,0.919,35.847,11
2.115,2.674,0.888,1.039,1.86,0.987,0.309,0.168,0.157,0.902,2.115,2.674,0.888,1.039,1.86,0.987,0.309,0.168,0.157,0.902,31.765,11
1.982,2.586,0.892,0.997,1.763,1.014,0.326,0.174,0.16,0.902,1.982,2.586,0.892,0.997,1.763,1.014,0.326,0.174,0.16,0.902,41.593,11
2.14,2.725,0.914,1.041,1.85,1.008,0.306,0.159,0.155,0.935,2.14,2.725,0.914,1.041,1.85,1.008,0.306,0.159,0.155,0.935,28.425,11
2.214,2.763,0.908,1.036,1.83,1.023,0.286,0.157,0.141,0.967,2.214,2.763,0.908,1.036,1.83,1.023,0.286,0.157,0.141,0.967,33.541,11
2.132,2.708,0.929,1.11,1.844,0.976,0.3,0.161,0.155,0.927,2.132,2.708,0.929,1.11,1.844,0.976,0.3,0.161,0.155,0.927,25.807,11
2.095,2.719,0.914,1.052,1.766,1.036,0.312,0.161,0.162,0.977,2.095,2.719,0.914,1.052,1.766,1.036,0.312,0.161,0.162,0.977,43.417,11
2.055,2.565,0.916,1,1.768,0.971,0.304,0.154,0.154,0.89,2.055,2.565,0.916,1,1.768,0.971,0.304,0.154,0.154,0.89,36.249,11
2.091,2.648,0.92,0.977,1.829,1.008,0.288,0.135,0.155,0.902,2.091,2.648,0.92,0.977,1.829,1.008,0.288,0.135,0.155,0.902,35.511,11
2.198,2.842,0.911,1.06,1.933,1.018,0.272,0.138,0.149,0.953,2.198,2.842,0.911,1.06,1.933,1.018,0.272,0.138,0.149,0.953,31.064,11
2.068,2.687,0.92,1.05,1.81,1.007,0.309,0.161,0.157,0.935,2.068,2.687,0.92,1.05,1.81,1.007,0.309,0.161,0.157,0.935,24.698,11
2.071,2.61,0.892,1,1.763,0.994,0.271,0.126,0.16,0.915,2.071,2.61,0.892,1,1.763,0.994,0.271,0.126,0.16,0.915,37.363,11
2.219,2.882,0.898,1.083,1.996,1.014,0.286,0.148,0.158,0.943,2.219,2.882,0.898,1.083,1.996,1.014,0.286,0.148,0.158,0.943,22.023,11
2.104,2.693,0.903,0.982,1.861,1.018,0.274,0.124,0.156,0.91,2.104,2.693,0.903,0.982,1.861,1.018,0.274,0.124,0.156,0.91,40.522,11
2.049,2.623,0.913,0.996,1.741,1.023,0.28,0.138,0.149,0.933,2.049,2.623,0.913,0.996,1.741,1.023,0.28,0.138,0.149,0.933,28.231,11
2.069,2.706,0.92,1.061,1.778,1.025,0.306,0.158,0.159,0.962,2.069,2.706,0.92,1.061,1.778,1.025,0.306,0.158,0.159,0.962,36.674,11
2.094,2.654,0.913,1.019,1.731,1.021,0.264,0.144,0.132,0.956,2.094,2.654,0.913,1.019,1.731,1.021,0.264,0.144,0.132,0.956,30.017,11
2.056,2.664,0.916,1.05,1.759,1.012,0.315,0.17,0.155,0.95,2.056,2.664,0.916,1.05,1.759,1.012,0.315,0.17,0.155,0.95,33.106,11
2.094,2.739,0.904,1.061,1.777,1.042,0.306,0.17,0.152,0.981,2.094,2.739,0.904,1.061,1.777,1.042,0.306,0.17,0.152,0.981,25.495,11
2.327,3.267,0.75,0.882,1.979,1.23,0.354,0.165,0.21,1.22,2.327,3.267,0.75,0.882,1.979,1.23,0.354,0.165,0.21,1.22,13.928,12
2.465,3.373,0.777,0.951,2.151,1.159,0.361,0.171,0.206,1.177,2.465,3.373,0.777,0.951,2.151,1.159,0.361,0.171,0.206,1.177,17.117,12
2.34,3.224,0.772,0.936,2.031,1.162,0.367,0.184,0.202,1.165,2.34,3.224,0.772,0.936,2.031,1.162,0.367,0.184,0.202,1.165,15.297,12
2.397,3.258,0.8,0.967,2.061,1.146,0.355,0.174,0.198,1.159,2.397,3.258,0.8,0.967,2.061,1.146,0.355,0.174,0.198,1.159,18.974,12
2.351,3.21,0.761,0.92,1.987,1.182,0.371,0.166,0.225,1.193,2.351,3.21,0.761,0.92,1.987,1.182,0.371,0.166,0.225,1.193,20.881,12
2.467,3.402,0.752,0.936,2.086,1.201,0.343,0.187,0.184,1.233,2.467,3.402,0.752,0.936,2.086,1.201,0.343,0.187,0.184,1.233,18.868,12
2.271,3.085,0.719,0.829,1.9,1.206,0.362,0.163,0.222,1.189,2.271,3.085,0.719,0.829,1.9,1.206,0.362,0.163,0.222,1.189,20.616,12
2.348,3.249,0.737,0.901,2.025,1.193,0.382,0.197,0.207,1.194,2.348,3.249,0.737,0.901,2.025,1.193,0.382,0.197,0.207,1.194,23.854,12
2.386,3.277,0.733,0.924,2.039,1.185,0.358,0.18,0.21,1.187,2.386,3.277,0.733,0.924,2.039,1.185,0.358,0.18,0.21,1.187,19.647,12
2.543,3.457,0.738,0.901,2.241,1.164,0.325,0.169,0.179,1.166,2.543,3.457,0.738,0.901,2.241,1.164,0.325,0.169,0.179,1.166,21.213,12
2.217,3.05,0.72,0.844,1.876,1.2,0.382,0.217,0.195,1.187,2.217,3.05,0.72,0.844,1.876,1.2,0.382,0.217,0.195,1.187,16.031,12
2.384,3.187,0.702,0.884,2.046,1.156,0.371,0.195,0.209,1.151,2.384,3.187,0.702,0.884,2.046,1.156,0.371,0.195,0.209,1.151,24.042,12
2.231,3.007,0.738,0.837,1.88,1.178,0.369,0.168,0.219,1.152,2.231,3.007,0.738,0.837,1.88,1.178,0.369,0.168,0.219,1.152,23.259,12
2.235,3.037,0.725,0.846,1.908,1.173,0.356,0.17,0.212,1.143,2.235,3.037,0.725,0.846,1.908,1.173,0.356,0.17,0.212,1.143,21.633,12
2.294,3.132,0.768,0.936,1.972,1.149,0.367,0.174,0.215,1.149,2.294,3.132,0.768,0.936,1.972,1.149,0.367,0.174,0.215,1.149,19.416,12
2.443,3.245,0.753,0.951,2.038,1.154,0.355,0.192,0.194,1.173,2.443,3.245,0.753,0.951,2.038,1.154,0.355,0.192,0.194,1.173,18.111,12
2.379,3.261,0.657,0.847,2.061,1.203,0.37,0.199,0.214,1.178,2.379,3.261,0.657,0.847,2.061,1.203,0.37,0.199,0.214,1.178,21.378,12
2.273,3.072,0.742,0.872,1.917,1.18,0.382,0.204,0.2,1.161,2.273,3.072,0.742,0.872,1.917,1.18,0.382,0.204,0.2,1.161,19.698,12
2.414,3.191,0.715,0.825,2.041,1.182,0.341,0.188,0.181,1.148,2.414,3.191,0.715,0.825,2.041,1.182,0.341,0.188,0.181,1.148,19.235,12
2.388,3.194,0.786,0.892,2.069,1.151,0.357,0.181,0.186,1.123,2.388,3.194,0.786,0.892,2.069,1.151,0.357,0.181,0.186,1.123,19.647,12
2.334,3.118,0.721,0.824,1.983,1.182,0.349,0.179,0.194,1.142,2.334,3.118,0.721,0.824,1.983,1.182,0.349,0.179,0.194,1.142,19.647,12
2.535,3.416,0.757,0.931,2.179,1.17,0.324,0.165,0.185,1.164,2.535,3.416,0.757,0.931,2.179,1.17,0.324,0.165,0.185,1.164,22.361,12
2.495,3.334,0.756,0.924,2.185,1.147,0.355,0.185,0.188,1.127,2.495,3.334,0.756,0.924,2.185,1.147,0.355,0.185,0.188,1.127,17.72,12
2.418,3.173,0.725,0.811,2.074,1.165,0.329,0.16,0.187,1.109,2.418,3.173,0.725,0.811,2.074,1.165,0.329,0.16,0.187,1.109,19.698,12
2.484,3.301,0.793,0.921,2.132,1.151,0.329,0.164,0.178,1.13,2.484,3.301,0.793,0.921,2.132,1.151,0.329,0.164,0.178,1.13,17.72,12
2.378,3.18,0.748,0.874,2.059,1.153,0.342,0.165,0.196,1.119,2.378,3.18,0.748,0.874,2.059,1.153,0.342,0.165,0.196,1.119,20.591,12
2.543,3.45,0.764,0.925,2.223,1.17,0.342,0.169,0.19,1.166,2.543,3.45,0.764,0.925,2.223,1.17,0.342,0.169,0.19,1.166,18.111,12
2.59,3.435,0.769,0.959,2.31,1.116,0.333,0.174,0.178,1.103,2.59,3.435,0.769,0.959,2.31,1.116,0.333,0.174,0.178,1.103,19.416,12
2.431,3.34,0.717,0.911,2.163,1.163,0.373,0.192,0.206,1.157,2.431,3.34,0.717,0.911,2.163,1.163,0.373,0.192,0.206,1.157,20.248,12
2.361,3.161,0.714,0.843,2.077,1.153,0.364,0.181,0.204,1.111,2.361,3.161,0.714,0.843,2.077,1.153,0.364,0.181,0.204,1.111,19.313,12
2.543,3.423,0.793,0.965,2.228,1.142,0.334,0.175,0.175,1.139,2.543,3.423,0.793,0.965,2.228,1.142,0.334,0.175,0.175,1.139,22.847,12
2.562,3.507,0.793,1.013,2.257,1.155,0.351,0.192,0.178,1.161,2.562,3.507,0.793,1.013,2.257,1.155,0.351,0.192,0.178,1.161,17.117,12
2.595,3.507,0.733,0.916,2.228,1.191,0.328,0.171,0.184,1.188,2.595,3.507,0.733,0.916,2.228,1.191,0.328,0.171,0.184,1.188,23.77,12
2.347,3.185,0.764,0.901,2.009,1.165,0.357,0.176,0.199,1.162,2.347,3.185,0.764,0.901,2.009,1.165,0.357,0.176,0.199,1.162,21.954,12
2.467,3.387,0.79,0.991,2.232,1.128,0.374,0.189,0.199,1.129,2.467,3.387,0.79,0.991,2.232,1.128,0.374,0.189,0.199,1.129,18.974,12
2.432,3.32,0.755,0.925,2.157,1.148,0.349,0.192,0.179,1.137,2.432,3.32,0.755,0.925,2.157,1.148,0.349,0.192,0.179,1.137,23.022,12
2.491,3.351,0.716,0.9,2.23,1.139,0.343,0.187,0.184,1.112,2.491,3.351,0.716,0.9,2.23,1.139,0.343,0.187,0.184,1.112,19.416,12
2.51,3.42,0.731,0.953,2.203,1.158,0.342,0.19,0.185,1.155,2.51,3.42,0.731,0.953,2.203,1.158,0.342,0.19,0.185,1.155,18.028,12
2.523,3.429,0.737,0.97,2.215,1.152,0.343,0.191,0.186,1.149,2.523,3.429,0.737,0.97,2.215,1.152,0.343,0.191,0.186,1.149,20.1,12
2.59,3.503,0.776,1.01,2.278,1.147,0.361,0.196,0.186,1.152,2.59,3.503,0.776,1.01,2.278,1.147,0.361,0.196,0.186,1.152,24.021,12
2.386,3.275,0.732,0.889,2.079,1.178,0.342,0.168,0.2,1.159,2.386,3.275,0.732,0.889,2.079,1.178,0.342,0.168,0.2,1.159,17.72,12
2.489,3.456,0.753,0.96,2.187,1.18,0.344,0.184,0.188,1.178,2.489,3.456,0.753,0.96,2.187,1.18,0.344,0.184,0.188,1.178,20.616,12
2.478,3.312,0.811,0.968,2.191,1.124,0.36,0.178,0.192,1.106,2.478,3.312,0.811,0.968,2.191,1.124,0.36,0.178,0.192,1.106,19.235,12
2.48,3.422,0.723,0.929,2.198,1.174,0.35,0.191,0.189,1.161,2.48,3.422,0.723,0.929,2.198,1.174,0.35,0.191,0.189,1.161,14.866,12
2.458,3.389,0.79,0.997,2.211,1.137,0.357,0.186,0.189,1.127,2.458,3.389,0.79,0.997,2.211,1.137,0.357,0.186,0.189,1.127,20.248,12
2.508,3.405,0.784,0.953,2.155,1.172,0.331,0.179,0.173,1.169,2.508,3.405,0.784,0.953,2.155,1.172,0.331,0.179,0.173,1.169,20.1,12
2.47,3.436,0.766,0.955,2.205,1.18,0.359,0.184,0.193,1.152,2.47,3.436,0.766,0.955,2.205,1.18,0.359,0.184,0.193,1.152,19.235,12
2.474,3.261,0.766,0.9,2.245,1.107,0.354,0.177,0.188,1.056,2.474,3.261,0.766,0.9,2.245,1.107,0.354,0.177,0.188,1.056,22.023,12
2.567,3.469,0.746,0.929,2.264,1.162,0.34,0.182,0.18,1.146,2.567,3.469,0.746,0.929,2.264,1.162,0.34,0.182,0.18,1.146,22.204,12
2.667,3.535,0.783,0.956,2.372,1.129,0.321,0.165,0.171,1.115,2.667,3.535,0.783,0.956,2.372,1.129,0.321,0.165,0.171,1.115,25,12
2.639,3.413,0.803,0.984,2.377,1.084,0.339,0.176,0.174,1.054,2.639,3.413,0.803,0.984,2.377,1.084,0.339,0.176,0.174,1.054,27.074,12
1.559,1.792,0.673,0.578,1.182,1.029,0.453,0.187,0.288,0.781,1.559,1.792,0.673,0.578,1.182,1.029,0.453,0.187,0.288,0.781,124.234,13
1.562,1.912,0.698,0.62,1.178,1.102,0.432,0.154,0.288,0.858,1.562,1.912,0.698,0.62,1.178,1.102,0.432,0.154,0.288,0.858,125.004,13
1.524,1.797,0.67,0.569,1.167,1.058,0.487,0.198,0.303,0.8,1.524,1.797,0.67,0.569,1.167,1.058,0.487,0.198,0.303,0.8,124.234,13
1.562,1.844,0.692,0.612,1.194,1.041,0.449,0.189,0.279,0.796,1.562,1.844,0.692,0.612,1.194,1.041,0.449,0.189,0.279,0.796,123.13,13
1.619,1.937,0.694,0.627,1.24,1.065,0.439,0.176,0.278,0.854,1.619,1.937,0.694,0.627,1.24,1.065,0.439,0.176,0.278,0.854,124.064,13
1.585,1.943,0.701,0.626,1.237,1.075,0.458,0.187,0.281,0.871,1.585,1.943,0.701,0.626,1.237,1.075,0.458,0.187,0.281,0.871,125.718,13
1.543,1.855,0.654,0.586,1.188,1.074,0.471,0.175,0.316,0.838,1.543,1.855,0.654,0.586,1.188,1.074,0.471,0.175,0.316,0.838,126.649,13
1.553,1.881,0.683,0.603,1.175,1.093,0.476,0.198,0.295,0.884,1.553,1.881,0.683,0.603,1.175,1.093,0.476,0.198,0.295,0.884,123.713,13
1.526,1.882,0.699,0.621,1.142,1.109,0.467,0.202,0.286,0.887,1.526,1.882,0.699,0.621,1.142,1.109,0.467,0.202,0.286,0.887,125.718,13
1.602,1.904,0.687,0.626,1.231,1.047,0.446,0.174,0.288,0.839,1.602,1.904,0.687,0.626,1.231,1.047,0.446,0.174,0.288,0.839,124.92,13
1.467,1.801,0.68,0.584,1.06,1.149,0.495,0.19,0.321,0.907,1.467,1.801,0.68,0.584,1.06,1.149,0.495,0.19,0.321,0.907,127.812,13
1.552,1.88,0.631,0.573,1.171,1.118,0.469,0.166,0.331,0.866,1.552,1.88,0.631,0.573,1.171,1.118,0.469,0.166,0.331,0.866,125.252,13
1.487,1.778,0.64,0.577,1.1,1.093,0.484,0.187,0.335,0.831,1.487,1.778,0.64,0.577,1.1,1.093,0.484,0.187,0.335,0.831,126.194,13
1.489,1.947,0.673,0.614,1.103,1.214,0.479,0.169,0.328,0.967,1.489,1.947,0.673,0.614,1.103,1.214,0.479,0.169,0.328,0.967,128.876,13
1.471,1.797,0.639,0.571,1.102,1.115,0.485,0.18,0.338,0.834,1.471,1.797,0.639,0.571,1.102,1.115,0.485,0.18,0.338,0.834,126.194,13
1.521,1.898,0.644,0.59,1.17,1.125,0.478,0.188,0.322,0.877,1.521,1.898,0.644,0.59,1.17,1.125,0.478,0.188,0.322,0.877,126.874,13
1.553,1.927,0.647,0.592,1.158,1.155,0.478,0.18,0.326,0.936,1.553,1.927,0.647,0.592,1.158,1.155,0.478,0.18,0.326,0.936,126.874,13
1.515,1.871,0.639,0.567,1.133,1.152,0.492,0.193,0.331,0.905,1.515,1.871,0.639,0.567,1.133,1.152,0.492,0.193,0.331,0.905,126.531,13
1.469,1.889,0.643,0.582,1.084,1.208,0.492,0.166,0.35,0.934,1.469,1.889,0.643,0.582,1.084,1.208,0.492,0.166,0.35,0.934,128.16,13
1.554,1.944,0.681,0.613,1.18,1.135,0.465,0.197,0.292,0.908,1.554,1.944,0.681,0.613,1.18,1.135,0.465,0.197,0.292,0.908,126.531,13
1.578,2.002,0.668,0.6,1.223,1.154,0.465,0.197,0.292,0.927,1.578,2.002,0.668,0.6,1.223,1.154,0.465,0.197,0.292,0.927,126.874,13
1.587,1.93,0.644,0.59,1.221,1.104,0.458,0.18,0.308,0.87,1.587,1.93,0.644,0.59,1.221,1.104,0.458,0.18,0.308,0.87,127.138,13
1.499,1.843,0.624,0.566,1.116,1.145,0.486,0.168,0.35,0.885,1.499,1.843,0.624,0.566,1.116,1.145,0.486,0.168,0.35,0.885,127.581,13
1.528,1.948,0.641,0.559,1.153,1.205,0.48,0.174,0.328,0.948,1.528,1.948,0.641,0.559,1.153,1.205,0.48,0.174,0.328,0.948,127.016,13
1.564,1.925,0.677,0.622,1.201,1.095,0.455,0.174,0.3,0.866,1.564,1.925,0.677,0.622,1.201,1.095,0.455,0.174,0.3,0.866,127.224,13
1.47,1.867,0.632,0.567,1.107,1.177,0.508,0.194,0.346,0.921,1.47,1.867,0.632,0.567,1.107,1.177,0.508,0.194,0.346,0.921,129.244,13
1.602,1.96,0.688,0.614,1.225,1.104,0.444,0.194,0.273,0.892,1.602,1.96,0.688,0.614,1.225,1.104,0.444,0.194,0.273,0.892,126.874,13
1.602,1.971,0.633,0.59,1.25,1.112,0.457,0.173,0.314,0.878,1.602,1.971,0.633,0.59,1.25,1.112,0.457,0.173,0.314,0.878,125.718,13
1.505,1.844,0.64,0.6,1.132,1.104,0.477,0.186,0.332,0.853,1.505,1.844,0.64,0.6,1.132,1.104,0.477,0.186,0.332,0.853,127.389,13
1.488,1.861,0.646,0.607,1.117,1.13,0.485,0.195,0.333,0.884,1.488,1.861,0.646,0.607,1.117,1.13,0.485,0.195,0.333,0.884,129.468,13
1.579,1.894,0.67,0.604,1.208,1.075,0.443,0.171,0.294,0.826,1.579,1.894,0.67,0.604,1.208,1.075,0.443,0.171,0.294,0.826,128.876,13
1.454,1.767,0.636,0.542,1.087,1.129,0.516,0.189,0.348,0.841,1.454,1.767,0.636,0.542,1.087,1.129,0.516,0.189,0.348,0.841,130,13
1.499,1.879,0.69,0.616,1.083,1.169,0.476,0.202,0.301,0.939,1.499,1.879,0.69,0.616,1.083,1.169,0.476,0.202,0.301,0.939,127.632,13
1.515,1.974,0.678,0.631,1.167,1.167,0.485,0.204,0.306,0.932,1.515,1.974,0.678,0.631,1.167,1.167,0.485,0.204,0.306,0.932,130.679,13
1.481,1.828,0.65,0.575,1.124,1.12,0.498,0.201,0.326,0.861,1.481,1.828,0.65,0.575,1.124,1.12,0.498,0.201,0.326,0.861,126.463,13
1.51,1.878,0.654,0.574,1.161,1.13,0.496,0.19,0.323,0.877,1.51,1.878,0.654,0.574,1.161,1.13,0.496,0.19,0.323,0.877,126.087,13
1.542,1.9,0.654,0.609,1.161,1.118,0.473,0.178,0.323,0.896,1.542,1.9,0.654,0.609,1.161,1.118,0.473,0.178,0.323,0.896,127.945,13
1.482,1.782,0.616,0.558,1.133,1.085,0.506,0.183,0.354,0.825,1.482,1.782,0.616,0.558,1.133,1.085,0.506,0.183,0.354,0.825,128.876,13
1.528,1.903,0.686,0.61,1.144,1.136,0.466,0.198,0.293,0.896,1.528,1.903,0.686,0.61,1.144,1.136,0.466,0.198,0.293,0.896,128.876,13
1.504,1.87,0.652,0.584,1.141,1.132,0.485,0.181,0.326,0.876,1.504,1.87,0.652,0.584,1.141,1.132,0.485,0.181,0.326,0.876,130.173,13
1.536,1.893,0.658,0.607,1.162,1.112,0.466,0.168,0.321,0.88,1.536,1.893,0.658,0.607,1.162,1.112,0.466,0.168,0.321,0.88,128.876,13
1.452,1.828,0.643,0.585,1.102,1.137,0.516,0.181,0.355,0.868,1.452,1.828,0.643,0.585,1.102,1.137,0.516,0.181,0.355,0.868,126.846,13
1.489,1.857,0.646,0.622,1.103,1.123,0.481,0.182,0.341,0.902,1.489,1.857,0.646,0.622,1.103,1.123,0.481,0.182,0.341,0.902,127.945,13
1.566,1.923,0.68,0.6,1.193,1.116,0.466,0.182,0.297,0.881,1.566,1.923,0.68,0.6,1.193,1.116,0.466,0.182,0.297,0.881,127.224,13
1.561,1.923,0.684,0.628,1.169,1.116,0.462,0.189,0.296,0.897,1.561,1.923,0.684,0.628,1.169,1.116,0.462,0.189,0.296,0.897,125.355,13
1.498,1.846,0.656,0.581,1.146,1.111,0.494,0.191,0.323,0.854,1.498,1.846,0.656,0.581,1.146,1.111,0.494,0.191,0.323,0.854,127.581,13
1.538,1.924,0.688,0.636,1.155,1.125,0.466,0.191,0.299,0.904,1.538,1.924,0.688,0.636,1.155,1.125,0.466,0.191,0.299,0.904,127.945,13
1.484,1.846,0.673,0.598,1.092,1.147,0.489,0.203,0.315,0.901,1.484,1.846,0.673,0.598,1.092,1.147,0.489,0.203,0.315,0.901,128.515,13
1.498,1.859,0.658,0.571,1.12,1.152,0.485,0.196,0.317,0.881,1.498,1.859,0.658,0.571,1.12,1.152,0.485,0.196,0.317,0.881,128.16,13
1.548,1.836,0.664,0.592,1.179,1.064,0.471,0.182,0.308,0.81,1.548,1.836,0.664,0.592,1.179,1.064,0.471,0.182,0.308,0.81,124.595,13
1.585,1.938,0.673,0.606,1.217,1.103,0.462,0.189,0.293,0.877,1.585,1.938,0.673,0.606,1.217,1.103,0.462,0.189,0.293,0.877,125.543,13
0.332,0.907,0.294,0.22,0.117,5.934,6.651,0.723,6.02,1.613,0.332,0.907,0.294,0.22,0.117,5.934,6.651,0.723,6.02,1.613,48.836,14
0.306,0.926,0.261,0.195,0.12,6.127,6.708,0.7,6.222,1.338,0.306,0.926,0.261,0.195,0.12,6.127,6.708,0.7,6.222,1.338,49.477,14
0.32,0.784,0.298,0.221,0.115,4.939,6.754,0.871,6.144,2.222,0.32,0.784,0.298,0.221,0.115,4.939,6.754,0.871,6.144,2.222,47.381,14
0.527,1.657,0.491,0.355,0.173,7.557,3.762,0.812,2.951,4.485,0.527,1.657,0.491,0.355,0.173,7.557,3.762,0.812,2.951,4.485,48.26,14
0.452,1.447,0.399,0.266,0.186,6.352,3.958,0.733,3.229,3.084,0.452,1.447,0.399,0.266,0.186,6.352,3.958,0.733,3.229,3.084,47.676,14
0.313,0.975,0.282,0.198,0.124,6.263,6.469,0.766,5.839,0.21,0.313,0.975,0.282,0.198,0.124,6.263,6.469,0.766,5.839,0.21,47.518,14
0.457,1.519,0.415,0.292,0.165,7.478,4.327,0.773,3.556,4.278,0.457,1.519,0.415,0.292,0.165,7.478,4.327,0.773,3.556,4.278,50.804,14
0.351,1.004,0.331,0.238,0.115,6.655,6.61,0.919,5.845,0.368,0.351,1.004,0.331,0.238,0.115,6.655,6.61,0.919,5.845,0.368,47.518,14
0.485,1.051,0.422,0.322,0.17,4.395,4.037,0.7,3.394,0.632,0.485,1.051,0.422,0.322,0.17,4.395,4.037,0.7,3.394,0.632,47.854,14
0.496,1.142,0.462,0.355,0.172,4.75,3.831,0.754,3.13,1.105,0.496,1.142,0.462,0.355,0.172,4.75,3.831,0.754,3.13,1.105,51.478,14
0.466,1.096,0.425,0.301,0.179,4.574,3.941,0.789,3.208,1.112,0.466,1.096,0.425,0.301,0.179,4.574,3.941,0.789,3.208,1.112,51.788,14
0.426,1.336,0.393,0.292,0.168,6.275,4.356,0.89,3.608,2.108,0.426,1.336,0.393,0.292,0.168,6.275,4.356,0.89,3.608,2.108,50.488,14
0.467,1.169,0.43,0.316,0.183,4.811,3.881,0.85,3.122,0.93,0.467,1.169,0.43,0.316,0.183,4.811,3.881,0.85,3.122,0.93,47.265,14
0.463,1.076,0.413,0.331,0.166,4.734,4.183,0.814,3.533,0.774,0.463,1.076,0.413,0.331,0.166,4.734,4.183,0.814,3.533,0.774,46.872,14
0.49,1.159,0.423,0.333,0.189,4.504,3.606,0.712,3.056,0.986,0.49,1.159,0.423,0.333,0.189,4.504,3.606,0.712,3.056,0.986,48.094,14
0.416,0.861,0.372,0.295,0.147,3.893,4.805,0.737,4.344,1.189,0.416,0.861,0.372,0.295,0.147,3.893,4.805,0.737,4.344,1.189,47.854,14
0.539,1.526,0.441,0.359,0.229,5.144,2.879,0.602,2.441,2.303,0.539,1.526,0.441,0.359,0.229,5.144,2.879,0.602,2.441,2.303,52.887,14
0.301,0.928,0.257,0.196,0.122,6.037,6.615,0.798,6.336,1.605,0.301,0.928,0.257,0.196,0.122,6.037,6.615,0.798,6.336,1.605,53.141,14
0.302,0.916,0.271,0.217,0.113,6.232,6.91,0.909,6.655,2.09,0.302,0.916,0.271,0.217,0.113,6.232,6.91,0.909,6.655,2.09,47.518,14
0.32,0.828,0.298,0.217,0.11,5.561,7.143,0.873,6.655,3.093,0.32,0.828,0.298,0.217,0.11,5.561,7.143,0.873,6.655,3.093,45.891,14
0.324,0.96,0.272,0.206,0.125,6.017,6.355,0.697,6.013,1.529,0.324,0.96,0.272,0.206,0.125,6.017,6.355,0.697,6.013,1.529,44.385,14
0.309,0.94,0.276,0.202,0.115,6.399,6.949,0.798,6.543,1.935,0.309,0.94,0.276,0.202,0.115,6.399,6.949,0.798,6.543,1.935,48.508,14
0.31,0.914,0.263,0.214,0.119,5.978,6.628,0.821,6.429,2.391,0.31,0.914,0.263,0.214,0.119,5.978,6.628,0.821,6.429,2.391,47.539,14
0.311,0.865,0.279,0.218,0.104,6.263,7.563,0.835,7.208,2.678,0.311,0.865,0.279,0.218,0.104,6.263,7.563,0.835,7.208,2.678,48.27,14
0.297,0.98,0.249,0.185,0.125,6.366,6.522,0.743,6.217,1.652,0.297,0.98,0.249,0.185,0.125,6.366,6.522,0.743,6.217,1.652,46.325,14
0.294,0.92,0.261,0.203,0.108,6.621,7.354,0.787,7.013,1.721,0.294,0.92,0.261,0.203,0.108,6.621,7.354,0.787,7.013,1.721,48.662,14
0.281,0.967,0.246,0.173,0.122,6.505,6.763,0.892,6.393,1.262,0.281,0.967,0.246,0.173,0.122,6.505,6.763,0.892,6.393,1.262,49.031,14
0.295,0.953,0.253,0.199,0.123,6.161,6.51,0.772,6.252,1.688,0.295,0.953,0.253,0.199,0.123,6.161,6.51,0.772,6.252,1.688,46.098,14
0.287,0.922,0.253,0.177,0.117,6.395,7.103,0.779,6.67,1.867,0.287,0.922,0.253,0.177,0.117,6.395,7.103,0.779,6.67,1.867,48.836,14
0.299,0.873,0.268,0.19,0.113,6.029,7.179,0.807,6.722,2.623,0.299,0.873,0.268,0.19,0.113,6.029,7.179,0.807,6.722,2.623,48.508,14
0.318,0.965,0.279,0.201,0.125,6.114,6.422,0.752,5.993,1.69,0.318,0.965,0.279,0.201,0.125,6.114,6.422,0.752,5.993,1.69,47.676,14
0.307,1.067,0.283,0.214,0.125,6.822,6.271,0.894,5.914,1.132,0.307,1.067,0.283,0.214,0.125,6.822,6.271,0.894,5.914,1.132,50.448,14
0.3,0.891,0.271,0.19,0.118,5.947,6.91,0.794,6.435,2.313,0.3,0.891,0.271,0.19,0.118,5.947,6.91,0.794,6.435,2.313,47.518,14
0.297,0.928,0.259,0.191,0.111,6.643,7.32,0.799,6.956,2.122,0.297,0.928,0.259,0.191,0.111,6.643,7.32,0.799,6.956,2.122,46.573,14
0.297,0.854,0.267,0.198,0.113,5.839,7.104,0.828,6.72,2.808,0.297,0.854,0.267,0.198,0.113,5.839,7.104,0.828,6.72,2.808,47.854,14
0.365,1.049,0.305,0.239,0.142,5.726,5.371,0.733,5.072,1.224,0.365,1.049,0.305,0.239,0.142,5.726,5.371,0.733,5.072,1.224,45.541,14
0.3,0.975,0.266,0.191,0.128,6.154,6.341,0.778,5.933,1.549,0.3,0.975,0.266,0.191,0.128,6.154,6.341,0.778,5.933,1.549,49.477,14
0.315,0.961,0.254,0.2,0.132,5.796,6.088,0.673,5.86,1.444,0.315,0.961,0.254,0.2,0.132,5.796,6.088,0.673,5.86,1.444,46.573,14
0.302,0.958,0.254,0.188,0.134,5.766,6.068,0.756,5.793,1.519,0.302,0.958,0.254,0.188,0.134,5.766,6.068,0.756,5.793,1.519,49.031,14
0.315,0.993,0.261,0.203,0.151,5.293,5.286,0.798,5.075,1.304,0.315,0.993,0.261,0.203,0.151,5.293,5.286,0.798,5.075,1.304,48.836,14
0.296,0.964,0.257,0.18,0.127,6.165,6.458,0.77,6.073,1.715,0.296,0.964,0.257,0.18,0.127,6.165,6.458,0.77,6.073,1.715,48.662,14
0.295,0.938,0.248,0.193,0.121,6.152,6.654,0.793,6.47,1.863,0.295,0.938,0.248,0.193,0.121,6.152,6.654,0.793,6.47,1.863,46.53,14
0.287,0.954,0.23,0.175,0.137,5.694,6.005,0.696,5.79,1.466,0.287,0.954,0.23,0.175,0.137,5.694,6.005,0.696,5.79,1.466,49.031,14
0.309,0.943,0.267,0.208,0.128,5.767,6.181,0.793,5.93,1.812,0.309,0.943,0.267,0.208,0.128,5.767,6.181,0.793,5.93,1.812,48.508,14
0.3,0.949,0.26,0.192,0.126,6.022,6.443,0.738,6.135,1.601,0.3,0.949,0.26,0.192,0.126,6.022,6.443,0.738,6.135,1.601,49.649,14
0.303,0.952,0.269,0.205,0.115,6.516,6.949,0.838,6.656,1.671,0.303,0.952,0.269,0.205,0.115,6.516,6.949,0.838,6.656,1.671,49.477,14
0.304,0.932,0.26,0.194,0.119,6.213,6.802,0.807,6.533,1.963,0.304,0.932,0.26,0.194,0.119,6.213,6.802,0.807,6.533,1.963,47.854,14
0.316,0.879,0.275,0.208,0.12,5.621,6.664,0.762,6.366,2.292,0.316,0.879,0.275,0.208,0.12,5.621,6.664,0.762,6.366,2.292,47.854,14
0.302,0.961,0.266,0.192,0.121,6.371,6.729,0.747,6.336,1.847,0.302,0.961,0.266,0.192,0.121,6.371,6.729,0.747,6.336,1.847,49.477,14
0.326,0.954,0.285,0.213,0.131,5.68,6.037,0.765,5.713,1.665,0.326,0.954,0.285,0.213,0.131,5.68,6.037,0.765,5.713,1.665,49.477,14
0.303,0.96,0.266,0.205,0.114,6.648,6.997,0.868,6.742,1.8,0.303,0.96,0.266,0.205,0.114,6.648,6.997,0.868,6.742,1.8,51.923,14
1.918,2.561,0.806,0.826,1.238,1.404,0.306,0.169,0.178,1.321,1.918,2.561,0.806,0.826,1.238,1.404,0.306,0.169,0.178,1.321,120.354,15
1.854,2.436,0.791,0.777,1.295,1.295,0.359,0.191,0.192,1.162,1.854,2.436,0.791,0.777,1.295,1.295,0.359,0.191,0.192,1.162,117.184,15
1.97,2.591,0.792,0.806,1.335,1.344,0.319,0.164,0.185,1.247,1.97,2.591,0.792,0.806,1.335,1.344,0.319,0.164,0.185,1.247,116.726,15
1.864,2.481,0.788,0.797,1.253,1.355,0.351,0.184,0.199,1.236,1.864,2.481,0.788,0.797,1.253,1.355,0.351,0.184,0.199,1.236,118.962,15
1.921,2.535,0.802,0.816,1.335,1.306,0.348,0.196,0.18,1.197,1.921,2.535,0.802,0.816,1.335,1.306,0.348,0.196,0.18,1.197,120.308,15
1.888,2.468,0.779,0.802,1.312,1.288,0.358,0.178,0.21,1.168,1.888,2.468,0.779,0.802,1.312,1.288,0.358,0.178,0.21,1.168,121.655,15
1.983,2.67,0.786,0.788,1.415,1.345,0.341,0.185,0.181,1.23,1.983,2.67,0.786,0.788,1.415,1.345,0.341,0.185,0.181,1.23,117.618,15
1.887,2.507,0.798,0.783,1.287,1.348,0.33,0.176,0.18,1.22,1.887,2.507,0.798,0.783,1.287,1.348,0.33,0.176,0.18,1.22,115.836,15
1.897,2.486,0.795,0.81,1.271,1.327,0.341,0.197,0.183,1.228,1.897,2.486,0.795,0.81,1.271,1.327,0.341,0.197,0.183,1.228,117.171,15
1.894,2.473,0.788,0.791,1.296,1.308,0.354,0.186,0.195,1.197,1.894,2.473,0.788,0.791,1.296,1.308,0.354,0.186,0.195,1.197,118.512,15
1.795,2.389,0.778,0.767,1.208,1.352,0.371,0.182,0.216,1.213,1.795,2.389,0.778,0.767,1.208,1.352,0.371,0.182,0.216,1.213,116.276,15
2.036,2.835,0.805,0.826,1.426,1.427,0.322,0.18,0.169,1.322,2.036,2.835,0.805,0.826,1.426,1.427,0.322,0.18,0.169,1.322,117.618,15
1.907,2.614,0.798,0.828,1.267,1.418,0.318,0.164,0.191,1.321,1.907,2.614,0.798,0.828,1.267,1.418,0.318,0.164,0.191,1.321,114.039,15
1.958,2.669,0.776,0.808,1.393,1.355,0.347,0.189,0.192,1.242,1.958,2.669,0.776,0.808,1.393,1.355,0.347,0.189,0.192,1.242,113.146,15
1.898,2.584,0.789,0.763,1.315,1.396,0.35,0.196,0.181,1.256,1.898,2.584,0.789,0.763,1.315,1.396,0.35,0.196,0.181,1.256,114.495,15
1.851,2.513,0.779,0.761,1.274,1.385,0.368,0.206,0.194,1.248,1.851,2.513,0.779,0.761,1.274,1.385,0.368,0.206,0.194,1.248,114.495,15
1.827,2.439,0.782,0.758,1.272,1.337,0.359,0.171,0.207,1.175,1.827,2.439,0.782,0.758,1.272,1.337,0.359,0.171,0.207,1.175,114.495,15
1.822,2.44,0.817,0.811,1.172,1.398,0.358,0.213,0.178,1.289,1.822,2.44,0.817,0.811,1.172,1.398,0.358,0.213,0.178,1.289,116.778,15
1.765,2.363,0.741,0.748,1.193,1.365,0.404,0.215,0.237,1.216,1.765,2.363,0.741,0.748,1.193,1.365,0.404,0.215,0.237,1.216,113.159,15
1.829,2.365,0.763,0.75,1.261,1.292,0.37,0.189,0.213,1.139,1.829,2.365,0.763,0.75,1.261,1.292,0.37,0.189,0.213,1.139,115.832,15
1.848,2.441,0.798,0.758,1.281,1.327,0.357,0.178,0.193,1.174,1.848,2.441,0.798,0.758,1.281,1.327,0.357,0.178,0.193,1.174,114.495,15
1.821,2.494,0.749,0.727,1.3,1.377,0.39,0.201,0.218,1.205,1.821,2.494,0.749,0.727,1.3,1.377,0.39,0.201,0.218,1.205,112.259,15
1.726,2.297,0.779,0.772,1.129,1.359,0.411,0.239,0.215,1.234,1.726,2.297,0.779,0.772,1.129,1.359,0.411,0.239,0.215,1.234,112.308,15
1.805,2.421,0.743,0.709,1.249,1.378,0.387,0.173,0.236,1.206,1.805,2.421,0.743,0.709,1.249,1.378,0.387,0.173,0.236,1.206,114.495,15
1.835,2.454,0.776,0.773,1.278,1.334,0.38,0.196,0.21,1.191,1.835,2.454,0.776,0.773,1.278,1.334,0.38,0.196,0.21,1.191,112.308,15
1.732,2.252,0.761,0.699,1.168,1.334,0.399,0.204,0.221,1.155,1.732,2.252,0.761,0.699,1.168,1.334,0.399,0.204,0.221,1.155,114.543,15
1.794,2.397,0.775,0.764,1.193,1.376,0.366,0.183,0.215,1.233,1.794,2.397,0.775,0.764,1.193,1.376,0.366,0.183,0.215,1.233,113.635,15
1.74,2.327,0.804,0.746,1.106,1.431,0.349,0.177,0.194,1.272,1.74,2.327,0.804,0.746,1.106,1.431,0.349,0.177,0.194,1.272,113.159,15
1.839,2.42,0.772,0.74,1.263,1.339,0.356,0.173,0.206,1.176,1.839,2.42,0.772,0.74,1.263,1.339,0.356,0.173,0.206,1.176,113.635,15
1.745,2.328,0.772,0.769,1.129,1.385,0.361,0.183,0.221,1.241,1.745,2.328,0.772,0.769,1.129,1.385,0.361,0.183,0.221,1.241,112.308,15
1.772,2.353,0.762,0.721,1.222,1.344,0.396,0.193,0.224,1.183,1.772,2.353,0.762,0.721,1.222,1.344,0.396,0.193,0.224,1.183,112.699,15
1.761,2.365,0.769,0.739,1.197,1.368,0.383,0.176,0.227,1.2,1.761,2.365,0.769,0.739,1.197,1.368,0.383,0.176,0.227,1.2,113.159,15
1.804,2.352,0.778,0.763,1.233,1.302,0.355,0.183,0.203,1.141,1.804,2.352,0.778,0.763,1.233,1.302,0.355,0.183,0.203,1.141,115.039,15
1.798,2.396,0.757,0.75,1.226,1.354,0.381,0.205,0.217,1.2,1.798,2.396,0.757,0.75,1.226,1.354,0.381,0.205,0.217,1.2,114.965,15
1.843,2.406,0.775,0.779,1.258,1.306,0.344,0.183,0.2,1.162,1.843,2.406,0.775,0.779,1.258,1.306,0.344,0.183,0.2,1.162,115.871,15
1.831,2.39,0.769,0.748,1.278,1.299,0.383,0.194,0.213,1.151,1.831,2.39,0.769,0.748,1.278,1.299,0.383,0.194,0.213,1.151,116.297,15
1.904,2.487,0.798,0.77,1.28,1.345,0.31,0.162,0.175,1.21,1.904,2.487,0.798,0.77,1.28,1.345,0.31,0.162,0.175,1.21,116.297,15
1.887,2.494,0.804,0.78,1.266,1.36,0.321,0.164,0.179,1.225,1.887,2.494,0.804,0.78,1.266,1.36,0.321,0.164,0.179,1.225,119.407,15
1.786,2.426,0.793,0.755,1.207,1.393,0.399,0.216,0.203,1.259,1.786,2.426,0.793,0.755,1.207,1.393,0.399,0.216,0.203,1.259,114.061,15
1.869,2.425,0.793,0.761,1.274,1.312,0.347,0.177,0.19,1.183,1.869,2.425,0.793,0.761,1.274,1.312,0.347,0.177,0.19,1.183,118.512,15
1.844,2.404,0.817,0.802,1.217,1.325,0.334,0.174,0.181,1.204,1.844,2.404,0.817,0.802,1.217,1.325,0.334,0.174,0.181,1.204,117.201,15
1.846,2.452,0.812,0.772,1.237,1.365,0.338,0.171,0.182,1.227,1.846,2.452,0.812,0.772,1.237,1.365,0.338,0.171,0.182,1.227,115.395,15
1.799,2.398,0.799,0.789,1.217,1.336,0.372,0.204,0.195,1.206,1.799,2.398,0.799,0.789,1.217,1.336,0.372,0.204,0.195,1.206,115.039,15
1.838,2.43,0.788,0.775,1.256,1.332,0.355,0.163,0.211,1.186,1.838,2.43,0.788,0.775,1.256,1.332,0.355,0.163,0.211,1.186,117.201,15
1.727,2.316,0.776,0.738,1.16,1.368,0.407,0.202,0.226,1.212,1.727,2.316,0.776,0.738,1.16,1.368,0.407,0.202,0.226,1.212,113.635,15
1.839,2.406,0.801,0.758,1.257,1.321,0.364,0.185,0.193,1.181,1.839,2.406,0.801,0.758,1.257,1.321,0.364,0.185,0.193,1.181,114.061,15
1.755,2.322,0.774,0.727,1.181,1.36,0.385,0.188,0.218,1.182,1.755,2.322,0.774,0.727,1.181,1.36,0.385,0.188,0.218,1.182,116.73,15
1.905,2.502,0.782,0.791,1.328,1.304,0.34,0.161,0.204,1.175,1.905,2.502,0.782,0.791,1.328,1.304,0.34,0.161,0.204,1.175,114.039,15
1.902,2.538,0.804,0.804,1.273,1.372,0.316,0.168,0.179,1.245,1.902,2.538,0.804,0.804,1.273,1.372,0.316,0.168,0.179,1.245,114.965,15
1.792,2.395,0.759,0.74,1.209,1.374,0.378,0.18,0.227,1.229,1.792,2.395,0.759,0.74,1.209,1.374,0.378,0.18,0.227,1.229,114.543,15
1.862,2.423,0.799,0.793,1.236,1.324,0.355,0.212,0.18,1.226,1.862,2.423,0.799,0.793,1.236,1.324,0.355,0.212,0.18,1.226,114.061,15
1.762,2.666,0.859,1.017,0.82,2.097,0.172,0.243,0.172,2.208,1.762,2.666,0.859,1.017,0.82,2.097,0.172,0.243,0.172,2.208,72.18,16
1.546,2.443,0.881,0.982,0.571,2.609,0.264,0.257,0.218,2.694,1.546,2.443,0.881,0.982,0.571,2.609,0.264,0.257,0.218,2.694,75.007,16
0.881,1.337,0.443,0.509,0.414,2.097,1.258,0.187,1.445,0.839,0.881,1.337,0.443,0.509,0.414,2.097,1.258,0.187,1.445,0.839,72.18,16
0.587,0.932,0.314,0.349,0.269,2.295,2.503,0.277,2.746,0.335,0.587,0.932,0.314,0.349,0.269,2.295,2.503,0.277,2.746,0.335,72.835,16
0.783,1.077,0.382,0.395,0.409,1.729,1.535,0.167,1.65,0.195,0.783,1.077,0.382,0.395,0.409,1.729,1.535,0.167,1.65,0.195,62.37,16
1.751,2.659,0.824,1.354,0.426,3.121,1.185,1.458,0.414,4.244,1.751,2.659,0.824,1.354,0.426,3.121,1.185,1.458,0.414,4.244,72.863,16
0.816,1.187,0.363,0.494,0.339,2.097,1.529,0.529,2.039,0.572,0.816,1.187,0.363,0.494,0.339,2.097,1.529,0.529,2.039,0.572,68.768,16
1.039,1.51,0.539,0.607,0.467,2.016,0.92,0.232,1.145,1.103,1.039,1.51,0.539,0.607,0.467,2.016,0.92,0.232,1.145,1.103,72.125,16
1.72,2.666,0.815,1.302,0.423,3.25,1.078,1.324,0.443,4.215,1.72,2.666,0.815,1.302,0.423,3.25,1.078,1.324,0.443,4.215,72.18,16
1.707,2.463,0.856,1.227,0.484,2.593,0.777,0.898,0.313,3.281,1.707,2.463,0.856,1.227,0.484,2.593,0.777,0.898,0.313,3.281,74.25,16
1.73,2.511,0.851,1.651,0.097,8.886,8.736,9.469,1.587,17.25,1.73,2.511,0.851,1.651,0.097,8.886,8.736,9.469,1.587,17.25,72.863,16
1.7,2.423,0.838,1.284,0.422,2.756,1.06,1.284,0.384,3.737,1.7,2.423,0.838,1.284,0.422,2.756,1.06,1.284,0.384,3.737,70.711,16
1.717,2.476,0.836,1.222,0.511,2.51,0.653,0.857,0.324,3.114,1.717,2.476,0.836,1.222,0.511,2.51,0.653,0.857,0.324,3.114,72.835,16
1.696,2.483,0.877,1.725,0.136,5.579,6.403,7.072,0.906,11.718,1.696,2.483,0.877,1.725,0.136,5.579,6.403,7.072,0.906,11.718,78.568,16
1.562,2.394,0.864,0.97,0.614,2.387,0.199,0.201,0.236,2.434,1.562,2.394,0.864,0.97,0.614,2.387,0.199,0.201,0.236,2.434,76.577,16
1.597,2.295,0.842,1.012,0.623,2.138,0.27,0.355,0.255,2.295,1.597,2.295,0.842,1.012,0.623,2.138,0.27,0.355,0.255,2.295,73.539,16
1.615,2.418,0.841,1.548,0.093,9.505,7.476,8.515,1.754,16.791,1.615,2.418,0.841,1.548,0.093,9.505,7.476,8.515,1.754,16.791,76.381,16
1.566,2.318,0.842,1.059,0.538,2.436,0.337,0.486,0.295,2.695,1.566,2.318,0.842,1.059,0.538,2.436,0.337,0.486,0.295,2.695,75.743,16
1.634,2.557,0.829,1.225,0.46,2.986,0.711,0.962,0.373,3.662,1.634,2.557,0.829,1.225,0.46,2.986,0.711,0.962,0.373,3.662,74.967,16
1.388,1.95,0.677,0.853,0.561,2.023,0.262,0.423,0.642,1.798,1.388,1.95,0.677,0.853,0.561,2.023,0.262,0.423,0.642,1.798,66.528,16
0.79,1.235,0.416,0.492,0.318,2.414,1.644,0.302,1.938,0.78,0.79,1.235,0.416,0.492,0.318,2.414,1.644,0.302,1.938,0.78,74.277,16
1.623,2.571,0.85,0.985,0.673,2.424,0.256,0.311,0.223,2.53,1.623,2.571,0.85,0.985,0.673,2.424,0.256,0.311,0.223,2.53,71.449,16
1.47,2.27,0.792,0.911,0.598,2.391,0.214,0.293,0.357,2.355,1.47,2.27,0.792,0.911,0.598,2.391,0.214,0.293,0.357,2.355,74.411,16
1.13,1.776,0.662,0.708,0.447,2.484,0.715,0.161,0.869,1.771,1.13,1.776,0.662,0.708,0.447,2.484,0.715,0.161,0.869,1.771,74.411,16
1.657,2.371,0.84,1.213,0.476,2.497,0.721,0.922,0.338,3.157,1.657,2.371,0.84,1.213,0.476,2.497,0.721,0.922,0.338,3.157,68.884,16
1.642,2.384,0.823,1.085,0.589,2.288,0.435,0.568,0.301,2.633,1.642,2.384,0.823,1.085,0.589,2.288,0.435,0.568,0.301,2.633,70.767,16
1.568,2.393,0.865,1.037,0.547,2.542,0.211,0.339,0.254,2.687,1.568,2.393,0.865,1.037,0.547,2.542,0.211,0.339,0.254,2.687,75.822,16
1.587,2.336,0.831,1.021,0.607,2.257,0.163,0.338,0.28,2.364,1.587,2.336,0.831,1.021,0.607,2.257,0.163,0.338,0.28,2.364,75.166,16
1.57,2.339,0.855,0.994,0.611,2.282,0.196,0.283,0.239,2.37,1.57,2.339,0.855,0.994,0.611,2.282,0.196,0.283,0.239,2.37,77.987,16
1.565,2.454,0.856,1.005,0.576,2.574,0.268,0.35,0.25,2.7,1.565,2.454,0.856,1.005,0.576,2.574,0.268,0.35,0.25,2.7,71.84,16
1.637,2.419,0.843,0.966,0.703,2.146,0.204,0.238,0.224,2.21,1.637,2.419,0.843,0.966,0.703,2.146,0.204,0.238,0.224,2.21,70.725,16
1.546,2.468,0.858,1.02,0.561,2.667,0.172,0.318,0.254,2.776,1.546,2.468,0.858,1.02,0.561,2.667,0.172,0.318,0.254,2.776,73.661,16
1.594,2.499,0.847,0.936,0.667,2.391,0.241,0.222,0.231,2.402,1.594,2.499,0.847,0.936,0.667,2.391,0.241,0.222,0.231,2.402,70.178,16
1.618,2.591,0.846,1.208,0.422,3.34,0.931,1.056,0.378,4.152,1.618,2.591,0.846,1.208,0.422,3.34,0.931,1.056,0.378,4.152,73.593,16
1.036,1.691,0.558,0.648,0.407,2.613,0.924,0.321,1.235,1.702,1.036,1.691,0.558,0.648,0.407,2.613,0.924,0.321,1.235,1.702,71.449,16
1.143,1.663,0.6,0.641,0.538,1.958,0.731,0.171,0.886,1.237,1.143,1.663,0.6,0.641,0.538,1.958,0.731,0.171,0.886,1.237,67.209,16
1.667,2.595,0.87,1.028,0.697,2.342,0.205,0.266,0.194,2.482,1.667,2.595,0.87,1.028,0.697,2.342,0.205,0.266,0.194,2.482,70.093,16
1.529,2.309,0.845,1.106,0.458,2.737,0.537,0.695,0.341,3.192,1.529,2.309,0.845,1.106,0.458,2.737,0.537,0.695,0.341,3.192,72.139,16
1.457,2.264,0.846,1.094,0.42,2.921,0.504,0.728,0.368,3.356,1.457,2.264,0.846,1.094,0.42,2.921,0.504,0.728,0.368,3.356,76.381,16
1.583,2.421,0.819,1.181,0.514,2.625,0.433,0.749,0.353,3.058,1.583,2.421,0.819,1.181,0.514,2.625,0.433,0.749,0.353,3.058,70.711,16
1.617,2.624,0.892,1.108,0.569,2.819,0.337,0.441,0.193,3.135,1.617,2.624,0.892,1.108,0.569,2.819,0.337,0.441,0.193,3.135,72.125,16
1.58,2.568,0.858,1.191,0.441,3.345,0.663,0.893,0.323,3.995,1.58,2.568,0.858,1.191,0.441,3.345,0.663,0.893,0.323,3.995,73.593,16
1.624,2.553,0.856,1.026,0.692,2.39,0.054,0.253,0.21,2.443,1.624,2.553,0.856,1.026,0.692,2.39,0.054,0.253,0.21,2.443,70.007,16
1.532,2.454,0.861,0.977,0.604,2.576,0.133,0.239,0.232,2.612,1.532,2.454,0.861,0.977,0.604,2.576,0.133,0.239,0.232,2.612,72.18,16
1.578,2.409,0.86,1.038,0.593,2.479,0.164,0.348,0.238,2.621,1.578,2.409,0.86,1.038,0.593,2.479,0.164,0.348,0.238,2.621,70.767,16
1.606,2.35,0.86,1.159,0.494,2.544,0.478,0.711,0.286,3.006,1.606,2.35,0.86,1.159,0.494,2.544,0.478,0.711,0.286,3.006,70.007,16
1.598,2.35,0.849,1.186,0.471,2.67,0.613,0.862,0.324,3.27,1.598,2.35,0.849,1.186,0.471,2.67,0.613,0.862,0.324,3.27,70.036,16
1.607,2.429,0.856,1.196,0.507,2.656,0.487,0.75,0.289,3.143,1.607,2.429,0.856,1.196,0.507,2.656,0.487,0.75,0.289,3.143,73.553,16
1.568,2.409,0.859,1.027,0.58,2.518,0.225,0.349,0.244,2.681,1.568,2.409,0.859,1.027,0.58,2.518,0.225,0.349,0.244,2.681,74.277,16
1.566,2.34,0.857,1.121,0.504,2.6,0.377,0.63,0.294,2.966,1.566,2.34,0.857,1.121,0.504,2.6,0.377,0.63,0.294,2.966,73.593,16
0.513,0.957,0.95,0.79,0.355,0.482,0.602,0.452,0.169,0.122,0.513,0.957,0.95,0.79,0.355,0.482,0.602,0.452,0.169,0.122,25.456,17
0.503,0.95,0.937,0.772,0.351,0.517,0.655,0.47,0.193,0.142,0.503,0.95,0.937,0.772,0.351,0.517,0.655,0.47,0.193,0.142,22.804,17
0.539,0.96,0.986,0.831,0.373,0.383,0.527,0.42,0.228,0.155,0.539,0.96,0.986,0.831,0.373,0.383,0.527,0.42,0.228,0.155,21.213,17
0.521,0.941,0.962,0.797,0.356,0.441,0.614,0.463,0.259,0.173,0.521,0.941,0.962,0.797,0.356,0.441,0.614,0.463,0.259,0.173,23.345,17
0.506,0.947,0.939,0.786,0.355,0.459,0.603,0.43,0.173,0.16,0.506,0.947,0.939,0.786,0.355,0.459,0.603,0.43,0.173,0.16,24.759,17
0.52,0.943,0.963,0.805,0.354,0.421,0.567,0.449,0.148,0.163,0.52,0.943,0.963,0.805,0.354,0.421,0.567,0.449,0.148,0.163,21.213,17
0.529,0.95,0.954,0.806,0.357,0.414,0.55,0.416,0.147,0.142,0.529,0.95,0.954,0.806,0.357,0.414,0.55,0.416,0.147,0.142,25.456,17
0.516,0.945,0.958,0.781,0.348,0.491,0.646,0.511,0.174,0.158,0.516,0.945,0.958,0.781,0.348,0.491,0.646,0.511,0.174,0.158,24.083,17
0.516,0.951,0.963,0.81,0.378,0.394,0.521,0.408,0.149,0.131,0.516,0.951,0.963,0.81,0.378,0.394,0.521,0.408,0.149,0.131,25.612,17
0.504,0.929,0.942,0.784,0.35,0.432,0.62,0.452,0.173,0.215,0.504,0.929,0.942,0.784,0.35,0.432,0.62,0.452,0.173,0.215,23.324,17
0.52,0.974,0.966,0.817,0.373,0.43,0.526,0.4,0.202,0.129,0.52,0.974,0.966,0.817,0.373,0.43,0.526,0.4,0.202,0.129,22.627,17
0.504,0.935,0.952,0.784,0.343,0.461,0.632,0.489,0.181,0.205,0.504,0.935,0.952,0.784,0.343,0.461,0.632,0.489,0.181,0.205,24.083,17
0.527,0.933,0.96,0.809,0.361,0.399,0.57,0.42,0.202,0.185,0.527,0.933,0.96,0.809,0.361,0.399,0.57,0.42,0.202,0.185,22.672,17
0.538,1.01,1.002,0.839,0.371,0.468,0.523,0.44,0.303,0.234,0.538,1.01,1.002,0.839,0.371,0.468,0.523,0.44,0.303,0.234,19.799,17
0.524,0.955,0.966,0.809,0.356,0.428,0.569,0.443,0.18,0.145,0.524,0.955,0.966,0.809,0.356,0.428,0.569,0.443,0.18,0.145,20.616,17
0.505,0.944,0.957,0.791,0.356,0.442,0.593,0.465,0.152,0.161,0.505,0.944,0.957,0.791,0.356,0.442,0.593,0.465,0.152,0.161,18.601,17
0.519,0.932,0.95,0.789,0.343,0.431,0.62,0.469,0.159,0.201,0.519,0.932,0.95,0.789,0.343,0.431,0.62,0.469,0.159,0.201,22.672,17
0.513,0.945,0.97,0.812,0.373,0.375,0.518,0.425,0.137,0.146,0.513,0.945,0.97,0.812,0.373,0.375,0.518,0.425,0.137,0.146,23.854,17
0.496,0.926,0.951,0.793,0.356,0.396,0.587,0.445,0.15,0.219,0.496,0.926,0.951,0.793,0.356,0.396,0.587,0.445,0.15,0.219,23.431,17
0.517,0.938,0.967,0.826,0.388,0.328,0.468,0.371,0.104,0.161,0.517,0.938,0.967,0.826,0.388,0.328,0.468,0.371,0.104,0.161,21.932,17
0.53,0.939,0.977,0.839,0.385,0.318,0.46,0.364,0.149,0.159,0.53,0.939,0.977,0.839,0.385,0.318,0.46,0.364,0.149,0.159,23.022,17
0.533,0.961,0.986,0.825,0.37,0.42,0.579,0.442,0.286,0.174,0.533,0.961,0.986,0.825,0.37,0.42,0.579,0.442,0.286,0.174,21.932,17
0.531,0.946,0.97,0.821,0.368,0.365,0.505,0.406,0.137,0.146,0.531,0.946,0.97,0.821,0.368,0.365,0.505,0.406,0.137,0.146,24.083,17
0.526,0.95,0.962,0.804,0.359,0.434,0.564,0.443,0.137,0.14,0.526,0.95,0.962,0.804,0.359,0.434,0.564,0.443,0.137,0.14,25.456,17
0.522,0.96,0.969,0.806,0.365,0.458,0.577,0.446,0.228,0.119,0.522,0.96,0.969,0.806,0.365,0.458,0.577,0.446,0.228,0.119,25.495,17
0.514,0.938,0.975,0.809,0.363,0.376,0.532,0.459,0.103,0.18,0.514,0.938,0.975,0.809,0.363,0.376,0.532,0.459,0.103,0.18,24.083,17
0.519,0.943,0.968,0.819,0.374,0.361,0.496,0.401,0.107,0.158,0.519,0.943,0.968,0.819,0.374,0.361,0.496,0.401,0.107,0.158,21.932,17
0.524,0.934,0.971,0.825,0.373,0.341,0.499,0.396,0.146,0.177,0.524,0.934,0.971,0.825,0.373,0.341,0.499,0.396,0.146,0.177,24.083,17
0.52,0.94,0.969,0.817,0.37,0.374,0.528,0.422,0.127,0.163,0.52,0.94,0.969,0.817,0.37,0.374,0.528,0.422,0.127,0.163,21.26,17
0.528,0.916,0.958,0.809,0.358,0.425,0.574,0.425,0.181,0.26,0.528,0.916,0.958,0.809,0.358,0.425,0.574,0.425,0.181,0.26,24.839,17
0.524,0.948,0.969,0.818,0.361,0.389,0.513,0.419,0.119,0.156,0.524,0.948,0.969,0.818,0.361,0.389,0.513,0.419,0.119,0.156,21.401,17
0.52,0.938,0.95,0.807,0.358,0.394,0.554,0.403,0.159,0.175,0.52,0.938,0.95,0.807,0.358,0.394,0.554,0.403,0.159,0.175,24.083,17
0.53,0.942,0.955,0.809,0.355,0.405,0.551,0.414,0.147,0.169,0.53,0.942,0.955,0.809,0.355,0.405,0.551,0.414,0.147,0.169,20.809,17
0.521,0.93,0.963,0.804,0.357,0.387,0.561,0.447,0.146,0.205,0.521,0.93,0.963,0.804,0.357,0.387,0.561,0.447,0.146,0.205,21.401,17
0.524,0.937,0.972,0.815,0.368,0.39,0.531,0.429,0.164,0.177,0.524,0.937,0.972,0.815,0.368,0.39,0.531,0.429,0.164,0.177,26.627,17
0.524,0.937,0.969,0.818,0.365,0.361,0.514,0.417,0.129,0.178,0.524,0.937,0.969,0.818,0.365,0.361,0.514,0.417,0.129,0.178,22.672,17
0.51,0.949,0.967,0.816,0.377,0.381,0.502,0.405,0.108,0.138,0.51,0.949,0.967,0.816,0.377,0.381,0.502,0.405,0.108,0.138,22.672,17
0.504,0.938,0.969,0.805,0.375,0.377,0.535,0.439,0.126,0.165,0.504,0.938,0.969,0.805,0.375,0.377,0.535,0.439,0.126,0.165,24.759,17
0.515,0.943,0.961,0.808,0.366,0.391,0.537,0.42,0.128,0.159,0.515,0.943,0.961,0.808,0.366,0.391,0.537,0.42,0.128,0.159,21.213,17
0.509,0.938,0.956,0.81,0.379,0.355,0.512,0.387,0.143,0.163,0.509,0.938,0.956,0.81,0.379,0.355,0.512,0.387,0.143,0.163,24.839,17
0.524,0.948,0.951,0.8,0.359,0.463,0.583,0.426,0.175,0.152,0.524,0.948,0.951,0.8,0.359,0.463,0.583,0.426,0.175,0.152,23.431,17
0.537,0.941,0.983,0.832,0.369,0.405,0.58,0.415,0.31,0.179,0.537,0.941,0.983,0.832,0.369,0.405,0.58,0.415,0.31,0.179,21.932,17
0.512,0.933,0.958,0.804,0.358,0.389,0.564,0.433,0.156,0.189,0.512,0.933,0.958,0.804,0.358,0.389,0.564,0.433,0.156,0.189,19.209,17
0.522,0.95,0.951,0.801,0.361,0.449,0.576,0.421,0.173,0.139,0.522,0.95,0.951,0.801,0.361,0.449,0.576,0.421,0.173,0.139,23.022,17
0.502,0.957,0.949,0.791,0.361,0.47,0.587,0.439,0.159,0.119,0.502,0.957,0.949,0.791,0.361,0.47,0.587,0.439,0.159,0.119,21.213,17
0.529,0.952,0.97,0.818,0.367,0.387,0.518,0.416,0.141,0.133,0.529,0.952,0.97,0.818,0.367,0.387,0.518,0.416,0.141,0.133,23.431,17
0.523,0.924,0.959,0.796,0.35,0.439,0.606,0.467,0.183,0.239,0.523,0.924,0.959,0.796,0.35,0.439,0.606,0.467,0.183,0.239,20.809,17
0.531,1.016,1.014,0.839,0.383,0.484,0.61,0.464,0.414,0.331,0.531,1.016,1.014,0.839,0.383,0.484,0.61,0.464,0.414,0.331,24.207,17
0.52,0.937,0.956,0.807,0.361,0.394,0.548,0.415,0.142,0.179,0.52,0.937,0.956,0.807,0.361,0.394,0.548,0.415,0.142,0.179,24.042,17
0.515,0.95,0.951,0.795,0.353,0.466,0.595,0.443,0.167,0.145,0.515,0.95,0.951,0.795,0.353,0.466,0.595,0.443,0.167,0.145,24.042,17
0.508,0.945,0.95,0.79,0.353,0.455,0.603,0.455,0.159,0.159,0.508,0.945,0.95,0.79,0.353,0.455,0.603,0.455,0.159,0.159,19.105,17
1.701,2.282,0.773,0.623,1.081,1.57,0.351,0.14,0.211,1.235,1.701,2.282,0.773,0.623,1.081,1.57,0.351,0.14,0.211,1.235,94.048,18
1.727,2.235,0.791,0.668,1.061,1.53,0.32,0.124,0.197,1.221,1.727,2.235,0.791,0.668,1.061,1.53,0.32,0.124,0.197,1.221,94.726,18
1.705,2.272,0.787,0.67,1.035,1.602,0.326,0.124,0.206,1.286,1.705,2.272,0.787,0.67,1.035,1.602,0.326,0.124,0.206,1.286,93.215,18
1.635,2.202,0.806,0.664,0.972,1.635,0.35,0.148,0.202,1.301,1.635,2.202,0.806,0.664,0.972,1.635,0.35,0.148,0.202,1.301,93.771,18
1.736,2.289,0.784,0.623,1.121,1.514,0.336,0.144,0.195,1.2,1.736,2.289,0.784,0.623,1.121,1.514,0.336,0.144,0.195,1.2,93.744,18
1.689,2.15,0.806,0.663,1.027,1.494,0.335,0.14,0.195,1.168,1.689,2.15,0.806,0.663,1.027,1.494,0.335,0.14,0.195,1.168,92.396,18
1.692,2.188,0.781,0.625,1.07,1.496,0.351,0.146,0.205,1.173,1.692,2.188,0.781,0.625,1.07,1.496,0.351,0.146,0.205,1.173,91.411,18
1.735,2.195,0.791,0.7,1.035,1.507,0.3,0.104,0.202,1.215,1.735,2.195,0.791,0.7,1.035,1.507,0.3,0.104,0.202,1.215,91.005,18
1.697,2.226,0.776,0.638,1.061,1.542,0.346,0.134,0.212,1.21,1.697,2.226,0.776,0.638,1.061,1.542,0.346,0.134,0.212,1.21,93.381,18
1.663,2.163,0.793,0.628,1.037,1.52,0.362,0.16,0.203,1.173,1.663,2.163,0.793,0.628,1.037,1.52,0.362,0.16,0.203,1.173,92.396,18
1.738,2.243,0.806,0.656,1.082,1.519,0.323,0.14,0.183,1.209,1.738,2.243,0.806,0.656,1.082,1.519,0.323,0.14,0.183,1.209,91.782,18
1.644,2.173,0.795,0.643,1.001,1.585,0.364,0.156,0.208,1.237,1.644,2.173,0.795,0.643,1.001,1.585,0.364,0.156,0.208,1.237,92.071,18
1.599,1.97,0.793,0.654,0.945,1.462,0.378,0.148,0.234,1.1,1.599,1.97,0.793,0.654,0.945,1.462,0.378,0.148,0.234,1.1,95.525,18
1.657,2.217,0.79,0.632,1.025,1.594,0.361,0.154,0.206,1.261,1.657,2.217,0.79,0.632,1.025,1.594,0.361,0.154,0.206,1.261,93.059,18
1.702,2.277,0.79,0.621,1.087,1.557,0.349,0.155,0.194,1.246,1.702,2.277,0.79,0.621,1.087,1.557,0.349,0.155,0.194,1.246,92.763,18
1.652,2.23,0.804,0.639,1.013,1.616,0.36,0.164,0.196,1.274,1.652,2.23,0.804,0.639,1.013,1.616,0.36,0.164,0.196,1.274,91.924,18
1.709,2.238,0.798,0.651,1.06,1.543,0.339,0.144,0.195,1.209,1.709,2.238,0.798,0.651,1.06,1.543,0.339,0.144,0.195,1.209,92.962,18
1.702,2.253,0.78,0.654,1.048,1.574,0.333,0.12,0.213,1.262,1.702,2.253,0.78,0.654,1.048,1.574,0.333,0.12,0.213,1.262,91.241,18
1.62,2.186,0.798,0.626,0.995,1.61,0.379,0.175,0.204,1.249,1.62,2.186,0.798,0.626,0.995,1.61,0.379,0.175,0.204,1.249,90.094,18
1.649,2.211,0.8,0.654,0.995,1.623,0.353,0.15,0.203,1.289,1.649,2.211,0.8,0.654,0.995,1.623,0.353,0.15,0.203,1.289,92.071,18
1.622,2.314,0.798,0.661,0.961,1.787,0.36,0.148,0.213,1.443,1.622,2.314,0.798,0.661,0.961,1.787,0.36,0.148,0.213,1.443,91.788,18
1.66,2.265,0.791,0.625,1.037,1.627,0.366,0.162,0.205,1.276,1.66,2.265,0.791,0.625,1.037,1.627,0.366,0.162,0.205,1.276,92.071,18
1.665,2.234,0.813,0.649,1.017,1.613,0.354,0.167,0.187,1.269,1.665,2.234,0.813,0.649,1.017,1.613,0.354,0.167,0.187,1.269,92.396,18
1.63,2.137,0.793,0.629,1.001,1.556,0.379,0.17,0.21,1.187,1.63,2.137,0.793,0.629,1.001,1.556,0.379,0.17,0.21,1.187,89.805,18
1.655,2.171,0.79,0.645,1.01,1.558,0.36,0.15,0.21,1.206,1.655,2.171,0.79,0.645,1.01,1.558,0.36,0.15,0.21,1.206,89.677,18
1.699,2.17,0.789,0.642,1.062,1.472,0.337,0.139,0.199,1.162,1.699,2.17,0.789,0.642,1.062,1.472,0.337,0.139,0.199,1.162,91.411,18
1.685,2.24,0.788,0.674,1.012,1.632,0.33,0.12,0.211,1.324,1.685,2.24,0.788,0.674,1.012,1.632,0.33,0.12,0.211,1.324,89.107,18
1.67,2.132,0.795,0.625,1.047,1.482,0.366,0.163,0.205,1.124,1.67,2.132,0.795,0.625,1.047,1.482,0.366,0.163,0.205,1.124,90.255,18
1.729,2.307,0.791,0.639,1.091,1.586,0.336,0.142,0.194,1.269,1.729,2.307,0.791,0.639,1.091,1.586,0.336,0.142,0.194,1.269,89.107,18
1.626,2.197,0.79,0.632,0.997,1.61,0.369,0.159,0.212,1.278,1.626,2.197,0.79,0.632,0.997,1.61,0.369,0.159,0.212,1.278,91.924,18
1.731,2.346,0.79,0.626,1.108,1.592,0.342,0.151,0.19,1.262,1.731,2.346,0.79,0.626,1.108,1.592,0.342,0.151,0.19,1.262,91.411,18
1.67,2.35,0.796,0.648,1.023,1.71,0.35,0.147,0.204,1.37,1.67,2.35,0.796,0.648,1.023,1.71,0.35,0.147,0.204,1.37,89.677,18
1.628,2.195,0.807,0.656,0.974,1.631,0.358,0.156,0.204,1.29,1.628,2.195,0.807,0.656,0.974,1.631,0.358,0.156,0.204,1.29,91.082,18
1.642,2.141,0.798,0.637,1.006,1.545,0.364,0.162,0.202,1.205,1.642,2.141,0.798,0.637,1.006,1.545,0.364,0.162,0.202,1.205,90.255,18
1.715,2.285,0.796,0.645,1.071,1.577,0.331,0.141,0.191,1.278,1.715,2.285,0.796,0.645,1.071,1.577,0.331,0.141,0.191,1.278,88.284,18
1.667,2.234,0.788,0.631,1.038,1.591,0.362,0.155,0.207,1.242,1.667,2.234,0.788,0.631,1.038,1.591,0.362,0.155,0.207,1.242,88.284,18
1.701,2.157,0.786,0.623,1.079,1.464,0.353,0.151,0.204,1.129,1.701,2.157,0.786,0.623,1.079,1.464,0.353,0.151,0.204,1.129,89.443,18
1.681,2.251,0.77,0.63,1.054,1.582,0.352,0.139,0.219,1.298,1.681,2.251,0.77,0.63,1.054,1.582,0.352,0.139,0.219,1.298,91.411,18
1.641,2.196,0.797,0.654,0.987,1.615,0.354,0.145,0.211,1.281,1.641,2.196,0.797,0.654,0.987,1.615,0.354,0.145,0.211,1.281,91.924,18
1.625,2.209,0.807,0.678,0.947,1.697,0.356,0.15,0.207,1.351,1.625,2.209,0.807,0.678,0.947,1.697,0.356,0.15,0.207,1.351,93.059,18
1.609,2.116,0.791,0.68,0.929,1.619,0.368,0.135,0.234,1.252,1.609,2.116,0.791,0.68,0.929,1.619,0.368,0.135,0.234,1.252,90.554,18
1.687,2.226,0.804,0.663,1.025,1.585,0.339,0.146,0.193,1.255,1.687,2.226,0.804,0.663,1.025,1.585,0.339,0.146,0.193,1.255,88.685,18
1.708,2.244,0.804,0.671,1.038,1.565,0.32,0.132,0.189,1.262,1.708,2.244,0.804,0.671,1.038,1.565,0.32,0.132,0.189,1.262,87.824,18
1.621,2.199,0.798,0.667,0.955,1.653,0.351,0.138,0.213,1.325,1.621,2.199,0.798,0.667,0.955,1.653,0.351,0.138,0.213,1.325,92.542,18
1.613,2.185,0.788,0.636,0.98,1.624,0.372,0.155,0.217,1.284,1.613,2.185,0.788,0.636,0.98,1.624,0.372,0.155,0.217,1.284,97.867,18
1.705,2.211,0.794,0.65,1.057,1.52,0.332,0.137,0.195,1.225,1.705,2.211,0.794,0.65,1.057,1.52,0.332,0.137,0.195,1.225,95.189,18
1.625,2.171,0.815,0.683,0.943,1.648,0.349,0.151,0.199,1.308,1.625,2.171,0.815,0.683,0.943,1.648,0.349,0.151,0.199,1.308,99.298,18
1.645,2.152,0.805,0.673,0.974,1.581,0.345,0.146,0.201,1.248,1.645,2.152,0.805,0.673,0.974,1.581,0.345,0.146,0.201,1.248,97.862,18
1.694,2.203,0.783,0.66,1.036,1.544,0.329,0.119,0.209,1.264,1.694,2.203,0.783,0.66,1.036,1.544,0.329,0.119,0.209,1.264,96.69,18
1.651,2.221,0.803,0.639,1.017,1.595,0.356,0.162,0.195,1.268,1.651,2.221,0.803,0.639,1.017,1.595,0.356,0.162,0.195,1.268,98.478,18
1.644,2.22,0.806,0.684,0.961,1.662,0.331,0.129,0.202,1.363,1.644,2.22,0.806,0.684,0.961,1.662,0.331,0.129,0.202,1.363,96.509,18
1.43,2.127,0.797,0.637,0.991,1.681,0.493,0.263,0.233,1.19,1.43,2.127,0.797,0.637,0.991,1.681,0.493,0.263,0.233,1.19,113.772,19
1.417,2.2,0.773,0.586,0.971,1.779,0.523,0.265,0.259,1.261,1.417,2.2,0.773,0.586,0.971,1.779,0.523,0.265,0.259,1.261,113,19
1.416,2.112,0.805,0.58,0.994,1.655,0.519,0.292,0.227,1.14,1.416,2.112,0.805,0.58,0.994,1.655,0.519,0.292,0.227,1.14,110.368,19
1.562,2.099,0.794,0.595,1.167,1.388,0.43,0.223,0.207,0.962,1.562,2.099,0.794,0.595,1.167,1.388,0.43,0.223,0.207,0.962,98.184,19
1.42,2.039,0.82,0.609,0.985,1.6,0.5,0.277,0.223,1.101,1.42,2.039,0.82,0.609,0.985,1.6,0.5,0.277,0.223,1.101,109.293,19
1.55,2.105,0.765,0.556,1.166,1.427,0.472,0.242,0.23,0.961,1.55,2.105,0.765,0.556,1.166,1.427,0.472,0.242,0.23,0.961,99.408,19
1.468,2.09,0.811,0.624,0.967,1.685,0.504,0.269,0.236,1.182,1.468,2.09,0.811,0.624,0.967,1.685,0.504,0.269,0.236,1.182,114.586,19
1.543,2.074,0.808,0.645,1.125,1.401,0.43,0.226,0.205,0.979,1.543,2.074,0.808,0.645,1.125,1.401,0.43,0.226,0.205,0.979,96.187,19
1.607,2.061,0.82,0.628,1.206,1.334,0.421,0.231,0.189,0.917,1.607,2.061,0.82,0.628,1.206,1.334,0.421,0.231,0.189,0.917,92.347,19
1.476,1.9,0.795,0.599,1.046,1.36,0.483,0.251,0.233,0.881,1.476,1.9,0.795,0.599,1.046,1.36,0.483,0.251,0.233,0.881,100.717,19
1.553,2.109,0.775,0.599,1.098,1.515,0.466,0.235,0.232,1.051,1.553,2.109,0.775,0.599,1.098,1.515,0.466,0.235,0.232,1.051,106.888,19
1.559,2.015,0.801,0.603,1.175,1.289,0.437,0.228,0.209,0.869,1.559,2.015,0.801,0.603,1.175,1.289,0.437,0.228,0.209,0.869,90.2,19
1.476,2.166,0.801,0.602,1.02,1.661,0.489,0.26,0.228,1.175,1.476,2.166,0.801,0.602,1.02,1.661,0.489,0.26,0.228,1.175,106.794,19
1.49,2.083,0.802,0.615,1.067,1.5,0.468,0.242,0.225,1.039,1.49,2.083,0.802,0.615,1.067,1.5,0.468,0.242,0.225,1.039,100.245,19
1.463,2.051,0.786,0.602,1.037,1.51,0.479,0.244,0.235,1.036,1.463,2.051,0.786,0.602,1.037,1.51,0.479,0.244,0.235,1.036,99.323,19
1.578,1.46,0.789,0.602,1.184,0.816,0.42,0.206,0.214,0.4,1.578,1.46,0.789,0.602,1.184,0.816,0.42,0.206,0.214,0.4,89.202,19
1.603,1.886,0.795,0.608,1.177,1.224,0.442,0.233,0.209,0.784,1.603,1.886,0.795,0.608,1.177,1.224,0.442,0.233,0.209,0.784,97.867,19
1.605,1.616,0.81,0.604,1.212,0.951,0.428,0.235,0.193,0.527,1.605,1.616,0.81,0.604,1.212,0.951,0.428,0.235,0.193,0.527,95.755,19
1.656,1.703,0.79,0.586,1.238,1.02,0.435,0.227,0.209,0.588,1.656,1.703,0.79,0.586,1.238,1.02,0.435,0.227,0.209,0.588,95.352,19
1.721,1.308,0.788,0.591,1.35,0.648,0.392,0.203,0.189,0.257,1.721,1.308,0.788,0.591,1.35,0.648,0.392,0.203,0.189,0.257,87.824,19
1.637,2.031,0.788,0.598,1.265,1.279,0.421,0.223,0.199,0.858,1.637,2.031,0.788,0.598,1.265,1.279,0.421,0.223,0.199,0.858,95.635,19
1.591,2.062,0.82,0.623,1.171,1.385,0.455,0.24,0.217,0.937,1.591,2.062,0.82,0.623,1.171,1.385,0.455,0.24,0.217,0.937,100.717,19
1.496,2.019,0.811,0.594,1.066,1.495,0.493,0.273,0.22,1.003,1.496,2.019,0.811,0.594,1.066,1.495,0.493,0.273,0.22,1.003,107.787,19
1.661,1.98,0.827,0.632,1.254,1.237,0.413,0.229,0.185,0.826,1.661,1.98,0.827,0.632,1.254,1.237,0.413,0.229,0.185,0.826,92.779,19
1.605,1.64,0.794,0.595,1.201,0.994,0.441,0.234,0.207,0.556,1.605,1.64,0.794,0.595,1.201,0.994,0.441,0.234,0.207,0.556,96.628,19
1.527,1.869,0.794,0.604,1.166,1.224,0.463,0.25,0.213,0.768,1.527,1.869,0.794,0.604,1.166,1.224,0.463,0.25,0.213,0.768,97.082,19
1.685,1.964,0.806,0.611,1.28,1.211,0.415,0.222,0.193,0.797,1.685,1.964,0.806,0.611,1.28,1.211,0.415,0.222,0.193,0.797,94.048,19
1.497,1.996,0.808,0.649,1.135,1.363,0.445,0.229,0.216,0.922,1.497,1.996,0.808,0.649,1.135,1.363,0.445,0.229,0.216,0.922,94.005,19
1.8,2.008,0.789,0.579,1.643,0.969,0.334,0.172,0.163,0.636,1.8,2.008,0.789,0.579,1.643,0.969,0.334,0.172,0.163,0.636,72.918,19
1.789,2.007,0.78,0.59,1.615,0.995,0.332,0.17,0.161,0.663,1.789,2.007,0.78,0.59,1.615,0.995,0.332,0.17,0.161,0.663,73.736,19
1.785,1.855,0.772,0.554,1.607,0.897,0.345,0.176,0.169,0.553,1.785,1.855,0.772,0.554,1.607,0.897,0.345,0.176,0.169,0.553,74,19
1.719,1.767,0.797,0.618,1.513,0.878,0.339,0.171,0.168,0.539,1.719,1.767,0.797,0.618,1.513,0.878,0.339,0.171,0.168,0.539,74.33,19
1.857,1.585,0.763,0.548,1.65,0.72,0.347,0.169,0.179,0.373,1.857,1.585,0.763,0.548,1.65,0.72,0.347,0.169,0.179,0.373,68.007,19
1.751,1.87,0.778,0.583,1.536,0.95,0.343,0.179,0.164,0.608,1.751,1.87,0.778,0.583,1.536,0.95,0.343,0.179,0.164,0.608,72.45,19
1.725,1.973,0.805,0.598,1.524,1.01,0.34,0.18,0.161,0.671,1.725,1.973,0.805,0.598,1.524,1.01,0.34,0.18,0.161,0.671,74.465,19
1.779,1.817,0.768,0.556,1.581,0.883,0.348,0.173,0.176,0.535,1.779,1.817,0.768,0.556,1.581,0.883,0.348,0.173,0.176,0.535,69.778,19
1.819,1.956,0.78,0.577,1.629,0.95,0.328,0.163,0.165,0.622,1.819,1.956,0.78,0.577,1.629,0.95,0.328,0.163,0.165,0.622,71.176,19
1.752,1.683,0.801,0.631,1.54,0.818,0.34,0.171,0.169,0.479,1.752,1.683,0.801,0.631,1.54,0.818,0.34,0.171,0.169,0.479,72.422,19
1.769,1.812,0.768,0.579,1.581,0.887,0.345,0.176,0.17,0.542,1.769,1.812,0.768,0.579,1.581,0.887,0.345,0.176,0.17,0.542,68.942,19
1.83,1.974,0.781,0.569,1.626,0.953,0.344,0.179,0.165,0.613,1.83,1.974,0.781,0.569,1.626,0.953,0.344,0.179,0.165,0.613,70.385,19
1.538,1.817,0.8,0.604,1.118,1.24,0.452,0.24,0.212,0.789,1.538,1.817,0.8,0.604,1.118,1.24,0.452,0.24,0.212,0.789,91.088,19
1.552,1.937,0.797,0.601,1.051,1.437,0.51,0.266,0.245,0.929,1.552,1.937,0.797,0.601,1.051,1.437,0.51,0.266,0.245,0.929,109.444,19
1.547,1.759,0.768,0.518,1.168,1.132,0.475,0.25,0.225,0.66,1.547,1.759,0.768,0.518,1.168,1.132,0.475,0.25,0.225,0.66,92.049,19
1.468,1.691,0.814,0.596,1.076,1.145,0.48,0.262,0.221,0.667,1.468,1.691,0.814,0.596,1.076,1.145,0.48,0.262,0.221,0.667,96,19
1.638,1.338,0.768,0.568,1.247,0.709,0.424,0.216,0.208,0.286,1.638,1.338,0.768,0.568,1.247,0.709,0.424,0.216,0.208,0.286,83.15,19
1.534,1.928,0.766,0.569,1.129,1.331,0.492,0.261,0.233,0.843,1.534,1.928,0.766,0.569,1.129,1.331,0.492,0.261,0.233,0.843,97.015,19
1.613,1.317,0.756,0.541,1.209,0.724,0.452,0.226,0.226,0.272,1.613,1.317,0.756,0.541,1.209,0.724,0.452,0.226,0.226,0.272,90.67,19
1.474,1.546,0.79,0.608,1.033,1.04,0.476,0.238,0.238,0.564,1.474,1.546,0.79,0.608,1.033,1.04,0.476,0.238,0.238,0.564,98.25,19
1.65,1.257,0.793,0.604,1.27,0.64,0.415,0.214,0.2,0.225,1.65,1.257,0.793,0.604,1.27,0.64,0.415,0.214,0.2,0.225,86.209,19
1.557,1.866,0.782,0.581,1.108,1.313,0.49,0.253,0.237,0.824,1.557,1.866,0.782,0.581,1.108,1.313,0.49,0.253,0.237,0.824,102.421,19
1.574,2.156,0.804,0.593,1.08,1.596,0.489,0.275,0.214,1.109,1.574,2.156,0.804,0.593,1.08,1.596,0.489,0.275,0.214,1.109,112.379,19
1.58,2.236,0.729,0.562,1.022,1.73,0.429,0.163,0.266,1.452,1.58,2.236,0.729,0.562,1.022,1.73,0.429,0.163,0.266,1.452,137.058,20
1.627,2.324,0.75,0.583,1.05,1.751,0.398,0.16,0.238,1.443,1.627,2.324,0.75,0.583,1.05,1.751,0.398,0.16,0.238,1.443,137.419,20
1.577,2.246,0.742,0.58,1.007,1.763,0.419,0.161,0.258,1.439,1.577,2.246,0.742,0.58,1.007,1.763,0.419,0.161,0.258,1.439,138.351,20
1.584,2.277,0.75,0.557,1.034,1.758,0.429,0.187,0.242,1.445,1.584,2.277,0.75,0.557,1.034,1.758,0.429,0.187,0.242,1.445,139.086,20
1.625,2.288,0.753,0.587,1.046,1.723,0.395,0.159,0.236,1.418,1.625,2.288,0.753,0.587,1.046,1.723,0.395,0.159,0.236,1.418,135.93,20
1.598,2.272,0.765,0.59,1.014,1.758,0.405,0.174,0.231,1.44,1.598,2.272,0.765,0.59,1.014,1.758,0.405,0.174,0.231,1.44,138.351,20
1.587,2.231,0.74,0.56,1.029,1.697,0.428,0.175,0.254,1.386,1.587,2.231,0.74,0.56,1.029,1.697,0.428,0.175,0.254,1.386,137.058,20
1.606,2.282,0.752,0.568,1.043,1.726,0.415,0.177,0.238,1.398,1.606,2.282,0.752,0.568,1.043,1.726,0.415,0.177,0.238,1.398,137.786,20
1.612,2.291,0.733,0.59,1.033,1.753,0.398,0.14,0.259,1.445,1.612,2.291,0.733,0.59,1.033,1.753,0.398,0.14,0.259,1.445,137.786,20
1.545,2.154,0.753,0.607,0.945,1.745,0.416,0.155,0.261,1.437,1.545,2.154,0.753,0.607,0.945,1.745,0.416,0.155,0.261,1.437,136.488,20
1.619,2.271,0.74,0.568,1.053,1.689,0.41,0.163,0.247,1.372,1.619,2.271,0.74,0.568,1.053,1.689,0.41,0.163,0.247,1.372,136.125,20
1.547,2.176,0.75,0.586,0.972,1.762,0.426,0.17,0.257,1.454,1.547,2.176,0.75,0.586,0.972,1.762,0.426,0.17,0.257,1.454,135.558,20
1.585,2.277,0.742,0.575,1.014,1.77,0.419,0.165,0.255,1.464,1.585,2.277,0.742,0.575,1.014,1.77,0.419,0.165,0.255,1.464,142.618,20
1.592,2.231,0.753,0.595,1.013,1.744,0.402,0.159,0.244,1.438,1.592,2.231,0.753,0.595,1.013,1.744,0.402,0.159,0.244,1.438,135.558,20
1.615,2.24,0.752,0.587,1.031,1.686,0.4,0.159,0.241,1.381,1.615,2.24,0.752,0.587,1.031,1.686,0.4,0.159,0.241,1.381,137.233,20
1.558,2.208,0.73,0.559,1.003,1.735,0.441,0.171,0.27,1.437,1.558,2.208,0.73,0.559,1.003,1.735,0.441,0.171,0.27,1.437,137.786,20
1.626,2.315,0.723,0.535,1.092,1.699,0.428,0.173,0.254,1.415,1.626,2.315,0.723,0.535,1.092,1.699,0.428,0.173,0.254,1.415,137.786,20
1.602,2.29,0.749,0.537,1.068,1.728,0.434,0.198,0.235,1.413,1.602,2.29,0.749,0.537,1.068,1.728,0.434,0.198,0.235,1.413,138.924,20
1.579,2.234,0.734,0.546,1.037,1.716,0.438,0.181,0.257,1.425,1.579,2.234,0.734,0.546,1.037,1.716,0.438,0.181,0.257,1.425,134.852,20
1.636,2.314,0.737,0.533,1.105,1.684,0.423,0.184,0.238,1.369,1.636,2.314,0.737,0.533,1.105,1.684,0.423,0.184,0.238,1.369,134.462,20
1.631,2.312,0.741,0.558,1.078,1.718,0.411,0.17,0.241,1.449,1.631,2.312,0.741,0.558,1.078,1.718,0.411,0.17,0.241,1.449,135.558,20
1.612,2.329,0.718,0.523,1.089,1.721,0.442,0.18,0.263,1.442,1.612,2.329,0.718,0.523,1.089,1.721,0.442,0.18,0.263,1.442,138.716,20
1.623,2.38,0.715,0.533,1.091,1.765,0.43,0.167,0.265,1.474,1.623,2.38,0.715,0.533,1.091,1.765,0.43,0.167,0.265,1.474,137.786,20
1.559,2.247,0.753,0.567,0.995,1.784,0.437,0.187,0.25,1.508,1.559,2.247,0.753,0.567,0.995,1.784,0.437,0.187,0.25,1.508,135.004,20
1.587,2.283,0.73,0.573,1.017,1.771,0.42,0.155,0.267,1.472,1.587,2.283,0.73,0.573,1.017,1.771,0.42,0.155,0.267,1.472,137.615,20
1.607,2.316,0.733,0.529,1.079,1.728,0.439,0.189,0.25,1.447,1.607,2.316,0.733,0.529,1.079,1.728,0.439,0.189,0.25,1.447,138.539,20
1.606,2.349,0.751,0.537,1.072,1.773,0.435,0.201,0.234,1.507,1.606,2.349,0.751,0.537,1.072,1.773,0.435,0.201,0.234,1.507,138.924,20
1.579,2.285,0.752,0.572,1.016,1.798,0.421,0.177,0.245,1.507,1.579,2.285,0.752,0.572,1.016,1.798,0.421,0.177,0.245,1.507,138.924,20
1.63,2.355,0.742,0.542,1.091,1.734,0.42,0.183,0.237,1.416,1.63,2.355,0.742,0.542,1.091,1.734,0.42,0.183,0.237,1.416,139.463,20
1.673,2.428,0.725,0.524,1.15,1.717,0.415,0.176,0.24,1.424,1.673,2.428,0.725,0.524,1.15,1.717,0.415,0.176,0.24,1.424,139.463,20
1.584,2.287,0.736,0.575,1.018,1.79,0.418,0.158,0.26,1.505,1.584,2.287,0.736,0.575,1.018,1.79,0.418,0.158,0.26,1.505,137.615,20
1.584,2.307,0.766,0.589,1.003,1.822,0.41,0.177,0.233,1.534,1.584,2.307,0.766,0.589,1.003,1.822,0.41,0.177,0.233,1.534,139.846,20
1.627,2.342,0.744,0.578,1.053,1.767,0.401,0.158,0.244,1.461,1.627,2.342,0.744,0.578,1.053,1.767,0.401,0.158,0.244,1.461,138.924,20
1.562,2.272,0.73,0.573,0.997,1.813,0.428,0.158,0.27,1.52,1.562,2.272,0.73,0.573,0.997,1.813,0.428,0.158,0.27,1.52,139.846,20
1.591,2.308,0.736,0.547,1.05,1.771,0.433,0.181,0.252,1.489,1.591,2.308,0.736,0.547,1.05,1.771,0.433,0.181,0.252,1.489,140.236,20
1.633,2.349,0.759,0.577,1.063,1.758,0.399,0.172,0.227,1.466,1.633,2.349,0.759,0.577,1.063,1.758,0.399,0.172,0.227,1.466,139.846,20
1.622,2.296,0.722,0.547,1.079,1.696,0.42,0.163,0.258,1.379,1.622,2.296,0.722,0.547,1.079,1.696,0.42,0.163,0.258,1.379,138.539,20
1.563,2.273,0.743,0.556,1.007,1.781,0.448,0.19,0.258,1.522,1.563,2.273,0.743,0.556,1.007,1.781,0.448,0.19,0.258,1.522,139.316,20
1.567,2.266,0.757,0.582,0.992,1.802,0.421,0.177,0.245,1.509,1.567,2.266,0.757,0.582,0.992,1.802,0.421,0.177,0.245,1.509,138.539,20
1.587,2.288,0.748,0.571,1.023,1.775,0.419,0.173,0.246,1.466,1.587,2.288,0.748,0.571,1.023,1.775,0.419,0.173,0.246,1.466,137.084,20
1.579,2.286,0.737,0.567,1.016,1.781,0.427,0.168,0.259,1.482,1.579,2.286,0.737,0.567,1.016,1.781,0.427,0.168,0.259,1.482,136.693,20
1.554,2.253,0.743,0.573,0.985,1.797,0.433,0.173,0.261,1.474,1.554,2.253,0.743,0.573,0.985,1.797,0.433,0.173,0.261,1.474,137.481,20
1.59,2.263,0.746,0.57,1.022,1.735,0.422,0.172,0.25,1.433,1.59,2.263,0.746,0.57,1.022,1.735,0.422,0.172,0.25,1.433,136.308,20
1.6,2.198,0.747,0.566,1.042,1.661,0.417,0.174,0.244,1.334,1.6,2.198,0.747,0.566,1.042,1.661,0.417,0.174,0.244,1.334,134.462,20
1.597,2.277,0.754,0.563,1.039,1.737,0.421,0.185,0.237,1.416,1.597,2.277,0.754,0.563,1.039,1.737,0.421,0.185,0.237,1.416,135.772,20
1.594,2.285,0.742,0.57,1.029,1.751,0.418,0.167,0.251,1.463,1.594,2.285,0.742,0.57,1.029,1.751,0.418,0.167,0.251,1.463,135.65,20
1.606,2.268,0.755,0.582,1.03,1.73,0.409,0.173,0.238,1.387,1.606,2.268,0.755,0.582,1.03,1.73,0.409,0.173,0.238,1.387,134.852,20
1.571,2.268,0.727,0.559,1.014,1.765,0.436,0.165,0.273,1.469,1.571,2.268,0.727,0.559,1.014,1.765,0.436,0.165,0.273,1.469,135.772,20
1.602,2.344,0.751,0.584,1.028,1.814,0.406,0.164,0.242,1.491,1.602,2.344,0.751,0.584,1.028,1.814,0.406,0.164,0.242,1.491,135.65,20
1.559,2.229,0.724,0.542,1.024,1.741,0.447,0.178,0.271,1.423,1.559,2.229,0.724,0.542,1.024,1.741,0.447,0.178,0.271,1.423,136.059,20
1.586,2.244,0.729,0.548,1.042,1.713,0.434,0.175,0.26,1.389,1.586,2.244,0.729,0.548,1.042,1.713,0.434,0.175,0.26,1.389,135.65,20
2.435,1.465,0.698,0.57,2.323,0.578,0.355,0.172,0.183,0.224,2.435,1.465,0.698,0.57,2.323,0.578,0.355,0.172,0.183,0.224,107.564,21
2.295,1.384,0.749,0.668,2.185,0.565,0.361,0.164,0.197,0.205,2.295,1.384,0.749,0.668,2.185,0.565,0.361,0.164,0.197,0.205,104.178,21
2.332,1.418,0.782,0.755,2.381,0.591,0.39,0.183,0.209,0.202,2.332,1.418,0.782,0.755,2.381,0.591,0.39,0.183,0.209,0.202,114.49,21
2.204,1.521,0.702,0.618,2.203,0.693,0.417,0.195,0.223,0.275,2.204,1.521,0.702,0.618,2.203,0.693,0.417,0.195,0.223,0.275,108.167,21
2.19,1.494,0.658,0.567,2.158,0.672,0.419,0.197,0.222,0.253,2.19,1.494,0.658,0.567,2.158,0.672,0.419,0.197,0.222,0.253,108.467,21
2.049,1.399,0.706,0.626,1.926,0.642,0.417,0.179,0.238,0.227,2.049,1.399,0.706,0.626,1.926,0.642,0.417,0.179,0.238,0.227,104.995,21
2.078,1.435,0.664,0.549,2.041,0.681,0.438,0.204,0.234,0.244,2.078,1.435,0.664,0.549,2.041,0.681,0.438,0.204,0.234,0.244,104.995,21
2.138,1.402,0.732,0.632,2.085,0.629,0.398,0.181,0.218,0.231,2.138,1.402,0.732,0.632,2.085,0.629,0.398,0.181,0.218,0.231,89.961,21
2.142,1.374,0.675,0.56,2.085,0.627,0.417,0.185,0.233,0.21,2.142,1.374,0.675,0.56,2.085,0.627,0.417,0.185,0.233,0.21,99.96,21
2.103,1.389,0.672,0.484,2.069,0.641,0.429,0.209,0.221,0.212,2.103,1.389,0.672,0.484,2.069,0.641,0.429,0.209,0.221,0.212,111,21
2.184,1.456,0.675,0.508,2.011,0.645,0.394,0.171,0.225,0.251,2.184,1.456,0.675,0.508,2.011,0.645,0.394,0.171,0.225,0.251,112.272,21
2.225,1.463,0.676,0.503,2.081,0.637,0.39,0.17,0.222,0.247,2.225,1.463,0.676,0.503,2.081,0.637,0.39,0.17,0.222,0.247,110.386,21
2.285,1.478,0.657,0.606,2.22,0.641,0.399,0.18,0.219,0.242,2.285,1.478,0.657,0.606,2.22,0.641,0.399,0.18,0.219,0.242,113.886,21
2.489,1.519,0.637,0.543,2.415,0.597,0.37,0.172,0.198,0.229,2.489,1.519,0.637,0.543,2.415,0.597,0.37,0.172,0.198,0.229,116.709,21
2.366,1.401,0.664,0.464,2.116,0.541,0.34,0.153,0.187,0.201,2.366,1.401,0.664,0.464,2.116,0.541,0.34,0.153,0.187,0.201,105.622,21
2.392,1.491,0.603,0.398,2.23,0.603,0.379,0.173,0.206,0.226,2.392,1.491,0.603,0.398,2.23,0.603,0.379,0.173,0.206,0.226,104.995,21
2.429,1.414,0.615,0.457,2.396,0.569,0.383,0.177,0.206,0.187,2.429,1.414,0.615,0.457,2.396,0.569,0.383,0.177,0.206,0.187,108.167,21
2.35,1.422,0.641,0.479,2.314,0.598,0.398,0.185,0.215,0.199,2.35,1.422,0.641,0.479,2.314,0.598,0.398,0.185,0.215,0.199,117.953,21
2.243,1.431,0.643,0.435,2.126,0.622,0.402,0.187,0.217,0.22,2.243,1.431,0.643,0.435,2.126,0.622,0.402,0.187,0.217,0.22,94.578,21
2.377,1.488,0.64,0.53,2.367,0.624,0.394,0.178,0.216,0.229,2.377,1.488,0.64,0.53,2.367,0.624,0.394,0.178,0.216,0.229,117.644,21
2.27,1.436,0.681,0.51,2.079,0.593,0.372,0.164,0.209,0.222,2.27,1.436,0.681,0.51,2.079,0.593,0.372,0.164,0.209,0.222,116.379,21
2.285,1.46,0.652,0.509,2.318,0.638,0.421,0.204,0.219,0.217,2.285,1.46,0.652,0.509,2.318,0.638,0.421,0.204,0.219,0.217,105.005,21
2.298,1.463,0.673,0.531,2.018,0.588,0.343,0.128,0.215,0.246,2.298,1.463,0.673,0.531,2.018,0.588,0.343,0.128,0.215,0.246,123.649,21
2.528,1.477,0.625,0.471,2.467,0.575,0.365,0.169,0.197,0.209,2.528,1.477,0.625,0.471,2.467,0.575,0.365,0.169,0.197,0.209,123.976,21
2.315,1.397,0.652,0.483,2.174,0.576,0.377,0.177,0.199,0.199,2.315,1.397,0.652,0.483,2.174,0.576,0.377,0.177,0.199,0.199,118.33,21
2.476,1.444,0.66,0.545,2.405,0.564,0.36,0.169,0.191,0.204,2.476,1.444,0.66,0.545,2.405,0.564,0.36,0.169,0.191,0.204,118.929,21
2.386,1.481,0.646,0.475,2.287,0.608,0.385,0.18,0.205,0.224,2.386,1.481,0.646,0.475,2.287,0.608,0.385,0.18,0.205,0.224,119.616,21
2.287,1.385,0.593,0.355,2.075,0.569,0.376,0.161,0.215,0.193,2.287,1.385,0.593,0.355,2.075,0.569,0.376,0.161,0.215,0.193,110.725,21
2.5,1.491,0.557,0.386,2.498,0.599,0.392,0.185,0.207,0.207,2.5,1.491,0.557,0.386,2.498,0.599,0.392,0.185,0.207,0.207,115.879,21
2.457,1.42,0.625,0.368,2.183,0.532,0.337,0.155,0.182,0.196,2.457,1.42,0.625,0.368,2.183,0.532,0.337,0.155,0.182,0.196,94.937,21
2.625,1.49,0.613,0.524,2.627,0.569,0.365,0.179,0.186,0.205,2.625,1.49,0.613,0.524,2.627,0.569,0.365,0.179,0.186,0.205,113.464,21
2.963,1.743,0.518,0.535,3.149,0.622,0.376,0.177,0.199,0.246,2.963,1.743,0.518,0.535,3.149,0.622,0.376,0.177,0.199,0.246,93.408,21
2.682,1.536,0.668,0.594,2.704,0.576,0.363,0.174,0.19,0.214,2.682,1.536,0.668,0.594,2.704,0.576,0.363,0.174,0.19,0.214,104.389,21
2.718,1.553,0.627,0.578,2.78,0.587,0.369,0.166,0.203,0.218,2.718,1.553,0.627,0.578,2.78,0.587,0.369,0.166,0.203,0.218,116.812,21
2.491,1.449,0.669,0.589,2.496,0.577,0.373,0.164,0.21,0.204,2.491,1.449,0.669,0.589,2.496,0.577,0.373,0.164,0.21,0.204,115.767,21
2.407,1.437,0.662,0.532,2.354,0.591,0.384,0.18,0.204,0.207,2.407,1.437,0.662,0.532,2.354,0.591,0.384,0.18,0.204,0.207,115.169,21
2.347,1.385,0.641,0.564,2.33,0.578,0.391,0.174,0.217,0.187,2.347,1.385,0.641,0.564,2.33,0.578,0.391,0.174,0.217,0.187,117.745,21
2.203,1.44,0.616,0.373,1.962,0.611,0.384,0.167,0.217,0.228,2.203,1.44,0.616,0.373,1.962,0.611,0.384,0.167,0.217,0.228,123.369,21
2.337,1.405,0.576,0.352,2.226,0.58,0.397,0.183,0.214,0.184,2.337,1.405,0.576,0.352,2.226,0.58,0.397,0.183,0.214,0.184,112.579,21
2.526,1.477,0.622,0.471,2.417,0.571,0.354,0.173,0.182,0.217,2.526,1.477,0.622,0.471,2.417,0.571,0.354,0.173,0.182,0.217,122.703,21
2.313,1.439,0.615,0.393,2.032,0.577,0.359,0.156,0.203,0.22,2.313,1.439,0.615,0.393,2.032,0.577,0.359,0.156,0.203,0.22,97.082,21
2.372,1.526,0.496,0.311,2.429,0.656,0.435,0.2,0.235,0.221,2.372,1.526,0.496,0.311,2.429,0.656,0.435,0.2,0.235,0.221,114.162,21
2.376,1.424,0.655,0.555,2.258,0.575,0.369,0.156,0.213,0.207,2.376,1.424,0.655,0.555,2.258,0.575,0.369,0.156,0.213,0.207,106.977,21
2.469,1.481,0.628,0.507,2.434,0.594,0.381,0.167,0.214,0.213,2.469,1.481,0.628,0.507,2.434,0.594,0.381,0.167,0.214,0.213,110.494,21
2.376,1.43,0.654,0.496,2.234,0.574,0.37,0.174,0.196,0.205,2.376,1.43,0.654,0.496,2.234,0.574,0.37,0.174,0.196,0.205,108.632,21
2.476,1.459,0.695,0.661,2.474,0.585,0.374,0.171,0.203,0.211,2.476,1.459,0.695,0.661,2.474,0.585,0.374,0.171,0.203,0.211,114.237,21
2.348,1.373,0.649,0.55,2.319,0.566,0.391,0.172,0.219,0.176,2.348,1.373,0.649,0.55,2.319,0.566,0.391,0.172,0.219,0.176,103.368,21
2.445,1.429,0.696,0.653,2.457,0.582,0.386,0.162,0.225,0.196,2.445,1.429,0.696,0.653,2.457,0.582,0.386,0.162,0.225,0.196,110.168,21
2.643,1.519,0.665,0.655,2.687,0.585,0.373,0.154,0.22,0.213,2.643,1.519,0.665,0.655,2.687,0.585,0.373,0.154,0.22,0.213,113.635,21
3.494,1.866,0.595,0.901,4.054,0.615,0.387,0.168,0.22,0.229,3.494,1.866,0.595,0.901,4.054,0.615,0.387,0.168,0.22,0.229,116.362,21
2.678,1.449,0.692,0.659,2.784,0.563,0.364,0.171,0.193,0.2,2.678,1.449,0.692,0.659,2.784,0.563,0.364,0.171,0.193,0.2,104.924,21
0.861,0.96,1.008,0.996,0.644,0.736,0.532,0.255,0.282,0.226,0.861,0.96,1.008,0.996,0.644,0.736,0.532,0.255,0.282,0.226,36.497,22
0.92,0.986,1.02,1.011,0.684,0.681,0.469,0.236,0.239,0.218,0.92,0.986,1.02,1.011,0.684,0.681,0.469,0.236,0.239,0.218,32.985,22
0.817,0.954,0.979,0.935,0.579,0.655,0.494,0.236,0.265,0.21,0.817,0.954,0.979,0.935,0.579,0.655,0.494,0.236,0.265,0.21,35.171,22
0.882,0.964,1.009,0.974,0.659,0.683,0.506,0.254,0.264,0.202,0.882,0.964,1.009,0.974,0.659,0.683,0.506,0.254,0.264,0.202,37.483,22
0.845,0.963,0.988,0.942,0.589,0.629,0.465,0.222,0.254,0.2,0.845,0.963,0.988,0.942,0.589,0.629,0.465,0.222,0.254,0.2,37.643,22
0.812,0.951,0.996,0.959,0.576,0.697,0.51,0.243,0.277,0.229,0.812,0.951,0.996,0.959,0.576,0.697,0.51,0.243,0.277,0.229,42.755,22
0.86,0.976,0.988,0.961,0.598,0.656,0.476,0.23,0.251,0.2,0.86,0.976,0.988,0.961,0.598,0.656,0.476,0.23,0.251,0.2,37.108,22
0.853,0.976,0.99,0.961,0.628,0.669,0.49,0.216,0.279,0.199,0.853,0.976,0.99,0.961,0.628,0.669,0.49,0.216,0.279,0.199,39.051,22
0.933,0.991,0.981,0.966,0.64,0.735,0.497,0.249,0.249,0.252,0.933,0.991,0.981,0.966,0.64,0.735,0.497,0.249,0.249,0.252,43.29,22
0.874,0.964,0.992,0.948,0.627,0.72,0.509,0.224,0.296,0.244,0.874,0.964,0.992,0.948,0.627,0.72,0.509,0.224,0.296,0.244,38.833,22
0.985,0.987,0.989,0.996,0.647,0.719,0.488,0.218,0.27,0.24,0.985,0.987,0.989,0.996,0.647,0.719,0.488,0.218,0.27,0.24,41.049,22
1.047,1.003,1.008,1.07,0.735,0.733,0.48,0.238,0.243,0.253,1.047,1.003,1.008,1.07,0.735,0.733,0.48,0.238,0.243,0.253,36.056,22
1.075,1.017,0.973,1.013,0.698,0.725,0.486,0.241,0.248,0.241,1.075,1.017,0.973,1.013,0.698,0.725,0.486,0.241,0.248,0.241,42.107,22
0.988,1.008,0.99,0.998,0.649,0.754,0.52,0.259,0.261,0.238,0.988,1.008,0.99,0.998,0.649,0.754,0.52,0.259,0.261,0.238,40.012,22
0.979,0.993,1.001,1.009,0.689,0.726,0.514,0.262,0.253,0.218,0.979,0.993,1.001,1.009,0.689,0.726,0.514,0.262,0.253,0.218,38.118,22
0.991,1.007,0.987,0.971,0.707,0.733,0.497,0.255,0.244,0.243,0.991,1.007,0.987,0.971,0.707,0.733,0.497,0.255,0.244,0.243,37.336,22
0.841,0.961,0.979,0.904,0.651,0.61,0.486,0.247,0.256,0.17,0.841,0.961,0.979,0.904,0.651,0.61,0.486,0.247,0.256,0.17,31.623,22
0.918,0.978,0.985,0.976,0.655,0.681,0.482,0.233,0.25,0.215,0.918,0.978,0.985,0.976,0.655,0.681,0.482,0.233,0.25,0.215,39.623,22
0.972,0.998,0.995,0.973,0.684,0.705,0.472,0.23,0.246,0.242,0.972,0.998,0.995,0.973,0.684,0.705,0.472,0.23,0.246,0.242,43.186,22
0.862,0.966,0.978,0.908,0.602,0.676,0.496,0.232,0.283,0.226,0.862,0.966,0.978,0.908,0.602,0.676,0.496,0.232,0.283,0.226,41.976,22
0.864,0.967,0.984,0.942,0.61,0.748,0.52,0.229,0.301,0.262,0.864,0.967,0.984,0.942,0.61,0.748,0.52,0.229,0.301,0.262,42.297,22
0.933,1,0.99,0.977,0.721,0.628,0.421,0.196,0.228,0.213,0.933,1,0.99,0.977,0.721,0.628,0.421,0.196,0.228,0.213,33.956,22
1.079,1.051,0.975,0.979,0.716,0.736,0.468,0.234,0.234,0.269,1.079,1.051,0.975,0.979,0.716,0.736,0.468,0.234,0.234,0.269,41.304,22
0.917,0.992,1,0.975,0.584,0.745,0.517,0.249,0.275,0.238,0.917,0.992,1,0.975,0.584,0.745,0.517,0.249,0.275,0.238,43.046,22
1.016,1.03,0.986,0.995,0.681,0.745,0.474,0.246,0.229,0.271,1.016,1.03,0.986,0.995,0.681,0.745,0.474,0.246,0.229,0.271,36.497,22
0.907,0.988,1.023,0.985,0.617,0.71,0.509,0.271,0.256,0.211,0.907,0.988,1.023,0.985,0.617,0.71,0.509,0.271,0.256,0.211,38.328,22
0.834,0.964,0.991,0.95,0.562,0.706,0.524,0.259,0.275,0.216,0.834,0.964,0.991,0.95,0.562,0.706,0.524,0.259,0.275,0.216,41.437,22
0.837,0.962,0.988,0.928,0.581,0.677,0.528,0.268,0.276,0.192,0.837,0.962,0.988,0.928,0.581,0.677,0.528,0.268,0.276,0.192,38.833,22
0.855,0.958,1.003,0.981,0.587,0.72,0.528,0.23,0.306,0.22,0.855,0.958,1.003,0.981,0.587,0.72,0.528,0.23,0.306,0.22,40.2,22
0.986,1.012,0.96,0.976,0.702,0.748,0.51,0.249,0.262,0.244,0.986,1.012,0.96,0.976,0.702,0.748,0.51,0.249,0.262,0.244,37.336,22
0.834,0.963,0.984,0.944,0.567,0.676,0.5,0.238,0.269,0.213,0.834,0.963,0.984,0.944,0.567,0.676,0.5,0.238,0.269,0.213,41.304,22
0.897,0.963,0.999,0.977,0.648,0.715,0.481,0.219,0.268,0.258,0.897,0.963,0.999,0.977,0.648,0.715,0.481,0.219,0.268,0.258,38.471,22
0.933,0.986,0.99,0.977,0.604,0.736,0.502,0.233,0.271,0.246,0.933,0.986,0.99,0.977,0.604,0.736,0.502,0.233,0.271,0.246,38.118,22
0.949,1.014,0.972,0.97,0.607,0.791,0.522,0.261,0.261,0.275,0.949,1.014,0.972,0.97,0.607,0.791,0.522,0.261,0.261,0.275,41.11,22
0.96,1.006,0.982,0.985,0.662,0.731,0.503,0.235,0.268,0.233,0.96,1.006,0.982,0.985,0.662,0.731,0.503,0.235,0.268,0.233,37,22
0.96,1.006,0.982,0.985,0.662,0.731,0.503,0.235,0.268,0.233,0.96,1.006,0.982,0.985,0.662,0.731,0.503,0.235,0.268,0.233,37,22
1.189,1.051,0.989,1.037,0.864,0.765,0.498,0.251,0.247,0.267,1.189,1.051,0.989,1.037,0.864,0.765,0.498,0.251,0.247,0.267,36.346,22
1.014,1.003,0.997,1.009,0.684,0.743,0.482,0.248,0.235,0.265,1.014,1.003,0.997,1.009,0.684,0.743,0.482,0.248,0.235,0.265,36.014,22
1.014,1.003,0.997,1.009,0.684,0.743,0.482,0.248,0.235,0.265,1.014,1.003,0.997,1.009,0.684,0.743,0.482,0.248,0.235,0.265,36.014,22
1.098,1.074,0.967,0.952,0.784,0.807,0.512,0.249,0.264,0.296,1.098,1.074,0.967,0.952,0.784,0.807,0.512,0.249,0.264,0.296,38.118,22
0.885,0.979,0.989,0.952,0.58,0.718,0.491,0.242,0.256,0.25,0.885,0.979,0.989,0.952,0.58,0.718,0.491,0.242,0.256,0.25,40,22
0.864,0.985,0.96,0.914,0.581,0.708,0.534,0.234,0.305,0.201,0.864,0.985,0.96,0.914,0.581,0.708,0.534,0.234,0.305,0.201,39.623,22
0.926,0.98,1.012,1.02,0.75,0.652,0.444,0.22,0.226,0.215,0.926,0.98,1.012,1.02,0.75,0.652,0.444,0.22,0.226,0.215,34.366,22
0.926,0.98,1.012,1.02,0.75,0.652,0.444,0.22,0.226,0.215,0.926,0.98,1.012,1.02,0.75,0.652,0.444,0.22,0.226,0.215,34.366,22
0.926,0.98,1.012,1.02,0.75,0.652,0.444,0.22,0.226,0.215,0.926,0.98,1.012,1.02,0.75,0.652,0.444,0.22,0.226,0.215,34.366,22
1.115,1.061,0.952,0.917,0.724,0.795,0.522,0.247,0.276,0.276,1.115,1.061,0.952,0.917,0.724,0.795,0.522,0.247,0.276,0.276,45.177,22
0.968,0.996,0.974,0.976,0.651,0.729,0.49,0.229,0.261,0.248,0.968,0.996,0.974,0.976,0.651,0.729,0.49,0.229,0.261,0.248,39.051,22
0.968,0.996,0.974,0.976,0.651,0.729,0.49,0.229,0.261,0.248,0.968,0.996,0.974,0.976,0.651,0.729,0.49,0.229,0.261,0.248,39.051,22
0.87,0.981,0.979,0.921,0.578,0.701,0.515,0.273,0.251,0.216,0.87,0.981,0.979,0.921,0.578,0.701,0.515,0.273,0.251,0.216,35.128,22
0.922,0.989,0.985,0.981,0.644,0.719,0.501,0.233,0.268,0.229,0.922,0.989,0.985,0.981,0.644,0.719,0.501,0.233,0.268,0.229,36.125,22
0.991,1.019,0.966,0.974,0.709,0.72,0.48,0.233,0.247,0.244,0.991,1.019,0.966,0.974,0.709,0.72,0.48,0.233,0.247,0.244,36.674,22
0.725,1.101,0.643,0.608,0.131,6.751,5.722,0.447,5.339,1.036,0.725,1.101,0.643,0.608,0.131,6.751,5.722,0.447,5.339,1.036,196.573,23
0.736,1.136,0.664,0.6,0.15,6.009,4.913,0.57,4.491,1.096,0.736,1.136,0.664,0.6,0.15,6.009,4.913,0.57,4.491,1.096,193.329,23
0.747,1.122,0.653,0.58,0.18,5.105,4.314,0.62,3.811,0.791,0.747,1.122,0.653,0.58,0.18,5.105,4.314,0.62,3.811,0.791,198.406,23
0.763,1.136,0.699,0.619,0.158,5.662,4.678,0.613,4.302,0.989,0.763,1.136,0.699,0.619,0.158,5.662,4.678,0.613,4.302,0.989,194.654,23
0.69,1.127,0.645,0.551,0.159,5.741,4.846,0.701,4.411,0.896,0.69,1.127,0.645,0.551,0.159,5.741,4.846,0.701,4.411,0.896,197.307,23
0.696,1.01,0.631,0.615,0.093,8.162,7.873,0.659,7.22,0.356,0.696,1.01,0.631,0.615,0.093,8.162,7.873,0.659,7.22,0.356,200.823,23
0.714,1.154,0.651,0.613,0.138,7.032,5.619,0.528,5.154,1.414,0.714,1.154,0.651,0.613,0.138,7.032,5.619,0.528,5.154,1.414,194.589,23
0.706,1.115,0.604,0.551,0.162,5.48,4.589,0.486,4.174,0.898,0.706,1.115,0.604,0.551,0.162,5.48,4.589,0.486,4.174,0.898,198.635,23
0.718,1.046,0.605,0.524,0.196,4.074,3.761,0.495,3.404,0.322,0.718,1.046,0.605,0.524,0.196,4.074,3.761,0.495,3.404,0.322,202.2,23
0.711,1.068,0.651,0.606,0.124,7.071,6.338,0.558,5.903,0.738,0.711,1.068,0.651,0.606,0.124,7.071,6.338,0.558,5.903,0.738,200.823,23
0.691,1.102,0.629,0.55,0.167,5.497,4.766,0.628,4.312,0.731,0.691,1.102,0.629,0.55,0.167,5.497,4.766,0.628,4.312,0.731,198.116,23
0.712,1.131,0.623,0.572,0.151,6.114,5.059,0.53,4.611,1.056,0.712,1.131,0.623,0.572,0.151,6.114,5.059,0.53,4.611,1.056,199.023,23
0.677,1.079,0.586,0.504,0.179,4.949,4.369,0.553,3.983,0.597,0.677,1.079,0.586,0.504,0.179,4.949,4.369,0.553,3.983,0.597,199.023,23
0.703,1.071,0.628,0.574,0.131,6.283,5.495,0.533,5.086,0.815,0.703,1.071,0.628,0.574,0.131,6.283,5.495,0.533,5.086,0.815,200.801,23
0.685,1.096,0.62,0.567,0.158,5.681,4.923,0.54,4.466,0.761,0.685,1.096,0.62,0.567,0.158,5.681,4.923,0.54,4.466,0.761,196.331,23
0.731,1.031,0.644,0.552,0.187,4.281,3.973,0.589,3.577,0.357,0.731,1.031,0.644,0.552,0.187,4.281,3.973,0.589,3.577,0.357,200.801,23
0.724,1.096,0.642,0.59,0.165,5.451,4.725,0.566,4.233,0.726,0.724,1.096,0.642,0.59,0.165,5.451,4.725,0.566,4.233,0.726,199.023,23
0.714,1.066,0.634,0.532,0.181,4.542,4.008,0.595,3.689,0.568,0.714,1.066,0.634,0.532,0.181,4.542,4.008,0.595,3.689,0.568,202.148,23
0.755,1.112,0.64,0.565,0.195,4.548,3.919,0.527,3.514,0.633,0.755,1.112,0.64,0.565,0.195,4.548,3.919,0.527,3.514,0.633,202.158,23
0.729,1.138,0.63,0.566,0.17,5.315,4.383,0.555,3.916,0.932,0.729,1.138,0.63,0.566,0.17,5.315,4.383,0.555,3.916,0.932,201.246,23
0.731,1.059,0.644,0.565,0.174,4.637,4.163,0.572,3.733,0.487,0.731,1.059,0.644,0.565,0.174,4.637,4.163,0.572,3.733,0.487,199.023,23
0.692,1.096,0.613,0.531,0.177,5.173,4.499,0.573,4.118,0.679,0.692,1.096,0.613,0.531,0.177,5.173,4.499,0.573,4.118,0.679,201.259,23
0.736,1.017,0.632,0.518,0.219,3.507,3.323,0.583,2.943,0.244,0.736,1.017,0.632,0.518,0.219,3.507,3.323,0.583,2.943,0.244,207.06,23
0.744,1.119,0.64,0.589,0.164,5.368,4.51,0.509,4.066,0.858,0.744,1.119,0.64,0.589,0.164,5.368,4.51,0.509,4.066,0.858,200.801,23
0.726,1.072,0.592,0.471,0.256,3.41,2.981,0.515,2.659,0.489,0.726,1.072,0.592,0.471,0.256,3.41,2.981,0.515,2.659,0.489,204.832,23
0.706,1.107,0.641,0.554,0.165,5.407,4.59,0.61,4.215,0.822,0.706,1.107,0.641,0.554,0.165,5.407,4.59,0.61,4.215,0.822,202.606,23
0.908,1.27,0.745,0.661,0.259,3.852,2.44,0.434,2.093,1.423,0.908,1.27,0.745,0.661,0.259,3.852,2.44,0.434,2.093,1.423,204.384,23
0.735,1.032,0.633,0.563,0.177,4.46,4.221,0.485,3.882,0.243,0.735,1.032,0.633,0.563,0.177,4.46,4.221,0.485,3.882,0.243,203.494,23
0.684,1.077,0.609,0.515,0.184,4.879,4.37,0.623,3.961,0.511,0.684,1.077,0.609,0.515,0.184,4.879,4.37,0.623,3.961,0.511,201.718,23
0.687,1.068,0.605,0.521,0.177,4.824,4.348,0.599,3.899,0.479,0.687,1.068,0.605,0.521,0.177,4.824,4.348,0.599,3.899,0.479,203.593,23
0.689,1.069,0.594,0.532,0.178,4.809,4.279,0.633,3.687,0.547,0.689,1.069,0.594,0.532,0.178,4.809,4.279,0.633,3.687,0.547,202.371,23
0.893,1.189,0.754,0.702,0.202,4.641,3.183,0.391,2.862,1.483,0.893,1.189,0.754,0.702,0.202,4.641,3.183,0.391,2.862,1.483,208.387,23
1.092,1.515,0.901,0.985,0.123,9.512,1.3,0.855,1.08,8.213,1.092,1.515,0.901,0.985,0.123,9.512,1.3,0.855,1.08,8.213,209.246,23
1.136,1.684,0.91,0.93,0.231,6.163,1.1,0.276,0.868,5.082,1.136,1.684,0.91,0.93,0.231,6.163,1.1,0.276,0.868,5.082,214.374,23
0.697,1.068,0.647,0.643,0.103,8.663,7.783,0.51,7.276,0.881,0.697,1.068,0.647,0.643,0.103,8.663,7.783,0.51,7.276,0.881,209.576,23
0.602,1.031,0.547,0.502,0.119,7.517,7.167,0.691,6.567,0.362,0.602,1.031,0.547,0.502,0.119,7.517,7.167,0.691,6.567,0.362,209.576,23
0.706,1.051,0.625,0.65,0.124,7.057,6.426,0.847,5.613,0.644,0.706,1.051,0.625,0.65,0.124,7.057,6.426,0.847,5.613,0.644,205.854,23
0.721,1.102,0.617,0.581,0.165,5.791,4.961,0.509,4.494,0.842,0.721,1.102,0.617,0.581,0.165,5.791,4.961,0.509,4.494,0.842,208.751,23
0.734,1.088,0.644,0.68,0.093,9.707,8.245,1.154,7.181,1.484,0.734,1.088,0.644,0.68,0.093,9.707,8.245,1.154,7.181,1.484,208.892,23
1.157,1.554,0.884,0.893,0.272,4.57,0.928,0.237,0.728,3.687,1.157,1.554,0.884,0.893,0.272,4.57,0.928,0.237,0.728,3.687,213.216,23
0.727,1.037,0.66,0.641,0.104,8.112,7.488,0.603,6.91,0.657,0.727,1.037,0.66,0.641,0.104,8.112,7.488,0.603,6.91,0.657,207.685,23
0.814,1.127,0.711,0.743,0.095,9.513,7.708,0.87,6.903,1.806,0.814,1.127,0.711,0.743,0.095,9.513,7.708,0.87,6.903,1.806,206.155,23
1.176,1.563,0.884,0.817,0.375,3.522,0.625,0.239,0.386,3.115,1.176,1.563,0.884,0.817,0.375,3.522,0.625,0.239,0.386,3.115,212.132,23
1.143,1.575,0.916,1.018,0.203,6.599,1.19,0.793,0.665,5.413,1.143,1.575,0.916,1.018,0.203,6.599,1.19,0.793,0.665,5.413,207.954,23
1.085,1.435,0.862,0.732,0.354,3.32,0.768,0.367,0.407,3.193,1.085,1.435,0.862,0.732,0.354,3.32,0.768,0.367,0.407,3.193,213.528,23
0.8,1.08,0.71,0.667,0.139,6.53,5.649,0.422,5.381,0.894,0.8,1.08,0.71,0.667,0.139,6.53,5.649,0.422,5.381,0.894,211.929,23
0.753,1.011,0.7,0.666,0.129,6.666,6.209,0.752,5.516,0.602,0.753,1.011,0.7,0.666,0.129,6.666,6.209,0.752,5.516,0.602,209.974,23
0.963,1.185,0.876,0.815,0.16,5.992,4.059,0.547,3.706,1.94,0.963,1.185,0.876,0.815,0.16,5.992,4.059,0.547,3.706,1.94,212.72,23
0.803,1.071,0.751,0.711,0.168,5.703,5.088,0.527,4.664,0.617,0.803,1.071,0.751,0.711,0.168,5.703,5.088,0.527,4.664,0.617,211.703,23
0.978,1.301,1.006,1.019,0.41,2.583,0.939,0.123,0.816,1.645,0.978,1.301,1.006,1.019,0.41,2.583,0.939,0.123,0.816,1.645,186.301,23
1.044,1.33,0.9,0.892,0.226,5.017,1.088,0.131,0.957,4.088,1.044,1.33,0.9,0.892,0.226,5.017,1.088,0.131,0.957,4.088,209.747,23
0.692,0.701,1.022,0.851,0.707,0.911,0.584,0.364,0.307,0.645,0.692,0.701,1.022,0.851,0.707,0.911,0.584,0.364,0.307,0.645,84.9,24
0.672,0.688,1.017,0.819,0.681,0.915,0.578,0.356,0.35,0.709,0.672,0.688,1.017,0.819,0.681,0.915,0.578,0.356,0.35,0.709,82.225,24
0.684,0.704,0.995,0.758,0.726,0.915,0.709,0.468,0.338,0.625,0.684,0.704,0.995,0.758,0.726,0.915,0.709,0.468,0.338,0.625,82.97,24
0.664,0.667,0.989,0.729,0.71,0.918,0.764,0.527,0.335,0.662,0.664,0.667,0.989,0.729,0.71,0.918,0.764,0.527,0.335,0.662,82,24
0.679,0.67,0.978,0.734,0.73,0.9,0.744,0.514,0.301,0.643,0.679,0.67,0.978,0.734,0.73,0.9,0.744,0.514,0.301,0.643,83.433,24
0.684,0.688,1.003,0.758,0.716,0.946,0.737,0.512,0.323,0.655,0.684,0.688,1.003,0.758,0.716,0.946,0.737,0.512,0.323,0.655,84.404,24
0.687,0.685,1.005,0.799,0.714,0.928,0.673,0.439,0.319,0.655,0.687,0.685,1.005,0.799,0.714,0.928,0.673,0.439,0.319,0.655,82.462,24
0.685,0.712,1.045,0.971,0.713,0.891,0.453,0.22,0.28,0.607,0.685,0.712,1.045,0.971,0.713,0.891,0.453,0.22,0.28,0.607,80.808,24
0.676,0.719,1.048,0.986,0.675,0.913,0.438,0.273,0.206,0.625,0.676,0.719,1.048,0.986,0.675,0.913,0.438,0.273,0.206,0.625,83.199,24
0.695,0.734,1.036,0.99,0.673,0.901,0.425,0.231,0.221,0.611,0.695,0.734,1.036,0.99,0.673,0.901,0.425,0.231,0.221,0.611,83.433,24
0.683,0.714,1.028,0.94,0.703,0.906,0.456,0.218,0.289,0.644,0.683,0.714,1.028,0.94,0.703,0.906,0.456,0.218,0.289,0.644,81.492,24
0.678,0.703,1.003,0.864,0.679,0.906,0.528,0.287,0.312,0.678,0.678,0.703,1.003,0.864,0.679,0.906,0.528,0.287,0.312,0.678,83.433,24
0.662,0.673,0.988,0.758,0.733,0.913,0.729,0.474,0.34,0.639,0.662,0.673,0.988,0.758,0.733,0.913,0.729,0.474,0.34,0.639,80.523,24
0.679,0.693,0.991,0.749,0.707,0.944,0.742,0.483,0.362,0.656,0.679,0.693,0.991,0.749,0.707,0.944,0.742,0.483,0.362,0.656,83.952,24
0.682,0.701,1.037,0.925,0.682,0.907,0.504,0.264,0.313,0.64,0.682,0.701,1.037,0.925,0.682,0.907,0.504,0.264,0.313,0.64,84.646,24
0.656,0.676,0.989,0.748,0.665,0.911,0.735,0.494,0.341,0.678,0.656,0.676,0.989,0.748,0.665,0.911,0.735,0.494,0.341,0.678,81.253,24
0.674,0.668,0.988,0.735,0.708,0.916,0.756,0.51,0.345,0.661,0.674,0.668,0.988,0.735,0.708,0.916,0.756,0.51,0.345,0.661,83.199,24
0.662,0.676,0.981,0.75,0.681,0.941,0.762,0.483,0.374,0.671,0.662,0.676,0.981,0.75,0.681,0.941,0.762,0.483,0.374,0.671,83.952,24
0.668,0.66,0.985,0.725,0.687,0.932,0.762,0.525,0.336,0.704,0.668,0.66,0.985,0.725,0.687,0.932,0.762,0.525,0.336,0.704,84.404,24
0.671,0.655,0.977,0.717,0.697,0.926,0.772,0.524,0.34,0.699,0.671,0.655,0.977,0.717,0.697,0.926,0.772,0.524,0.34,0.699,84.646,24
0.657,0.662,0.962,0.732,0.697,0.916,0.775,0.489,0.361,0.664,0.657,0.662,0.962,0.732,0.697,0.916,0.775,0.489,0.361,0.664,83.433,24
0.67,0.679,0.986,0.823,0.645,0.916,0.544,0.334,0.275,0.759,0.67,0.679,0.986,0.823,0.645,0.916,0.544,0.334,0.275,0.759,82.225,24
0.685,0.698,0.99,0.743,0.711,0.918,0.74,0.502,0.333,0.63,0.685,0.698,0.99,0.743,0.711,0.918,0.74,0.502,0.333,0.63,83.241,24
0.673,0.672,0.983,0.753,0.696,0.908,0.735,0.476,0.346,0.658,0.673,0.672,0.983,0.753,0.696,0.908,0.735,0.476,0.346,0.658,83.433,24
0.67,0.693,0.982,0.771,0.655,0.935,0.678,0.444,0.312,0.707,0.67,0.693,0.982,0.771,0.655,0.935,0.678,0.444,0.312,0.707,84.404,24
0.667,0.67,0.982,0.785,0.63,0.911,0.621,0.407,0.291,0.759,0.667,0.67,0.982,0.785,0.63,0.911,0.621,0.407,0.291,0.759,83.199,24
0.695,0.698,0.995,0.866,0.627,0.897,0.507,0.27,0.306,0.709,0.695,0.698,0.995,0.866,0.627,0.897,0.507,0.27,0.306,0.709,82.97,24
0.668,0.692,0.964,0.764,0.652,0.925,0.711,0.445,0.328,0.682,0.668,0.692,0.964,0.764,0.652,0.925,0.711,0.445,0.328,0.682,84.404,24
0.685,0.715,1.011,0.888,0.605,0.841,0.436,0.236,0.296,0.683,0.685,0.715,1.011,0.888,0.605,0.841,0.436,0.236,0.296,0.683,84.646,24
0.674,0.694,0.986,0.86,0.591,0.875,0.479,0.247,0.314,0.74,0.674,0.694,0.986,0.86,0.591,0.875,0.479,0.247,0.314,0.74,81.025,24
0.695,0.702,0.988,0.844,0.603,0.92,0.552,0.295,0.34,0.731,0.695,0.702,0.988,0.844,0.603,0.92,0.552,0.295,0.34,0.731,85.866,24
0.685,0.705,0.986,0.845,0.604,0.892,0.555,0.279,0.367,0.7,0.685,0.705,0.986,0.845,0.604,0.892,0.555,0.279,0.367,0.7,83.433,24
0.698,0.701,0.98,0.826,0.613,0.907,0.549,0.319,0.299,0.739,0.698,0.701,0.98,0.826,0.613,0.907,0.549,0.319,0.299,0.739,87.092,24
0.689,0.696,1,0.886,0.614,0.919,0.496,0.233,0.34,0.722,0.689,0.696,1,0.886,0.614,0.919,0.496,0.233,0.34,0.722,84.646,24
0.691,0.714,0.99,0.888,0.616,0.917,0.509,0.227,0.339,0.691,0.691,0.714,0.99,0.888,0.616,0.917,0.509,0.227,0.339,0.691,85.615,24
0.682,0.712,1.006,0.883,0.612,0.87,0.423,0.225,0.298,0.723,0.682,0.712,1.006,0.883,0.612,0.87,0.423,0.225,0.298,0.723,81.253,24
0.669,0.693,0.985,0.8,0.637,0.917,0.637,0.395,0.319,0.703,0.669,0.693,0.985,0.8,0.637,0.917,0.637,0.395,0.319,0.703,82.462,24
0.7,0.705,1.002,0.883,0.586,0.889,0.469,0.263,0.275,0.723,0.7,0.705,1.002,0.883,0.586,0.889,0.469,0.263,0.275,0.723,86.585,24
0.703,0.698,0.992,0.892,0.609,0.912,0.52,0.267,0.295,0.694,0.703,0.698,0.992,0.892,0.609,0.912,0.52,0.267,0.295,0.694,86.585,24
0.702,0.721,1.012,0.917,0.589,0.892,0.401,0.205,0.264,0.719,0.702,0.721,1.012,0.917,0.589,0.892,0.401,0.205,0.264,0.719,86.585,24
0.698,0.7,0.982,0.867,0.572,0.898,0.501,0.255,0.307,0.743,0.698,0.7,0.982,0.867,0.572,0.898,0.501,0.255,0.307,0.743,85.866,24
0.68,0.688,0.988,0.9,0.602,0.906,0.456,0.236,0.251,0.734,0.68,0.688,0.988,0.9,0.602,0.906,0.456,0.236,0.251,0.734,86.585,24
0.671,0.688,1.008,0.91,0.593,0.893,0.418,0.212,0.275,0.74,0.671,0.688,1.008,0.91,0.593,0.893,0.418,0.212,0.275,0.74,85.866,24
0.69,0.722,0.995,0.888,0.615,0.871,0.487,0.249,0.291,0.662,0.69,0.722,0.995,0.888,0.615,0.871,0.487,0.249,0.291,0.662,83.433,24
0.683,0.695,1.002,0.89,0.6,0.88,0.447,0.206,0.342,0.724,0.683,0.695,1.002,0.89,0.6,0.88,0.447,0.206,0.342,0.724,82.97,24
0.695,0.698,0.986,0.83,0.623,0.907,0.604,0.353,0.319,0.69,0.695,0.698,0.986,0.83,0.623,0.907,0.604,0.353,0.319,0.69,86.128,24
0.68,0.698,0.995,0.852,0.629,0.905,0.564,0.3,0.344,0.689,0.68,0.698,0.995,0.852,0.629,0.905,0.564,0.3,0.344,0.689,85.165,24
0.682,0.691,0.994,0.857,0.618,0.908,0.519,0.281,0.315,0.733,0.682,0.691,0.994,0.857,0.618,0.908,0.519,0.281,0.315,0.733,83.241,24
0.668,0.675,0.972,0.827,0.6,0.88,0.562,0.28,0.371,0.74,0.668,0.675,0.972,0.827,0.6,0.88,0.562,0.28,0.371,0.74,83.199,24
0.682,0.685,0.953,0.722,0.698,0.925,0.779,0.514,0.321,0.647,0.682,0.685,0.953,0.722,0.698,0.925,0.779,0.514,0.321,0.647,87.092,24
0.672,0.684,1.007,0.889,0.602,0.893,0.467,0.269,0.263,0.731,0.672,0.684,1.007,0.889,0.602,0.893,0.467,0.269,0.263,0.731,83.678,24
0.415,0.994,0.155,0.077,0.491,2.113,2.062,0.329,1.735,0.903,0.415,0.994,0.155,0.077,0.491,2.113,2.062,0.329,1.735,0.903,169.921,25
0.438,0.989,0.147,0.104,0.533,1.887,1.824,0.223,1.617,0.803,0.438,0.989,0.147,0.104,0.533,1.887,1.824,0.223,1.617,0.803,172.43,25
0.44,0.993,0.166,0.088,0.499,1.949,1.892,0.218,1.68,0.861,0.44,0.993,0.166,0.088,0.499,1.949,1.892,0.218,1.68,0.861,172.467,25
0.409,0.983,0.168,0.117,0.499,1.945,1.88,0.21,1.685,0.87,0.409,0.983,0.168,0.117,0.499,1.945,1.88,0.21,1.685,0.87,169.248,25
0.396,0.977,0.204,0.119,0.505,1.973,1.912,0.268,1.645,0.883,0.396,0.977,0.204,0.119,0.505,1.973,1.912,0.268,1.645,0.883,168.834,25
0.384,0.973,0.192,0.154,0.513,1.899,1.823,0.21,1.624,0.834,0.384,0.973,0.192,0.154,0.513,1.899,1.823,0.21,1.624,0.834,164.542,25
0.366,0.984,0.163,0.107,0.47,2.182,2.111,0.275,1.837,0.991,0.366,0.984,0.163,0.107,0.47,2.182,2.111,0.275,1.837,0.991,172.351,25
0.422,0.991,0.17,0.123,0.503,1.891,1.813,0.131,1.684,0.88,0.422,0.991,0.17,0.123,0.503,1.891,1.813,0.131,1.684,0.88,167.738,25
0.42,1.005,0.15,0.102,0.49,1.996,1.899,0.137,1.763,0.953,0.42,1.005,0.15,0.102,0.49,1.996,1.899,0.137,1.763,0.953,169.425,25
0.38,0.988,0.192,0.099,0.471,2.131,2.058,0.259,1.808,0.997,0.38,0.988,0.192,0.099,0.471,2.131,2.058,0.259,1.808,0.997,168.834,25
0.395,0.981,0.172,0.095,0.483,2.069,2.021,0.237,1.787,0.904,0.395,0.981,0.172,0.095,0.483,2.069,2.021,0.237,1.787,0.904,167.738,25
0.43,0.991,0.149,0.119,0.521,1.867,1.79,0.131,1.667,0.832,0.43,0.991,0.149,0.119,0.521,1.867,1.79,0.131,1.667,0.832,168.241,25
0.397,0.993,0.155,0.106,0.486,2.053,1.966,0.197,1.773,0.956,0.397,0.993,0.155,0.106,0.486,2.053,1.966,0.197,1.773,0.956,171.058,25
0.416,0.998,0.173,0.14,0.513,1.877,1.77,0.138,1.644,0.863,0.416,0.998,0.173,0.14,0.513,1.877,1.77,0.138,1.644,0.863,170.294,25
0.428,1.008,0.164,0.131,0.519,1.886,1.765,0.114,1.654,0.883,0.428,1.008,0.164,0.131,0.519,1.886,1.765,0.114,1.654,0.883,167.887,25
0.424,1.001,0.165,0.075,0.491,2.065,1.994,0.257,1.738,0.915,0.424,1.001,0.165,0.075,0.491,2.065,1.994,0.257,1.738,0.915,167.8,25
0.428,0.99,0.166,0.105,0.506,1.93,1.862,0.183,1.68,0.872,0.428,0.99,0.166,0.105,0.506,1.93,1.862,0.183,1.68,0.872,167.108,25
0.389,0.98,0.181,0.139,0.493,1.94,1.861,0.13,1.731,0.901,0.389,0.98,0.181,0.139,0.493,1.94,1.861,0.13,1.731,0.901,173.367,25
0.388,0.983,0.18,0.127,0.496,1.997,1.919,0.194,1.725,0.879,0.388,0.983,0.18,0.127,0.496,1.997,1.919,0.194,1.725,0.879,168.885,25
0.344,0.973,0.202,0.148,0.463,2.086,2.004,0.18,1.824,0.962,0.344,0.973,0.202,0.148,0.463,2.086,2.004,0.18,1.824,0.962,172.073,25
0.393,0.972,0.184,0.161,0.526,1.846,1.757,0.12,1.64,0.88,0.393,0.972,0.184,0.161,0.526,1.846,1.757,0.12,1.64,0.88,166.331,25
0.345,0.962,0.215,0.184,0.486,1.955,1.867,0.176,1.698,0.906,0.345,0.962,0.215,0.184,0.486,1.955,1.867,0.176,1.698,0.906,168.772,25
0.416,0.969,0.2,0.141,0.496,1.854,1.812,0.157,1.655,0.855,0.416,0.969,0.2,0.141,0.496,1.854,1.812,0.157,1.655,0.855,162.742,25
0.398,0.988,0.2,0.176,0.506,1.84,1.731,0.096,1.64,0.84,0.398,0.988,0.2,0.176,0.506,1.84,1.731,0.096,1.64,0.84,167.263,25
0.353,0.962,0.209,0.118,0.456,2.14,2.108,0.289,1.822,0.964,0.353,0.962,0.209,0.118,0.456,2.14,2.108,0.289,1.822,0.964,169.009,25
0.395,0.98,0.189,0.181,0.52,1.803,1.701,0.134,1.601,0.83,0.395,0.98,0.189,0.181,0.52,1.803,1.701,0.134,1.601,0.83,166.712,25
0.393,0.99,0.199,0.142,0.458,2.005,1.927,0.134,1.795,0.914,0.393,0.99,0.199,0.142,0.458,2.005,1.927,0.134,1.795,0.914,165.194,25
0.411,0.994,0.165,0.14,0.504,1.9,1.798,0.092,1.71,0.895,0.411,0.994,0.165,0.14,0.504,1.9,1.798,0.092,1.71,0.895,169.293,25
0.372,0.978,0.191,0.134,0.479,2.033,1.955,0.203,1.753,0.933,0.372,0.978,0.191,0.134,0.479,2.033,1.955,0.203,1.753,0.933,168.372,25
0.402,0.989,0.202,0.147,0.512,1.896,1.796,0.167,1.629,0.859,0.402,0.989,0.202,0.147,0.512,1.896,1.796,0.167,1.629,0.859,167.738,25
0.353,0.974,0.205,0.148,0.469,2.062,1.984,0.228,1.758,0.9,0.353,0.974,0.205,0.148,0.469,2.062,1.984,0.228,1.758,0.9,172.734,25
0.421,0.976,0.188,0.163,0.528,1.769,1.687,0.105,1.589,0.842,0.421,0.976,0.188,0.163,0.528,1.769,1.687,0.105,1.589,0.842,166.027,25
0.395,0.982,0.197,0.117,0.462,2.032,1.977,0.2,1.778,0.933,0.395,0.982,0.197,0.117,0.462,2.032,1.977,0.2,1.778,0.933,169.009,25
0.409,0.982,0.182,0.137,0.509,1.89,1.81,0.152,1.659,0.873,0.409,0.982,0.182,0.137,0.509,1.89,1.81,0.152,1.659,0.873,167.263,25
0.405,0.986,0.195,0.11,0.484,1.993,1.929,0.214,1.717,0.901,0.405,0.986,0.195,0.11,0.484,1.993,1.929,0.214,1.717,0.901,170.238,25
0.408,0.99,0.198,0.087,0.483,2.066,2.008,0.287,1.727,0.912,0.408,0.99,0.198,0.087,0.483,2.066,2.008,0.287,1.727,0.912,169.623,25
0.439,1.002,0.15,0.099,0.494,1.951,1.873,0.134,1.741,0.886,0.439,1.002,0.15,0.099,0.494,1.951,1.873,0.134,1.741,0.886,168.372,25
0.411,0.995,0.181,0.086,0.484,2.07,2,0.253,1.752,0.945,0.411,0.995,0.181,0.086,0.484,2.07,2,0.253,1.752,0.945,169.009,25
0.426,0.999,0.159,0.09,0.491,2.004,1.925,0.192,1.734,0.966,0.426,0.999,0.159,0.09,0.491,2.004,1.925,0.192,1.734,0.966,166.712,25
0.437,1.011,0.131,0.098,0.501,1.972,1.87,0.124,1.755,0.906,0.437,1.011,0.131,0.098,0.501,1.972,1.87,0.124,1.755,0.906,164.785,25
0.433,1.004,0.145,0.089,0.475,2.028,1.952,0.135,1.818,0.973,0.433,1.004,0.145,0.089,0.475,2.028,1.952,0.135,1.818,0.973,169.009,25
0.383,0.98,0.177,0.148,0.494,1.946,1.857,0.128,1.732,0.899,0.383,0.98,0.177,0.148,0.494,1.946,1.857,0.128,1.732,0.899,170.294,25
0.41,1.006,0.146,0.082,0.482,2.109,2.019,0.211,1.808,0.935,0.41,1.006,0.146,0.082,0.482,2.109,2.019,0.211,1.808,0.935,170.182,25
0.406,1.006,0.157,0.102,0.491,2.048,1.943,0.193,1.752,0.936,0.406,1.006,0.157,0.102,0.491,2.048,1.943,0.193,1.752,0.936,168.885,25
0.389,0.994,0.157,0.078,0.466,2.205,2.145,0.29,1.855,0.971,0.389,0.994,0.157,0.078,0.466,2.205,2.145,0.29,1.855,0.971,173.234,25
0.377,0.975,0.177,0.112,0.466,2.081,2.028,0.211,1.817,0.948,0.377,0.975,0.177,0.112,0.466,2.081,2.028,0.211,1.817,0.948,171.703,25
0.403,0.996,0.161,0.092,0.483,2.085,2.008,0.227,1.78,0.942,0.403,0.996,0.161,0.092,0.483,2.085,2.008,0.227,1.78,0.942,168.772,25
0.348,0.989,0.187,0.119,0.456,2.222,2.133,0.256,1.878,0.956,0.348,0.989,0.187,0.119,0.456,2.222,2.133,0.256,1.878,0.956,176.695,25
0.371,0.978,0.189,0.081,0.448,2.243,2.214,0.334,1.89,0.97,0.371,0.978,0.189,0.081,0.448,2.243,2.214,0.334,1.89,0.97,169.921,25
0.385,0.982,0.169,0.087,0.456,2.159,2.114,0.252,1.862,0.969,0.385,0.982,0.169,0.087,0.456,2.159,2.114,0.252,1.862,0.969,179.137,25
0.402,0.984,0.173,0.087,0.478,2.078,2.032,0.257,1.775,0.901,0.402,0.984,0.173,0.087,0.478,2.078,2.032,0.257,1.775,0.901,176.026,25
1.054,0.954,0.978,0.857,1.124,0.839,0.552,0.3,0.28,0.37,1.054,0.954,0.978,0.857,1.124,0.839,0.552,0.3,0.28,0.37,154.013,26
1.054,0.954,0.978,0.857,1.124,0.839,0.552,0.3,0.28,0.37,1.054,0.954,0.978,0.857,1.124,0.839,0.552,0.3,0.28,0.37,154.013,26
1.054,0.954,0.978,0.857,1.124,0.839,0.552,0.3,0.28,0.37,1.054,0.954,0.978,0.857,1.124,0.839,0.552,0.3,0.28,0.37,154.013,26
1.054,0.954,0.978,0.857,1.124,0.839,0.552,0.3,0.28,0.37,1.054,0.954,0.978,0.857,1.124,0.839,0.552,0.3,0.28,0.37,154.013,26
1.054,0.954,0.978,0.857,1.124,0.839,0.552,0.3,0.28,0.37,1.054,0.954,0.978,0.857,1.124,0.839,0.552,0.3,0.28,0.37,154.013,26
1.054,0.954,0.978,0.857,1.124,0.839,0.552,0.3,0.28,0.37,1.054,0.954,0.978,0.857,1.124,0.839,0.552,0.3,0.28,0.37,154.013,26
1.054,0.954,0.978,0.857,1.124,0.839,0.552,0.3,0.28,0.37,1.054,0.954,0.978,0.857,1.124,0.839,0.552,0.3,0.28,0.37,154.013,26
1.054,0.954,0.978,0.857,1.124,0.839,0.552,0.3,0.28,0.37,1.054,0.954,0.978,0.857,1.124,0.839,0.552,0.3,0.28,0.37,154.013,26
1.054,0.954,0.978,0.857,1.124,0.839,0.552,0.3,0.28,0.37,1.054,0.954,0.978,0.857,1.124,0.839,0.552,0.3,0.28,0.37,154.013,26
1.054,0.954,0.978,0.857,1.124,0.839,0.552,0.3,0.28,0.37,1.054,0.954,0.978,0.857,1.124,0.839,0.552,0.3,0.28,0.37,154.013,26
1.054,0.954,0.978,0.857,1.124,0.839,0.552,0.3,0.28,0.37,1.054,0.954,0.978,0.857,1.124,0.839,0.552,0.3,0.28,0.37,154.013,26
1.054,0.954,0.978,0.857,1.124,0.839,0.552,0.3,0.28,0.37,1.054,0.954,0.978,0.857,1.124,0.839,0.552,0.3,0.28,0.37,154.013,26
1.054,0.954,0.978,0.857,1.124,0.839,0.552,0.3,0.28,0.37,1.054,0.954,0.978,0.857,1.124,0.839,0.552,0.3,0.28,0.37,154.013,26
1.054,0.954,0.978,0.857,1.124,0.839,0.552,0.3,0.28,0.37,1.054,0.954,0.978,0.857,1.124,0.839,0.552,0.3,0.28,0.37,154.013,26
1.054,0.954,0.978,0.857,1.124,0.839,0.552,0.3,0.28,0.37,1.054,0.954,0.978,0.857,1.124,0.839,0.552,0.3,0.28,0.37,154.013,26
1.054,0.954,0.978,0.857,1.124,0.839,0.552,0.3,0.28,0.37,1.054,0.954,0.978,0.857,1.124,0.839,0.552,0.3,0.28,0.37,154.013,26
1.054,0.954,0.978,0.857,1.124,0.839,0.552,0.3,0.28,0.37,1.054,0.954,0.978,0.857,1.124,0.839,0.552,0.3,0.28,0.37,154.013,26
1.054,0.954,0.978,0.857,1.124,0.839,0.552,0.3,0.28,0.37,1.054,0.954,0.978,0.857,1.124,0.839,0.552,0.3,0.28,0.37,154.013,26
1.054,0.954,0.978,0.857,1.124,0.839,0.552,0.3,0.28,0.37,1.054,0.954,0.978,0.857,1.124,0.839,0.552,0.3,0.28,0.37,154.013,26
1.054,0.954,0.978,0.857,1.124,0.839,0.552,0.3,0.28,0.37,1.054,0.954,0.978,0.857,1.124,0.839,0.552,0.3,0.28,0.37,154.013,26
1.054,0.954,0.978,0.857,1.124,0.839,0.552,0.3,0.28,0.37,1.054,0.954,0.978,0.857,1.124,0.839,0.552,0.3,0.28,0.37,154.013,26
1.054,0.954,0.978,0.857,1.124,0.839,0.552,0.3,0.28,0.37,1.054,0.954,0.978,0.857,1.124,0.839,0.552,0.3,0.28,0.37,154.013,26
1.054,0.954,0.978,0.857,1.124,0.839,0.552,0.3,0.28,0.37,1.054,0.954,0.978,0.857,1.124,0.839,0.552,0.3,0.28,0.37,154.013,26
1.054,0.954,0.978,0.857,1.124,0.839,0.552,0.3,0.28,0.37,1.054,0.954,0.978,0.857,1.124,0.839,0.552,0.3,0.28,0.37,154.013,26
1.054,0.954,0.978,0.857,1.124,0.839,0.552,0.3,0.28,0.37,1.054,0.954,0.978,0.857,1.124,0.839,0.552,0.3,0.28,0.37,154.013,26
1.054,0.954,0.978,0.857,1.124,0.839,0.552,0.3,0.28,0.37,1.054,0.954,0.978,0.857,1.124,0.839,0.552,0.3,0.28,0.37,154.013,26
1.054,0.954,0.978,0.857,1.124,0.839,0.552,0.3,0.28,0.37,1.054,0.954,0.978,0.857,1.124,0.839,0.552,0.3,0.28,0.37,154.013,26
1.054,0.954,0.978,0.857,1.124,0.839,0.552,0.3,0.28,0.37,1.054,0.954,0.978,0.857,1.124,0.839,0.552,0.3,0.28,0.37,154.013,26
1.054,0.954,0.978,0.857,1.124,0.839,0.552,0.3,0.28,0.37,1.054,0.954,0.978,0.857,1.124,0.839,0.552,0.3,0.28,0.37,154.013,26
1.054,0.954,0.978,0.857,1.124,0.839,0.552,0.3,0.28,0.37,1.054,0.954,0.978,0.857,1.124,0.839,0.552,0.3,0.28,0.37,154.013,26
1.054,0.954,0.978,0.857,1.124,0.839,0.552,0.3,0.28,0.37,1.054,0.954,0.978,0.857,1.124,0.839,0.552,0.3,0.28,0.37,154.013,26
1.054,0.954,0.978,0.857,1.124,0.839,0.552,0.3,0.28,0.37,1.054,0.954,0.978,0.857,1.124,0.839,0.552,0.3,0.28,0.37,154.013,26
1.054,0.954,0.978,0.857,1.124,0.839,0.552,0.3,0.28,0.37,1.054,0.954,0.978,0.857,1.124,0.839,0.552,0.3,0.28,0.37,154.013,26
1.054,0.954,0.978,0.857,1.124,0.839,0.552,0.3,0.28,0.37,1.054,0.954,0.978,0.857,1.124,0.839,0.552,0.3,0.28,0.37,154.013,26
1.054,0.954,0.978,0.857,1.124,0.839,0.552,0.3,0.28,0.37,1.054,0.954,0.978,0.857,1.124,0.839,0.552,0.3,0.28,0.37,154.013,26
1.054,0.954,0.978,0.857,1.124,0.839,0.552,0.3,0.28,0.37,1.054,0.954,0.978,0.857,1.124,0.839,0.552,0.3,0.28,0.37,154.013,26
1.054,0.954,0.978,0.857,1.124,0.839,0.552,0.3,0.28,0.37,1.054,0.954,0.978,0.857,1.124,0.839,0.552,0.3,0.28,0.37,154.013,26
1.054,0.954,0.978,0.857,1.124,0.839,0.552,0.3,0.28,0.37,1.054,0.954,0.978,0.857,1.124,0.839,0.552,0.3,0.28,0.37,154.013,26
1.054,0.954,0.978,0.857,1.124,0.839,0.552,0.3,0.28,0.37,1.054,0.954,0.978,0.857,1.124,0.839,0.552,0.3,0.28,0.37,154.013,26
1.054,0.954,0.978,0.857,1.124,0.839,0.552,0.3,0.28,0.37,1.054,0.954,0.978,0.857,1.124,0.839,0.552,0.3,0.28,0.37,154.013,26
1.054,0.954,0.978,0.857,1.124,0.839,0.552,0.3,0.28,0.37,1.054,0.954,0.978,0.857,1.124,0.839,0.552,0.3,0.28,0.37,154.013,26
1.054,0.954,0.978,0.857,1.124,0.839,0.552,0.3,0.28,0.37,1.054,0.954,0.978,0.857,1.124,0.839,0.552,0.3,0.28,0.37,154.013,26
1.054,0.954,0.978,0.857,1.124,0.839,0.552,0.3,0.28,0.37,1.054,0.954,0.978,0.857,1.124,0.839,0.552,0.3,0.28,0.37,154.013,26
1.054,0.954,0.978,0.857,1.124,0.839,0.552,0.3,0.28,0.37,1.054,0.954,0.978,0.857,1.124,0.839,0.552,0.3,0.28,0.37,154.013,26
1.054,0.954,0.978,0.857,1.124,0.839,0.552,0.3,0.28,0.37,1.054,0.954,0.978,0.857,1.124,0.839,0.552,0.3,0.28,0.37,154.013,26
1.054,0.954,0.978,0.857,1.124,0.839,0.552,0.3,0.28,0.37,1.054,0.954,0.978,0.857,1.124,0.839,0.552,0.3,0.28,0.37,154.013,26
1.054,0.954,0.978,0.857,1.124,0.839,0.552,0.3,0.28,0.37,1.054,0.954,0.978,0.857,1.124,0.839,0.552,0.3,0.28,0.37,154.013,26
1.054,0.954,0.978,0.857,1.124,0.839,0.552,0.3,0.28,0.37,1.054,0.954,0.978,0.857,1.124,0.839,0.552,0.3,0.28,0.37,154.013,26
1.054,0.954,0.978,0.857,1.124,0.839,0.552,0.3,0.28,0.37,1.054,0.954,0.978,0.857,1.124,0.839,0.552,0.3,0.28,0.37,154.013,26
1.054,0.954,0.978,0.857,1.124,0.839,0.552,0.3,0.28,0.37,1.054,0.954,0.978,0.857,1.124,0.839,0.552,0.3,0.28,0.37,154.013,26
1.054,0.954,0.978,0.857,1.124,0.839,0.552,0.3,0.28,0.37,1.054,0.954,0.978,0.857,1.124,0.839,0.552,0.3,0.28,0.37,154.013,26
0.959,1.01,0.985,0.951,0.207,0.513,0.42,0.208,0.237,0.093,0.959,1.01,0.985,0.951,0.207,0.513,0.42,0.208,0.237,0.093,12.649,27
0.938,1.038,0.973,0.925,0.2,0.767,0.478,0.243,0.291,0.295,0.938,1.038,0.973,0.925,0.2,0.767,0.478,0.243,0.291,0.295,18.385,27
0.921,1.026,0.979,0.929,0.147,0.792,0.544,0.341,0.316,0.261,0.921,1.026,0.979,0.929,0.147,0.792,0.544,0.341,0.316,0.261,14.866,27
0.925,1.005,0.974,0.928,0.171,0.597,0.477,0.277,0.229,0.175,0.925,1.005,0.974,0.928,0.171,0.597,0.477,0.277,0.229,0.175,16.125,27
0.934,1.041,0.974,0.945,0.137,1.118,0.633,0.248,0.412,0.486,0.934,1.041,0.974,0.945,0.137,1.118,0.633,0.248,0.412,0.486,14.213,27
0.906,1.047,0.975,0.932,0.183,0.863,0.402,0.258,0.309,0.515,0.906,1.047,0.975,0.932,0.183,0.863,0.402,0.258,0.309,0.515,18.439,27
0.892,1.031,0.974,0.914,0.167,0.96,0.573,0.362,0.344,0.462,0.892,1.031,0.974,0.914,0.167,0.96,0.573,0.362,0.344,0.462,18.385,27
0.918,1.033,0.979,0.924,0.272,0.543,0.324,0.2,0.172,0.24,0.918,1.033,0.979,0.924,0.272,0.543,0.324,0.2,0.172,0.24,24.352,27
0.932,1.042,0.944,0.88,0.141,1.414,0.97,0.476,0.512,0.476,0.932,1.042,0.944,0.88,0.141,1.414,0.97,0.476,0.512,0.476,13.454,27
0.928,0.997,0.983,0.938,0.164,0.576,0.455,0.282,0.226,0.203,0.928,0.997,0.983,0.938,0.164,0.576,0.455,0.282,0.226,0.203,13.892,27
0.938,1.03,0.971,0.916,0.169,1.031,0.559,0.326,0.285,0.57,0.938,1.03,0.971,0.916,0.169,1.031,0.559,0.326,0.285,0.57,13.038,27
0.949,1.005,0.983,0.95,0.207,0.416,0.303,0.163,0.181,0.143,0.949,1.005,0.983,0.95,0.207,0.416,0.303,0.163,0.181,0.143,16.553,27
0.934,1.013,0.954,0.891,0.162,0.782,0.7,0.39,0.339,0.082,0.934,1.013,0.954,0.891,0.162,0.782,0.7,0.39,0.339,0.082,13.454,27
0.916,1.035,0.97,0.916,0.14,1.053,0.752,0.431,0.343,0.301,0.916,1.035,0.97,0.916,0.14,1.053,0.752,0.431,0.343,0.301,16.971,27
0.942,1.059,0.959,0.904,0.185,1.092,0.539,0.308,0.321,0.659,0.942,1.059,0.959,0.904,0.185,1.092,0.539,0.308,0.321,0.659,15.652,27
0.928,1.006,0.971,0.925,0.131,0.958,0.677,0.359,0.366,0.387,0.928,1.006,0.971,0.925,0.131,0.958,0.677,0.359,0.366,0.387,15.556,27
0.938,1.026,0.958,0.907,0.212,0.645,0.475,0.241,0.283,0.184,0.938,1.026,0.958,0.907,0.212,0.645,0.475,0.241,0.283,0.184,16.155,27
0.888,1.005,0.971,0.92,0.152,0.784,0.639,0.351,0.316,0.196,0.888,1.005,0.971,0.92,0.152,0.784,0.639,0.351,0.316,0.196,16.971,27
0.903,1.018,0.972,0.922,0.154,0.954,0.632,0.347,0.313,0.374,0.903,1.018,0.972,0.922,0.154,0.954,0.632,0.347,0.313,0.374,20.518,27
0.908,1.018,0.979,0.933,0.164,0.733,0.518,0.29,0.29,0.232,0.908,1.018,0.979,0.933,0.164,0.733,0.518,0.29,0.29,0.232,16.279,27
0.895,1.009,0.98,0.922,0.131,0.854,0.728,0.453,0.354,0.141,0.895,1.009,0.98,0.922,0.131,0.854,0.728,0.453,0.354,0.141,15.811,27
0.892,1.017,0.971,0.917,0.173,0.735,0.613,0.351,0.279,0.123,0.892,1.017,0.971,0.917,0.173,0.735,0.613,0.351,0.279,0.123,18.028,27
0.907,1.036,0.967,0.917,0.176,0.915,0.535,0.288,0.326,0.428,0.907,1.036,0.967,0.917,0.176,0.915,0.535,0.288,0.326,0.428,17.804,27
0.919,1.031,0.968,0.916,0.165,1.036,0.6,0.323,0.337,0.502,0.919,1.031,0.968,0.916,0.165,1.036,0.6,0.323,0.337,0.502,15.264,27
0.934,1.036,0.984,0.946,0.146,0.985,0.491,0.273,0.258,0.515,0.934,1.036,0.984,0.946,0.146,0.985,0.491,0.273,0.258,0.515,17.029,27
0.925,0.992,0.966,0.915,0.166,0.54,0.573,0.308,0.348,0.057,0.925,0.992,0.966,0.915,0.166,0.54,0.573,0.308,0.348,0.057,18.385,27
0.926,0.988,0.983,0.946,0.175,0.437,0.413,0.23,0.217,0.121,0.926,0.988,0.983,0.946,0.175,0.437,0.413,0.23,0.217,0.121,16.401,27
0.946,1.001,0.983,0.932,0.157,0.631,0.54,0.342,0.242,0.135,0.946,1.001,0.983,0.932,0.157,0.631,0.54,0.342,0.242,0.135,15.62,27
0.92,1,0.988,0.942,0.193,0.419,0.354,0.245,0.147,0.11,0.92,1,0.988,0.942,0.193,0.419,0.354,0.245,0.147,0.11,19.723,27
0.928,1.005,0.971,0.919,0.139,0.893,0.734,0.42,0.335,0.208,0.928,1.005,0.971,0.919,0.139,0.893,0.734,0.42,0.335,0.208,12.806,27
0.931,1.013,0.98,0.947,0.199,0.484,0.353,0.167,0.232,0.139,0.931,1.013,0.98,0.947,0.199,0.484,0.353,0.167,0.232,0.139,19.313,27
0.922,1.001,0.966,0.916,0.083,1.414,1.25,0.632,0.68,0.25,0.922,1.001,0.966,0.916,0.083,1.414,1.25,0.632,0.68,0.25,11.18,27
0.902,1.021,0.984,0.947,0.158,0.632,0.447,0.249,0.235,0.186,0.902,1.021,0.984,0.947,0.158,0.632,0.447,0.249,0.235,0.186,16.279,27
0.91,1.004,0.976,0.934,0.191,0.483,0.383,0.219,0.202,0.155,0.91,1.004,0.976,0.934,0.191,0.483,0.383,0.219,0.202,0.155,18.868,27
0.931,1.021,0.979,0.938,0.186,0.759,0.405,0.224,0.251,0.414,0.931,1.021,0.979,0.938,0.186,0.759,0.405,0.224,0.251,0.414,18.028,27
0.919,1.04,0.983,0.937,0.165,0.851,0.462,0.286,0.229,0.405,0.919,1.04,0.983,0.937,0.165,0.851,0.462,0.286,0.229,0.405,15.556,27
0.922,1.012,0.972,0.91,0.161,0.689,0.573,0.384,0.206,0.172,0.922,1.012,0.972,0.91,0.161,0.689,0.573,0.384,0.206,0.172,16.401,27
0.921,1.008,0.972,0.919,0.223,0.485,0.416,0.243,0.212,0.083,0.921,1.008,0.972,0.919,0.223,0.485,0.416,0.243,0.212,0.083,22.847,27
0.918,1.001,0.975,0.92,0.178,0.617,0.543,0.307,0.316,0.118,0.918,1.001,0.975,0.92,0.178,0.617,0.543,0.307,0.316,0.118,15.264,27
0.902,1.001,0.983,0.929,0.172,0.625,0.54,0.351,0.219,0.123,0.902,1.001,0.983,0.929,0.172,0.625,0.54,0.351,0.219,0.123,12.53,27
0.922,1.013,0.98,0.938,0.213,0.477,0.357,0.198,0.222,0.133,0.922,1.013,0.98,0.938,0.213,0.477,0.357,0.198,0.222,0.133,19.723,27
0.941,0.996,0.976,0.926,0.154,0.595,0.513,0.325,0.249,0.218,0.941,0.996,0.976,0.926,0.154,0.595,0.513,0.325,0.249,0.218,12.083,27
0.921,1.005,0.983,0.934,0.182,0.58,0.455,0.288,0.204,0.161,0.921,1.005,0.983,0.934,0.182,0.58,0.455,0.288,0.204,0.161,18.601,27
0.976,1.031,0.967,0.911,0.149,1.006,0.695,0.375,0.391,0.328,0.976,1.031,0.967,0.911,0.149,1.006,0.695,0.375,0.391,0.328,9.22,27
0.905,0.997,0.972,0.898,0.14,0.881,0.791,0.529,0.335,0.237,0.905,0.997,0.972,0.898,0.14,0.881,0.791,0.529,0.335,0.237,14.142,27
0.938,1.005,0.967,0.916,0.169,0.675,0.559,0.301,0.34,0.177,0.938,1.005,0.967,0.916,0.169,0.675,0.559,0.301,0.34,0.177,12.207,27
0.959,1.052,0.975,0.937,0.191,1.169,0.482,0.215,0.305,0.718,0.959,1.052,0.975,0.937,0.191,1.169,0.482,0.215,0.305,0.718,16.643,27
0.913,1.062,0.973,0.911,0.175,1.344,0.56,0.354,0.269,0.902,0.913,1.062,0.973,0.911,0.175,1.344,0.56,0.354,0.269,0.902,18.601,27
0.923,1.013,0.971,0.927,0.164,0.768,0.608,0.329,0.288,0.169,0.923,1.013,0.971,0.927,0.164,0.768,0.608,0.329,0.288,0.169,15.811,27
0.946,1.021,0.968,0.892,0.167,0.798,0.655,0.463,0.251,0.178,0.946,1.021,0.968,0.892,0.167,0.798,0.655,0.463,0.251,0.178,9.434,27
0.952,1,0.971,0.901,0.165,0.686,0.635,0.428,0.286,0.126,0.952,1,0.971,0.901,0.165,0.686,0.635,0.428,0.286,0.126,11.662,27
0.536,0.955,0.43,0.445,0.119,4.427,4.93,0.52,5.323,0.763,0.536,0.955,0.43,0.445,0.119,4.427,4.93,0.52,5.323,0.763,166.628,28
0.504,0.943,0.421,0.412,0.11,5.036,5.673,0.332,5.791,0.841,0.504,0.943,0.421,0.412,0.11,5.036,5.673,0.332,5.791,0.841,160.854,28
0.508,0.959,0.41,0.433,0.099,5.572,6.18,0.458,6.604,1.023,0.508,0.959,0.41,0.433,0.099,5.572,6.18,0.458,6.604,1.023,168.345,28
0.531,0.988,0.429,0.422,0.118,5.028,5.211,0.234,5.287,0.398,0.531,0.988,0.429,0.422,0.118,5.028,5.211,0.234,5.287,0.398,161.075,28
0.547,0.959,0.451,0.443,0.123,4.417,4.87,0.45,5.103,0.662,0.547,0.959,0.451,0.443,0.123,4.417,4.87,0.45,5.103,0.662,170.426,28
0.54,0.943,0.446,0.461,0.109,4.648,5.319,0.767,5.906,0.868,0.54,0.943,0.446,0.461,0.109,4.648,5.319,0.767,5.906,0.868,158.319,28
0.535,0.953,0.441,0.45,0.106,4.937,5.52,0.668,5.989,0.844,0.535,0.953,0.441,0.45,0.106,4.937,5.52,0.668,5.989,0.844,171.231,28
0.527,0.958,0.43,0.424,0.11,5.175,5.677,0.421,5.915,0.666,0.527,0.958,0.43,0.424,0.11,5.175,5.677,0.421,5.915,0.666,170.294,28
0.531,0.966,0.408,0.412,0.137,4.206,4.537,0.426,4.81,0.513,0.531,0.966,0.408,0.412,0.137,4.206,4.537,0.426,4.81,0.513,168.345,28
0.537,0.967,0.44,0.415,0.133,4.369,4.695,0.254,4.638,0.472,0.537,0.967,0.44,0.415,0.133,4.369,4.695,0.254,4.638,0.472,171.231,28
0.527,0.962,0.448,0.433,0.119,4.653,5.098,0.465,5.272,0.712,0.527,0.962,0.448,0.433,0.119,4.653,5.098,0.465,5.272,0.712,172.244,28
0.54,0.954,0.441,0.423,0.124,4.616,5.134,0.234,5.152,0.712,0.54,0.954,0.441,0.423,0.124,4.616,5.134,0.234,5.152,0.712,173.003,28
0.544,0.961,0.457,0.46,0.106,5.11,5.552,0.605,5.968,0.491,0.544,0.961,0.457,0.46,0.106,5.11,5.552,0.605,5.968,0.491,166.928,28
0.523,0.957,0.43,0.434,0.112,4.951,5.477,0.312,5.702,0.733,0.523,0.957,0.43,0.434,0.112,4.951,5.477,0.312,5.702,0.733,170.751,28
0.52,0.959,0.42,0.458,0.109,4.766,5.275,0.665,5.89,0.785,0.52,0.959,0.42,0.458,0.109,4.766,5.275,0.665,5.89,0.785,171.493,28
0.536,0.965,0.425,0.418,0.13,4.468,4.859,0.32,5.022,0.603,0.536,0.965,0.425,0.418,0.13,4.468,4.859,0.32,5.022,0.603,173.003,28
0.552,0.952,0.454,0.439,0.12,4.619,5.148,0.175,5.138,0.683,0.552,0.952,0.454,0.439,0.12,4.619,5.148,0.175,5.138,0.683,169.446,28
0.531,0.958,0.437,0.42,0.119,4.817,5.264,0.354,5.364,0.563,0.531,0.958,0.437,0.42,0.119,4.817,5.264,0.354,5.364,0.563,176.324,28
0.52,0.958,0.445,0.466,0.135,3.75,4.126,0.928,4.802,0.49,0.52,0.958,0.445,0.466,0.135,3.75,4.126,0.928,4.802,0.49,178.264,28
0.534,0.951,0.445,0.402,0.136,4.3,4.77,0.377,4.665,0.624,0.534,0.951,0.445,0.402,0.136,4.3,4.77,0.377,4.665,0.624,174.416,28
0.524,0.949,0.429,0.398,0.13,4.49,5.024,0.298,4.953,0.775,0.524,0.949,0.429,0.398,0.13,4.49,5.024,0.298,4.953,0.775,174.874,28
0.551,0.951,0.453,0.422,0.135,4.222,4.705,0.287,4.64,0.629,0.551,0.951,0.453,0.422,0.135,4.222,4.705,0.287,4.64,0.629,180.205,28
0.534,0.945,0.442,0.408,0.134,4.31,4.837,0.284,4.727,0.679,0.534,0.945,0.442,0.408,0.134,4.31,4.837,0.284,4.727,0.679,182.387,28
0.559,0.945,0.517,0.427,0.134,4.285,4.856,1.024,3.857,0.743,0.559,0.945,0.517,0.427,0.134,4.285,4.856,1.024,3.857,0.743,177.89,28
0.521,0.951,0.416,0.382,0.14,4.467,4.936,0.243,4.765,0.603,0.521,0.951,0.416,0.382,0.14,4.467,4.936,0.243,4.765,0.603,179.011,28
0.544,0.947,0.532,0.414,0.136,4.256,4.809,1.406,3.509,0.759,0.544,0.947,0.532,0.414,0.136,4.256,4.809,1.406,3.509,0.759,184.201,28
0.553,0.949,0.452,0.461,0.107,4.971,5.623,0.482,6.011,0.836,0.553,0.949,0.452,0.461,0.107,4.971,5.623,0.482,6.011,0.836,180.693,28
0.545,0.949,0.437,0.414,0.133,4.436,4.897,0.187,4.822,0.515,0.545,0.949,0.437,0.414,0.133,4.436,4.897,0.187,4.822,0.515,183.134,28
0.541,0.936,0.437,0.407,0.141,4.073,4.611,0.221,4.482,0.606,0.541,0.936,0.437,0.407,0.141,4.073,4.611,0.221,4.482,0.606,185.162,28
0.542,0.954,0.448,0.441,0.118,4.633,5.174,0.216,5.01,0.762,0.542,0.954,0.448,0.441,0.118,4.633,5.174,0.216,5.01,0.762,183.24,28
0.525,0.966,0.419,0.423,0.111,5.212,5.666,0.351,5.923,0.722,0.525,0.966,0.419,0.423,0.111,5.212,5.666,0.351,5.923,0.722,182.562,28
0.524,0.931,0.694,0.446,0.109,4.728,5.536,2.927,2.798,1.012,0.524,0.931,0.694,0.446,0.109,4.728,5.536,2.927,2.798,1.012,186.011,28
0.545,0.931,0.426,0.447,0.127,4.068,4.73,0.59,5.224,0.778,0.545,0.931,0.426,0.447,0.127,4.068,4.73,0.59,5.224,0.778,186.968,28
0.529,0.945,0.434,0.407,0.122,4.938,5.509,0.256,5.463,0.654,0.529,0.945,0.434,0.407,0.122,4.938,5.509,0.256,5.463,0.654,184.201,28
0.542,0.946,0.436,0.395,0.147,4.183,4.641,0.334,4.597,0.528,0.542,0.946,0.436,0.395,0.147,4.183,4.641,0.334,4.597,0.528,185.162,28
0.539,0.938,0.435,0.4,0.141,4.164,4.694,0.248,4.491,0.595,0.539,0.938,0.435,0.4,0.141,4.164,4.694,0.248,4.491,0.595,185.723,28
0.552,0.942,0.433,0.397,0.155,3.892,4.346,0.237,4.217,0.507,0.552,0.942,0.433,0.397,0.155,3.892,4.346,0.237,4.217,0.507,184.48,28
0.53,0.949,0.435,0.419,0.117,4.917,5.458,0.148,5.32,0.63,0.53,0.949,0.435,0.419,0.117,4.917,5.458,0.148,5.32,0.63,183.24,28
0.539,0.942,0.469,0.4,0.141,4.153,4.694,0.672,4.028,0.692,0.539,0.942,0.469,0.4,0.141,4.153,4.694,0.672,4.028,0.692,186.815,28
0.541,0.945,0.451,0.418,0.124,4.672,5.247,0.264,5.062,0.693,0.541,0.945,0.451,0.418,0.124,4.672,5.247,0.264,5.062,0.693,185.586,28
0.546,0.961,0.443,0.429,0.125,4.69,5.101,0.112,5.017,0.509,0.546,0.961,0.443,0.429,0.125,4.69,5.101,0.112,5.017,0.509,186.035,28
0.542,0.953,0.451,0.407,0.135,4.485,4.942,0.557,4.404,0.557,0.542,0.953,0.451,0.407,0.135,4.485,4.942,0.557,4.404,0.557,188.452,28
0.529,0.949,0.442,0.425,0.111,5.188,5.784,0.392,5.934,0.73,0.529,0.949,0.442,0.425,0.111,5.188,5.784,0.392,5.934,0.73,186.783,28
0.533,0.953,0.447,0.435,0.11,5.065,5.638,0.314,5.759,0.74,0.533,0.953,0.447,0.435,0.11,5.065,5.638,0.314,5.759,0.74,185.065,28
0.549,0.958,0.461,0.463,0.099,5.469,6.116,0.062,6.173,0.922,0.549,0.958,0.461,0.463,0.099,5.469,6.116,0.062,6.173,0.922,188.223,28
0.539,0.959,0.466,0.467,0.107,4.95,5.483,0.564,5.871,0.708,0.539,0.959,0.466,0.467,0.107,4.95,5.483,0.564,5.871,0.708,187.723,28
0.547,0.956,0.452,0.46,0.117,4.471,5.006,0.627,5.47,0.796,0.547,0.956,0.452,0.46,0.117,4.471,5.006,0.627,5.47,0.796,181.912,28
0.533,0.943,0.446,0.414,0.13,4.412,4.966,0.363,4.972,0.673,0.533,0.943,0.446,0.414,0.13,4.412,4.966,0.363,4.972,0.673,188.223,28
0.539,0.943,0.49,0.468,0.119,4.244,4.888,0.187,4.731,0.857,0.539,0.943,0.49,0.468,0.119,4.244,4.888,0.187,4.731,0.857,187.011,28
0.532,0.952,0.442,0.442,0.123,4.383,4.872,0.561,5.24,0.611,0.532,0.952,0.442,0.442,0.123,4.383,4.872,0.561,5.24,0.611,187.257,28
0.521,0.965,0.422,0.394,0.133,4.639,4.978,0.298,4.955,0.435,0.521,0.965,0.422,0.394,0.133,4.639,4.978,0.298,4.955,0.435,185.068,28
2.009,1.241,0.869,1.245,1.758,0.427,0.27,0.221,0.162,0.208,2.009,1.241,0.869,1.245,1.758,0.427,0.27,0.221,0.162,0.208,161.245,29
2.116,1.298,0.86,1.042,2.007,0.464,0.273,0.149,0.151,0.204,2.116,1.298,0.86,1.042,2.007,0.464,0.273,0.149,0.151,0.204,160.328,29
2.007,1.255,0.861,0.925,1.927,0.469,0.28,0.133,0.154,0.192,2.007,1.255,0.861,0.925,1.927,0.469,0.28,0.133,0.154,0.192,160.639,29
2.131,1.229,0.885,1.319,1.952,0.428,0.288,0.23,0.155,0.187,2.131,1.229,0.885,1.319,1.952,0.428,0.288,0.23,0.155,0.187,157.429,29
2.173,1.319,0.927,0.863,2.124,0.483,0.275,0.179,0.097,0.209,2.173,1.319,0.927,0.863,2.124,0.483,0.275,0.179,0.097,0.209,151.238,29
2.075,1.278,0.881,1.08,1.988,0.466,0.28,0.171,0.134,0.2,2.075,1.278,0.881,1.08,1.988,0.466,0.28,0.171,0.134,0.2,152.118,29
2.146,1.301,0.869,0.966,2.203,0.5,0.311,0.162,0.152,0.193,2.146,1.301,0.869,0.966,2.203,0.5,0.311,0.162,0.152,0.193,151.717,29
2.303,1.309,0.934,1.048,2.115,0.479,0.278,0.141,0.14,0.211,2.303,1.309,0.934,1.048,2.115,0.479,0.278,0.141,0.14,0.211,157.664,29
2.19,1.296,0.918,1.039,2.002,0.477,0.29,0.137,0.159,0.201,2.19,1.296,0.918,1.039,2.002,0.477,0.29,0.137,0.159,0.201,150.791,29
2.24,1.319,0.983,1.166,2.041,0.447,0.263,0.158,0.111,0.216,2.24,1.319,0.983,1.166,2.041,0.447,0.263,0.158,0.111,0.216,154.289,29
2.341,1.323,1.015,1.026,2.196,0.448,0.255,0.17,0.088,0.204,2.341,1.323,1.015,1.026,2.196,0.448,0.255,0.17,0.088,0.204,154.768,29
2.059,1.2,1.357,1.644,1.982,0.51,0.392,0.26,0.183,0.201,2.059,1.2,1.357,1.644,1.982,0.51,0.392,0.26,0.183,0.201,155.708,29
2.248,1.33,0.906,0.876,2.294,0.492,0.291,0.183,0.109,0.201,2.248,1.33,0.906,0.876,2.294,0.492,0.291,0.183,0.109,0.201,153.395,29
2.083,1.228,1.147,1.499,1.964,0.487,0.371,0.253,0.119,0.183,2.083,1.228,1.147,1.499,1.964,0.487,0.371,0.253,0.119,0.183,157.003,29
2.066,1.212,1.205,1.299,1.894,0.438,0.303,0.192,0.139,0.177,2.066,1.212,1.205,1.299,1.894,0.438,0.303,0.192,0.139,0.177,154.353,29
2.186,1.336,1.204,1.045,1.956,0.467,0.229,0.225,0.112,0.25,2.186,1.336,1.204,1.045,1.956,0.467,0.229,0.225,0.112,0.25,155.235,29
1.911,1.222,1.289,1.226,1.754,0.478,0.296,0.193,0.194,0.213,1.911,1.222,1.289,1.226,1.754,0.478,0.296,0.193,0.194,0.213,157.156,29
1.856,1.168,1.398,1.326,1.726,0.47,0.303,0.204,0.241,0.208,1.856,1.168,1.398,1.326,1.726,0.47,0.303,0.204,0.241,0.208,153.075,29
2.067,1.291,1.07,0.977,1.958,0.468,0.261,0.215,0.072,0.213,2.067,1.291,1.07,0.977,1.958,0.468,0.261,0.215,0.072,0.213,153.473,29
2.088,1.189,1.105,1.179,1.804,0.452,0.263,0.178,0.097,0.206,2.088,1.189,1.105,1.179,1.804,0.452,0.263,0.178,0.097,0.206,150.735,29
2.107,1.282,1.021,1.468,1.939,0.493,0.352,0.284,0.079,0.22,2.107,1.282,1.021,1.468,1.939,0.493,0.352,0.284,0.079,0.22,153.418,29
2.087,1.284,0.941,0.895,2.045,0.496,0.296,0.203,0.094,0.201,2.087,1.284,0.941,0.895,2.045,0.496,0.296,0.203,0.094,0.201,151.169,29
1.754,1.161,1.37,1.319,1.616,0.467,0.323,0.241,0.235,0.19,1.754,1.161,1.37,1.319,1.616,0.467,0.323,0.241,0.235,0.19,155.554,29
2.187,1.352,0.954,0.995,2.134,0.478,0.273,0.165,0.108,0.216,2.187,1.352,0.954,0.995,2.134,0.478,0.273,0.165,0.108,0.216,158.928,29
1.998,1.272,0.866,0.888,1.913,0.532,0.33,0.164,0.167,0.203,1.998,1.272,0.866,0.888,1.913,0.532,0.33,0.164,0.167,0.203,154.434,29
1.978,1.252,0.91,0.9,1.972,0.486,0.301,0.175,0.126,0.186,1.978,1.252,0.91,0.9,1.972,0.486,0.301,0.175,0.126,0.186,156.157,29
2.085,1.302,0.851,0.811,2.092,0.498,0.29,0.162,0.129,0.208,2.085,1.302,0.851,0.811,2.092,0.498,0.29,0.162,0.129,0.208,157.867,29
1.9,1.268,1.308,1.174,1.799,0.448,0.267,0.234,0.181,0.216,1.9,1.268,1.308,1.174,1.799,0.448,0.267,0.234,0.181,0.216,157.867,29
2.23,1.363,1.136,1.099,2.272,0.496,0.273,0.225,0.086,0.234,2.23,1.363,1.136,1.099,2.272,0.496,0.273,0.225,0.086,0.234,157.003,29
2.139,1.277,1.285,1.399,2.085,0.459,0.302,0.225,0.143,0.214,2.139,1.277,1.285,1.399,2.085,0.459,0.302,0.225,0.143,0.214,159.79,29
2.036,1.308,1.09,1.025,1.951,0.477,0.272,0.18,0.117,0.218,2.036,1.308,1.09,1.025,1.951,0.477,0.272,0.18,0.117,0.218,156.818,29
1.808,1.177,1.384,1.258,1.738,0.469,0.288,0.214,0.235,0.21,1.808,1.177,1.384,1.258,1.738,0.469,0.288,0.214,0.235,0.21,160.705,29
1.825,1.224,1.256,1.292,1.863,0.513,0.326,0.213,0.168,0.216,1.825,1.224,1.256,1.292,1.863,0.513,0.326,0.213,0.168,0.216,160.705,29
2.024,1.26,1.371,1.326,1.884,0.473,0.294,0.202,0.209,0.23,2.024,1.26,1.371,1.326,1.884,0.473,0.294,0.202,0.209,0.23,163.6,29
1.868,1.165,0.914,1.051,1.833,0.442,0.269,0.138,0.146,0.177,1.868,1.165,0.914,1.051,1.833,0.442,0.269,0.138,0.146,0.177,163.049,29
1.712,1.159,0.834,0.905,1.743,0.528,0.343,0.163,0.188,0.186,1.712,1.159,0.834,0.905,1.743,0.528,0.343,0.163,0.188,0.186,161.028,29
2.146,1.271,0.99,1.499,2.335,0.517,0.366,0.248,0.147,0.19,2.146,1.271,0.99,1.499,2.335,0.517,0.366,0.248,0.147,0.19,165.653,29
2.009,1.252,0.924,0.99,2.105,0.539,0.327,0.152,0.176,0.212,2.009,1.252,0.924,0.99,2.105,0.539,0.327,0.152,0.176,0.212,161.988,29
1.776,1.189,0.9,0.937,1.981,0.561,0.337,0.162,0.176,0.227,1.776,1.189,0.9,0.937,1.981,0.561,0.337,0.162,0.176,0.227,160.59,29
2.111,1.28,0.882,0.953,2.469,0.556,0.355,0.176,0.18,0.201,2.111,1.28,0.882,0.953,2.469,0.556,0.355,0.176,0.18,0.201,158.114,29
1.926,1.269,0.921,0.967,2.066,0.554,0.354,0.153,0.201,0.202,1.926,1.269,0.921,0.967,2.066,0.554,0.354,0.153,0.201,0.202,156.707,29
1.774,1.179,0.853,0.861,1.872,0.534,0.353,0.162,0.191,0.183,1.774,1.179,0.853,0.861,1.872,0.534,0.353,0.162,0.191,0.183,161.978,29
2.016,1.241,1.009,1.471,2.321,0.519,0.374,0.228,0.172,0.175,2.016,1.241,1.009,1.471,2.321,0.519,0.374,0.228,0.172,0.175,169.012,29
2.017,1.288,0.944,0.931,1.975,0.517,0.324,0.148,0.178,0.197,2.017,1.288,0.944,0.931,1.975,0.517,0.324,0.148,0.178,0.197,171.68,29
2.07,1.284,0.945,0.926,2.214,0.537,0.342,0.16,0.187,0.195,2.07,1.284,0.945,0.926,2.214,0.537,0.342,0.16,0.187,0.195,170.848,29
1.815,1.176,0.91,0.914,1.835,0.511,0.325,0.143,0.182,0.186,1.815,1.176,0.91,0.914,1.835,0.511,0.325,0.143,0.182,0.186,170.581,29
1.737,1.188,0.934,0.968,1.762,0.526,0.329,0.153,0.177,0.197,1.737,1.188,0.934,0.968,1.762,0.526,0.329,0.153,0.177,0.197,169.446,29
1.653,1.163,0.916,0.915,1.715,0.521,0.34,0.159,0.181,0.181,1.653,1.163,0.916,0.915,1.715,0.521,0.34,0.159,0.181,0.181,166.012,29
1.622,1.168,0.911,0.923,1.644,0.512,0.33,0.154,0.176,0.183,1.622,1.168,0.911,0.923,1.644,0.512,0.33,0.154,0.176,0.183,166.355,29
1.716,1.158,0.96,1.297,1.853,0.512,0.349,0.209,0.179,0.181,1.716,1.158,0.96,1.297,1.853,0.512,0.349,0.209,0.179,0.181,163.615,29
1.52,1.111,1.011,1.151,1.579,0.508,0.331,0.16,0.175,0.183,1.52,1.111,1.011,1.151,1.579,0.508,0.331,0.16,0.175,0.183,162.247,29
0.849,1.241,0.593,0.494,0.357,2.439,1.653,0.343,1.312,0.811,0.849,1.241,0.593,0.494,0.357,2.439,1.653,0.343,1.312,0.811,143.402,30
0.863,1.24,0.605,0.501,0.366,2.351,1.585,0.317,1.283,0.791,0.863,1.24,0.605,0.501,0.366,2.351,1.585,0.317,1.283,0.791,138.683,30
0.833,1.184,0.594,0.49,0.346,2.287,1.63,0.336,1.298,0.731,0.833,1.184,0.594,0.49,0.346,2.287,1.63,0.336,1.298,0.731,141.227,30
1.025,1.32,0.709,0.574,0.466,1.787,1.028,0.329,0.7,0.767,1.025,1.32,0.709,0.574,0.466,1.787,1.028,0.329,0.7,0.767,127.664,30
0.938,1.343,0.623,0.517,0.421,2.162,1.203,0.264,0.941,1.064,0.938,1.343,0.623,0.517,0.421,2.162,1.203,0.264,0.941,1.064,140.089,30
0.94,1.221,0.631,0.504,0.452,1.803,1.239,0.318,0.925,0.584,0.94,1.221,0.631,0.504,0.452,1.803,1.239,0.318,0.925,0.584,123.988,30
1.017,1.306,0.663,0.499,0.539,1.622,1.003,0.329,0.676,0.633,1.017,1.306,0.663,0.499,0.539,1.622,1.003,0.329,0.676,0.633,122.674,30
1.045,1.531,0.656,0.529,0.517,2.131,0.972,0.269,0.704,1.213,1.045,1.531,0.656,0.529,0.517,2.131,0.972,0.269,0.704,1.213,142.004,30
0.926,1.289,0.663,0.537,0.4,2.223,1.268,0.351,0.919,1.104,0.926,1.289,0.663,0.537,0.4,2.223,1.268,0.351,0.919,1.104,136.499,30
0.872,1.301,0.578,0.468,0.405,2.323,1.363,0.282,1.083,1.239,0.872,1.301,0.578,0.468,0.405,2.323,1.363,0.282,1.083,1.239,149.013,30
0.904,1.301,0.62,0.495,0.413,2.273,1.302,0.319,0.987,1.2,0.904,1.301,0.62,0.495,0.413,2.273,1.302,0.319,0.987,1.2,140.602,30
0.817,1.249,0.555,0.44,0.378,2.443,1.572,0.336,1.236,1.131,0.817,1.249,0.555,0.44,0.378,2.443,1.572,0.336,1.236,1.131,150.801,30
0.884,1.284,0.644,0.494,0.397,2.335,1.339,0.407,0.931,1.314,0.884,1.284,0.644,0.494,0.397,2.335,1.339,0.407,0.931,1.314,139.032,30
0.989,1.477,0.615,0.5,0.489,2.247,1.057,0.252,0.805,1.402,0.989,1.477,0.615,0.5,0.489,2.247,1.057,0.252,0.805,1.402,149.402,30
0.686,1.052,0.487,0.39,0.296,2.57,2.293,0.361,1.947,0.427,0.686,1.052,0.487,0.39,0.296,2.57,2.293,0.361,1.947,0.427,153.003,30
0.817,1.19,0.596,0.483,0.338,2.487,1.603,0.356,1.248,1.322,0.817,1.19,0.596,0.483,0.338,2.487,1.603,0.356,1.248,1.322,141.241,30
0.911,1.416,0.643,0.545,0.366,2.758,1.325,0.309,1.017,1.629,0.911,1.416,0.643,0.545,0.366,2.758,1.325,0.309,1.017,1.629,154.842,30
0.773,1.145,0.578,0.456,0.319,2.547,1.792,0.4,1.395,1.235,0.773,1.145,0.578,0.456,0.319,2.547,1.792,0.4,1.395,1.235,146.24,30
0.752,1.124,0.519,0.42,0.332,2.452,1.835,0.32,1.516,1.073,0.752,1.124,0.519,0.42,0.332,2.452,1.835,0.32,1.516,1.073,150.207,30
0.861,1.258,0.599,0.465,0.399,2.342,1.404,0.359,1.045,1.329,0.861,1.258,0.599,0.465,0.399,2.342,1.404,0.359,1.045,1.329,146.605,30
0.82,1.259,0.562,0.446,0.375,2.485,1.6,0.348,1.253,1.062,0.82,1.259,0.562,0.446,0.375,2.485,1.6,0.348,1.253,1.062,151.476,30
0.775,1.139,0.52,0.415,0.361,2.303,1.694,0.3,1.4,1.037,0.775,1.139,0.52,0.415,0.361,2.303,1.694,0.3,1.4,1.037,146.823,30
0.708,1.048,0.498,0.399,0.31,2.466,2.215,0.356,1.882,0.376,0.708,1.048,0.498,0.399,0.31,2.466,2.215,0.356,1.882,0.376,150.801,30
0.777,1.187,0.551,0.433,0.348,2.511,1.684,0.367,1.318,1.358,0.777,1.187,0.551,0.433,0.348,2.511,1.684,0.367,1.318,1.358,146.731,30
1.004,1.485,0.663,0.532,0.478,2.309,1.035,0.302,0.733,1.467,1.004,1.485,0.663,0.532,0.478,2.309,1.035,0.302,0.733,1.467,145.908,30
0.723,1.092,0.511,0.413,0.31,2.556,2.046,0.333,1.724,0.865,0.723,1.092,0.511,0.413,0.31,2.556,2.046,0.333,1.724,0.865,151.822,30
0.739,1.111,0.481,0.387,0.352,2.323,1.843,0.283,1.566,0.794,0.739,1.111,0.481,0.387,0.352,2.323,1.843,0.283,1.566,0.794,149.402,30
0.667,1.052,0.486,0.385,0.283,2.685,2.367,0.375,2.013,0.577,0.667,1.052,0.486,0.385,0.283,2.685,2.367,0.375,2.013,0.577,153.118,30
0.949,1.329,0.67,0.537,0.458,2.073,1.094,0.315,0.781,1.167,0.949,1.329,0.67,0.537,0.458,2.073,1.094,0.315,0.781,1.167,130.698,30
1.175,1.686,0.721,0.589,0.591,2.127,0.736,0.239,0.497,1.506,1.175,1.686,0.721,0.589,0.591,2.127,0.736,0.239,0.497,1.506,144.845,30
0.946,1.318,0.647,0.515,0.455,2.076,1.123,0.316,0.807,1.197,0.946,1.318,0.647,0.515,0.455,2.076,1.123,0.316,0.807,1.197,130.698,30
0.946,1.398,0.578,0.457,0.509,2.079,1.121,0.271,0.851,1.137,0.946,1.398,0.578,0.457,0.509,2.079,1.121,0.271,0.851,1.137,138.924,30
0.982,1.394,0.609,0.489,0.497,2.098,1.072,0.255,0.817,1.272,0.982,1.394,0.609,0.489,0.497,2.098,1.072,0.255,0.817,1.272,143.003,30
0.923,1.294,0.61,0.507,0.456,2.041,1.135,0.244,0.891,1.183,0.923,1.294,0.61,0.507,0.456,2.041,1.135,0.244,0.891,1.183,128.891,30
0.881,1.295,0.582,0.477,0.407,2.361,1.364,0.289,1.075,1.29,0.881,1.295,0.582,0.477,0.407,2.361,1.364,0.289,1.075,1.29,151.476,30
0.734,1.03,0.503,0.409,0.328,2.236,2.105,0.341,1.777,0.164,0.734,1.03,0.503,0.409,0.328,2.236,2.105,0.341,1.777,0.164,143.003,30
1.07,1.531,0.721,0.584,0.494,2.216,0.916,0.312,0.604,1.394,1.07,1.531,0.721,0.584,0.494,2.216,0.916,0.312,0.604,1.394,142.836,30
0.778,1.161,0.549,0.44,0.339,2.499,1.763,0.353,1.411,1.108,0.778,1.161,0.549,0.44,0.339,2.499,1.763,0.353,1.411,1.108,149.843,30
0.85,1.289,0.574,0.449,0.404,2.38,1.4,0.326,1.074,1.406,0.85,1.289,0.574,0.449,0.404,2.38,1.4,0.326,1.074,1.406,150.602,30
0.722,1.106,0.469,0.398,0.324,2.518,2.035,0.245,1.794,0.699,0.722,1.106,0.469,0.398,0.324,2.518,2.035,0.245,1.794,0.699,155.039,30
0.836,1.284,0.543,0.454,0.383,2.475,1.56,0.27,1.291,1.039,0.836,1.284,0.543,0.454,0.383,2.475,1.56,0.27,1.291,1.039,152.555,30
0.832,1.22,0.529,0.437,0.397,2.272,1.476,0.24,1.24,1.179,0.832,1.22,0.529,0.437,0.397,2.272,1.476,0.24,1.24,1.179,150.602,30
0.824,1.19,0.602,0.476,0.376,2.254,1.452,0.363,1.089,1.242,0.824,1.19,0.602,0.476,0.376,2.254,1.452,0.363,1.089,1.242,134.112,30
0.959,1.403,0.643,0.528,0.44,2.333,1.159,0.287,0.873,1.346,0.959,1.403,0.643,0.528,0.44,2.333,1.159,0.287,0.873,1.346,147.027,30
0.711,1.08,0.502,0.426,0.291,2.652,2.17,0.291,1.884,0.79,0.711,1.08,0.502,0.426,0.291,2.652,2.17,0.291,1.884,0.79,146.632,30
0.773,1.157,0.525,0.415,0.359,2.358,1.771,0.33,1.451,0.762,0.773,1.157,0.525,0.415,0.359,2.358,1.771,0.33,1.451,0.762,149.215,30
0.943,1.4,0.62,0.52,0.425,2.399,1.23,0.257,0.976,1.301,0.943,1.4,0.62,0.52,0.425,2.399,1.23,0.257,0.976,1.301,150.602,30
0.78,1.173,0.545,0.446,0.345,2.451,1.78,0.336,1.444,0.822,0.78,1.173,0.545,0.446,0.345,2.451,1.78,0.336,1.444,0.822,143.031,30
0.805,1.219,0.521,0.432,0.374,2.413,1.568,0.252,1.317,1.301,0.805,1.219,0.521,0.432,0.374,2.413,1.568,0.252,1.317,1.301,149.79,30
0.956,1.414,0.625,0.5,0.457,2.283,1.148,0.296,0.852,1.339,0.956,1.414,0.625,0.5,0.457,2.283,1.148,0.296,0.852,1.339,147.828,30
0.715,1.096,0.482,0.399,0.316,2.502,2.08,0.296,1.789,0.576,0.715,1.096,0.482,0.399,0.316,2.502,2.08,0.296,1.789,0.576,152.555,30
1.543,1.136,0.865,0.884,1.852,0.699,0.452,0.254,0.198,0.271,1.543,1.136,0.865,0.884,1.852,0.699,0.452,0.254,0.198,0.271,240.416,31
1.612,1.175,0.877,0.877,1.838,0.692,0.453,0.26,0.193,0.253,1.612,1.175,0.877,0.877,1.838,0.692,0.453,0.26,0.193,0.253,242.8,31
1.703,1.195,0.859,1.139,2.261,0.732,0.501,0.315,0.187,0.24,1.703,1.195,0.859,1.139,2.261,0.732,0.501,0.315,0.187,0.24,236.028,31
1.698,1.187,0.887,1.232,2.334,0.717,0.487,0.319,0.17,0.235,1.698,1.187,0.887,1.232,2.334,0.717,0.487,0.319,0.17,0.235,237.767,31
1.636,1.191,0.879,0.999,2.016,0.72,0.456,0.253,0.203,0.276,1.636,1.191,0.879,0.999,2.016,0.72,0.456,0.253,0.203,0.276,217.221,31
1.51,1.13,0.849,0.931,1.786,0.703,0.449,0.234,0.217,0.271,1.51,1.13,0.849,0.931,1.786,0.703,0.449,0.234,0.217,0.271,225.73,31
1.468,1.108,0.879,0.983,1.816,0.695,0.454,0.274,0.181,0.256,1.468,1.108,0.879,0.983,1.816,0.695,0.454,0.274,0.181,0.256,212.897,31
1.425,1.087,0.891,0.914,1.665,0.678,0.425,0.233,0.192,0.276,1.425,1.087,0.891,0.914,1.665,0.678,0.425,0.233,0.192,0.276,226.632,31
1.381,1.094,0.911,0.944,1.644,0.681,0.435,0.243,0.191,0.261,1.381,1.094,0.911,0.944,1.644,0.681,0.435,0.243,0.191,0.261,227.423,31
1.568,1.141,0.921,0.965,1.942,0.668,0.407,0.225,0.182,0.278,1.568,1.141,0.921,0.965,1.942,0.668,0.407,0.225,0.182,0.278,228.035,31
1.478,1.074,0.903,0.906,1.724,0.657,0.414,0.226,0.189,0.269,1.478,1.074,0.903,0.906,1.724,0.657,0.414,0.226,0.189,0.269,233.649,31
1.4,1.066,0.915,0.948,1.657,0.655,0.413,0.23,0.183,0.261,1.4,1.066,0.915,0.948,1.657,0.655,0.413,0.23,0.183,0.261,230.228,31
1.438,1.08,0.916,0.949,1.772,0.661,0.414,0.23,0.185,0.267,1.438,1.08,0.916,0.949,1.772,0.661,0.414,0.23,0.185,0.267,229.828,31
1.396,1.063,0.94,1,1.75,0.647,0.404,0.23,0.175,0.258,1.396,1.063,0.94,1,1.75,0.647,0.404,0.23,0.175,0.258,229.828,31
1.361,1.026,0.952,1.007,1.767,0.636,0.387,0.215,0.172,0.27,1.361,1.026,0.952,1.007,1.767,0.636,0.387,0.215,0.172,0.27,228.659,31
1.349,1.021,0.959,1.022,1.755,0.619,0.385,0.218,0.167,0.252,1.349,1.021,0.959,1.022,1.755,0.619,0.385,0.218,0.167,0.252,228.32,31
1.428,1.028,0.969,1.156,1.963,0.625,0.387,0.227,0.161,0.247,1.428,1.028,0.969,1.156,1.963,0.625,0.387,0.227,0.161,0.247,223.66,31
1.465,1.041,0.956,1.085,1.943,0.624,0.408,0.221,0.187,0.228,1.465,1.041,0.956,1.085,1.943,0.624,0.408,0.221,0.187,0.228,219.009,31
1.43,1.051,0.921,1.057,1.856,0.64,0.419,0.243,0.177,0.234,1.43,1.051,0.921,1.057,1.856,0.64,0.419,0.243,0.177,0.234,211.766,31
1.513,1.09,0.912,1.004,1.931,0.658,0.412,0.223,0.189,0.265,1.513,1.09,0.912,1.004,1.931,0.658,0.412,0.223,0.189,0.265,231.4,31
1.535,1.119,0.957,1.057,1.904,0.654,0.401,0.219,0.183,0.26,1.535,1.119,0.957,1.057,1.904,0.654,0.401,0.219,0.183,0.26,230.853,31
1.47,1.08,0.93,0.995,1.82,0.656,0.415,0.224,0.191,0.257,1.47,1.08,0.93,0.995,1.82,0.656,0.415,0.224,0.191,0.257,237.607,31
1.503,1.081,0.899,0.968,1.849,0.654,0.404,0.225,0.179,0.271,1.503,1.081,0.899,0.968,1.849,0.654,0.404,0.225,0.179,0.271,241.63,31
1.537,1.047,0.929,1.081,1.989,0.64,0.419,0.244,0.175,0.237,1.537,1.047,0.929,1.081,1.989,0.64,0.419,0.244,0.175,0.237,217.138,31
1.497,1.072,0.898,0.961,1.837,0.655,0.413,0.228,0.185,0.265,1.497,1.072,0.898,0.961,1.837,0.655,0.413,0.228,0.185,0.265,229.957,31
1.604,1.107,0.897,0.981,2.023,0.656,0.406,0.227,0.179,0.272,1.604,1.107,0.897,0.981,2.023,0.656,0.406,0.227,0.179,0.272,237.893,31
1.515,1.086,0.93,0.961,1.812,0.64,0.399,0.208,0.191,0.258,1.515,1.086,0.93,0.961,1.812,0.64,0.399,0.208,0.191,0.258,234.44,31
1.581,1.068,0.922,1.129,2.067,0.646,0.419,0.234,0.187,0.238,1.581,1.068,0.922,1.129,2.067,0.646,0.419,0.234,0.187,0.238,228.712,31
1.604,1.117,0.937,1.084,2.087,0.664,0.407,0.216,0.192,0.269,1.604,1.117,0.937,1.084,2.087,0.664,0.407,0.216,0.192,0.269,226.433,31
1.576,1.1,0.935,1.227,2.171,0.675,0.433,0.258,0.179,0.249,1.576,1.1,0.935,1.227,2.171,0.675,0.433,0.258,0.179,0.249,240.208,31
1.6,1.086,0.933,1.048,2.089,0.642,0.403,0.23,0.173,0.256,1.6,1.086,0.933,1.048,2.089,0.642,0.403,0.23,0.173,0.256,243.023,31
1.553,1.071,0.94,1.101,2.038,0.657,0.418,0.238,0.181,0.252,1.553,1.071,0.94,1.101,2.038,0.657,0.418,0.238,0.181,0.252,237.124,31
1.542,1.089,0.9,0.968,1.925,0.649,0.418,0.231,0.187,0.252,1.542,1.089,0.9,0.968,1.925,0.649,0.418,0.231,0.187,0.252,241.456,31
1.519,1.067,0.895,1.025,1.921,0.657,0.43,0.249,0.182,0.245,1.519,1.067,0.895,1.025,1.921,0.657,0.43,0.249,0.182,0.245,244.436,31
1.585,1.083,0.913,1.116,2.094,0.661,0.42,0.25,0.172,0.254,1.585,1.083,0.913,1.116,2.094,0.661,0.42,0.25,0.172,0.254,241.913,31
1.542,1.102,0.904,1.052,1.956,0.675,0.446,0.256,0.191,0.241,1.542,1.102,0.904,1.052,1.956,0.675,0.446,0.256,0.191,0.241,241.479,31
1.536,1.083,0.909,1.037,1.946,0.657,0.422,0.246,0.177,0.25,1.536,1.083,0.909,1.037,1.946,0.657,0.422,0.246,0.177,0.25,241.76,31
1.571,1.085,0.894,0.975,1.982,0.651,0.414,0.235,0.179,0.261,1.571,1.085,0.894,0.975,1.982,0.651,0.414,0.235,0.179,0.261,234.438,31
1.592,1.072,0.922,1.13,2.12,0.648,0.424,0.261,0.164,0.236,1.592,1.072,0.922,1.13,2.12,0.648,0.424,0.261,0.164,0.236,234.523,31
1.537,1.084,0.897,1.064,1.986,0.673,0.449,0.283,0.167,0.239,1.537,1.084,0.897,1.064,1.986,0.673,0.449,0.283,0.167,0.239,241.913,31
1.587,1.116,0.913,1.14,2.111,0.68,0.439,0.28,0.161,0.249,1.587,1.116,0.913,1.14,2.111,0.68,0.439,0.28,0.161,0.249,240.208,31
1.547,1.106,0.886,0.971,1.909,0.664,0.421,0.231,0.19,0.262,1.547,1.106,0.886,0.971,1.909,0.664,0.421,0.231,0.19,0.262,234.83,31
1.547,1.094,0.903,0.983,1.918,0.661,0.422,0.235,0.187,0.258,1.547,1.094,0.903,0.983,1.918,0.661,0.422,0.235,0.187,0.258,237.893,31
1.644,1.111,0.906,0.987,2.045,0.641,0.412,0.231,0.181,0.246,1.644,1.111,0.906,0.987,2.045,0.641,0.412,0.231,0.181,0.246,242.539,31
1.529,1.088,0.889,1.139,2.025,0.69,0.453,0.276,0.182,0.248,1.529,1.088,0.889,1.139,2.025,0.69,0.453,0.276,0.182,0.248,232.362,31
1.537,1.077,0.887,0.924,1.861,0.648,0.411,0.228,0.183,0.264,1.537,1.077,0.887,0.924,1.861,0.648,0.411,0.228,0.183,0.264,236.358,31
1.541,1.081,0.92,1.03,1.933,0.659,0.416,0.236,0.18,0.26,1.541,1.081,0.92,1.03,1.933,0.659,0.416,0.236,0.18,0.26,240.585,31
1.574,1.111,0.912,1.207,2.157,0.692,0.456,0.285,0.174,0.243,1.574,1.111,0.912,1.207,2.157,0.692,0.456,0.285,0.174,0.243,238.027,31
1.534,1.097,0.919,0.985,1.878,0.654,0.422,0.25,0.172,0.247,1.534,1.097,0.919,0.985,1.878,0.654,0.422,0.25,0.172,0.247,237.649,31
1.612,1.097,0.913,1.18,2.23,0.673,0.451,0.274,0.178,0.233,1.612,1.097,0.913,1.18,2.23,0.673,0.451,0.274,0.178,0.233,227.229,31
1.697,1.131,0.929,1.204,2.337,0.675,0.444,0.281,0.164,0.24,1.697,1.131,0.929,1.204,2.337,0.675,0.444,0.281,0.164,0.24,238.849,31
0.73,0.995,0.918,0.707,0.085,3.452,3.479,2.495,1.03,0.319,0.73,0.995,0.918,0.707,0.085,3.452,3.479,2.495,1.03,0.319,75.954,32
0.751,1.007,0.917,0.709,0.044,6.754,6.593,4.747,2,0.555,0.751,1.007,0.917,0.709,0.044,6.754,6.593,4.747,2,0.555,78.23,32
0.798,1.033,0.92,0.72,0.097,3.322,2.889,2.065,0.859,0.905,0.798,1.033,0.92,0.72,0.097,3.322,2.889,2.065,0.859,0.905,83.487,32
0.721,1.009,0.913,0.69,0.086,3.86,3.677,2.608,1.2,0.424,0.721,1.009,0.913,0.69,0.086,3.86,3.677,2.608,1.2,0.424,79.906,32
0.758,1.022,0.916,0.705,0.072,4.396,4.076,2.936,1.237,0.542,0.758,1.022,0.916,0.705,0.072,4.396,4.076,2.936,1.237,0.542,82.389,32
0.766,1.01,0.912,0.705,0.108,2.933,2.782,1.93,0.914,0.351,0.766,1.01,0.912,0.705,0.108,2.933,2.782,1.93,0.914,0.351,82.377,32
0.762,0.999,0.892,0.693,0.109,2.9,2.828,1.82,1.055,0.461,0.762,0.999,0.892,0.693,0.109,2.9,2.828,1.82,1.055,0.461,85.147,32
0.817,1.025,0.898,0.686,0.167,2.095,1.902,1.271,0.672,0.322,0.817,1.025,0.898,0.686,0.167,2.095,1.902,1.271,0.672,0.322,85.159,32
0.84,1.025,0.914,0.684,0.178,1.962,1.787,1.298,0.499,0.306,0.84,1.025,0.914,0.684,0.178,1.962,1.787,1.298,0.499,0.306,83.6,32
0.835,1.041,0.913,0.679,0.181,2.061,1.787,1.298,0.499,0.4,0.835,1.041,0.913,0.679,0.181,2.061,1.787,1.298,0.499,0.4,82.152,32
0.872,1.026,0.927,0.724,0.177,1.762,1.575,1.154,0.433,0.306,0.872,1.026,0.927,0.724,0.177,1.762,1.575,1.154,0.433,0.306,82.298,32
0.717,1.024,0.915,0.696,0.04,8.349,7.603,5.459,2.28,1.304,0.717,1.024,0.915,0.696,0.04,8.349,7.603,5.459,2.28,1.304,75.06,32
0.801,1.043,0.912,0.699,0.153,2.383,2.007,1.396,0.67,0.542,0.801,1.043,0.912,0.699,0.153,2.383,2.007,1.396,0.67,0.542,81.154,32
0.745,1.013,0.916,0.716,0.064,4.739,4.472,3.162,1.414,0.784,0.745,1.013,0.916,0.716,0.064,4.739,4.472,3.162,1.414,0.784,73.171,32
0.757,1.012,0.912,0.684,0.123,2.771,2.603,1.853,0.862,0.406,0.757,1.012,0.912,0.684,0.123,2.771,2.603,1.853,0.862,0.406,79.762,32
0.783,1.022,0.909,0.714,0.133,2.4,2.188,1.465,0.813,0.303,0.783,1.022,0.909,0.714,0.133,2.4,2.188,1.465,0.813,0.303,78.313,32
0.837,1.039,0.865,0.631,0.226,1.836,1.636,1.036,0.605,0.302,0.837,1.039,0.865,0.631,0.226,1.836,1.636,1.036,0.605,0.302,77.782,32
0.777,1,0.901,0.686,0.149,2.228,2.152,1.445,0.763,0.341,0.777,1,0.901,0.686,0.149,2.228,2.152,1.445,0.763,0.341,77.414,32
0.798,1.031,0.912,0.686,0.175,2.071,1.815,1.287,0.582,0.453,0.798,1.031,0.912,0.686,0.175,2.071,1.815,1.287,0.582,0.453,78.518,32
0.837,1.014,0.917,0.709,0.182,1.808,1.648,1.162,0.5,0.347,0.837,1.014,0.917,0.709,0.182,1.808,1.648,1.162,0.5,0.347,83.024,32
0.786,1.013,0.909,0.695,0.145,2.332,2.161,1.475,0.759,0.358,0.786,1.013,0.909,0.695,0.145,2.332,2.161,1.475,0.759,0.358,78.313,32
0.751,0.998,0.907,0.703,0.104,2.995,2.931,1.974,1.118,0.383,0.751,0.998,0.907,0.703,0.104,2.995,2.931,1.974,1.118,0.383,73.682,32
0.7,1.01,0.911,0.686,0.064,5.284,5.016,3.544,1.562,0.6,0.7,1.01,0.911,0.686,0.064,5.284,5.016,3.544,1.562,0.6,74.243,32
0.792,1.057,0.913,0.701,0.134,2.737,2.242,1.581,0.7,0.652,0.792,1.057,0.913,0.701,0.134,2.737,2.242,1.581,0.7,0.652,74.169,32
0.721,1.022,0.911,0.692,0.077,4.411,4.06,2.838,1.395,0.52,0.721,1.022,0.911,0.692,0.077,4.411,4.06,2.838,1.395,0.52,77.414,32
0.842,1.036,0.892,0.668,0.211,1.842,1.639,1.078,0.593,0.232,0.842,1.036,0.892,0.668,0.211,1.842,1.639,1.078,0.593,0.232,81.394,32
0.824,1.03,0.921,0.689,0.219,1.701,1.486,1.092,0.409,0.326,0.824,1.03,0.921,0.689,0.219,1.701,1.486,1.092,0.409,0.326,84.012,32
0.874,1.098,0.862,0.551,0.335,1.651,1.34,0.929,0.416,0.413,0.874,1.098,0.862,0.551,0.335,1.651,1.34,0.929,0.416,0.413,84.291,32
0.72,1.012,0.912,0.708,0.066,4.837,4.494,3.105,1.442,0.8,0.72,1.012,0.912,0.708,0.066,4.837,4.494,3.105,1.442,0.8,73.246,32
0.838,1.026,0.895,0.689,0.19,1.859,1.672,1.092,0.605,0.29,0.838,1.026,0.895,0.689,0.19,1.859,1.672,1.092,0.605,0.29,84.593,32
0.689,1.007,0.895,0.674,0.075,4.631,4.472,2.953,1.65,0.333,0.689,1.007,0.895,0.674,0.075,4.631,4.472,2.953,1.65,0.333,72.111,32
0.759,1.025,0.896,0.658,0.141,2.687,2.456,1.687,0.852,0.381,0.759,1.025,0.896,0.658,0.141,2.687,2.456,1.687,0.852,0.381,76.322,32
0.802,1.025,0.91,0.693,0.165,2.109,1.897,1.316,0.623,0.329,0.802,1.025,0.91,0.693,0.165,2.109,1.897,1.316,0.623,0.329,82.389,32
0.741,1.011,0.892,0.688,0.116,2.921,2.765,1.766,1.153,0.325,0.741,1.011,0.892,0.688,0.116,2.921,2.765,1.766,1.153,0.325,79.762,32
0.781,1.042,0.922,0.672,0.171,2.287,1.971,1.472,0.564,0.43,0.781,1.042,0.922,0.672,0.171,2.287,1.971,1.472,0.564,0.43,81.302,32
0.844,1.024,0.914,0.684,0.204,1.747,1.581,1.134,0.462,0.264,0.844,1.024,0.914,0.684,0.204,1.747,1.581,1.134,0.462,0.264,89.14,32
0.739,0.995,0.897,0.682,0.105,3.151,3.141,2.074,1.159,0.262,0.739,0.995,0.897,0.682,0.105,3.151,3.141,2.074,1.159,0.262,81.099,32
0.782,1.012,0.897,0.676,0.17,2.11,1.968,1.302,0.738,0.298,0.782,1.012,0.897,0.676,0.17,2.11,1.968,1.302,0.738,0.298,84.012,32
0.749,1.009,0.894,0.666,0.164,2.237,2.121,1.401,0.783,0.237,0.749,1.009,0.894,0.666,0.164,2.237,2.121,1.401,0.783,0.237,76.059,32
0.716,0.993,0.909,0.695,0.104,3.023,3.021,2.062,1.061,0.28,0.716,0.993,0.909,0.695,0.104,3.023,3.021,2.062,1.061,0.28,73.335,32
0.824,1.027,0.903,0.683,0.203,1.836,1.642,1.098,0.604,0.27,0.824,1.027,0.903,0.683,0.203,1.836,1.642,1.098,0.604,0.27,85,32
0.789,1.025,0.92,0.701,0.183,1.917,1.71,1.213,0.574,0.303,0.789,1.025,0.92,0.701,0.183,1.917,1.71,1.213,0.574,0.303,80.623,32
0.866,1.067,0.891,0.674,0.238,1.769,1.449,0.952,0.507,0.333,0.866,1.067,0.891,0.674,0.238,1.769,1.449,0.952,0.507,0.333,85.288,32
0.779,1.027,0.901,0.657,0.194,2.117,1.902,1.298,0.664,0.297,0.779,1.027,0.901,0.657,0.194,2.117,1.902,1.298,0.664,0.297,81.006,32
0.82,1.042,0.874,0.61,0.267,1.754,1.536,1.016,0.544,0.293,0.82,1.042,0.874,0.61,0.267,1.754,1.536,1.016,0.544,0.293,85.329,32
1.021,1.115,0.793,0.434,0.603,1.152,0.946,0.599,0.349,0.256,1.021,1.115,0.793,0.434,0.603,1.152,0.946,0.599,0.349,0.256,92.005,32
0.872,1.017,0.902,0.641,0.281,1.457,1.333,0.944,0.429,0.253,0.872,1.017,0.902,0.641,0.281,1.457,1.333,0.944,0.429,0.253,86.145,32
0.806,1.045,0.879,0.621,0.211,2.118,1.834,1.229,0.629,0.422,0.806,1.045,0.879,0.621,0.211,2.118,1.834,1.229,0.629,0.422,81.222,32
0.768,1.01,0.901,0.652,0.223,1.737,1.641,1.14,0.537,0.19,0.768,1.01,0.901,0.652,0.223,1.737,1.641,1.14,0.537,0.19,79.906,32
0.82,1.012,0.891,0.655,0.235,1.677,1.56,1.03,0.575,0.232,0.82,1.012,0.891,0.655,0.235,1.677,1.56,1.03,0.575,0.232,83.726,32
0.796,1.033,0.887,0.643,0.221,1.898,1.726,1.14,0.626,0.179,0.796,1.033,0.887,0.643,0.221,1.898,1.726,1.14,0.626,0.179,81.615,32
0.704,0.957,0.939,0.824,0.943,0.582,0.467,0.266,0.21,0.172,0.704,0.957,0.939,0.824,0.943,0.582,0.467,0.266,0.21,0.172,110.218,33
0.704,0.957,0.939,0.824,0.943,0.582,0.467,0.266,0.21,0.172,0.704,0.957,0.939,0.824,0.943,0.582,0.467,0.266,0.21,0.172,110.218,33
0.684,0.947,0.911,0.783,0.456,0.756,0.615,0.317,0.32,0.347,0.684,0.947,0.911,0.783,0.456,0.756,0.615,0.317,0.32,0.347,34.205,33
0.684,0.947,0.911,0.783,0.456,0.756,0.615,0.317,0.32,0.347,0.684,0.947,0.911,0.783,0.456,0.756,0.615,0.317,0.32,0.347,34.205,33
1.026,1.311,0.402,0.035,1.061,1.267,0.974,0.409,0.567,0.323,1.026,1.311,0.402,0.035,1.061,1.267,0.974,0.409,0.567,0.323,53.151,33
0.857,1.132,0.76,0.485,0.642,1.228,0.943,0.497,0.457,0.33,0.857,1.132,0.76,0.485,0.642,1.228,0.943,0.497,0.457,0.33,56.321,33
0.773,1.133,0.657,0.16,0.71,1.445,1.238,0.733,0.523,0.271,0.773,1.133,0.657,0.16,0.71,1.445,1.238,0.733,0.523,0.271,38.053,33
0.896,1.176,0.651,0.237,0.933,1.251,1.024,0.608,0.425,0.271,0.896,1.176,0.651,0.237,0.933,1.251,1.024,0.608,0.425,0.271,51.478,33
0.813,1.109,0.826,0.68,0.551,1.16,0.839,0.393,0.45,0.34,0.813,1.109,0.826,0.68,0.551,1.16,0.839,0.393,0.45,0.34,53.009,33
0.771,1.053,0.878,0.717,0.492,1.086,0.809,0.435,0.384,0.332,0.771,1.053,0.878,0.717,0.492,1.086,0.809,0.435,0.384,0.332,45.1,33
0.697,1.03,0.872,0.747,0.452,0.958,0.719,0.324,0.408,0.321,0.697,1.03,0.872,0.747,0.452,0.958,0.719,0.324,0.408,0.321,34.886,33
0.676,1.014,0.92,0.794,0.382,0.837,0.619,0.365,0.258,0.344,0.676,1.014,0.92,0.794,0.382,0.837,0.619,0.365,0.258,0.344,27.803,33
0.676,1.014,0.92,0.794,0.382,0.837,0.619,0.365,0.258,0.344,0.676,1.014,0.92,0.794,0.382,0.837,0.619,0.365,0.258,0.344,27.803,33
0.714,0.966,0.917,0.782,0.451,0.824,0.662,0.365,0.314,0.319,0.714,0.966,0.917,0.782,0.451,0.824,0.662,0.365,0.314,0.319,28.425,33
0.714,0.966,0.917,0.782,0.451,0.824,0.662,0.365,0.314,0.319,0.714,0.966,0.917,0.782,0.451,0.824,0.662,0.365,0.314,0.319,28.425,33
0.7,0.959,0.923,0.79,0.444,0.768,0.606,0.353,0.265,0.348,0.7,0.959,0.923,0.79,0.444,0.768,0.606,0.353,0.265,0.348,28.32,33
0.7,0.959,0.923,0.79,0.444,0.768,0.606,0.353,0.265,0.348,0.7,0.959,0.923,0.79,0.444,0.768,0.606,0.353,0.265,0.348,28.32,33
0.696,0.96,0.927,0.798,0.428,0.747,0.598,0.352,0.256,0.334,0.696,0.96,0.927,0.798,0.428,0.747,0.598,0.352,0.256,0.334,29.833,33
0.696,0.96,0.927,0.798,0.428,0.747,0.598,0.352,0.256,0.334,0.696,0.96,0.927,0.798,0.428,0.747,0.598,0.352,0.256,0.334,29.833,33
0.696,0.96,0.927,0.798,0.428,0.747,0.598,0.352,0.256,0.334,0.696,0.96,0.927,0.798,0.428,0.747,0.598,0.352,0.256,0.334,29.833,33
0.855,1.202,0.556,0.225,1.016,1.292,1.063,0.588,0.481,0.273,0.855,1.202,0.556,0.225,1.016,1.292,1.063,0.588,0.481,0.273,48.166,33
0.874,1.203,0.654,0.231,0.908,1.313,1.052,0.625,0.438,0.304,0.874,1.203,0.654,0.231,0.908,1.313,1.052,0.625,0.438,0.304,55.317,33
0.902,1.231,0.588,0.264,0.947,1.279,0.994,0.507,0.491,0.318,0.902,1.231,0.588,0.264,0.947,1.279,0.994,0.507,0.491,0.318,58.856,33
0.794,1.157,0.7,0.371,0.655,1.425,1.111,0.594,0.525,0.378,0.794,1.157,0.7,0.371,0.655,1.425,1.111,0.594,0.525,0.378,49.477,33
0.858,1.156,0.757,0.466,0.637,1.343,1.014,0.555,0.469,0.37,0.858,1.156,0.757,0.466,0.637,1.343,1.014,0.555,0.469,0.37,61.612,33
0.857,1.193,0.773,0.481,0.739,1.258,0.929,0.524,0.418,0.344,0.857,1.193,0.773,0.481,0.739,1.258,0.929,0.524,0.418,0.344,57.559,33
0.789,1.147,0.751,0.499,0.643,1.338,1.017,0.517,0.511,0.353,0.789,1.147,0.751,0.499,0.643,1.338,1.017,0.517,0.511,0.353,50.01,33
0.855,1.169,0.69,0.378,0.764,1.323,1.025,0.553,0.476,0.349,0.855,1.169,0.69,0.378,0.764,1.323,1.025,0.553,0.476,0.349,54.571,33
0.855,1.169,0.69,0.378,0.764,1.323,1.025,0.553,0.476,0.349,0.855,1.169,0.69,0.378,0.764,1.323,1.025,0.553,0.476,0.349,54.571,33
0.683,0.964,0.922,0.795,0.429,0.755,0.6,0.338,0.278,0.336,0.683,0.964,0.922,0.795,0.429,0.755,0.6,0.338,0.278,0.336,29.732,33
0.683,0.964,0.922,0.795,0.429,0.755,0.6,0.338,0.278,0.336,0.683,0.964,0.922,0.795,0.429,0.755,0.6,0.338,0.278,0.336,29.732,33
0.683,0.964,0.922,0.795,0.429,0.755,0.6,0.338,0.278,0.336,0.683,0.964,0.922,0.795,0.429,0.755,0.6,0.338,0.278,0.336,29.732,33
0.7,0.964,0.931,0.806,0.403,0.755,0.612,0.372,0.246,0.319,0.7,0.964,0.931,0.806,0.403,0.755,0.612,0.372,0.246,0.319,29.833,33
0.7,0.964,0.931,0.806,0.403,0.755,0.612,0.372,0.246,0.319,0.7,0.964,0.931,0.806,0.403,0.755,0.612,0.372,0.246,0.319,29.833,33
0.723,0.976,0.931,0.791,0.48,0.776,0.616,0.378,0.25,0.281,0.723,0.976,0.931,0.791,0.48,0.776,0.616,0.378,0.25,0.281,35.228,33
0.723,0.976,0.931,0.791,0.48,0.776,0.616,0.378,0.25,0.281,0.723,0.976,0.931,0.791,0.48,0.776,0.616,0.378,0.25,0.281,35.228,33
0.674,0.979,0.955,0.824,0.388,0.77,0.577,0.376,0.233,0.344,0.674,0.979,0.955,0.824,0.388,0.77,0.577,0.376,0.233,0.344,25,33
0.674,0.979,0.955,0.824,0.388,0.77,0.577,0.376,0.233,0.344,0.674,0.979,0.955,0.824,0.388,0.77,0.577,0.376,0.233,0.344,25,33
0.694,0.951,0.93,0.811,0.426,0.708,0.575,0.321,0.27,0.324,0.694,0.951,0.93,0.811,0.426,0.708,0.575,0.321,0.27,0.324,33.971,33
0.694,0.951,0.93,0.811,0.426,0.708,0.575,0.321,0.27,0.324,0.694,0.951,0.93,0.811,0.426,0.708,0.575,0.321,0.27,0.324,33.971,33
0.695,0.966,0.946,0.812,0.474,0.71,0.548,0.347,0.219,0.3,0.695,0.966,0.946,0.812,0.474,0.71,0.548,0.347,0.219,0.3,29.206,33
0.695,0.966,0.946,0.812,0.474,0.71,0.548,0.347,0.219,0.3,0.695,0.966,0.946,0.812,0.474,0.71,0.548,0.347,0.219,0.3,29.206,33
0.711,0.957,0.939,0.804,0.435,0.751,0.576,0.353,0.246,0.366,0.711,0.957,0.939,0.804,0.435,0.751,0.576,0.353,0.246,0.366,31.241,33
0.711,0.957,0.939,0.804,0.435,0.751,0.576,0.353,0.246,0.366,0.711,0.957,0.939,0.804,0.435,0.751,0.576,0.353,0.246,0.366,31.241,33
0.715,0.964,0.948,0.844,0.462,0.689,0.518,0.289,0.247,0.288,0.715,0.964,0.948,0.844,0.462,0.689,0.518,0.289,0.247,0.288,24.759,33
0.715,0.964,0.948,0.844,0.462,0.689,0.518,0.289,0.247,0.288,0.715,0.964,0.948,0.844,0.462,0.689,0.518,0.289,0.247,0.288,24.759,33
0.701,0.964,0.913,0.789,0.475,0.757,0.625,0.334,0.301,0.271,0.701,0.964,0.913,0.789,0.475,0.757,0.625,0.334,0.301,0.271,26.401,33
0.701,0.964,0.913,0.789,0.475,0.757,0.625,0.334,0.301,0.271,0.701,0.964,0.913,0.789,0.475,0.757,0.625,0.334,0.301,0.271,26.401,33
0.68,0.959,0.938,0.803,0.483,0.689,0.553,0.343,0.223,0.286,0.68,0.959,0.938,0.803,0.483,0.689,0.553,0.343,0.223,0.286,23.345,33
0.68,0.959,0.938,0.803,0.483,0.689,0.553,0.343,0.223,0.286,0.68,0.959,0.938,0.803,0.483,0.689,0.553,0.343,0.223,0.286,23.345,33
0.718,0.963,0.927,0.813,0.449,0.683,0.534,0.287,0.265,0.312,0.718,0.963,0.927,0.813,0.449,0.683,0.534,0.287,0.265,0.312,31.828,33
1.353,1.987,0.904,0.801,0.597,2.596,0.554,0.326,0.229,2.047,1.353,1.987,0.904,0.801,0.597,2.596,0.554,0.326,0.229,2.047,242.712,34
1.356,2.006,0.892,0.768,0.618,2.527,0.538,0.311,0.227,2.002,1.356,2.006,0.892,0.768,0.618,2.527,0.538,0.311,0.227,2.002,248.485,34
1.277,2.007,0.913,0.802,0.543,2.876,0.622,0.386,0.236,2.256,1.277,2.007,0.913,0.802,0.543,2.876,0.622,0.386,0.236,2.256,244.663,34
1.343,1.903,0.891,0.786,0.596,2.463,0.547,0.296,0.25,1.93,1.343,1.903,0.891,0.786,0.596,2.463,0.547,0.296,0.25,1.93,245.734,34
1.355,1.935,0.918,0.82,0.595,2.536,0.538,0.325,0.213,2.002,1.355,1.935,0.918,0.82,0.595,2.536,0.538,0.325,0.213,2.002,243.508,34
1.35,1.933,0.9,0.805,0.59,2.534,0.554,0.302,0.253,1.984,1.35,1.933,0.9,0.805,0.59,2.534,0.554,0.302,0.253,1.984,243.578,34
1.324,1.958,0.886,0.754,0.613,2.531,0.581,0.343,0.239,1.968,1.324,1.958,0.886,0.754,0.613,2.531,0.581,0.343,0.239,1.968,243.578,34
1.329,1.959,0.872,0.762,0.609,2.512,0.545,0.296,0.252,1.988,1.329,1.959,0.872,0.762,0.609,2.512,0.545,0.296,0.252,1.988,239.42,34
1.4,2.073,0.912,0.802,0.649,2.536,0.577,0.349,0.228,1.959,1.4,2.073,0.912,0.802,0.649,2.536,0.577,0.349,0.228,1.959,240.085,34
1.404,2.038,0.915,0.81,0.636,2.489,0.564,0.326,0.24,1.925,1.404,2.038,0.915,0.81,0.636,2.489,0.564,0.326,0.24,1.925,241.497,34
1.346,1.96,0.915,0.801,0.599,2.538,0.553,0.339,0.213,1.991,1.346,1.96,0.915,0.801,0.599,2.538,0.553,0.339,0.213,1.991,238.472,34
1.362,2.03,0.914,0.8,0.615,2.577,0.544,0.334,0.21,2.036,1.362,2.03,0.914,0.8,0.615,2.577,0.544,0.334,0.21,2.036,239.885,34
1.336,1.954,0.89,0.776,0.613,2.511,0.551,0.305,0.246,1.976,1.336,1.954,0.89,0.776,0.613,2.511,0.551,0.305,0.246,1.976,240.085,34
1.286,1.948,0.912,0.801,0.539,2.797,0.61,0.354,0.255,2.194,1.286,1.948,0.912,0.801,0.539,2.797,0.61,0.354,0.255,2.194,243.393,34
1.344,1.949,0.892,0.786,0.602,2.549,0.578,0.324,0.254,1.98,1.344,1.949,0.892,0.786,0.602,2.549,0.578,0.324,0.254,1.98,240.26,34
1.357,1.968,0.909,0.801,0.608,2.522,0.54,0.323,0.217,1.988,1.357,1.968,0.909,0.801,0.608,2.522,0.54,0.323,0.217,1.988,241.671,34
1.322,1.935,0.892,0.796,0.582,2.603,0.572,0.32,0.254,2.041,1.322,1.935,0.892,0.796,0.582,2.603,0.572,0.32,0.254,2.041,243.082,34
1.364,1.969,0.911,0.81,0.601,2.53,0.555,0.315,0.241,1.977,1.364,1.969,0.911,0.81,0.601,2.53,0.555,0.315,0.241,1.977,242.244,34
1.384,1.937,0.899,0.817,0.625,2.451,0.541,0.287,0.255,1.914,1.384,1.937,0.899,0.817,0.625,2.451,0.541,0.287,0.255,1.914,240.709,34
1.348,2.038,0.912,0.806,0.599,2.7,0.598,0.344,0.255,2.103,1.348,2.038,0.912,0.806,0.599,2.7,0.598,0.344,0.255,2.103,244.493,34
1.353,1.965,0.914,0.815,0.591,2.61,0.611,0.355,0.256,1.999,1.353,1.965,0.914,0.815,0.591,2.61,0.611,0.355,0.256,1.999,248.169,34
1.402,1.994,0.909,0.798,0.65,2.421,0.542,0.313,0.229,1.882,1.402,1.994,0.909,0.798,0.65,2.421,0.542,0.313,0.229,1.882,245.459,34
1.362,1.921,0.902,0.776,0.635,2.386,0.547,0.327,0.22,1.852,1.362,1.921,0.902,0.776,0.635,2.386,0.547,0.327,0.22,1.852,245.067,34
1.275,1.968,0.917,0.804,0.529,2.919,0.644,0.358,0.29,2.279,1.275,1.968,0.917,0.804,0.529,2.919,0.644,0.358,0.29,2.279,246.11,34
1.354,1.975,0.903,0.784,0.614,2.551,0.578,0.329,0.25,1.98,1.354,1.975,0.903,0.784,0.614,2.551,0.578,0.329,0.25,1.98,245.067,34
1.402,2.018,0.921,0.813,0.64,2.5,0.519,0.313,0.206,1.984,1.402,2.018,0.921,0.813,0.64,2.5,0.519,0.313,0.206,1.984,242.64,34
1.373,1.933,0.901,0.818,0.607,2.459,0.577,0.323,0.254,1.882,1.373,1.933,0.901,0.818,0.607,2.459,0.577,0.323,0.254,1.882,244.403,34
1.417,2.072,0.92,0.819,0.645,2.575,0.525,0.305,0.221,2.052,1.417,2.072,0.92,0.819,0.645,2.575,0.525,0.305,0.221,2.052,243.836,34
1.366,2.006,0.906,0.822,0.598,2.611,0.524,0.298,0.228,2.089,1.366,2.006,0.906,0.822,0.598,2.611,0.524,0.298,0.228,2.089,238.673,34
1.379,2.029,0.931,0.816,0.636,2.561,0.573,0.35,0.226,1.988,1.379,2.029,0.931,0.816,0.636,2.561,0.573,0.35,0.226,1.988,237.857,34
1.383,2.038,0.894,0.79,0.647,2.504,0.531,0.304,0.227,1.979,1.383,2.038,0.894,0.79,0.647,2.504,0.531,0.304,0.227,1.979,239.508,34
1.337,2.053,0.93,0.845,0.564,2.854,0.618,0.363,0.256,2.237,1.337,2.053,0.93,0.845,0.564,2.854,0.618,0.363,0.256,2.237,242.621,34
1.361,1.99,0.911,0.82,0.599,2.61,0.56,0.311,0.248,2.052,1.361,1.99,0.911,0.82,0.599,2.61,0.56,0.311,0.248,2.052,240.753,34
1.378,2.058,0.917,0.833,0.596,2.687,0.601,0.327,0.275,2.088,1.378,2.058,0.917,0.833,0.596,2.687,0.601,0.327,0.275,2.088,242.662,34
1.314,2.036,0.918,0.824,0.55,2.909,0.608,0.347,0.262,2.302,1.314,2.036,0.918,0.824,0.55,2.909,0.608,0.347,0.262,2.302,240.454,34
1.321,2.011,0.92,0.826,0.557,2.808,0.608,0.339,0.27,2.2,1.321,2.011,0.92,0.826,0.557,2.808,0.608,0.339,0.27,2.2,240.454,34
1.39,2.011,0.923,0.846,0.584,2.689,0.591,0.322,0.27,2.098,1.39,2.011,0.923,0.846,0.584,2.689,0.591,0.322,0.27,2.098,245.595,34
1.303,2.007,0.908,0.799,0.576,2.776,0.605,0.356,0.249,2.177,1.303,2.007,0.908,0.799,0.576,2.776,0.605,0.356,0.249,2.177,240.42,34
1.197,1.97,0.925,0.824,0.487,3.154,0.735,0.402,0.338,2.419,1.197,1.97,0.925,0.824,0.487,3.154,0.735,0.402,0.338,2.419,240.566,34
1.35,2.034,0.922,0.832,0.564,2.818,0.627,0.348,0.28,2.192,1.35,2.034,0.922,0.832,0.564,2.818,0.627,0.348,0.28,2.192,245.538,34
1.312,1.966,0.911,0.834,0.545,2.811,0.606,0.336,0.27,2.205,1.312,1.966,0.911,0.834,0.545,2.811,0.606,0.336,0.27,2.205,240.433,34
1.321,1.939,0.899,0.791,0.584,2.615,0.583,0.34,0.243,2.042,1.321,1.939,0.899,0.791,0.584,2.615,0.583,0.34,0.243,2.042,238.422,34
1.367,2.031,0.908,0.818,0.609,2.62,0.581,0.322,0.259,2.039,1.367,2.031,0.908,0.818,0.609,2.62,0.581,0.322,0.259,2.039,239.107,34
1.38,1.973,0.911,0.802,0.633,2.445,0.55,0.318,0.232,1.898,1.38,1.973,0.911,0.802,0.633,2.445,0.55,0.318,0.232,1.898,237.857,34
1.304,1.986,0.922,0.815,0.551,2.816,0.663,0.382,0.284,2.153,1.304,1.986,0.922,0.815,0.551,2.816,0.663,0.382,0.284,2.153,243.282,34
1.351,1.975,0.917,0.841,0.593,2.624,0.561,0.299,0.261,2.064,1.351,1.975,0.917,0.841,0.593,2.624,0.561,0.299,0.261,2.064,236.279,34
1.344,2.014,0.908,0.818,0.575,2.738,0.616,0.341,0.275,2.122,1.344,2.014,0.908,0.818,0.575,2.738,0.616,0.341,0.275,2.122,243.311,34
1.352,2.028,0.92,0.822,0.585,2.735,0.604,0.348,0.256,2.131,1.352,2.028,0.92,0.822,0.585,2.735,0.604,0.348,0.256,2.131,242.621,34
1.294,1.989,0.924,0.825,0.55,2.811,0.664,0.368,0.299,2.148,1.294,1.989,0.924,0.825,0.55,2.811,0.664,0.368,0.299,2.148,238.296,34
1.315,1.973,0.91,0.813,0.582,2.662,0.596,0.342,0.253,2.068,1.315,1.973,0.91,0.813,0.582,2.662,0.596,0.342,0.253,2.068,236.191,34
1.195,1.956,0.923,0.82,0.483,3.15,0.666,0.382,0.285,2.489,1.195,1.956,0.923,0.82,0.483,3.15,0.666,0.382,0.285,2.489,237.059,34
0.937,0.994,1.011,1.028,0.405,0.816,0.727,0.439,0.289,0.092,0.937,0.994,1.011,1.028,0.405,0.816,0.727,0.439,0.289,0.092,111.647,35
0.972,0.988,1.016,1.036,0.418,0.811,0.684,0.414,0.272,0.131,0.972,0.988,1.016,1.036,0.418,0.811,0.684,0.414,0.272,0.131,102.591,35
0.997,1.014,1.038,1.081,0.431,0.712,0.679,0.418,0.266,0.049,0.997,1.014,1.038,1.081,0.431,0.712,0.679,0.418,0.266,0.049,99.298,35
0.936,0.992,1.027,1.059,0.481,0.653,0.557,0.348,0.212,0.097,0.936,0.992,1.027,1.059,0.481,0.653,0.557,0.348,0.212,0.097,97.622,35
0.976,1.006,1.014,1.049,0.387,0.732,0.579,0.337,0.242,0.155,0.976,1.006,1.014,1.049,0.387,0.732,0.579,0.337,0.242,0.155,103.005,35
0.955,0.987,1.016,1.042,0.387,0.704,0.614,0.4,0.216,0.094,0.955,0.987,1.016,1.042,0.387,0.704,0.614,0.4,0.216,0.094,101.045,35
0.966,0.991,1.011,1.036,0.36,0.66,0.589,0.388,0.202,0.074,0.966,0.991,1.011,1.036,0.36,0.66,0.589,0.388,0.202,0.074,96.083,35
0.961,0.995,1.03,1.052,0.403,0.713,0.619,0.347,0.277,0.094,0.961,0.995,1.03,1.052,0.403,0.713,0.619,0.347,0.277,0.094,94.191,35
0.94,1.006,0.999,1,0.364,0.726,0.587,0.343,0.245,0.139,0.94,1.006,0.999,1,0.364,0.726,0.587,0.343,0.245,0.139,100.404,35
0.997,1.02,1.012,1.004,0.394,0.682,0.528,0.267,0.267,0.157,0.997,1.02,1.012,1.004,0.394,0.682,0.528,0.267,0.267,0.157,99.504,35
0.941,0.994,1.005,1,0.435,0.63,0.526,0.296,0.232,0.107,0.941,0.994,1.005,1,0.435,0.63,0.526,0.296,0.232,0.107,103.16,35
0.911,1.001,0.995,0.97,0.403,0.693,0.572,0.362,0.213,0.124,0.911,1.001,0.995,0.97,0.403,0.693,0.572,0.362,0.213,0.124,105.991,35
0.931,1.011,1.008,0.97,0.389,0.766,0.591,0.345,0.263,0.176,0.931,1.011,1.008,0.97,0.389,0.766,0.591,0.345,0.263,0.176,106.48,35
0.917,1.005,0.989,0.962,0.368,0.716,0.6,0.353,0.25,0.118,0.917,1.005,0.989,0.962,0.368,0.716,0.6,0.353,0.25,0.118,103.586,35
0.933,1.023,1.007,0.985,0.424,0.797,0.635,0.372,0.272,0.163,0.933,1.023,1.007,0.985,0.424,0.797,0.635,0.372,0.272,0.163,102.611,35
0.948,1.016,0.992,0.948,0.396,0.794,0.637,0.361,0.287,0.158,0.948,1.016,0.992,0.948,0.396,0.794,0.637,0.361,0.287,0.158,106.301,35
0.937,0.996,0.977,0.95,0.38,0.778,0.632,0.384,0.249,0.157,0.937,0.996,0.977,0.95,0.38,0.778,0.632,0.384,0.249,0.157,107.49,35
0.954,1.003,0.996,0.989,0.422,0.724,0.572,0.331,0.243,0.153,0.954,1.003,0.996,0.989,0.422,0.724,0.572,0.331,0.243,0.153,105.119,35
0.945,0.996,0.978,0.964,0.371,0.754,0.604,0.352,0.252,0.159,0.945,0.996,0.978,0.964,0.371,0.754,0.604,0.352,0.252,0.159,108.259,35
0.948,1.008,0.989,0.974,0.372,0.814,0.658,0.399,0.26,0.157,0.948,1.008,0.989,0.974,0.372,0.814,0.658,0.399,0.26,0.157,109.444,35
0.958,1.014,0.993,1.01,0.391,0.772,0.64,0.372,0.268,0.133,0.958,1.014,0.993,1.01,0.391,0.772,0.64,0.372,0.268,0.133,109.444,35
0.945,1.004,0.982,0.994,0.4,0.763,0.599,0.342,0.258,0.165,0.945,1.004,0.982,0.994,0.4,0.763,0.599,0.342,0.258,0.165,109.659,35
0.94,1.003,0.989,0.965,0.419,0.772,0.618,0.358,0.263,0.157,0.94,1.003,0.989,0.965,0.419,0.772,0.618,0.358,0.263,0.157,107.708,35
0.943,1,0.997,0.984,0.397,0.735,0.603,0.375,0.23,0.134,0.943,1,0.997,0.984,0.397,0.735,0.603,0.375,0.23,0.134,108.683,35
0.953,1.001,0.994,0.98,0.402,0.782,0.653,0.398,0.257,0.131,0.953,1.001,0.994,0.98,0.402,0.782,0.653,0.398,0.257,0.131,108.683,35
0.955,1.008,0.989,0.979,0.406,0.771,0.629,0.362,0.268,0.142,0.955,1.008,0.989,0.979,0.406,0.771,0.629,0.362,0.268,0.142,107.935,35
0.949,0.996,0.988,0.969,0.405,0.787,0.645,0.379,0.268,0.149,0.949,0.996,0.988,0.969,0.405,0.787,0.645,0.379,0.268,0.149,106.48,35
0.965,1.009,0.987,0.98,0.374,0.788,0.633,0.342,0.291,0.155,0.965,1.009,0.987,0.98,0.374,0.788,0.633,0.342,0.291,0.155,108.171,35
0.941,1.008,0.989,0.969,0.388,0.788,0.641,0.396,0.247,0.149,0.941,1.008,0.989,0.969,0.388,0.788,0.641,0.396,0.247,0.149,106.48,35
0.97,1.014,0.992,0.969,0.417,0.729,0.577,0.352,0.228,0.152,0.97,1.014,0.992,0.969,0.417,0.729,0.577,0.352,0.228,0.152,106.301,35
0.943,1.016,0.985,0.958,0.363,0.822,0.648,0.405,0.244,0.175,0.943,1.016,0.985,0.958,0.363,0.822,0.648,0.405,0.244,0.175,111.005,35
0.944,1.058,0.984,0.974,0.365,0.809,0.693,0.45,0.243,0.173,0.944,1.058,0.984,0.974,0.365,0.809,0.693,0.45,0.243,0.173,109.882,35
0.961,1.046,0.984,0.961,0.372,0.793,0.68,0.443,0.238,0.144,0.961,1.046,0.984,0.961,0.372,0.793,0.68,0.443,0.238,0.144,114.337,35
0.974,1.028,0.988,0.966,0.384,0.747,0.625,0.39,0.236,0.128,0.974,1.028,0.988,0.966,0.384,0.747,0.625,0.39,0.236,0.128,111.4,35
0.963,1.039,0.99,0.964,0.37,0.789,0.694,0.436,0.261,0.123,0.963,1.039,0.99,0.964,0.37,0.789,0.694,0.436,0.261,0.123,109.238,35
0.983,1.038,0.981,0.964,0.374,0.7,0.602,0.379,0.224,0.121,0.983,1.038,0.981,0.964,0.374,0.7,0.602,0.379,0.224,0.121,108.416,35
0.971,1.04,0.989,0.956,0.374,0.755,0.618,0.377,0.245,0.15,0.971,1.04,0.989,0.956,0.374,0.755,0.618,0.377,0.245,0.15,105.537,35
0.988,1.051,0.981,0.969,0.356,0.76,0.653,0.417,0.236,0.156,0.988,1.051,0.981,0.969,0.356,0.76,0.653,0.417,0.236,0.156,107.49,35
0.987,1.051,0.981,0.957,0.358,0.771,0.658,0.421,0.237,0.156,0.987,1.051,0.981,0.957,0.358,0.771,0.658,0.421,0.237,0.156,108.669,35
0.981,1.048,0.973,0.941,0.351,0.761,0.675,0.414,0.262,0.141,0.981,1.048,0.973,0.941,0.351,0.761,0.675,0.414,0.262,0.141,106.733,35
0.957,1.035,0.979,0.93,0.34,0.759,0.681,0.409,0.278,0.108,0.957,1.035,0.979,0.93,0.34,0.759,0.681,0.409,0.278,0.108,104.12,35
0.954,1.05,0.975,0.935,0.359,0.734,0.692,0.441,0.252,0.142,0.954,1.05,0.975,0.935,0.359,0.734,0.692,0.441,0.252,0.142,104.403,35
0.965,1.025,0.974,0.922,0.348,0.797,0.692,0.399,0.299,0.108,0.965,1.025,0.974,0.922,0.348,0.797,0.692,0.399,0.299,0.108,103.407,35
0.965,1.032,0.979,0.914,0.339,0.777,0.724,0.471,0.261,0.094,0.965,1.032,0.979,0.914,0.339,0.777,0.724,0.471,0.261,0.094,104.676,35
0.97,1.032,0.98,0.937,0.324,0.757,0.708,0.471,0.238,0.1,0.97,1.032,0.98,0.937,0.324,0.757,0.708,0.471,0.238,0.1,103.368,35
0.953,1.037,0.981,0.929,0.333,0.754,0.715,0.492,0.225,0.111,0.953,1.037,0.981,0.929,0.333,0.754,0.715,0.492,0.225,0.111,105.551,35
0.965,1.026,0.981,0.928,0.337,0.773,0.714,0.492,0.225,0.083,0.965,1.026,0.981,0.928,0.337,0.773,0.714,0.492,0.225,0.083,108.259,35
0.983,1.044,0.986,0.961,0.305,0.736,0.681,0.456,0.225,0.144,0.983,1.044,0.986,0.961,0.305,0.736,0.681,0.456,0.225,0.144,109.659,35
0.974,1.023,0.992,0.946,0.34,0.793,0.693,0.452,0.25,0.104,0.974,1.023,0.992,0.946,0.34,0.793,0.693,0.452,0.25,0.104,107.703,35
0.953,1.017,0.993,0.952,0.345,0.825,0.715,0.443,0.28,0.111,0.953,1.017,0.993,0.952,0.345,0.825,0.715,0.443,0.28,0.111,109.932,35
0.978,1.028,0.985,0.96,0.367,0.798,0.719,0.499,0.221,0.096,0.978,1.028,0.985,0.96,0.367,0.798,0.719,0.499,0.221,0.096,108.167,35
0.968,1,0.97,0.877,0.153,0.81,0.873,0.71,0.196,0.244,0.968,1,0.97,0.877,0.153,0.81,0.873,0.71,0.196,0.244,99.725,36
0.952,1.012,0.951,0.87,0.146,0.972,0.931,0.629,0.333,0.291,0.952,1.012,0.951,0.87,0.146,0.972,0.931,0.629,0.333,0.291,98.732,36
0.976,1.021,0.961,0.867,0.162,0.951,0.844,0.653,0.272,0.272,0.976,1.021,0.961,0.867,0.162,0.951,0.844,0.653,0.272,0.272,97.417,36
0.958,1.02,0.941,0.857,0.152,1.073,0.964,0.601,0.392,0.272,0.958,1.02,0.941,0.857,0.152,1.073,0.964,0.601,0.392,0.272,98.25,36
0.961,1.013,0.952,0.872,0.148,0.95,0.91,0.615,0.326,0.285,0.961,1.013,0.952,0.872,0.148,0.95,0.91,0.615,0.326,0.285,98.412,36
0.978,1.016,0.962,0.87,0.164,0.904,0.843,0.675,0.259,0.207,0.978,1.016,0.962,0.87,0.164,0.904,0.843,0.675,0.259,0.207,99.247,36
0.968,1.013,0.962,0.885,0.143,0.898,0.842,0.591,0.263,0.3,0.968,1.013,0.962,0.885,0.143,0.898,0.842,0.591,0.263,0.3,98.25,36
0.963,1.024,0.95,0.872,0.136,1.116,0.943,0.622,0.396,0.255,0.963,1.024,0.95,0.872,0.136,1.116,0.943,0.622,0.396,0.255,98.184,36
0.973,1.014,0.958,0.866,0.163,0.906,0.854,0.623,0.259,0.264,0.973,1.014,0.958,0.866,0.163,0.906,0.854,0.623,0.259,0.264,99.323,36
0.979,1.016,0.958,0.874,0.166,0.868,0.819,0.611,0.254,0.203,0.979,1.016,0.958,0.874,0.166,0.868,0.819,0.611,0.254,0.203,98.326,36
0.957,1.013,0.948,0.871,0.153,0.926,0.887,0.602,0.349,0.278,0.957,1.013,0.948,0.871,0.153,0.926,0.887,0.602,0.349,0.278,96.255,36
0.969,1.025,0.957,0.87,0.147,1.055,0.891,0.646,0.341,0.241,0.969,1.025,0.957,0.87,0.147,1.055,0.891,0.646,0.341,0.241,99.182,36
0.982,1.021,0.958,0.874,0.164,0.904,0.835,0.623,0.259,0.259,0.982,1.021,0.958,0.874,0.164,0.904,0.835,0.623,0.259,0.259,101.242,36
0.972,1.005,0.962,0.881,0.15,0.825,0.814,0.615,0.28,0.177,0.972,1.005,0.962,0.881,0.15,0.825,0.814,0.615,0.28,0.177,99.247,36
0.966,1.017,0.965,0.876,0.151,0.93,0.831,0.671,0.301,0.224,0.966,1.017,0.965,0.876,0.151,0.93,0.831,0.671,0.301,0.224,99.247,36
0.96,1.008,0.958,0.876,0.128,1.038,0.969,0.67,0.383,0.131,0.96,1.008,0.958,0.876,0.128,1.038,0.969,0.67,0.383,0.131,97.185,36
0.948,1.037,0.958,0.872,0.14,1.233,0.915,0.664,0.35,0.541,0.948,1.037,0.958,0.872,0.14,1.233,0.915,0.664,0.35,0.541,95.189,36
0.992,1.052,0.945,0.859,0.16,1.217,0.885,0.559,0.351,0.417,0.992,1.052,0.945,0.859,0.16,1.217,0.885,0.559,0.351,0.417,98.615,36
0.966,1.023,0.954,0.879,0.145,1,0.89,0.588,0.317,0.353,0.966,1.023,0.954,0.879,0.145,1,0.89,0.588,0.317,0.353,95.525,36
0.964,1.027,0.95,0.858,0.132,1.307,1.088,0.704,0.419,0.236,0.964,1.027,0.95,0.858,0.132,1.307,1.088,0.704,0.419,0.236,97.329,36
0.98,1.016,0.964,0.894,0.138,0.888,0.79,0.575,0.271,0.256,0.98,1.016,0.964,0.894,0.138,0.888,0.79,0.575,0.271,0.256,96.333,36
0.955,1.02,0.961,0.888,0.104,1.293,1.079,0.707,0.414,0.262,0.955,1.02,0.961,0.888,0.104,1.293,1.079,0.707,0.414,0.262,98.082,36
0.959,1.016,0.958,0.883,0.121,1.104,0.973,0.644,0.349,0.279,0.959,1.016,0.958,0.883,0.121,1.104,0.973,0.644,0.349,0.279,97.329,36
0.945,1.019,0.977,0.901,0.098,1.218,1.027,0.809,0.248,0.277,0.945,1.019,0.977,0.901,0.098,1.218,1.027,0.809,0.248,0.277,94.133,36
0.954,1.009,0.955,0.878,0.119,1.104,1.038,0.702,0.395,0.288,0.954,1.009,0.955,0.878,0.119,1.104,1.038,0.702,0.395,0.288,99.182,36
0.968,1.009,0.953,0.876,0.144,0.922,0.88,0.604,0.342,0.249,0.968,1.009,0.953,0.876,0.144,0.922,0.88,0.604,0.342,0.249,95.336,36
0.946,1.028,0.949,0.863,0.125,1.318,1.104,0.712,0.407,0.356,0.946,1.028,0.949,0.863,0.125,1.318,1.104,0.712,0.407,0.356,95.189,36
0.953,1.028,0.947,0.868,0.115,1.412,1.151,0.697,0.471,0.375,0.953,1.028,0.947,0.868,0.115,1.412,1.151,0.697,0.471,0.375,98.326,36
0.986,1.017,0.954,0.866,0.148,1.031,0.907,0.605,0.328,0.232,0.986,1.017,0.954,0.866,0.148,1.031,0.907,0.605,0.328,0.232,99.408,36
0.967,1.016,0.961,0.863,0.13,1.179,1.054,0.765,0.327,0.146,0.967,1.016,0.961,0.863,0.13,1.179,1.054,0.765,0.327,0.146,99.408,36
0.971,1.016,0.954,0.875,0.122,1.162,1.038,0.702,0.395,0.279,0.971,1.016,0.954,0.875,0.122,1.162,1.038,0.702,0.395,0.279,96.519,36
0.957,1.031,0.95,0.869,0.117,1.387,1.12,0.697,0.429,0.329,0.957,1.031,0.95,0.869,0.117,1.387,1.12,0.697,0.429,0.329,94.191,36
0.971,1.008,0.965,0.881,0.115,1.124,1.044,0.764,0.318,0.309,0.971,1.008,0.965,0.881,0.115,1.124,1.044,0.764,0.318,0.309,98.326,36
0.937,1.026,0.959,0.864,0.085,1.932,1.608,1.135,0.498,0.507,0.937,1.026,0.959,0.864,0.085,1.932,1.608,1.135,0.498,0.507,97.185,36
0.974,1.008,0.961,0.887,0.106,1.168,1.072,0.702,0.411,0.164,0.974,1.008,0.961,0.887,0.106,1.168,1.072,0.702,0.411,0.164,98.732,36
0.975,1.017,0.96,0.873,0.127,1.185,1.007,0.688,0.349,0.279,0.975,1.017,0.96,0.873,0.127,1.185,1.007,0.688,0.349,0.279,97.015,36
0.963,1.005,0.964,0.88,0.136,0.95,0.888,0.652,0.344,0.202,0.963,1.005,0.964,0.88,0.136,0.95,0.888,0.652,0.344,0.202,95.037,36
0.974,1.032,0.954,0.889,0.15,0.974,0.743,0.461,0.323,0.348,0.974,1.032,0.954,0.889,0.15,0.974,0.743,0.461,0.323,0.348,95.037,36
0.956,1.013,0.947,0.865,0.136,1.083,1.021,0.681,0.396,0.316,0.956,1.013,0.947,0.865,0.136,1.083,1.021,0.681,0.396,0.316,99.725,36
0.949,1.005,0.965,0.874,0.143,0.917,0.893,0.672,0.255,0.19,0.949,1.005,0.965,0.874,0.143,0.917,0.893,0.672,0.255,0.19,93.648,36
0.946,1.02,0.965,0.88,0.125,1.137,0.966,0.707,0.294,0.347,0.946,1.02,0.965,0.88,0.125,1.137,0.966,0.707,0.294,0.347,94.641,36
0.955,1.02,0.966,0.891,0.139,0.931,0.813,0.61,0.259,0.305,0.955,1.02,0.966,0.891,0.139,0.931,0.813,0.61,0.259,0.305,96.747,36
0.97,1.027,0.962,0.884,0.135,1.063,0.869,0.639,0.319,0.326,0.97,1.027,0.962,0.884,0.135,1.063,0.869,0.639,0.319,0.326,95.755,36
0.944,1.022,0.962,0.882,0.127,1.104,1.002,0.736,0.298,0.4,0.944,1.022,0.962,0.882,0.127,1.104,1.002,0.736,0.298,0.4,95.755,36
0.961,1.024,0.969,0.895,0.109,1.197,0.964,0.682,0.288,0.329,0.961,1.024,0.969,0.895,0.109,1.197,0.964,0.682,0.288,0.329,98.509,36
0.936,1.019,0.969,0.896,0.109,1.133,0.972,0.711,0.283,0.393,0.936,1.019,0.969,0.896,0.109,1.133,0.972,0.711,0.283,0.393,94.53,36
0.936,1.019,0.961,0.871,0.113,1.32,1.14,0.801,0.343,0.383,0.936,1.019,0.961,0.871,0.113,1.32,1.14,0.801,0.343,0.383,94.34,36
0.944,1.003,0.954,0.856,0.155,0.948,0.958,0.668,0.299,0.175,0.944,1.003,0.954,0.856,0.155,0.948,0.958,0.668,0.299,0.175,92.914,36
0.954,1.034,0.965,0.884,0.111,1.373,1.065,0.798,0.339,0.564,0.954,1.034,0.965,0.884,0.111,1.373,1.065,0.798,0.339,0.564,94.53,36
0.948,1.037,0.962,0.877,0.139,1.15,0.923,0.671,0.273,0.492,0.948,1.037,0.962,0.877,0.139,1.15,0.923,0.671,0.273,0.492,94.895,36
0.932,1.007,0.962,0.878,0.126,1.027,0.979,0.686,0.301,0.277,0.932,1.007,0.962,0.878,0.126,1.027,0.979,0.686,0.301,0.277,94.895,36
