1.288,2.079,0.879,0.745,0.564,2.842,0.59,0.326,0.264,2.269,1.288,2.079,0.879,0.745,0.564,2.842,0.59,0.326,0.264,2.269,146.659,1
1.287,2.058,0.864,0.745,0.574,2.776,0.608,0.304,0.304,2.178,1.287,2.058,0.864,0.745,0.574,2.776,0.608,0.304,0.304,2.178,142.555,
1.276,2.062,0.866,0.734,0.571,2.807,0.613,0.322,0.291,2.211,1.276,2.062,0.866,0.734,0.571,2.807,0.613,0.322,0.291,2.211,145.825,
1.327,2.102,0.875,0.753,0.611,2.651,0.577,0.319,0.26,2.076,1.327,2.102,0.875,0.753,0.611,2.651,0.577,0.319,0.26,2.076,141.566,
1.275,2.035,0.869,0.724,0.563,2.756,0.62,0.347,0.273,2.154,1.275,2.035,0.869,0.724,0.563,2.756,0.62,0.347,0.273,2.154,149.626,
1.178,2.069,0.877,0.715,0.532,3,0.687,0.409,0.278,2.327,1.178,2.069,0.877,0.715,0.532,3,0.687,0.409,0.278,2.327,135.34,
1.203,2.084,0.865,0.717,0.524,3.065,0.683,0.383,0.301,2.399,1.203,2.084,0.865,0.717,0.524,3.065,0.683,0.383,0.301,2.399,139.058,
1.256,2.068,0.866,0.732,0.569,2.807,0.614,0.337,0.278,2.208,1.256,2.068,0.866,0.732,0.569,2.807,0.614,0.337,0.278,2.208,138.101,
1.268,2.022,0.857,0.713,0.573,2.701,0.614,0.329,0.286,2.112,1.268,2.022,0.857,0.713,0.573,2.701,0.614,0.329,0.286,2.112,143.694,
1.285,2.113,0.887,0.764,0.566,2.877,0.601,0.332,0.269,2.28,1.285,2.113,0.887,0.764,0.566,2.877,0.601,0.332,0.269,2.28,139.445,
1.227,2.12,0.888,0.75,0.532,3.077,0.639,0.387,0.253,2.447,1.227,2.12,0.888,0.75,0.532,3.077,0.639,0.387,0.253,2.447,139.27,
1.325,2.126,0.861,0.751,0.609,2.728,0.582,0.3,0.284,2.152,1.325,2.126,0.861,0.751,0.609,2.728,0.582,0.3,0.284,2.152,142.555,
1.298,2.068,0.878,0.759,0.553,2.862,0.601,0.316,0.285,2.27,1.298,2.068,0.878,0.759,0.553,2.862,0.601,0.316,0.285,2.27,148.637,
1.246,2.07,0.889,0.73,0.538,2.954,0.664,0.39,0.276,2.299,1.246,2.07,0.889,0.73,0.538,2.954,0.664,0.39,0.276,2.299,146.697,
1.19,2.045,0.866,0.73,0.499,3.106,0.688,0.378,0.311,2.433,1.19,2.045,0.866,0.73,0.499,3.106,0.688,0.378,0.311,2.433,140.688,
1.281,2.062,0.863,0.727,0.572,2.757,0.623,0.334,0.289,2.144,1.281,2.062,0.863,0.727,0.572,2.757,0.623,0.334,0.289,2.144,146.328,
1.313,2.075,0.862,0.727,0.611,2.618,0.591,0.317,0.274,2.036,1.313,2.075,0.862,0.727,0.611,2.618,0.591,0.317,0.274,2.036,143.544,
1.256,2.048,0.867,0.734,0.565,2.801,0.62,0.34,0.28,2.197,1.256,2.048,0.867,0.734,0.565,2.801,0.62,0.34,0.28,2.197,140.246,
1.25,2.043,0.883,0.754,0.517,3.033,0.638,0.369,0.27,2.412,1.25,2.043,0.883,0.754,0.517,3.033,0.638,0.369,0.27,2.412,148.297,
1.231,2.008,0.873,0.732,0.516,2.96,0.644,0.362,0.283,2.345,1.231,2.008,0.873,0.732,0.516,2.96,0.644,0.362,0.283,2.345,148.476,
1.263,2.078,0.865,0.721,0.578,2.807,0.635,0.348,0.287,2.186,1.263,2.078,0.865,0.721,0.578,2.807,0.635,0.348,0.287,2.186,142.215,
1.247,2.06,0.876,0.719,0.557,2.87,0.673,0.391,0.281,2.208,1.247,2.06,0.876,0.719,0.557,2.87,0.673,0.391,0.281,2.208,143.199,
1.258,2.018,0.871,0.742,0.536,2.861,0.623,0.335,0.289,2.256,1.258,2.018,0.871,0.742,0.536,2.861,0.623,0.335,0.289,2.256,145.986,
1.268,2.019,0.858,0.729,0.562,2.761,0.624,0.334,0.292,2.156,1.268,2.019,0.858,0.729,0.562,2.761,0.624,0.334,0.292,2.156,145.825,
1.268,2.093,0.876,0.742,0.566,2.847,0.624,0.343,0.281,2.23,1.268,2.093,0.876,0.742,0.566,2.847,0.624,0.343,0.281,2.23,140.428,
1.198,2.105,0.887,0.739,0.515,3.174,0.695,0.4,0.296,2.488,1.198,2.105,0.887,0.739,0.515,3.174,0.695,0.4,0.296,2.488,138.514,
1.195,2.089,0.864,0.728,0.509,3.168,0.695,0.382,0.315,2.487,1.195,2.089,0.864,0.728,0.509,3.168,0.695,0.382,0.315,2.487,138.514,
1.285,2.103,0.877,0.754,0.562,2.891,0.591,0.319,0.272,2.312,1.285,2.103,0.877,0.754,0.562,2.891,0.591,0.319,0.272,2.312,141.057,
1.255,2.044,0.868,0.75,0.545,2.895,0.627,0.338,0.291,2.281,1.255,2.044,0.868,0.75,0.545,2.895,0.627,0.338,0.291,2.281,141.23,
1.26,2.052,0.866,0.731,0.563,2.795,0.601,0.316,0.285,2.215,1.26,2.052,0.866,0.731,0.563,2.795,0.601,0.316,0.285,2.215,139.262,
1.173,2.108,0.874,0.737,0.516,3.177,0.686,0.387,0.299,2.503,1.173,2.108,0.874,0.737,0.516,3.177,0.686,0.387,0.299,2.503,136.308,
1.3,2.107,0.872,0.735,0.604,2.705,0.6,0.315,0.285,2.112,1.3,2.107,0.872,0.735,0.604,2.705,0.6,0.315,0.285,2.112,139.904,
1.283,2.107,0.885,0.75,0.567,2.887,0.64,0.368,0.272,2.25,1.283,2.107,0.885,0.75,0.567,2.887,0.64,0.368,0.272,2.25,141.411,
1.262,2.061,0.874,0.752,0.536,2.92,0.641,0.329,0.313,2.284,1.262,2.061,0.874,0.752,0.536,2.92,0.641,0.329,0.313,2.284,142.215,
1.275,2.06,0.877,0.745,0.562,2.802,0.621,0.342,0.279,2.188,1.275,2.06,0.877,0.745,0.562,2.802,0.621,0.342,0.279,2.188,141.411,
1.264,2.065,0.877,0.745,0.54,2.937,0.655,0.36,0.295,2.289,1.264,2.065,0.877,0.745,0.54,2.937,0.655,0.36,0.295,2.289,145.527,
1.291,2.059,0.878,0.736,0.575,2.781,0.632,0.355,0.277,2.158,1.291,2.059,0.878,0.736,0.575,2.781,0.632,0.355,0.277,2.158,146.973,
1.287,2.084,0.879,0.748,0.555,2.911,0.618,0.341,0.276,2.305,1.287,2.084,0.879,0.748,0.555,2.911,0.618,0.341,0.276,2.305,147.313,
1.172,2.079,0.881,0.736,0.516,3.128,0.658,0.381,0.278,2.493,1.172,2.079,0.881,0.736,0.516,3.128,0.658,0.381,0.278,2.493,134.893,
1.319,2.076,0.879,0.735,0.601,2.66,0.578,0.313,0.266,2.094,1.319,2.076,0.879,0.735,0.601,2.66,0.578,0.313,0.266,2.094,145,
1.274,2.111,0.875,0.727,0.578,2.851,0.63,0.348,0.283,2.231,1.274,2.111,0.875,0.727,0.578,2.851,0.63,0.348,0.283,2.231,141.792,
1.269,2.036,0.87,0.741,0.566,2.768,0.607,0.326,0.281,2.175,1.269,2.036,0.87,0.741,0.566,2.768,0.607,0.326,0.281,2.175,139.445,
1.236,2.054,0.891,0.738,0.525,3.017,0.7,0.417,0.284,2.323,1.236,2.054,0.891,0.738,0.525,3.017,0.7,0.417,0.284,2.323,145.344,
1.263,2.04,0.867,0.727,0.556,2.834,0.662,0.362,0.3,2.182,1.263,2.04,0.867,0.727,0.556,2.834,0.662,0.362,0.3,2.182,146.509,
1.222,2.088,0.889,0.745,0.523,3.091,0.686,0.412,0.274,2.411,1.222,2.088,0.889,0.745,0.523,3.091,0.686,0.412,0.274,2.411,138.975,
1.252,2.065,0.875,0.745,0.55,2.896,0.676,0.37,0.306,2.222,1.252,2.065,0.875,0.745,0.55,2.896,0.676,0.37,0.306,2.222,140.246,
1.254,2.069,0.865,0.736,0.544,2.953,0.668,0.358,0.31,2.295,1.254,2.069,0.865,0.736,0.544,2.953,0.668,0.358,0.31,2.295,143.951,
1.294,2.083,0.892,0.737,0.579,2.795,0.614,0.369,0.245,2.191,1.294,2.083,0.892,0.737,0.579,2.795,0.614,0.369,0.245,2.191,145.169,
1.294,2.083,0.892,0.749,0.57,2.827,0.608,0.359,0.249,2.227,1.294,2.083,0.892,0.749,0.57,2.827,0.608,0.359,0.249,2.227,144.544,
1.283,2.086,0.868,0.738,0.567,2.855,0.613,0.329,0.284,2.257,1.283,2.086,0.868,0.738,0.567,2.855,0.613,0.329,0.284,2.257,145.344,
,,,,,,,,,,,,,,,,,,,,,
1.09,2.023,0.886,0.85,0.655,2.469,0.68,0.358,0.325,1.804,1.09,2.023,0.886,0.85,0.655,2.469,0.68,0.358,0.325,1.804,57.315,2
1.134,2.072,0.889,0.886,0.614,2.67,0.775,0.383,0.397,1.943,1.134,2.072,0.889,0.886,0.614,2.67,0.775,0.383,0.397,1.943,60.44,
1.217,2.223,0.902,0.947,0.641,2.716,0.812,0.396,0.423,2.032,1.217,2.223,0.902,0.947,0.641,2.716,0.812,0.396,0.423,2.032,59.203,
1.161,2.194,0.935,0.943,0.624,2.792,0.774,0.429,0.345,2.104,1.161,2.194,0.935,0.943,0.624,2.792,0.774,0.429,0.345,2.104,61.033,
1.171,2.247,0.948,0.961,0.628,2.858,0.825,0.442,0.383,2.15,1.171,2.247,0.948,0.961,0.628,2.858,0.825,0.442,0.383,2.15,61.612,
1.108,2.082,0.909,0.91,0.62,2.668,0.767,0.381,0.388,1.955,1.108,2.082,0.909,0.91,0.62,2.668,0.767,0.381,0.388,1.955,61.221,
1.163,2.208,0.936,0.926,0.634,2.748,0.831,0.416,0.415,2.031,1.163,2.208,0.936,0.926,0.634,2.748,0.831,0.416,0.415,2.031,61.4,
1.06,2.038,0.897,0.853,0.566,2.83,0.771,0.41,0.362,2.082,1.06,2.038,0.897,0.853,0.566,2.83,0.771,0.41,0.362,2.082,62.626,
1.111,2.125,0.902,0.871,0.61,2.736,0.837,0.419,0.419,1.976,1.111,2.125,0.902,0.871,0.61,2.736,0.837,0.419,0.419,1.976,61.221,
1.103,2.188,0.928,0.908,0.624,2.795,0.817,0.396,0.421,2.062,1.103,2.188,0.928,0.908,0.624,2.795,0.817,0.396,0.421,2.062,64.031,
1.075,2.129,0.902,0.876,0.604,2.795,0.797,0.424,0.374,2.052,1.075,2.129,0.902,0.876,0.604,2.795,0.797,0.424,0.374,2.052,63.411,
1.161,2.228,0.954,0.955,0.645,2.741,0.78,0.391,0.39,2.067,1.161,2.228,0.954,0.955,0.645,2.741,0.78,0.391,0.39,2.067,62.626,
1.133,2.211,0.919,0.934,0.673,2.613,0.722,0.373,0.351,1.969,1.133,2.211,0.919,0.934,0.673,2.613,0.722,0.373,0.351,1.969,61.074,
1.204,2.212,0.881,0.905,0.779,2.309,0.74,0.345,0.398,1.655,1.204,2.212,0.881,0.905,0.779,2.309,0.74,0.345,0.398,1.655,58.052,
1.206,2.304,0.906,0.923,0.69,2.684,0.765,0.382,0.385,2.018,1.206,2.304,0.906,0.923,0.69,2.684,0.765,0.382,0.385,2.018,62.008,
1.199,2.236,0.901,0.902,0.807,2.252,0.63,0.335,0.297,1.675,1.199,2.236,0.901,0.902,0.807,2.252,0.63,0.335,0.297,1.675,56.586,
1.155,2.088,0.887,0.877,0.631,2.572,0.824,0.396,0.429,1.836,1.155,2.088,0.887,0.877,0.631,2.572,0.824,0.396,0.429,1.836,58.258,
1.184,2.177,0.932,0.939,0.619,2.739,0.791,0.423,0.368,2.054,1.184,2.177,0.932,0.939,0.619,2.739,0.791,0.423,0.368,2.054,59.405,
1.149,2.102,0.846,0.839,0.632,2.665,0.785,0.382,0.414,1.916,1.149,2.102,0.846,0.839,0.632,2.665,0.785,0.382,0.414,1.916,57.428,
1.079,2.005,0.827,0.82,0.578,2.741,0.884,0.4,0.497,1.897,1.079,2.005,0.827,0.82,0.578,2.741,0.884,0.4,0.497,1.897,59.203,
1.278,2.348,0.952,1.016,0.881,2.148,0.618,0.333,0.286,1.648,1.278,2.348,0.952,1.016,0.881,2.148,0.618,0.333,0.286,1.648,55.866,
1.058,1.942,0.873,0.843,0.552,2.803,0.818,0.412,0.412,1.997,1.058,1.942,0.873,0.843,0.552,2.803,0.818,0.412,0.412,1.997,60.465,
1.148,2.211,0.912,0.948,0.666,2.658,0.791,0.41,0.386,1.969,1.148,2.211,0.912,0.948,0.666,2.658,0.791,0.41,0.386,1.969,61.074,
1.216,2.291,0.926,0.968,0.74,2.493,0.675,0.376,0.304,1.909,1.216,2.291,0.926,0.968,0.74,2.493,0.675,0.376,0.304,1.909,58.796,
1.238,2.267,0.935,0.956,0.756,2.419,0.584,0.315,0.271,1.89,1.238,2.267,0.935,0.956,0.756,2.419,0.584,0.315,0.271,1.89,56.851,
1.162,2.287,0.906,0.941,0.69,2.671,0.764,0.383,0.386,2.007,1.162,2.287,0.906,0.941,0.69,2.671,0.764,0.383,0.386,2.007,60.308,
1.184,2.152,0.939,0.956,0.581,2.923,0.852,0.456,0.396,2.177,1.184,2.152,0.939,0.956,0.581,2.923,0.852,0.456,0.396,2.177,62.129,
1.199,2.289,0.912,0.962,0.629,2.879,0.782,0.396,0.396,2.214,1.199,2.289,0.912,0.962,0.629,2.879,0.782,0.396,0.396,2.214,61.4,
1.22,2.342,0.956,0.965,0.631,2.953,0.86,0.461,0.4,2.249,1.22,2.342,0.956,0.965,0.631,2.953,0.86,0.461,0.4,2.249,60.803,
1.224,2.266,0.952,1.007,0.636,2.811,0.821,0.442,0.38,2.146,1.224,2.266,0.952,1.007,0.636,2.811,0.821,0.442,0.38,2.146,59.034,
1.215,2.328,0.92,0.953,0.605,3.086,0.871,0.42,0.453,2.347,1.215,2.328,0.92,0.953,0.605,3.086,0.871,0.42,0.453,2.347,61.855,
1.28,2.41,0.97,1.027,0.815,2.344,0.647,0.35,0.298,1.846,1.28,2.41,0.97,1.027,0.815,2.344,0.647,0.35,0.298,1.846,57.28,
1.191,2.251,0.944,0.982,0.696,2.565,0.69,0.373,0.32,1.976,1.191,2.251,0.944,0.982,0.696,2.565,0.69,0.373,0.32,1.976,59.666,
1.301,2.39,0.964,1.04,0.723,2.624,0.755,0.396,0.361,2.048,1.301,2.39,0.964,1.04,0.723,2.624,0.755,0.396,0.361,2.048,57.201,
1.279,2.416,0.95,1.001,0.833,2.3,0.68,0.341,0.339,1.78,1.279,2.416,0.95,1.001,0.833,2.3,0.68,0.341,0.339,1.78,55.866,
1.268,2.262,0.964,1.067,0.903,1.92,0.511,0.31,0.208,1.538,1.268,2.262,0.964,1.067,0.903,1.92,0.511,0.31,0.208,1.538,51.088,
1.203,2.256,0.946,0.972,0.946,1.95,0.52,0.28,0.241,1.486,1.203,2.256,0.946,0.972,0.946,1.95,0.52,0.28,0.241,1.486,54.037,
1.219,2.253,0.96,0.962,0.832,2.164,0.599,0.323,0.276,1.645,1.219,2.253,0.96,0.962,0.832,2.164,0.599,0.323,0.276,1.645,54.562,
1.323,2.506,0.972,1.064,0.934,2.181,0.616,0.345,0.272,1.718,1.323,2.506,0.972,1.064,0.934,2.181,0.616,0.345,0.272,1.718,57.28,
1.284,2.28,0.944,0.995,0.865,2.131,0.601,0.335,0.268,1.621,1.284,2.28,0.944,0.995,0.865,2.131,0.601,0.335,0.268,1.621,53.759,
1.367,2.444,0.967,1.031,0.976,2.005,0.572,0.298,0.274,1.568,1.367,2.444,0.967,1.031,0.976,2.005,0.572,0.298,0.274,1.568,52.345,
1.304,2.482,0.969,1.067,0.925,2.135,0.588,0.323,0.267,1.706,1.304,2.482,0.969,1.067,0.925,2.135,0.588,0.323,0.267,1.706,56.727,
1.209,2.259,0.928,0.95,0.771,2.368,0.615,0.343,0.274,1.816,1.209,2.259,0.928,0.95,0.771,2.368,0.615,0.343,0.274,1.816,55.317,
1.195,2.286,0.94,1.033,0.639,2.829,0.754,0.408,0.361,2.219,1.195,2.286,0.94,1.033,0.639,2.829,0.754,0.408,0.361,2.219,61.033,
1.226,2.346,0.932,0.973,0.682,2.802,0.783,0.436,0.349,2.134,1.226,2.346,0.932,0.973,0.682,2.802,0.783,0.436,0.349,2.134,61.033,
1.173,2.172,0.927,0.947,0.656,2.636,0.722,0.387,0.337,1.988,1.173,2.172,0.927,0.947,0.656,2.636,0.722,0.387,0.337,1.988,57.801,
1.309,2.567,0.977,1.039,0.893,2.329,0.661,0.342,0.318,1.838,1.309,2.567,0.977,1.039,0.893,2.329,0.661,0.342,0.318,1.838,56.569,
1.251,2.185,0.913,0.944,0.913,1.896,0.558,0.299,0.262,1.409,1.251,2.185,0.913,0.944,0.913,1.896,0.558,0.299,0.262,1.409,49.406,
1.296,2.463,0.957,1.028,0.819,2.378,0.675,0.354,0.322,1.877,1.296,2.463,0.957,1.028,0.819,2.378,0.675,0.354,0.322,1.877,57.28,
1.198,2.21,0.937,0.944,0.773,2.231,0.592,0.307,0.285,1.712,1.198,2.21,0.937,0.944,0.773,2.231,0.592,0.307,0.285,1.712,54.037,
1.295,2.152,0.944,0.94,1.048,1.606,0.442,0.238,0.204,1.213,1.295,2.152,0.944,0.94,1.048,1.606,0.442,0.238,0.204,1.213,46.957,
,,,,,,,,,,,,,,,,,,,,,
0.805,1.107,0.443,0.41,0.91,1.106,0.893,0.142,0.753,0.294,0.805,1.107,0.443,0.41,0.91,1.106,0.893,0.142,0.753,0.294,2.236,3
0.805,1.107,0.443,0.41,0.91,1.106,0.893,0.142,0.753,0.294,0.805,1.107,0.443,0.41,0.91,1.106,0.893,0.142,0.753,0.294,2.236,
0.805,1.107,0.443,0.41,0.91,1.106,0.893,0.142,0.753,0.294,0.805,1.107,0.443,0.41,0.91,1.106,0.893,0.142,0.753,0.294,2.236,
0.805,1.107,0.443,0.41,0.91,1.106,0.893,0.142,0.753,0.294,0.805,1.107,0.443,0.41,0.91,1.106,0.893,0.142,0.753,0.294,2.236,
0.791,1.09,0.36,0.354,0.88,1.111,0.944,0.148,0.814,0.237,0.791,1.09,0.36,0.354,0.88,1.111,0.944,0.148,0.814,0.237,2.828,
0.791,1.09,0.36,0.354,0.88,1.111,0.944,0.148,0.814,0.237,0.791,1.09,0.36,0.354,0.88,1.111,0.944,0.148,0.814,0.237,2.828,
0.791,1.09,0.36,0.354,0.88,1.111,0.944,0.148,0.814,0.237,0.791,1.09,0.36,0.354,0.88,1.111,0.944,0.148,0.814,0.237,2.828,
0.791,1.09,0.36,0.354,0.88,1.111,0.944,0.148,0.814,0.237,0.791,1.09,0.36,0.354,0.88,1.111,0.944,0.148,0.814,0.237,2.828,
0.791,1.09,0.36,0.354,0.88,1.111,0.944,0.148,0.814,0.237,0.791,1.09,0.36,0.354,0.88,1.111,0.944,0.148,0.814,0.237,2.828,
0.741,1.049,0.405,0.387,0.872,1.133,0.947,0.161,0.796,0.359,0.741,1.049,0.405,0.387,0.872,1.133,0.947,0.161,0.796,0.359,2,
0.741,1.049,0.405,0.387,0.872,1.133,0.947,0.161,0.796,0.359,0.741,1.049,0.405,0.387,0.872,1.133,0.947,0.161,0.796,0.359,2,
0.741,1.049,0.405,0.387,0.872,1.133,0.947,0.161,0.796,0.359,0.741,1.049,0.405,0.387,0.872,1.133,0.947,0.161,0.796,0.359,2,
0.741,1.049,0.405,0.387,0.872,1.133,0.947,0.161,0.796,0.359,0.741,1.049,0.405,0.387,0.872,1.133,0.947,0.161,0.796,0.359,2,
0.741,1.049,0.405,0.387,0.872,1.133,0.947,0.161,0.796,0.359,0.741,1.049,0.405,0.387,0.872,1.133,0.947,0.161,0.796,0.359,2,
0.741,1.049,0.405,0.387,0.872,1.133,0.947,0.161,0.796,0.359,0.741,1.049,0.405,0.387,0.872,1.133,0.947,0.161,0.796,0.359,2,
0.741,1.049,0.405,0.387,0.872,1.133,0.947,0.161,0.796,0.359,0.741,1.049,0.405,0.387,0.872,1.133,0.947,0.161,0.796,0.359,2,
0.741,1.049,0.405,0.387,0.872,1.133,0.947,0.161,0.796,0.359,0.741,1.049,0.405,0.387,0.872,1.133,0.947,0.161,0.796,0.359,2,
0.741,1.049,0.405,0.387,0.872,1.133,0.947,0.161,0.796,0.359,0.741,1.049,0.405,0.387,0.872,1.133,0.947,0.161,0.796,0.359,2,
0.741,1.049,0.405,0.387,0.872,1.133,0.947,0.161,0.796,0.359,0.741,1.049,0.405,0.387,0.872,1.133,0.947,0.161,0.796,0.359,2,
1.617,2.035,0.882,0.801,1.789,0.955,0.29,0.13,0.162,0.667,1.617,2.035,0.882,0.801,1.789,0.955,0.29,0.13,0.162,0.667,1.414,
1.617,2.035,0.882,0.801,1.789,0.955,0.29,0.13,0.162,0.667,1.617,2.035,0.882,0.801,1.789,0.955,0.29,0.13,0.162,0.667,1.414,
1.617,2.035,0.882,0.801,1.789,0.955,0.29,0.13,0.162,0.667,1.617,2.035,0.882,0.801,1.789,0.955,0.29,0.13,0.162,0.667,1.414,
1.617,2.035,0.882,0.801,1.789,0.955,0.29,0.13,0.162,0.667,1.617,2.035,0.882,0.801,1.789,0.955,0.29,0.13,0.162,0.667,1.414,
1.617,2.035,0.882,0.801,1.789,0.955,0.29,0.13,0.162,0.667,1.617,2.035,0.882,0.801,1.789,0.955,0.29,0.13,0.162,0.667,1.414,
0.715,1.023,0.795,0.516,0.825,1.057,0.861,0.536,0.328,0.344,0.715,1.023,0.795,0.516,0.825,1.057,0.861,0.536,0.328,0.344,1,
0.715,1.023,0.795,0.516,0.825,1.057,0.861,0.536,0.328,0.344,0.715,1.023,0.795,0.516,0.825,1.057,0.861,0.536,0.328,0.344,1,
0.715,1.023,0.795,0.516,0.825,1.057,0.861,0.536,0.328,0.344,0.715,1.023,0.795,0.516,0.825,1.057,0.861,0.536,0.328,0.344,1,
0.715,1.023,0.795,0.516,0.825,1.057,0.861,0.536,0.328,0.344,0.715,1.023,0.795,0.516,0.825,1.057,0.861,0.536,0.328,0.344,1,
0.715,1.023,0.795,0.516,0.825,1.057,0.861,0.536,0.328,0.344,0.715,1.023,0.795,0.516,0.825,1.057,0.861,0.536,0.328,0.344,1,
1.414,1.924,0.856,0.715,1.565,1.113,0.349,0.159,0.196,0.773,1.414,1.924,0.856,0.715,1.565,1.113,0.349,0.159,0.196,0.773,1.414,
1.414,1.924,0.856,0.715,1.565,1.113,0.349,0.159,0.196,0.773,1.414,1.924,0.856,0.715,1.565,1.113,0.349,0.159,0.196,0.773,1.414,
1.414,1.924,0.856,0.715,1.565,1.113,0.349,0.159,0.196,0.773,1.414,1.924,0.856,0.715,1.565,1.113,0.349,0.159,0.196,0.773,1.414,
1.414,1.924,0.856,0.715,1.565,1.113,0.349,0.159,0.196,0.773,1.414,1.924,0.856,0.715,1.565,1.113,0.349,0.159,0.196,0.773,1.414,
0.732,1.022,0.407,0.378,0.841,1.143,0.997,0.141,0.857,0.33,0.732,1.022,0.407,0.378,0.841,1.143,0.997,0.141,0.857,0.33,1.414,
0.732,1.022,0.407,0.378,0.841,1.143,0.997,0.141,0.857,0.33,0.732,1.022,0.407,0.378,0.841,1.143,0.997,0.141,0.857,0.33,1.414,
0.732,1.022,0.407,0.378,0.841,1.143,0.997,0.141,0.857,0.33,0.732,1.022,0.407,0.378,0.841,1.143,0.997,0.141,0.857,0.33,1.414,
0.732,1.022,0.407,0.378,0.841,1.143,0.997,0.141,0.857,0.33,0.732,1.022,0.407,0.378,0.841,1.143,0.997,0.141,0.857,0.33,1.414,
0.732,1.022,0.407,0.378,0.841,1.143,0.997,0.141,0.857,0.33,0.732,1.022,0.407,0.378,0.841,1.143,0.997,0.141,0.857,0.33,1.414,
0.732,1.022,0.407,0.378,0.841,1.143,0.997,0.141,0.857,0.33,0.732,1.022,0.407,0.378,0.841,1.143,0.997,0.141,0.857,0.33,1.414,
0.732,1.022,0.407,0.378,0.841,1.143,0.997,0.141,0.857,0.33,0.732,1.022,0.407,0.378,0.841,1.143,0.997,0.141,0.857,0.33,1.414,
0.732,1.022,0.407,0.378,0.841,1.143,0.997,0.141,0.857,0.33,0.732,1.022,0.407,0.378,0.841,1.143,0.997,0.141,0.857,0.33,1.414,
1.057,1.425,0.6,0.539,1.17,1.116,0.631,0.138,0.493,0.509,1.057,1.425,0.6,0.539,1.17,1.116,0.631,0.138,0.493,0.509,1,
1.057,1.425,0.6,0.539,1.17,1.116,0.631,0.138,0.493,0.509,1.057,1.425,0.6,0.539,1.17,1.116,0.631,0.138,0.493,0.509,1,
0.802,1.095,0.472,0.422,0.888,1.137,0.933,0.17,0.763,0.287,0.802,1.095,0.472,0.422,0.888,1.137,0.933,0.17,0.763,0.287,1.414,
0.802,1.095,0.472,0.422,0.888,1.137,0.933,0.17,0.763,0.287,0.802,1.095,0.472,0.422,0.888,1.137,0.933,0.17,0.763,0.287,1.414,
0.802,1.095,0.472,0.422,0.888,1.137,0.933,0.17,0.763,0.287,0.802,1.095,0.472,0.422,0.888,1.137,0.933,0.17,0.763,0.287,1.414,
0.802,1.095,0.472,0.422,0.888,1.137,0.933,0.17,0.763,0.287,0.802,1.095,0.472,0.422,0.888,1.137,0.933,0.17,0.763,0.287,1.414,
0.802,1.095,0.472,0.422,0.888,1.137,0.933,0.17,0.763,0.287,0.802,1.095,0.472,0.422,0.888,1.137,0.933,0.17,0.763,0.287,1.414,
0.881,1.105,0.494,0.437,0.951,0.986,0.819,0.15,0.669,0.197,0.881,1.105,0.494,0.437,0.951,0.986,0.819,0.15,0.669,0.197,13.342,
0.881,1.105,0.494,0.437,0.951,0.986,0.819,0.15,0.669,0.197,0.881,1.105,0.494,0.437,0.951,0.986,0.819,0.15,0.669,0.197,13.342,
0.929,1.083,0.534,0.482,1.034,0.871,0.724,0.148,0.577,0.185,0.929,1.083,0.534,0.482,1.034,0.871,0.724,0.148,0.577,0.185,3.162,
,,,,,,,,,,,,,,,,,,,,,
0.82,1.135,0.883,0.728,0.724,0.76,0.5,0.295,0.206,0.266,0.82,1.135,0.883,0.728,0.724,0.76,0.5,0.295,0.206,0.266,11.662,4
1.151,1.948,0.948,0.835,0.777,1.881,0.564,0.306,0.274,1.342,1.151,1.948,0.948,0.835,0.777,1.881,0.564,0.306,0.274,1.342,27.019,
1.151,1.948,0.948,0.835,0.777,1.881,0.564,0.306,0.274,1.342,1.151,1.948,0.948,0.835,0.777,1.881,0.564,0.306,0.274,1.342,27.019,
1.291,1.98,0.959,0.845,0.959,1.571,0.471,0.264,0.223,1.123,1.291,1.98,0.959,0.845,0.959,1.571,0.471,0.264,0.223,1.123,17.117,
1.291,1.98,0.959,0.845,0.959,1.571,0.471,0.264,0.223,1.123,1.291,1.98,0.959,0.845,0.959,1.571,0.471,0.264,0.223,1.123,17.117,
1.291,1.98,0.959,0.845,0.959,1.571,0.471,0.264,0.223,1.123,1.291,1.98,0.959,0.845,0.959,1.571,0.471,0.264,0.223,1.123,17.117,
1.291,1.98,0.959,0.845,0.959,1.571,0.471,0.264,0.223,1.123,1.291,1.98,0.959,0.845,0.959,1.571,0.471,0.264,0.223,1.123,17.117,
1.23,1.744,0.883,0.761,0.941,1.372,0.462,0.232,0.233,0.911,1.23,1.744,0.883,0.761,0.941,1.372,0.462,0.232,0.233,0.911,13,
1.23,1.744,0.883,0.761,0.941,1.372,0.462,0.232,0.233,0.911,1.23,1.744,0.883,0.761,0.941,1.372,0.462,0.232,0.233,0.911,13,
1.23,1.744,0.883,0.761,0.941,1.372,0.462,0.232,0.233,0.911,1.23,1.744,0.883,0.761,0.941,1.372,0.462,0.232,0.233,0.911,13,
1.23,1.744,0.883,0.761,0.941,1.372,0.462,0.232,0.233,0.911,1.23,1.744,0.883,0.761,0.941,1.372,0.462,0.232,0.233,0.911,13,
0.905,1.029,0.855,0.643,0.732,0.666,0.577,0.361,0.217,0.127,0.905,1.029,0.855,0.643,0.732,0.666,0.577,0.361,0.217,0.127,13.892,
0.905,1.029,0.855,0.643,0.732,0.666,0.577,0.361,0.217,0.127,0.905,1.029,0.855,0.643,0.732,0.666,0.577,0.361,0.217,0.127,13.892,
1.36,2.044,0.959,0.854,1.056,1.532,0.478,0.278,0.212,1.082,1.36,2.044,0.959,0.854,1.056,1.532,0.478,0.278,0.212,1.082,17.088,
1.36,2.044,0.959,0.854,1.056,1.532,0.478,0.278,0.212,1.082,1.36,2.044,0.959,0.854,1.056,1.532,0.478,0.278,0.212,1.082,17.088,
1.396,2.039,0.963,0.846,1.095,1.421,0.402,0.228,0.188,1.04,1.396,2.039,0.963,0.846,1.095,1.421,0.402,0.228,0.188,1.04,10.77,
1.396,2.039,0.963,0.846,1.095,1.421,0.402,0.228,0.188,1.04,1.396,2.039,0.963,0.846,1.095,1.421,0.402,0.228,0.188,1.04,10.77,
1.171,1.786,0.963,0.839,0.738,1.847,0.613,0.368,0.266,1.245,1.171,1.786,0.963,0.839,0.738,1.847,0.613,0.368,0.266,1.245,26.249,
1.171,1.786,0.963,0.839,0.738,1.847,0.613,0.368,0.266,1.245,1.171,1.786,0.963,0.839,0.738,1.847,0.613,0.368,0.266,1.245,26.249,
1.314,1.941,0.95,0.842,0.988,1.487,0.445,0.254,0.201,1.06,1.314,1.941,0.95,0.842,0.988,1.487,0.445,0.254,0.201,1.06,17,
1.314,1.941,0.95,0.842,0.988,1.487,0.445,0.254,0.201,1.06,1.314,1.941,0.95,0.842,0.988,1.487,0.445,0.254,0.201,1.06,17,
1.314,1.941,0.95,0.842,0.988,1.487,0.445,0.254,0.201,1.06,1.314,1.941,0.95,0.842,0.988,1.487,0.445,0.254,0.201,1.06,17,
1.371,2.044,0.963,0.874,1.13,1.4,0.424,0.225,0.21,1.008,1.371,2.044,0.963,0.874,1.13,1.4,0.424,0.225,0.21,1.008,7.071,
1.371,2.044,0.963,0.874,1.13,1.4,0.424,0.225,0.21,1.008,1.371,2.044,0.963,0.874,1.13,1.4,0.424,0.225,0.21,1.008,7.071,
0.564,0.973,0.881,0.709,0.433,0.989,0.89,0.509,0.388,0.255,0.564,0.973,0.881,0.709,0.433,0.989,0.89,0.509,0.388,0.255,26.907,
0.826,1.002,0.843,0.681,0.675,0.708,0.607,0.322,0.285,0.177,0.826,1.002,0.843,0.681,0.675,0.708,0.607,0.322,0.285,0.177,14.318,
0.775,0.993,0.874,0.698,0.704,0.637,0.565,0.328,0.239,0.137,0.775,0.993,0.874,0.698,0.704,0.637,0.565,0.328,0.239,0.137,4.472,
0.748,0.982,0.852,0.708,0.729,0.622,0.551,0.312,0.241,0.146,0.748,0.982,0.852,0.708,0.729,0.622,0.551,0.312,0.241,0.146,6.403,
0.776,1.024,0.868,0.71,0.763,0.645,0.538,0.297,0.242,0.139,0.776,1.024,0.868,0.71,0.763,0.645,0.538,0.297,0.242,0.139,7.211,
0.728,0.984,0.889,0.745,0.758,0.597,0.521,0.289,0.235,0.135,0.728,0.984,0.889,0.745,0.758,0.597,0.521,0.289,0.235,0.135,6.325,
0.819,1.015,0.868,0.708,0.768,0.613,0.519,0.299,0.22,0.133,0.819,1.015,0.868,0.708,0.768,0.613,0.519,0.299,0.22,0.133,5.831,
0.781,1.04,0.872,0.706,0.712,0.679,0.555,0.309,0.249,0.148,0.781,1.04,0.872,0.706,0.712,0.679,0.555,0.309,0.249,0.148,6.325,
0.837,1.02,0.851,0.666,0.705,0.649,0.56,0.315,0.246,0.138,0.837,1.02,0.851,0.666,0.705,0.649,0.56,0.315,0.246,0.138,4.472,
0.747,0.976,0.84,0.7,0.717,0.633,0.555,0.278,0.278,0.176,0.747,0.976,0.84,0.7,0.717,0.633,0.555,0.278,0.278,0.176,7.071,
0.801,0.996,0.868,0.723,0.742,0.606,0.512,0.274,0.239,0.159,0.801,0.996,0.868,0.723,0.742,0.606,0.512,0.274,0.239,0.159,8.485,
0.801,0.996,0.868,0.723,0.742,0.606,0.512,0.274,0.239,0.159,0.801,0.996,0.868,0.723,0.742,0.606,0.512,0.274,0.239,0.159,8.485,
0.737,1.017,0.886,0.745,0.639,0.692,0.574,0.312,0.265,0.155,0.737,1.017,0.886,0.745,0.639,0.692,0.574,0.312,0.265,0.155,4.123,
0.68,1.042,0.894,0.739,0.637,0.874,0.642,0.36,0.29,0.281,0.68,1.042,0.894,0.739,0.637,0.874,0.642,0.36,0.29,0.281,5.831,
1.539,2.167,0.92,0.885,1.364,1.243,0.362,0.189,0.173,0.917,1.539,2.167,0.92,0.885,1.364,1.243,0.362,0.189,0.173,0.917,6.325,
1.539,2.167,0.92,0.885,1.364,1.243,0.362,0.189,0.173,0.917,1.539,2.167,0.92,0.885,1.364,1.243,0.362,0.189,0.173,0.917,6.325,
0.793,1.022,0.868,0.739,0.663,0.663,0.54,0.279,0.261,0.162,0.793,1.022,0.868,0.739,0.663,0.663,0.54,0.279,0.261,0.162,8.062,
0.792,1.04,0.855,0.72,0.739,0.625,0.503,0.259,0.244,0.146,0.792,1.04,0.855,0.72,0.739,0.625,0.503,0.259,0.244,0.146,5.099,
0.746,0.975,0.861,0.745,0.757,0.593,0.523,0.255,0.268,0.14,0.746,0.975,0.861,0.745,0.757,0.593,0.523,0.255,0.268,0.14,8.544,
0.743,0.998,0.849,0.722,0.809,0.606,0.525,0.27,0.255,0.125,0.743,0.998,0.849,0.722,0.809,0.606,0.525,0.27,0.255,0.125,6.708,
0.711,0.992,0.882,0.76,0.801,0.608,0.524,0.3,0.224,0.126,0.711,0.992,0.882,0.76,0.801,0.608,0.524,0.3,0.224,0.126,9.434,
0.739,1.006,0.883,0.755,0.832,0.609,0.523,0.306,0.218,0.113,0.739,1.006,0.883,0.755,0.832,0.609,0.523,0.306,0.218,0.113,6.325,
0.792,0.985,0.857,0.703,0.794,0.624,0.543,0.308,0.235,0.151,0.792,0.985,0.857,0.703,0.794,0.624,0.543,0.308,0.235,0.151,5.385,
0.756,0.99,0.855,0.709,0.723,0.647,0.56,0.291,0.27,0.158,0.756,0.99,0.855,0.709,0.723,0.647,0.56,0.291,0.27,0.158,4.123,
0.736,0.977,0.855,0.711,0.782,0.588,0.537,0.297,0.239,0.119,0.736,0.977,0.855,0.711,0.782,0.588,0.537,0.297,0.239,0.119,4.123,
0.736,0.977,0.855,0.711,0.782,0.588,0.537,0.297,0.239,0.119,0.736,0.977,0.855,0.711,0.782,0.588,0.537,0.297,0.239,0.119,4.123,
0.736,0.977,0.855,0.711,0.782,0.588,0.537,0.297,0.239,0.119,0.736,0.977,0.855,0.711,0.782,0.588,0.537,0.297,0.239,0.119,4.123,
,,,,,,,,,,,,,,,,,,,,,
1.152,1.919,0.985,0.852,0.716,1.992,0.599,0.35,0.287,1.423,1.152,1.919,0.985,0.852,0.716,1.992,0.599,0.35,0.287,1.423,30.806,5
1.152,1.919,0.985,0.852,0.716,1.992,0.599,0.35,0.287,1.423,1.152,1.919,0.985,0.852,0.716,1.992,0.599,0.35,0.287,1.423,30.806,
1.152,1.919,0.985,0.852,0.716,1.992,0.599,0.35,0.287,1.423,1.152,1.919,0.985,0.852,0.716,1.992,0.599,0.35,0.287,1.423,30.806,
1.055,1.919,0.954,0.836,0.803,1.835,0.605,0.349,0.272,1.26,1.055,1.919,0.954,0.836,0.803,1.835,0.605,0.349,0.272,1.26,25.962,
1.055,1.919,0.954,0.836,0.803,1.835,0.605,0.349,0.272,1.26,1.055,1.919,0.954,0.836,0.803,1.835,0.605,0.349,0.272,1.26,25.962,
1.152,2.156,0.976,0.864,0.861,1.887,0.529,0.284,0.27,1.417,1.152,2.156,0.976,0.864,0.861,1.887,0.529,0.284,0.27,1.417,32.573,
1.152,2.156,0.976,0.864,0.861,1.887,0.529,0.284,0.27,1.417,1.152,2.156,0.976,0.864,0.861,1.887,0.529,0.284,0.27,1.417,32.573,
1.152,2.156,0.976,0.864,0.861,1.887,0.529,0.284,0.27,1.417,1.152,2.156,0.976,0.864,0.861,1.887,0.529,0.284,0.27,1.417,32.573,
1.152,2.156,0.976,0.864,0.861,1.887,0.529,0.284,0.27,1.417,1.152,2.156,0.976,0.864,0.861,1.887,0.529,0.284,0.27,1.417,32.573,
1.152,2.156,0.976,0.864,0.861,1.887,0.529,0.284,0.27,1.417,1.152,2.156,0.976,0.864,0.861,1.887,0.529,0.284,0.27,1.417,32.573,
1.152,2.156,0.976,0.864,0.861,1.887,0.529,0.284,0.27,1.417,1.152,2.156,0.976,0.864,0.861,1.887,0.529,0.284,0.27,1.417,32.573,
1.152,2.156,0.976,0.864,0.861,1.887,0.529,0.284,0.27,1.417,1.152,2.156,0.976,0.864,0.861,1.887,0.529,0.284,0.27,1.417,32.573,
1.368,2.028,0.962,0.886,1.156,1.33,0.398,0.216,0.189,0.967,1.368,2.028,0.962,0.886,1.156,1.33,0.398,0.216,0.189,0.967,16.125,
1.368,2.028,0.962,0.886,1.156,1.33,0.398,0.216,0.189,0.967,1.368,2.028,0.962,0.886,1.156,1.33,0.398,0.216,0.189,0.967,16.125,
1.494,2.132,0.998,0.907,1.249,1.267,0.366,0.204,0.178,0.957,1.494,2.132,0.998,0.907,1.249,1.267,0.366,0.204,0.178,0.957,9.22,
1.494,2.132,0.998,0.907,1.249,1.267,0.366,0.204,0.178,0.957,1.494,2.132,0.998,0.907,1.249,1.267,0.366,0.204,0.178,0.957,9.22,
1.494,2.132,0.998,0.907,1.249,1.267,0.366,0.204,0.178,0.957,1.494,2.132,0.998,0.907,1.249,1.267,0.366,0.204,0.178,0.957,9.22,
1.494,2.132,0.998,0.907,1.249,1.267,0.366,0.204,0.178,0.957,1.494,2.132,0.998,0.907,1.249,1.267,0.366,0.204,0.178,0.957,9.22,
1.494,2.132,0.998,0.907,1.249,1.267,0.366,0.204,0.178,0.957,1.494,2.132,0.998,0.907,1.249,1.267,0.366,0.204,0.178,0.957,9.22,
1.494,2.132,0.998,0.907,1.249,1.267,0.366,0.204,0.178,0.957,1.494,2.132,0.998,0.907,1.249,1.267,0.366,0.204,0.178,0.957,9.22,
1.24,2.058,0.992,0.909,0.967,1.535,0.459,0.251,0.225,1.151,1.24,2.058,0.992,0.909,0.967,1.535,0.459,0.251,0.225,1.151,25,
1.24,2.058,0.992,0.909,0.967,1.535,0.459,0.251,0.225,1.151,1.24,2.058,0.992,0.909,0.967,1.535,0.459,0.251,0.225,1.151,25,
1.24,2.058,0.992,0.909,0.967,1.535,0.459,0.251,0.225,1.151,1.24,2.058,0.992,0.909,0.967,1.535,0.459,0.251,0.225,1.151,25,
1.269,2.026,0.968,0.821,1.002,1.541,0.473,0.283,0.215,1.097,1.269,2.026,0.968,0.821,1.002,1.541,0.473,0.283,0.215,1.097,22.204,
1.269,2.026,0.968,0.821,1.002,1.541,0.473,0.283,0.215,1.097,1.269,2.026,0.968,0.821,1.002,1.541,0.473,0.283,0.215,1.097,22.204,
0.969,1.719,0.972,0.822,0.573,2.294,0.84,0.518,0.366,1.467,0.969,1.719,0.972,0.822,0.573,2.294,0.84,0.518,0.366,1.467,48.662,
0.969,1.719,0.972,0.822,0.573,2.294,0.84,0.518,0.366,1.467,0.969,1.719,0.972,0.822,0.573,2.294,0.84,0.518,0.366,1.467,48.662,
1.093,1.932,0.958,0.838,0.662,2.146,0.647,0.353,0.319,1.535,1.093,1.932,0.958,0.838,0.662,2.146,0.647,0.353,0.319,1.535,43.417,
1.093,1.932,0.958,0.838,0.662,2.146,0.647,0.353,0.319,1.535,1.093,1.932,0.958,0.838,0.662,2.146,0.647,0.353,0.319,1.535,43.417,
1.003,1.907,0.967,0.828,0.624,2.237,0.673,0.4,0.306,1.594,1.003,1.907,0.967,0.828,0.624,2.237,0.673,0.4,0.306,1.594,41.761,
1.003,1.907,0.967,0.828,0.624,2.237,0.673,0.4,0.306,1.594,1.003,1.907,0.967,0.828,0.624,2.237,0.673,0.4,0.306,1.594,41.761,
1.003,1.907,0.967,0.828,0.624,2.237,0.673,0.4,0.306,1.594,1.003,1.907,0.967,0.828,0.624,2.237,0.673,0.4,0.306,1.594,41.761,
1.003,1.907,0.967,0.828,0.624,2.237,0.673,0.4,0.306,1.594,1.003,1.907,0.967,0.828,0.624,2.237,0.673,0.4,0.306,1.594,41.761,
1.015,1.935,0.964,0.843,0.61,2.333,0.72,0.393,0.36,1.659,1.015,1.935,0.964,0.843,0.61,2.333,0.72,0.393,0.36,1.659,43.932,
1.015,1.935,0.964,0.843,0.61,2.333,0.72,0.393,0.36,1.659,1.015,1.935,0.964,0.843,0.61,2.333,0.72,0.393,0.36,1.659,43.932,
1.151,1.972,0.977,0.864,0.871,1.661,0.537,0.297,0.264,1.182,1.151,1.972,0.977,0.864,0.871,1.661,0.537,0.297,0.264,1.182,29.12,
1.151,1.972,0.977,0.864,0.871,1.661,0.537,0.297,0.264,1.182,1.151,1.972,0.977,0.864,0.871,1.661,0.537,0.297,0.264,1.182,29.12,
1.089,2.004,0.984,0.862,0.784,1.845,0.522,0.307,0.244,1.371,1.089,2.004,0.984,0.862,0.784,1.845,0.522,0.307,0.244,1.371,26.926,
1.089,2.004,0.984,0.862,0.784,1.845,0.522,0.307,0.244,1.371,1.089,2.004,0.984,0.862,0.784,1.845,0.522,0.307,0.244,1.371,26.926,
1.089,2.004,0.984,0.862,0.784,1.845,0.522,0.307,0.244,1.371,1.089,2.004,0.984,0.862,0.784,1.845,0.522,0.307,0.244,1.371,26.926,
1.089,2.004,0.984,0.862,0.784,1.845,0.522,0.307,0.244,1.371,1.089,2.004,0.984,0.862,0.784,1.845,0.522,0.307,0.244,1.371,26.926,
1.089,2.004,0.984,0.862,0.784,1.845,0.522,0.307,0.244,1.371,1.089,2.004,0.984,0.862,0.784,1.845,0.522,0.307,0.244,1.371,26.926,
1.089,2.004,0.984,0.862,0.784,1.845,0.522,0.307,0.244,1.371,1.089,2.004,0.984,0.862,0.784,1.845,0.522,0.307,0.244,1.371,26.926,
1.13,2.074,0.984,0.855,0.859,1.838,0.555,0.318,0.268,1.333,1.13,2.074,0.984,0.855,0.859,1.838,0.555,0.318,0.268,1.333,36.401,
1.13,2.074,0.984,0.855,0.859,1.838,0.555,0.318,0.268,1.333,1.13,2.074,0.984,0.855,0.859,1.838,0.555,0.318,0.268,1.333,36.401,
1.13,2.074,0.984,0.855,0.859,1.838,0.555,0.318,0.268,1.333,1.13,2.074,0.984,0.855,0.859,1.838,0.555,0.318,0.268,1.333,36.401,
0.923,1.759,0.974,0.868,0.639,2.023,0.705,0.391,0.342,1.351,0.923,1.759,0.974,0.868,0.639,2.023,0.705,0.391,0.342,1.351,46.819,
0.923,1.759,0.974,0.868,0.639,2.023,0.705,0.391,0.342,1.351,0.923,1.759,0.974,0.868,0.639,2.023,0.705,0.391,0.342,1.351,46.819,
1.106,2.036,0.966,0.876,0.795,1.839,0.55,0.302,0.263,1.366,1.106,2.036,0.966,0.876,0.795,1.839,0.55,0.302,0.263,1.366,33.526,
1.106,2.036,0.966,0.876,0.795,1.839,0.55,0.302,0.263,1.366,1.106,2.036,0.966,0.876,0.795,1.839,0.55,0.302,0.263,1.366,33.526,
1.106,2.036,0.966,0.876,0.795,1.839,0.55,0.302,0.263,1.366,1.106,2.036,0.966,0.876,0.795,1.839,0.55,0.302,0.263,1.366,33.526,
,,,,,,,,,,,,,,,,,,,,,
1.12,1.995,0.949,0.905,0.464,3.133,0.808,0.407,0.403,2.391,1.12,1.995,0.949,0.905,0.464,3.133,0.808,0.407,0.403,2.391,38.288,6
1.126,1.997,0.966,0.905,0.464,3.09,0.777,0.413,0.373,2.381,1.126,1.997,0.966,0.905,0.464,3.09,0.777,0.413,0.373,2.381,10,
1.124,1.985,0.954,0.895,0.508,2.875,0.744,0.407,0.341,2.18,1.124,1.985,0.954,0.895,0.508,2.875,0.744,0.407,0.341,2.18,41.773,
1.168,2.011,0.948,0.902,0.497,2.959,0.763,0.385,0.38,2.258,1.168,2.011,0.948,0.902,0.497,2.959,0.763,0.385,0.38,2.258,41.773,
1.12,1.997,0.963,0.919,0.474,3.066,0.819,0.429,0.395,2.33,1.12,1.997,0.963,0.919,0.474,3.066,0.819,0.429,0.395,2.33,43.417,
1.104,1.964,0.952,0.895,0.438,3.213,0.804,0.395,0.415,2.464,1.104,1.964,0.952,0.895,0.438,3.213,0.804,0.395,0.415,2.464,20.591,
1.069,1.884,0.934,0.881,0.476,2.859,0.742,0.401,0.341,2.144,1.069,1.884,0.934,0.881,0.476,2.859,0.742,0.401,0.341,2.144,44.598,
1.102,1.919,0.946,0.879,0.479,2.903,0.747,0.411,0.34,2.187,1.102,1.919,0.946,0.879,0.479,2.903,0.747,0.411,0.34,2.187,47.424,
1.076,1.876,0.937,0.854,0.46,2.931,0.753,0.431,0.324,2.194,1.076,1.876,0.937,0.854,0.46,2.931,0.753,0.431,0.324,2.194,24.759,
1.135,1.952,0.941,0.881,0.478,2.986,0.77,0.419,0.352,2.254,1.135,1.952,0.941,0.881,0.478,2.986,0.77,0.419,0.352,2.254,37.643,
1.164,1.991,0.95,0.875,0.506,2.895,0.684,0.406,0.28,2.235,1.164,1.991,0.95,0.875,0.506,2.895,0.684,0.406,0.28,2.235,47.011,
1.151,1.937,0.94,0.879,0.487,2.877,0.742,0.404,0.34,2.172,1.151,1.937,0.94,0.879,0.487,2.877,0.742,0.404,0.34,2.172,15.811,
1.133,1.942,0.939,0.863,0.502,2.817,0.734,0.404,0.334,2.112,1.133,1.942,0.939,0.863,0.502,2.817,0.734,0.404,0.334,2.112,48.166,
1.093,1.92,0.945,0.876,0.446,3.148,0.783,0.418,0.37,2.389,1.093,1.92,0.945,0.876,0.446,3.148,0.783,0.418,0.37,2.389,40.608,
1.1,1.907,0.951,0.879,0.507,2.745,0.74,0.395,0.353,2.039,1.1,1.907,0.951,0.879,0.507,2.745,0.74,0.395,0.353,2.039,45.255,
1.069,1.904,0.928,0.868,0.434,3.13,0.796,0.417,0.38,2.363,1.069,1.904,0.928,0.868,0.434,3.13,0.796,0.417,0.38,2.363,44.822,
1.111,1.967,0.95,0.879,0.475,3.044,0.785,0.406,0.388,2.297,1.111,1.967,0.95,0.879,0.475,3.044,0.785,0.406,0.388,2.297,41.11,
1.118,1.984,0.949,0.89,0.491,2.957,0.765,0.39,0.38,2.241,1.118,1.984,0.949,0.89,0.491,2.957,0.765,0.39,0.38,2.241,36.878,
1.133,1.991,0.95,0.873,0.492,2.948,0.748,0.402,0.355,2.24,1.133,1.991,0.95,0.873,0.492,2.948,0.748,0.402,0.355,2.24,44.598,
1.114,2.011,0.938,0.878,0.49,3.056,0.785,0.427,0.359,2.312,1.114,2.011,0.938,0.878,0.49,3.056,0.785,0.427,0.359,2.312,21.633,
1.107,2.021,0.95,0.902,0.477,3.087,0.766,0.402,0.366,2.382,1.107,2.021,0.95,0.902,0.477,3.087,0.766,0.402,0.366,2.382,45.453,
1.141,1.967,0.956,0.893,0.489,2.895,0.701,0.387,0.319,2.234,1.141,1.967,0.956,0.893,0.489,2.895,0.701,0.387,0.319,2.234,47.424,
1.058,1.908,0.949,0.888,0.456,3.006,0.814,0.429,0.389,2.241,1.058,1.908,0.949,0.888,0.456,3.006,0.814,0.429,0.389,2.241,46.69,
1.108,1.952,0.954,0.895,0.475,2.966,0.742,0.393,0.353,2.268,1.108,1.952,0.954,0.895,0.475,2.966,0.742,0.393,0.353,2.268,36.77,
1.122,1.967,0.951,0.888,0.496,2.89,0.744,0.407,0.341,2.19,1.122,1.967,0.951,0.888,0.496,2.89,0.744,0.407,0.341,2.19,45.343,
1.08,1.911,0.945,0.876,0.442,3.149,0.79,0.421,0.373,2.384,1.08,1.911,0.945,0.876,0.442,3.149,0.79,0.421,0.373,2.384,46.098,
1.098,1.952,0.936,0.877,0.453,3.161,0.838,0.44,0.4,2.365,1.098,1.952,0.936,0.877,0.453,3.161,0.838,0.44,0.4,2.365,39.205,
1.067,1.879,0.925,0.871,0.465,2.916,0.685,0.356,0.328,2.242,1.067,1.879,0.925,0.871,0.465,2.916,0.685,0.356,0.328,2.242,51.088,
1.087,1.966,0.956,0.883,0.479,2.978,0.729,0.392,0.346,2.283,1.087,1.966,0.956,0.883,0.479,2.978,0.729,0.392,0.346,2.283,46.098,
1.09,1.93,0.934,0.867,0.474,2.998,0.746,0.394,0.353,2.271,1.09,1.93,0.934,0.867,0.474,2.998,0.746,0.394,0.353,2.271,45.607,
1.088,1.921,0.943,0.886,0.427,3.245,0.808,0.426,0.384,2.472,1.088,1.921,0.943,0.886,0.427,3.245,0.808,0.426,0.384,2.472,44.407,
1.081,1.912,0.954,0.872,0.453,3.07,0.796,0.419,0.391,2.302,1.081,1.912,0.954,0.872,0.453,3.07,0.796,0.419,0.391,2.302,46.69,
1.092,1.921,0.93,0.872,0.466,2.983,0.745,0.39,0.356,2.263,1.092,1.921,0.93,0.872,0.466,2.983,0.745,0.39,0.356,2.263,42.45,
1.1,1.928,0.937,0.852,0.5,2.802,0.733,0.383,0.358,2.092,1.1,1.928,0.937,0.852,0.5,2.802,0.733,0.383,0.358,2.092,46.69,
1.118,1.937,0.942,0.87,0.48,2.919,0.733,0.391,0.346,2.214,1.118,1.937,0.942,0.87,0.48,2.919,0.733,0.391,0.346,2.214,43.863,
1.113,1.88,0.949,0.879,0.436,3.07,0.767,0.438,0.332,2.329,1.113,1.88,0.949,0.879,0.436,3.07,0.767,0.438,0.332,2.329,49.041,
1.156,1.957,0.944,0.901,0.487,2.906,0.717,0.375,0.343,2.232,1.156,1.957,0.944,0.901,0.487,2.906,0.717,0.375,0.343,2.232,10,
1.091,1.954,0.95,0.873,0.434,3.198,0.808,0.434,0.383,2.437,1.091,1.954,0.95,0.873,0.434,3.198,0.808,0.434,0.383,2.437,44.407,
1.124,1.946,0.933,0.874,0.482,2.919,0.705,0.384,0.321,2.239,1.124,1.946,0.933,0.874,0.482,2.919,0.705,0.384,0.321,2.239,45.255,
1.084,1.948,0.937,0.86,0.479,2.937,0.751,0.401,0.355,2.217,1.084,1.948,0.937,0.86,0.479,2.937,0.751,0.401,0.355,2.217,50.329,
1.136,2.037,0.94,0.875,0.488,3.087,0.74,0.406,0.336,2.383,1.136,2.037,0.94,0.875,0.488,3.087,0.74,0.406,0.336,2.383,36.878,
1.107,1.973,0.95,0.871,0.465,3.105,0.808,0.447,0.368,2.338,1.107,1.973,0.95,0.871,0.465,3.105,0.808,0.447,0.368,2.338,43.278,
1.155,1.957,0.937,0.86,0.505,2.833,0.739,0.406,0.336,2.125,1.155,1.957,0.937,0.86,0.505,2.833,0.739,0.406,0.336,2.125,36.878,
1.095,1.927,0.94,0.893,0.453,3.069,0.793,0.429,0.365,2.32,1.095,1.927,0.94,0.893,0.453,3.069,0.793,0.429,0.365,2.32,39.825,
1.079,1.928,0.937,0.879,0.43,3.258,0.871,0.457,0.416,2.432,1.079,1.928,0.937,0.879,0.43,3.258,0.871,0.457,0.416,2.432,48.01,
1.092,1.957,0.934,0.874,0.469,3.07,0.821,0.431,0.392,2.291,1.092,1.957,0.934,0.874,0.469,3.07,0.821,0.431,0.392,2.291,44.407,
1.097,1.918,0.94,0.893,0.417,3.274,0.829,0.433,0.397,2.492,1.097,1.918,0.94,0.893,0.417,3.274,0.829,0.433,0.397,2.492,7.616,
1.068,1.893,0.93,0.872,0.436,3.118,0.796,0.417,0.38,2.348,1.068,1.893,0.93,0.872,0.436,3.118,0.796,0.417,0.38,2.348,40,
1.079,1.9,0.947,0.875,0.421,3.185,0.783,0.434,0.353,2.432,1.079,1.9,0.947,0.875,0.421,3.185,0.783,0.434,0.353,2.432,43.417,
1.063,1.872,0.914,0.831,0.441,3.073,0.751,0.423,0.327,2.325,1.063,1.872,0.914,0.831,0.441,3.073,0.751,0.423,0.327,2.325,14.422,
1.101,1.896,0.924,0.869,0.459,2.989,0.731,0.394,0.337,2.274,1.101,1.896,0.924,0.869,0.459,2.989,0.731,0.394,0.337,2.274,42.202,
,,,,,,,,,,,,,,,,,,,,,
1.229,1.855,0.652,0.592,0.779,1.628,0.605,0.181,0.459,1.301,1.229,1.855,0.652,0.592,0.779,1.628,0.605,0.181,0.459,1.301,45.277,7
1.62,2.497,0.75,0.743,1.076,1.631,0.362,0.147,0.254,1.517,1.62,2.497,0.75,0.743,1.076,1.631,0.362,0.147,0.254,1.517,47.424,
1.308,2.08,0.659,0.597,0.848,1.757,0.559,0.167,0.418,1.488,1.308,2.08,0.659,0.597,0.848,1.757,0.559,0.167,0.418,1.488,46.669,
1.617,2.532,0.803,0.774,1.069,1.647,0.368,0.161,0.223,1.566,1.617,2.532,0.803,0.774,1.069,1.647,0.368,0.161,0.223,1.566,47.381,
1.582,2.364,0.81,0.786,0.947,1.689,0.332,0.114,0.235,1.616,1.582,2.364,0.81,0.786,0.947,1.689,0.332,0.114,0.235,1.616,48.836,
1.427,2.184,0.716,0.723,0.902,1.624,0.478,0.191,0.345,1.522,1.427,2.184,0.716,0.723,0.902,1.624,0.478,0.191,0.345,1.522,48.836,
1.309,1.973,0.653,0.641,0.804,1.672,0.56,0.172,0.45,1.487,1.309,1.973,0.653,0.641,0.804,1.672,0.56,0.172,0.45,1.487,47.424,
1.185,1.723,0.585,0.569,0.741,1.569,0.684,0.174,0.577,1.309,1.185,1.723,0.585,0.569,0.741,1.569,0.684,0.174,0.577,1.309,49.204,
1.326,2.002,0.624,0.622,0.789,1.783,0.537,0.118,0.486,1.533,1.326,2.002,0.624,0.622,0.789,1.783,0.537,0.118,0.486,1.533,47.802,
1.434,2.213,0.706,0.657,0.873,1.806,0.469,0.158,0.347,1.611,1.434,2.213,0.706,0.657,0.873,1.806,0.469,0.158,0.347,1.611,47.424,
1.466,2.335,0.768,0.755,0.87,1.83,0.442,0.196,0.293,1.758,1.466,2.335,0.768,0.755,0.87,1.83,0.442,0.196,0.293,1.758,49.518,
1.647,2.501,0.768,0.753,1.043,1.689,0.34,0.119,0.249,1.588,1.647,2.501,0.768,0.753,1.043,1.689,0.34,0.119,0.249,1.588,49.041,
1.612,2.366,0.754,0.727,1.005,1.649,0.382,0.133,0.273,1.558,1.612,2.366,0.754,0.727,1.005,1.649,0.382,0.133,0.273,1.558,48.6,
1.495,2.187,0.723,0.673,0.939,1.63,0.448,0.129,0.331,1.492,1.495,2.187,0.723,0.673,0.939,1.63,0.448,0.129,0.331,1.492,50,
1.713,2.458,0.794,0.767,1.099,1.547,0.347,0.143,0.222,1.485,1.713,2.458,0.794,0.767,1.099,1.547,0.347,0.143,0.222,1.485,46.4,
1.707,2.469,0.794,0.791,1.057,1.605,0.301,0.088,0.233,1.54,1.707,2.469,0.794,0.791,1.057,1.605,0.301,0.088,0.233,1.54,50.804,
1.648,2.39,0.795,0.754,1.005,1.654,0.322,0.1,0.232,1.55,1.648,2.39,0.795,0.754,1.005,1.654,0.322,0.1,0.232,1.55,48.01,
1.157,1.622,0.54,0.496,0.733,1.554,0.739,0.14,0.636,1.181,1.157,1.622,0.54,0.496,0.733,1.554,0.739,0.14,0.636,1.181,48.374,
1.608,2.272,0.75,0.724,1.032,1.509,0.402,0.144,0.28,1.426,1.608,2.272,0.75,0.724,1.032,1.509,0.402,0.144,0.28,1.426,49.93,
1.385,2.11,0.747,0.681,0.805,1.805,0.48,0.146,0.343,1.625,1.385,2.11,0.747,0.681,0.805,1.805,0.48,0.146,0.343,1.625,46.755,
1.477,2.068,0.689,0.632,0.948,1.531,0.472,0.142,0.35,1.359,1.477,2.068,0.689,0.632,0.948,1.531,0.472,0.142,0.35,1.359,49.092,
1.528,2.279,0.753,0.721,0.968,1.615,0.438,0.174,0.29,1.516,1.528,2.279,0.753,0.721,0.968,1.615,0.438,0.174,0.29,1.516,46.861,
1.637,2.365,0.731,0.799,0.99,1.599,0.356,0.163,0.295,1.575,1.637,2.365,0.731,0.799,0.99,1.599,0.356,0.163,0.295,1.575,47.202,
1.404,2.02,0.712,0.656,0.822,1.698,0.484,0.11,0.38,1.513,1.404,2.02,0.712,0.656,0.822,1.698,0.484,0.11,0.38,1.513,46.4,
1.544,2.23,0.753,0.728,0.987,1.529,0.418,0.156,0.287,1.438,1.544,2.23,0.753,0.728,0.987,1.529,0.418,0.156,0.287,1.438,47.202,
1.431,2.026,0.717,0.684,0.851,1.602,0.461,0.125,0.359,1.451,1.431,2.026,0.717,0.684,0.851,1.602,0.461,0.125,0.359,1.451,45.804,
1.586,2.257,0.728,0.731,1.012,1.516,0.415,0.167,0.296,1.441,1.586,2.257,0.728,0.731,1.012,1.516,0.415,0.167,0.296,1.441,45.804,
1.69,2.448,0.782,0.779,1.062,1.585,0.319,0.132,0.226,1.512,1.69,2.448,0.782,0.779,1.062,1.585,0.319,0.132,0.226,1.512,47.634,
1.615,2.301,0.782,0.761,1.015,1.526,0.381,0.14,0.26,1.463,1.615,2.301,0.782,0.761,1.015,1.526,0.381,0.14,0.26,1.463,44.407,
1.493,2.193,0.684,0.822,0.832,1.675,0.423,0.236,0.408,1.703,1.493,2.193,0.684,0.822,0.832,1.675,0.423,0.236,0.408,1.703,44.045,
1.445,2.094,0.696,0.677,0.886,1.617,0.486,0.13,0.384,1.497,1.445,2.094,0.696,0.677,0.886,1.617,0.486,0.13,0.384,1.497,44.204,
1.47,2.219,0.744,0.728,0.856,1.769,0.428,0.124,0.333,1.664,1.47,2.219,0.744,0.728,0.856,1.769,0.428,0.124,0.333,1.664,45.277,
1.649,2.37,0.762,0.814,1.014,1.544,0.383,0.168,0.278,1.546,1.649,2.37,0.762,0.814,1.014,1.544,0.383,0.168,0.278,1.546,46.228,
1.518,2.281,0.782,0.723,0.922,1.712,0.397,0.114,0.286,1.594,1.518,2.281,0.782,0.723,0.922,1.712,0.397,0.114,0.286,1.594,48.27,
1.561,2.236,0.749,0.737,0.911,1.696,0.371,0.1,0.3,1.615,1.561,2.236,0.749,0.737,0.911,1.696,0.371,0.1,0.3,1.615,46.615,
1.412,2.224,0.716,0.678,0.873,1.784,0.484,0.152,0.357,1.631,1.412,2.224,0.716,0.678,0.873,1.784,0.484,0.152,0.357,1.631,46.69,
1.498,2.145,0.71,0.701,0.926,1.576,0.453,0.149,0.344,1.483,1.498,2.145,0.71,0.701,0.926,1.576,0.453,0.149,0.344,1.483,46.615,
1.657,2.451,0.769,0.824,1.028,1.59,0.377,0.205,0.249,1.592,1.657,2.451,0.769,0.824,1.028,1.59,0.377,0.205,0.249,1.592,45.343,
1.378,2.054,0.695,0.675,0.817,1.71,0.521,0.18,0.394,1.576,1.378,2.054,0.695,0.675,0.817,1.71,0.521,0.18,0.394,1.576,44.822,
1.537,2.185,0.726,0.719,0.966,1.529,0.428,0.148,0.318,1.446,1.537,2.185,0.726,0.719,0.966,1.529,0.428,0.148,0.318,1.446,46.4,
1.268,1.872,0.634,0.58,0.777,1.681,0.615,0.162,0.485,1.409,1.268,1.872,0.634,0.58,0.777,1.681,0.615,0.162,0.485,1.409,45,
1.645,2.337,0.752,0.73,1.032,1.576,0.377,0.127,0.273,1.508,1.645,2.337,0.752,0.73,1.032,1.576,0.377,0.127,0.273,1.508,46.615,
1.581,2.358,0.758,0.753,0.96,1.691,0.372,0.144,0.273,1.607,1.581,2.358,0.758,0.753,0.96,1.691,0.372,0.144,0.273,1.607,46.098,
1.55,2.287,0.77,0.749,0.926,1.687,0.39,0.138,0.28,1.619,1.55,2.287,0.77,0.749,0.926,1.687,0.39,0.138,0.28,1.619,46.228,
1.474,2.233,0.738,0.724,0.881,1.736,0.439,0.164,0.32,1.641,1.474,2.233,0.738,0.724,0.881,1.736,0.439,0.164,0.32,1.641,46.69,
1.594,2.407,0.765,0.811,0.929,1.744,0.355,0.138,0.289,1.725,1.594,2.407,0.765,0.811,0.929,1.744,0.355,0.138,0.289,1.725,45.343,
1.201,1.757,0.61,0.571,0.729,1.647,0.672,0.167,0.549,1.38,1.201,1.757,0.61,0.571,0.729,1.647,0.672,0.167,0.549,1.38,44.822,
1.612,2.415,0.782,0.768,1.014,1.637,0.37,0.172,0.236,1.577,1.612,2.415,0.782,0.768,1.014,1.637,0.37,0.172,0.236,1.577,47.508,
1.597,2.27,0.764,0.769,0.964,1.577,0.351,0.12,0.273,1.502,1.597,2.27,0.764,0.769,0.964,1.577,0.351,0.12,0.273,1.502,46.4,
1.521,2.162,0.733,0.711,1.002,1.451,0.486,0.204,0.31,1.383,1.521,2.162,0.733,0.711,1.002,1.451,0.486,0.204,0.31,1.383,44.822,
1.682,2.404,0.798,0.802,1.083,1.483,0.362,0.147,0.239,1.455,1.682,2.404,0.798,0.802,1.083,1.483,0.362,0.147,0.239,1.455,46.228,
,,,,,,,,,,,,,,,,,,,,,
1.885,2.617,0.76,1.07,0.944,1.654,0.19,0.331,0.277,1.782,1.885,2.617,0.76,1.07,0.944,1.654,0.19,0.331,0.277,1.782,3.162,8
1.775,2.479,0.825,0.945,0.949,1.621,0.228,0.163,0.211,1.634,1.775,2.479,0.825,0.945,0.949,1.621,0.228,0.163,0.211,1.634,7.071,
1.783,2.547,0.786,0.823,1.061,1.628,0.259,0.089,0.227,1.532,1.783,2.547,0.786,0.823,1.061,1.628,0.259,0.089,0.227,1.532,8.062,
1.798,2.516,0.825,0.797,1.174,1.468,0.295,0.112,0.192,1.33,1.798,2.516,0.825,0.797,1.174,1.468,0.295,0.112,0.192,1.33,10,
1.721,2.446,0.794,0.856,1.019,1.561,0.275,0.104,0.244,1.484,1.721,2.446,0.794,0.856,1.019,1.561,0.275,0.104,0.244,1.484,8.062,
1.74,2.513,0.797,0.884,0.981,1.663,0.244,0.119,0.239,1.614,1.74,2.513,0.797,0.884,0.981,1.663,0.244,0.119,0.239,1.614,6,
1.804,2.545,0.804,0.847,1.091,1.557,0.266,0.086,0.226,1.48,1.804,2.545,0.804,0.847,1.091,1.557,0.266,0.086,0.226,1.48,5.099,
1.787,2.545,0.812,0.831,1.072,1.6,0.255,0.074,0.212,1.506,1.787,2.545,0.812,0.831,1.072,1.6,0.255,0.074,0.212,1.506,5.099,
1.714,2.404,0.783,0.982,0.848,1.692,0.21,0.247,0.28,1.746,1.714,2.404,0.783,0.982,0.848,1.692,0.21,0.247,0.28,1.746,6.083,
1.845,2.542,0.832,0.939,1.037,1.548,0.235,0.133,0.207,1.56,1.845,2.542,0.832,0.939,1.037,1.548,0.235,0.133,0.207,1.56,5,
1.787,2.497,0.789,0.842,1.108,1.495,0.296,0.125,0.228,1.411,1.787,2.497,0.789,0.842,1.108,1.495,0.296,0.125,0.228,1.411,8.062,
1.842,2.567,0.799,0.897,1.055,1.586,0.235,0.109,0.239,1.559,1.842,2.567,0.799,0.897,1.055,1.586,0.235,0.109,0.239,1.559,9.055,
1.808,2.517,0.817,0.932,1.004,1.585,0.245,0.133,0.236,1.6,1.808,2.517,0.817,0.932,1.004,1.585,0.245,0.133,0.236,1.6,8.062,
1.856,2.573,0.784,0.863,1.18,1.451,0.285,0.134,0.221,1.385,1.856,2.573,0.784,0.863,1.18,1.451,0.285,0.134,0.221,1.385,8,
1.786,2.476,0.823,0.865,1.069,1.507,0.245,0.085,0.207,1.431,1.786,2.476,0.823,0.865,1.069,1.507,0.245,0.085,0.207,1.431,8,
1.875,2.644,0.772,0.922,1.063,1.626,0.217,0.151,0.252,1.621,1.875,2.644,0.772,0.922,1.063,1.626,0.217,0.151,0.252,1.621,6,
1.798,2.497,0.822,0.856,1.087,1.509,0.257,0.098,0.201,1.432,1.798,2.497,0.822,0.856,1.087,1.509,0.257,0.098,0.201,1.432,3.606,
1.878,2.585,0.777,1.133,0.917,1.595,0.296,0.395,0.283,1.82,1.878,2.585,0.777,1.133,0.917,1.595,0.296,0.395,0.283,1.82,5,
1.698,2.382,0.798,0.867,0.944,1.611,0.242,0.089,0.253,1.54,1.698,2.382,0.798,0.867,0.944,1.611,0.242,0.089,0.253,1.54,6.083,
1.711,2.372,0.79,0.82,0.977,1.598,0.262,0.046,0.26,1.492,1.711,2.372,0.79,0.82,0.977,1.598,0.262,0.046,0.26,1.492,5.657,
1.773,2.499,0.799,0.859,1.063,1.544,0.28,0.1,0.241,1.48,1.773,2.499,0.799,0.859,1.063,1.544,0.28,0.1,0.241,1.48,5,
1.684,2.365,0.803,0.82,0.983,1.573,0.278,0.074,0.239,1.455,1.684,2.365,0.803,0.82,0.983,1.573,0.278,0.074,0.239,1.455,5,
1.755,2.445,0.779,0.81,1.023,1.607,0.259,0.046,0.257,1.496,1.755,2.445,0.779,0.81,1.023,1.607,0.259,0.046,0.257,1.496,8.062,
1.734,2.421,0.765,0.792,1.045,1.56,0.303,0.097,0.254,1.443,1.734,2.421,0.765,0.792,1.045,1.56,0.303,0.097,0.254,1.443,5.831,
1.852,2.58,0.762,0.912,1.018,1.653,0.218,0.154,0.272,1.652,1.852,2.58,0.762,0.912,1.018,1.653,0.218,0.154,0.272,1.652,3.162,
1.857,2.505,0.792,0.87,1.116,1.467,0.236,0.114,0.212,1.412,1.857,2.505,0.792,0.87,1.116,1.467,0.236,0.114,0.212,1.412,5.099,
1.809,2.501,0.788,0.801,1.136,1.496,0.275,0.084,0.22,1.381,1.809,2.501,0.788,0.801,1.136,1.496,0.275,0.084,0.22,1.381,5.385,
1.756,2.453,0.815,0.857,1.041,1.533,0.233,0.087,0.205,1.437,1.756,2.453,0.815,0.857,1.041,1.533,0.233,0.087,0.205,1.437,7.071,
1.715,2.387,0.83,0.902,0.963,1.545,0.214,0.088,0.219,1.495,1.715,2.387,0.83,0.902,0.963,1.545,0.214,0.088,0.219,1.495,5.099,
1.816,2.524,0.826,0.887,1.024,1.605,0.233,0.095,0.209,1.572,1.816,2.524,0.826,0.887,1.024,1.605,0.233,0.095,0.209,1.572,6.083,
1.864,2.618,0.781,0.875,1.128,1.546,0.261,0.145,0.217,1.51,1.864,2.618,0.781,0.875,1.128,1.546,0.261,0.145,0.217,1.51,9.487,
1.804,2.545,0.792,0.911,1.058,1.545,0.272,0.168,0.226,1.527,1.804,2.545,0.792,0.911,1.058,1.545,0.272,0.168,0.226,1.527,6.083,
1.821,2.55,0.783,0.922,1.03,1.581,0.237,0.152,0.25,1.569,1.821,2.55,0.783,0.922,1.03,1.581,0.237,0.152,0.25,1.569,10.05,
1.784,2.497,0.817,0.894,1.057,1.517,0.267,0.131,0.211,1.479,1.784,2.497,0.817,0.894,1.057,1.517,0.267,0.131,0.211,1.479,5,
1.79,2.513,0.783,0.853,1.054,1.579,0.255,0.094,0.244,1.51,1.79,2.513,0.783,0.853,1.054,1.579,0.255,0.094,0.244,1.51,6.403,
1.818,2.545,0.771,0.874,1.08,1.549,0.246,0.137,0.233,1.496,1.818,2.545,0.771,0.874,1.08,1.549,0.246,0.137,0.233,1.496,6.325,
1.887,2.622,0.772,1.164,0.874,1.694,0.283,0.449,0.306,1.946,1.887,2.622,0.772,1.164,0.874,1.694,0.283,0.449,0.306,1.946,5.385,
1.804,2.494,0.764,0.859,1.128,1.452,0.353,0.153,0.273,1.413,1.804,2.494,0.764,0.859,1.128,1.452,0.353,0.153,0.273,1.413,6.083,
1.912,2.718,0.814,1.044,1.065,1.572,0.213,0.226,0.213,1.656,1.912,2.718,0.814,1.044,1.065,1.572,0.213,0.226,0.213,1.656,7.071,
1.818,2.545,0.812,0.929,1.019,1.59,0.218,0.132,0.223,1.584,1.818,2.545,0.812,0.929,1.019,1.59,0.218,0.132,0.223,1.584,3.606,
1.844,2.558,0.798,1.049,0.988,1.53,0.275,0.27,0.252,1.65,1.844,2.558,0.798,1.049,0.988,1.53,0.275,0.27,0.252,1.65,9.487,
1.87,2.622,0.793,0.93,1.109,1.527,0.252,0.151,0.231,1.534,1.87,2.622,0.793,0.93,1.109,1.527,0.252,0.151,0.231,1.534,2.236,
1.769,2.423,0.797,0.876,0.976,1.602,0.224,0.089,0.249,1.558,1.769,2.423,0.797,0.876,0.976,1.602,0.224,0.089,0.249,1.558,6,
1.782,2.53,0.822,0.869,1.085,1.531,0.293,0.134,0.206,1.486,1.782,2.53,0.822,0.869,1.085,1.531,0.293,0.134,0.206,1.486,3.162,
1.765,2.504,0.777,0.865,1.035,1.585,0.259,0.116,0.251,1.528,1.765,2.504,0.777,0.865,1.035,1.585,0.259,0.116,0.251,1.528,7.28,
1.744,2.503,0.793,1.128,0.807,1.722,0.25,0.416,0.303,1.934,1.744,2.503,0.793,1.128,0.807,1.722,0.25,0.416,0.303,1.934,3.606,
1.841,2.526,0.781,0.915,1.026,1.58,0.219,0.154,0.236,1.575,1.841,2.526,0.781,0.915,1.026,1.58,0.219,0.154,0.236,1.575,6.083,
1.779,2.505,0.832,0.884,1.008,1.615,0.218,0.069,0.213,1.564,1.779,2.505,0.832,0.884,1.008,1.615,0.218,0.069,0.213,1.564,5.099,
1.81,2.5,0.812,0.843,1.105,1.5,0.26,0.099,0.203,1.425,1.81,2.5,0.812,0.843,1.105,1.5,0.26,0.099,0.203,1.425,4.123,
1.688,2.327,0.788,0.793,0.995,1.548,0.303,0.093,0.243,1.437,1.688,2.327,0.788,0.793,0.995,1.548,0.303,0.093,0.243,1.437,4.123,
1.667,2.324,0.773,0.851,0.915,1.621,0.297,0.123,0.285,1.571,1.667,2.324,0.773,0.851,0.915,1.621,0.297,0.123,0.285,1.571,5.099,
,,,,,,,,,,,,,,,,,,,,,
0.468,0.924,0.966,0.822,0.379,0.279,0.472,0.382,0.093,0.21,0.468,0.924,0.966,0.822,0.379,0.279,0.472,0.382,0.093,0.21,51.923,9
0.462,0.935,0.965,0.827,0.394,0.276,0.44,0.351,0.097,0.167,0.462,0.935,0.965,0.827,0.394,0.276,0.44,0.351,0.097,0.167,51.264,
0.468,0.937,0.972,0.84,0.407,0.246,0.393,0.324,0.072,0.165,0.468,0.937,0.972,0.84,0.407,0.246,0.393,0.324,0.072,0.165,51.478,
0.462,0.928,0.978,0.847,0.413,0.197,0.369,0.318,0.068,0.175,0.462,0.928,0.978,0.847,0.413,0.197,0.369,0.318,0.068,0.175,50.596,
0.455,0.921,0.958,0.831,0.407,0.241,0.423,0.313,0.117,0.195,0.455,0.921,0.958,0.831,0.407,0.241,0.423,0.313,0.117,0.195,53.16,
0.456,0.934,0.958,0.837,0.416,0.238,0.393,0.289,0.116,0.16,0.456,0.934,0.958,0.837,0.416,0.238,0.393,0.289,0.116,0.16,49.193,
0.452,0.94,0.952,0.832,0.418,0.264,0.404,0.289,0.122,0.145,0.452,0.94,0.952,0.832,0.418,0.264,0.404,0.289,0.122,0.145,46.755,
0.439,0.932,0.972,0.855,0.451,0.177,0.324,0.258,0.076,0.152,0.439,0.932,0.972,0.855,0.451,0.177,0.324,0.258,0.076,0.152,51.43,
0.455,0.926,0.972,0.837,0.426,0.214,0.389,0.318,0.079,0.176,0.455,0.926,0.972,0.837,0.426,0.214,0.389,0.318,0.079,0.176,48.332,
0.446,0.927,0.966,0.845,0.434,0.206,0.364,0.278,0.098,0.169,0.446,0.927,0.966,0.845,0.434,0.206,0.364,0.278,0.098,0.169,48.754,
0.454,0.946,0.959,0.83,0.422,0.283,0.407,0.307,0.101,0.128,0.454,0.946,0.959,0.83,0.422,0.283,0.407,0.307,0.101,0.128,50.567,
0.462,0.941,0.972,0.86,0.436,0.197,0.324,0.258,0.076,0.137,0.462,0.941,0.972,0.86,0.436,0.197,0.324,0.258,0.076,0.137,48.754,
0.458,0.941,0.965,0.85,0.433,0.223,0.348,0.265,0.091,0.143,0.458,0.941,0.965,0.85,0.433,0.223,0.348,0.265,0.091,0.143,49.244,
0.456,0.928,0.971,0.849,0.436,0.218,0.359,0.283,0.087,0.169,0.456,0.928,0.971,0.849,0.436,0.218,0.359,0.283,0.087,0.169,51.225,
0.44,0.93,0.965,0.834,0.438,0.241,0.384,0.3,0.096,0.167,0.44,0.93,0.965,0.834,0.438,0.241,0.384,0.3,0.096,0.167,49.406,
0.452,0.93,0.965,0.84,0.43,0.232,0.376,0.293,0.089,0.17,0.452,0.93,0.965,0.84,0.43,0.232,0.376,0.293,0.089,0.17,48.826,
0.445,0.922,0.959,0.828,0.421,0.235,0.412,0.31,0.111,0.185,0.445,0.922,0.959,0.828,0.421,0.235,0.412,0.31,0.111,0.185,53.824,
0.441,0.93,0.959,0.829,0.423,0.253,0.407,0.307,0.11,0.169,0.441,0.93,0.959,0.829,0.423,0.253,0.407,0.307,0.11,0.169,52.154,
0.437,0.928,0.959,0.827,0.43,0.246,0.406,0.308,0.102,0.167,0.437,0.928,0.959,0.827,0.43,0.246,0.406,0.308,0.102,0.167,48.26,
0.458,0.93,0.972,0.853,0.431,0.207,0.347,0.276,0.086,0.17,0.458,0.93,0.972,0.853,0.431,0.207,0.347,0.276,0.086,0.17,51.43,
0.443,0.936,0.952,0.827,0.424,0.27,0.412,0.295,0.124,0.155,0.443,0.936,0.952,0.827,0.424,0.27,0.412,0.295,0.124,0.155,51.313,
0.432,0.923,0.972,0.841,0.448,0.209,0.363,0.294,0.082,0.175,0.432,0.923,0.972,0.841,0.448,0.209,0.363,0.294,0.082,0.175,45.486,
0.441,0.935,0.939,0.819,0.415,0.283,0.436,0.288,0.152,0.161,0.441,0.935,0.939,0.819,0.415,0.283,0.436,0.288,0.152,0.161,50.606,
0.452,0.928,0.972,0.847,0.436,0.195,0.353,0.286,0.075,0.165,0.452,0.928,0.972,0.847,0.436,0.195,0.353,0.286,0.075,0.165,48.021,
0.448,0.935,0.959,0.846,0.428,0.217,0.361,0.265,0.098,0.159,0.448,0.935,0.959,0.846,0.428,0.217,0.361,0.265,0.098,0.159,55.036,
0.455,0.922,0.959,0.846,0.435,0.19,0.357,0.259,0.102,0.183,0.455,0.922,0.959,0.846,0.435,0.19,0.357,0.259,0.102,0.183,44.944,
0.441,0.934,0.965,0.826,0.427,0.259,0.409,0.326,0.09,0.154,0.441,0.934,0.965,0.826,0.427,0.259,0.409,0.326,0.09,0.154,51,
0.452,0.935,0.946,0.821,0.405,0.297,0.447,0.309,0.145,0.162,0.452,0.935,0.946,0.821,0.405,0.297,0.447,0.309,0.145,0.162,54.12,
0.445,0.928,0.966,0.84,0.435,0.211,0.372,0.292,0.082,0.167,0.445,0.928,0.966,0.84,0.435,0.211,0.372,0.292,0.082,0.167,53.666,
0.452,0.929,0.946,0.822,0.417,0.271,0.432,0.298,0.139,0.17,0.452,0.929,0.946,0.822,0.417,0.271,0.432,0.298,0.139,0.17,50.606,
0.452,0.925,0.966,0.844,0.433,0.205,0.364,0.281,0.094,0.177,0.452,0.925,0.966,0.844,0.433,0.205,0.364,0.281,0.094,0.177,47.885,
0.451,0.931,0.966,0.837,0.426,0.229,0.383,0.302,0.088,0.166,0.451,0.931,0.966,0.837,0.426,0.229,0.383,0.302,0.088,0.166,49.193,
0.452,0.941,0.933,0.802,0.39,0.358,0.507,0.336,0.175,0.151,0.452,0.941,0.933,0.802,0.39,0.358,0.507,0.336,0.175,0.151,48.877,
0.457,0.937,0.966,0.842,0.42,0.236,0.377,0.295,0.09,0.158,0.457,0.937,0.966,0.842,0.42,0.236,0.377,0.295,0.09,0.158,52.773,
0.455,0.929,0.958,0.838,0.43,0.234,0.383,0.28,0.111,0.169,0.455,0.929,0.958,0.838,0.43,0.234,0.383,0.28,0.111,0.169,50.99,
0.431,0.927,0.965,0.843,0.446,0.208,0.36,0.274,0.096,0.165,0.431,0.927,0.965,0.843,0.446,0.208,0.36,0.274,0.096,0.165,52.154,
0.444,0.927,0.957,0.826,0.417,0.25,0.421,0.316,0.123,0.174,0.444,0.927,0.957,0.826,0.417,0.25,0.421,0.316,0.123,0.174,47.413,
0.448,0.935,0.966,0.834,0.424,0.249,0.397,0.312,0.09,0.154,0.448,0.935,0.966,0.834,0.424,0.249,0.397,0.312,0.09,0.154,55.009,
0.457,0.935,0.973,0.853,0.433,0.204,0.343,0.278,0.068,0.153,0.457,0.935,0.973,0.853,0.433,0.204,0.343,0.278,0.068,0.153,49.244,
0.448,0.928,0.959,0.841,0.426,0.219,0.382,0.279,0.11,0.169,0.448,0.928,0.959,0.841,0.426,0.219,0.382,0.279,0.11,0.169,47.011,
0.456,0.928,0.959,0.835,0.412,0.235,0.406,0.304,0.106,0.174,0.456,0.928,0.959,0.835,0.412,0.235,0.406,0.304,0.106,0.174,44.777,
0.448,0.936,0.973,0.853,0.437,0.202,0.337,0.273,0.067,0.154,0.448,0.936,0.973,0.853,0.437,0.202,0.337,0.273,0.067,0.154,54.589,
0.445,0.935,0.959,0.825,0.415,0.273,0.423,0.321,0.107,0.161,0.445,0.935,0.959,0.825,0.415,0.273,0.423,0.321,0.107,0.161,51,
0.436,0.94,0.958,0.835,0.437,0.262,0.389,0.284,0.111,0.138,0.436,0.94,0.958,0.835,0.437,0.262,0.389,0.284,0.111,0.138,50.99,
0.433,0.928,0.972,0.852,0.454,0.183,0.33,0.267,0.065,0.161,0.433,0.928,0.972,0.852,0.454,0.183,0.33,0.267,0.065,0.161,50.606,
0.45,0.93,0.959,0.841,0.426,0.233,0.378,0.279,0.102,0.171,0.45,0.93,0.959,0.841,0.426,0.233,0.378,0.279,0.102,0.171,53.712,
0.434,0.937,0.947,0.836,0.43,0.244,0.383,0.259,0.125,0.154,0.434,0.937,0.947,0.836,0.43,0.244,0.383,0.259,0.125,0.154,47.011,
0.441,0.942,0.921,0.785,0.377,0.415,0.57,0.362,0.21,0.155,0.441,0.942,0.921,0.785,0.377,0.415,0.57,0.362,0.21,0.155,53.235,
0.435,0.936,0.959,0.834,0.443,0.249,0.381,0.285,0.098,0.147,0.435,0.936,0.959,0.834,0.443,0.249,0.381,0.285,0.098,0.147,48.549,
0.439,0.919,0.959,0.836,0.436,0.23,0.387,0.286,0.106,0.194,0.439,0.919,0.959,0.836,0.436,0.23,0.387,0.286,0.106,0.194,51,
0.437,0.942,0.952,0.833,0.431,0.272,0.395,0.278,0.123,0.138,0.437,0.942,0.952,0.833,0.431,0.272,0.395,0.278,0.123,0.138,50.606,
,,,,,,,,,,,,,,,,,,,,,
1.891,2.578,0.738,1.05,1.231,1.257,0.48,0.375,0.252,1.402,1.891,2.578,0.738,1.05,1.231,1.257,0.48,0.375,0.252,1.402,26.401,10
1.755,2.298,0.718,0.699,1.137,1.411,0.362,0.148,0.259,1.278,1.755,2.298,0.718,0.699,1.137,1.411,0.362,0.148,0.259,1.278,24.207,
1.829,2.302,0.764,0.759,1.221,1.264,0.354,0.182,0.212,1.171,1.829,2.302,0.764,0.759,1.221,1.264,0.354,0.182,0.212,1.171,27.803,
1.871,2.439,0.733,0.728,1.205,1.428,0.272,0.115,0.223,1.279,1.871,2.439,0.733,0.728,1.205,1.428,0.272,0.115,0.223,1.279,25.807,
1.642,2.364,0.761,0.836,0.965,1.584,0.342,0.218,0.255,1.52,1.642,2.364,0.761,0.836,0.965,1.584,0.342,0.218,0.255,1.52,21.541,
1.694,2.259,0.739,0.69,1.118,1.403,0.368,0.159,0.243,1.206,1.694,2.259,0.739,0.69,1.118,1.403,0.368,0.159,0.243,1.206,25,
1.83,2.365,0.741,0.824,1.165,1.322,0.303,0.184,0.231,1.258,1.83,2.365,0.741,0.824,1.165,1.322,0.303,0.184,0.231,1.258,28.425,
1.76,2.333,0.714,0.731,1.144,1.401,0.366,0.185,0.258,1.278,1.76,2.333,0.714,0.731,1.144,1.401,0.366,0.185,0.258,1.278,30,
1.683,2.206,0.746,0.686,1.11,1.369,0.378,0.169,0.239,1.175,1.683,2.206,0.746,0.686,1.11,1.369,0.378,0.169,0.239,1.175,28.302,
1.663,2.176,0.761,0.669,1.085,1.389,0.382,0.177,0.227,1.185,1.663,2.176,0.761,0.669,1.085,1.389,0.382,0.177,0.227,1.185,26.249,
1.833,2.374,0.722,0.664,1.262,1.356,0.345,0.149,0.227,1.186,1.833,2.374,0.722,0.664,1.262,1.356,0.345,0.149,0.227,1.186,29.206,
1.736,2.245,0.745,0.707,1.141,1.348,0.384,0.196,0.233,1.211,1.736,2.245,0.745,0.707,1.141,1.348,0.384,0.196,0.233,1.211,28.601,
1.759,2.267,0.752,0.678,1.158,1.374,0.355,0.165,0.219,1.199,1.759,2.267,0.752,0.678,1.158,1.374,0.355,0.165,0.219,1.199,29.732,
1.614,2.163,0.784,0.744,0.963,1.477,0.364,0.202,0.226,1.319,1.614,2.163,0.784,0.744,0.963,1.477,0.364,0.202,0.226,1.319,23.022,
1.708,2.216,0.767,0.809,1.021,1.378,0.334,0.183,0.24,1.299,1.708,2.216,0.767,0.809,1.021,1.378,0.334,0.183,0.24,1.299,25.612,
1.728,2.246,0.803,0.753,1.084,1.378,0.338,0.164,0.197,1.241,1.728,2.246,0.803,0.753,1.084,1.378,0.338,0.164,0.197,1.241,29.155,
1.692,2.189,0.759,0.694,1.136,1.318,0.383,0.177,0.229,1.122,1.692,2.189,0.759,0.694,1.136,1.318,0.383,0.177,0.229,1.122,27.459,
1.71,2.243,0.776,0.723,1.11,1.369,0.367,0.2,0.208,1.205,1.71,2.243,0.776,0.723,1.11,1.369,0.367,0.2,0.208,1.205,28.018,
1.749,2.218,0.779,0.699,1.133,1.343,0.321,0.131,0.204,1.152,1.749,2.218,0.779,0.699,1.133,1.343,0.321,0.131,0.204,1.152,30,
1.861,2.307,0.742,0.726,1.267,1.248,0.326,0.143,0.219,1.109,1.861,2.307,0.742,0.726,1.267,1.248,0.326,0.143,0.219,1.109,29.698,
1.819,2.276,0.757,0.736,1.249,1.235,0.374,0.199,0.212,1.116,1.819,2.276,0.757,0.736,1.249,1.235,0.374,0.199,0.212,1.116,30.414,
1.81,2.326,0.724,0.668,1.242,1.335,0.354,0.167,0.227,1.165,1.81,2.326,0.724,0.668,1.242,1.335,0.354,0.167,0.227,1.165,28.844,
1.674,2.284,0.764,0.791,1.029,1.451,0.394,0.225,0.244,1.365,1.674,2.284,0.764,0.791,1.029,1.451,0.394,0.225,0.244,1.365,23.707,
1.852,2.292,0.763,0.729,1.3,1.205,0.374,0.209,0.198,1.096,1.852,2.292,0.763,0.729,1.3,1.205,0.374,0.209,0.198,1.096,29.833,
1.826,2.25,0.721,0.684,1.288,1.217,0.37,0.187,0.226,1.068,1.826,2.25,0.721,0.684,1.288,1.217,0.37,0.187,0.226,1.068,31.241,
1.781,2.173,0.756,0.717,1.133,1.297,0.302,0.118,0.219,1.145,1.781,2.173,0.756,0.717,1.133,1.297,0.302,0.118,0.219,1.145,30.806,
1.878,2.266,0.769,0.799,1.252,1.172,0.326,0.155,0.214,1.099,1.878,2.266,0.769,0.799,1.252,1.172,0.326,0.155,0.214,1.099,34.059,
1.93,2.432,0.779,0.897,1.29,1.193,0.323,0.189,0.209,1.187,1.93,2.432,0.779,0.897,1.29,1.193,0.323,0.189,0.209,1.187,31.113,
1.926,2.459,0.737,0.893,1.251,1.253,0.312,0.185,0.247,1.245,1.926,2.459,0.737,0.893,1.251,1.253,0.312,0.185,0.247,1.245,29.206,
1.602,2.169,0.693,0.699,1.093,1.35,0.475,0.225,0.305,1.208,1.602,2.169,0.693,0.699,1.093,1.35,0.475,0.225,0.305,1.208,27.857,
1.679,2.282,0.77,0.848,1.067,1.353,0.411,0.261,0.237,1.289,1.679,2.282,0.77,0.848,1.067,1.353,0.411,0.261,0.237,1.289,31.064,
1.708,2.196,0.768,0.743,1.1,1.322,0.372,0.166,0.235,1.188,1.708,2.196,0.768,0.743,1.1,1.322,0.372,0.166,0.235,1.188,31.241,
1.643,2.159,0.804,0.712,1.07,1.352,0.392,0.197,0.206,1.18,1.643,2.159,0.804,0.712,1.07,1.352,0.392,0.197,0.206,1.18,29.069,
1.606,2.03,0.712,0.685,1.089,1.238,0.424,0.187,0.28,1.037,1.606,2.03,0.712,0.685,1.089,1.238,0.424,0.187,0.28,1.037,28.425,
1.792,2.219,0.761,0.728,1.202,1.241,0.353,0.184,0.209,1.107,1.792,2.219,0.761,0.728,1.202,1.241,0.353,0.184,0.209,1.107,31.145,
1.828,2.273,0.752,0.728,1.222,1.265,0.353,0.165,0.221,1.143,1.828,2.273,0.752,0.728,1.222,1.265,0.353,0.165,0.221,1.143,36.125,
1.828,2.309,0.753,0.843,1.143,1.283,0.326,0.226,0.222,1.24,1.828,2.309,0.753,0.843,1.143,1.283,0.326,0.226,0.222,1.24,34.409,
1.889,2.443,0.755,0.744,1.24,1.372,0.288,0.124,0.206,1.248,1.889,2.443,0.755,0.744,1.24,1.372,0.288,0.124,0.206,1.248,31.145,
1.946,2.627,0.765,1.225,1.019,1.376,0.432,0.502,0.25,1.679,1.946,2.627,0.765,1.225,1.019,1.376,0.432,0.502,0.25,1.679,34.059,
1.76,2.31,0.753,0.841,1.079,1.362,0.336,0.214,0.239,1.311,1.76,2.31,0.753,0.841,1.079,1.362,0.336,0.214,0.239,1.311,31.828,
1.811,2.321,0.732,0.717,1.21,1.326,0.321,0.132,0.232,1.167,1.811,2.321,0.732,0.717,1.21,1.326,0.321,0.132,0.232,1.167,31.89,
1.824,2.326,0.778,0.848,1.118,1.323,0.318,0.183,0.218,1.291,1.824,2.326,0.778,0.848,1.118,1.323,0.318,0.183,0.218,1.291,30.414,
1.755,2.298,0.714,0.696,1.207,1.329,0.382,0.188,0.246,1.158,1.755,2.298,0.714,0.696,1.207,1.329,0.382,0.188,0.246,1.158,27.659,
1.815,2.265,0.726,0.709,1.254,1.243,0.347,0.179,0.224,1.082,1.815,2.265,0.726,0.709,1.254,1.243,0.347,0.179,0.224,1.082,31.145,
1.701,2.332,0.78,0.752,1.079,1.464,0.375,0.202,0.216,1.337,1.701,2.332,0.78,0.752,1.079,1.464,0.375,0.202,0.216,1.337,28.844,
1.702,2.181,0.775,0.774,1.064,1.322,0.348,0.186,0.222,1.206,1.702,2.181,0.775,0.774,1.064,1.322,0.348,0.186,0.222,1.206,29.411,
1.763,2.208,0.778,0.793,1.059,1.345,0.288,0.151,0.214,1.253,1.763,2.208,0.778,0.793,1.059,1.345,0.288,0.151,0.214,1.253,31.241,
1.836,2.291,0.73,0.85,1.167,1.235,0.348,0.232,0.243,1.204,1.836,2.291,0.73,0.85,1.167,1.235,0.348,0.232,0.243,1.204,30.61,
1.775,2.285,0.765,0.728,1.191,1.307,0.333,0.156,0.209,1.153,1.775,2.285,0.765,0.728,1.191,1.307,0.333,0.156,0.209,1.153,29,
1.896,2.399,0.724,0.703,1.301,1.305,0.318,0.135,0.222,1.171,1.896,2.399,0.724,0.703,1.301,1.305,0.318,0.135,0.222,1.171,28.425,
1.942,2.334,0.7,0.72,1.384,1.169,0.339,0.156,0.234,1.049,1.942,2.334,0.7,0.72,1.384,1.169,0.339,0.156,0.234,1.049,37.537,
,,,,,,,,,,,,,,,,,,,,,
2.126,2.744,0.958,1.058,1.851,1.016,0.269,0.14,0.133,0.942,2.126,2.744,0.958,1.058,1.851,1.016,0.269,0.14,0.133,0.942,34.176,11
2.076,2.69,0.951,1.065,1.819,1.003,0.294,0.149,0.149,0.929,2.076,2.69,0.951,1.065,1.819,1.003,0.294,0.149,0.149,0.929,40.162,
2.116,2.64,0.952,1.08,1.835,0.961,0.279,0.156,0.129,0.894,2.116,2.64,0.952,1.08,1.835,0.961,0.279,0.156,0.129,0.894,41.761,
2.121,2.69,0.92,1.054,1.83,0.99,0.275,0.136,0.152,0.924,2.121,2.69,0.92,1.054,1.83,0.99,0.275,0.136,0.152,0.924,36.139,
2.152,2.734,0.923,1.052,1.879,0.997,0.292,0.158,0.142,0.924,2.152,2.734,0.923,1.052,1.879,0.997,0.292,0.158,0.142,0.924,47.127,
2.096,2.694,0.92,1.065,1.849,0.993,0.289,0.151,0.151,0.916,2.096,2.694,0.92,1.065,1.849,0.993,0.289,0.151,0.151,0.916,33.242,
2.158,2.753,0.932,1.034,1.877,1.007,0.29,0.147,0.147,0.936,2.158,2.753,0.932,1.034,1.877,1.007,0.29,0.147,0.147,0.936,40.497,
2.147,2.761,0.928,1.037,1.825,1.028,0.262,0.127,0.144,0.966,2.147,2.761,0.928,1.037,1.825,1.028,0.262,0.127,0.144,0.966,35.468,
2.315,2.883,0.928,1.125,2.108,0.966,0.307,0.168,0.149,0.894,2.315,2.883,0.928,1.125,2.108,0.966,0.307,0.168,0.149,0.894,35.228,
2.118,2.7,0.92,1.082,1.809,0.993,0.302,0.158,0.158,0.941,2.118,2.7,0.92,1.082,1.809,0.993,0.302,0.158,0.158,0.941,39.115,
2.123,2.698,0.928,1.059,1.873,0.982,0.289,0.157,0.14,0.907,2.123,2.698,0.928,1.059,1.873,0.982,0.289,0.157,0.14,0.907,37.162,
2.164,2.748,0.95,1.12,1.918,0.968,0.297,0.16,0.146,0.911,2.164,2.748,0.95,1.12,1.918,0.968,0.297,0.16,0.146,0.911,27.803,
2.05,2.572,0.91,0.955,1.7,1.015,0.248,0.114,0.139,0.926,2.05,2.572,0.91,0.955,1.7,1.015,0.248,0.114,0.139,0.926,42.379,
2.131,2.675,0.969,1.051,1.902,0.963,0.269,0.139,0.131,0.881,2.131,2.675,0.969,1.051,1.902,0.963,0.269,0.139,0.131,0.881,41.231,
2.133,2.732,0.921,1.042,1.853,1.007,0.29,0.158,0.141,0.936,2.133,2.732,0.921,1.042,1.853,1.007,0.29,0.158,0.141,0.936,42.953,
1.994,2.552,0.908,0.936,1.706,1.032,0.259,0.113,0.148,0.91,1.994,2.552,0.908,0.936,1.706,1.032,0.259,0.113,0.148,0.91,45.222,
2.175,2.802,0.927,1.073,1.909,1.014,0.296,0.15,0.156,0.944,2.175,2.802,0.927,1.073,1.909,1.014,0.296,0.15,0.156,0.944,38.639,
2.195,2.784,0.959,1.092,1.908,0.981,0.28,0.134,0.153,0.936,2.195,2.784,0.959,1.092,1.908,0.981,0.28,0.134,0.153,0.936,34.928,
2.173,2.788,0.959,1.073,1.919,1.005,0.294,0.145,0.152,0.932,2.173,2.788,0.959,1.073,1.919,1.005,0.294,0.145,0.152,0.932,38.275,
2.105,2.702,0.926,1.049,1.849,0.999,0.287,0.156,0.139,0.921,2.105,2.702,0.926,1.049,1.849,0.999,0.287,0.156,0.139,0.921,24.839,
2.109,2.741,0.938,1.123,1.884,0.989,0.321,0.186,0.145,0.925,2.109,2.741,0.938,1.123,1.884,0.989,0.321,0.186,0.145,0.925,32.757,
2.142,2.711,0.929,1.065,1.851,0.996,0.306,0.167,0.147,0.926,2.142,2.711,0.929,1.065,1.851,0.996,0.306,0.167,0.147,0.926,40.804,
2.079,2.679,0.938,1.011,1.776,1.026,0.264,0.129,0.139,0.946,2.079,2.679,0.938,1.011,1.776,1.026,0.264,0.129,0.139,0.946,25.456,
2.189,2.821,0.942,1.118,1.935,0.99,0.283,0.145,0.152,0.941,2.189,2.821,0.942,1.118,1.935,0.99,0.283,0.145,0.152,0.941,31.241,
2.167,2.762,0.941,1.092,1.872,0.995,0.274,0.15,0.134,0.942,2.167,2.762,0.941,1.092,1.872,0.995,0.274,0.15,0.134,0.942,33.601,
2.1,2.753,0.935,1.128,1.836,1.003,0.303,0.179,0.139,0.955,2.1,2.753,0.935,1.128,1.836,1.003,0.303,0.179,0.139,0.955,42.72,
2.076,2.689,0.975,1.088,1.783,0.999,0.278,0.147,0.134,0.947,2.076,2.689,0.975,1.088,1.783,0.999,0.278,0.147,0.134,0.947,35.847,
2.122,2.762,0.959,1.145,1.872,0.994,0.31,0.178,0.142,0.941,2.122,2.762,0.959,1.145,1.872,0.994,0.31,0.178,0.142,0.941,18.601,
2.052,2.662,0.94,1.087,1.773,0.996,0.325,0.17,0.163,0.94,2.052,2.662,0.94,1.087,1.773,0.996,0.325,0.17,0.163,0.94,33.121,
2.176,2.751,0.916,1.035,1.84,1.014,0.258,0.14,0.129,0.952,2.176,2.751,0.916,1.035,1.84,1.014,0.258,0.14,0.129,0.952,31.765,
2.067,2.7,0.942,1.071,1.737,1.021,0.283,0.142,0.151,0.981,2.067,2.7,0.942,1.071,1.737,1.021,0.283,0.142,0.151,0.981,38.897,
2.059,2.597,0.879,1.001,1.673,1.015,0.281,0.155,0.148,0.961,2.059,2.597,0.879,1.001,1.673,1.015,0.281,0.155,0.148,0.961,41.785,
2.125,2.67,0.88,1.03,1.824,1.01,0.33,0.169,0.175,0.919,2.125,2.67,0.88,1.03,1.824,1.01,0.33,0.169,0.175,0.919,35.847,
2.115,2.674,0.888,1.039,1.86,0.987,0.309,0.168,0.157,0.902,2.115,2.674,0.888,1.039,1.86,0.987,0.309,0.168,0.157,0.902,31.765,
1.982,2.586,0.892,0.997,1.763,1.014,0.326,0.174,0.16,0.902,1.982,2.586,0.892,0.997,1.763,1.014,0.326,0.174,0.16,0.902,41.593,
2.14,2.725,0.914,1.041,1.85,1.008,0.306,0.159,0.155,0.935,2.14,2.725,0.914,1.041,1.85,1.008,0.306,0.159,0.155,0.935,28.425,
2.214,2.763,0.908,1.036,1.83,1.023,0.286,0.157,0.141,0.967,2.214,2.763,0.908,1.036,1.83,1.023,0.286,0.157,0.141,0.967,33.541,
2.132,2.708,0.929,1.11,1.844,0.976,0.3,0.161,0.155,0.927,2.132,2.708,0.929,1.11,1.844,0.976,0.3,0.161,0.155,0.927,25.807,
2.095,2.719,0.914,1.052,1.766,1.036,0.312,0.161,0.162,0.977,2.095,2.719,0.914,1.052,1.766,1.036,0.312,0.161,0.162,0.977,43.417,
2.055,2.565,0.916,1,1.768,0.971,0.304,0.154,0.154,0.89,2.055,2.565,0.916,1,1.768,0.971,0.304,0.154,0.154,0.89,36.249,
2.091,2.648,0.92,0.977,1.829,1.008,0.288,0.135,0.155,0.902,2.091,2.648,0.92,0.977,1.829,1.008,0.288,0.135,0.155,0.902,35.511,
2.198,2.842,0.911,1.06,1.933,1.018,0.272,0.138,0.149,0.953,2.198,2.842,0.911,1.06,1.933,1.018,0.272,0.138,0.149,0.953,31.064,
2.068,2.687,0.92,1.05,1.81,1.007,0.309,0.161,0.157,0.935,2.068,2.687,0.92,1.05,1.81,1.007,0.309,0.161,0.157,0.935,24.698,
2.071,2.61,0.892,1,1.763,0.994,0.271,0.126,0.16,0.915,2.071,2.61,0.892,1,1.763,0.994,0.271,0.126,0.16,0.915,37.363,
2.219,2.882,0.898,1.083,1.996,1.014,0.286,0.148,0.158,0.943,2.219,2.882,0.898,1.083,1.996,1.014,0.286,0.148,0.158,0.943,22.023,
2.104,2.693,0.903,0.982,1.861,1.018,0.274,0.124,0.156,0.91,2.104,2.693,0.903,0.982,1.861,1.018,0.274,0.124,0.156,0.91,40.522,
2.049,2.623,0.913,0.996,1.741,1.023,0.28,0.138,0.149,0.933,2.049,2.623,0.913,0.996,1.741,1.023,0.28,0.138,0.149,0.933,28.231,
2.069,2.706,0.92,1.061,1.778,1.025,0.306,0.158,0.159,0.962,2.069,2.706,0.92,1.061,1.778,1.025,0.306,0.158,0.159,0.962,36.674,
2.094,2.654,0.913,1.019,1.731,1.021,0.264,0.144,0.132,0.956,2.094,2.654,0.913,1.019,1.731,1.021,0.264,0.144,0.132,0.956,30.017,
2.056,2.664,0.916,1.05,1.759,1.012,0.315,0.17,0.155,0.95,2.056,2.664,0.916,1.05,1.759,1.012,0.315,0.17,0.155,0.95,33.106,
2.094,2.739,0.904,1.061,1.777,1.042,0.306,0.17,0.152,0.981,2.094,2.739,0.904,1.061,1.777,1.042,0.306,0.17,0.152,0.981,25.495,
,,,,,,,,,,,,,,,,,,,,,
2.327,3.267,0.75,0.882,1.979,1.23,0.354,0.165,0.21,1.22,2.327,3.267,0.75,0.882,1.979,1.23,0.354,0.165,0.21,1.22,13.928,12
2.465,3.373,0.777,0.951,2.151,1.159,0.361,0.171,0.206,1.177,2.465,3.373,0.777,0.951,2.151,1.159,0.361,0.171,0.206,1.177,17.117,
2.34,3.224,0.772,0.936,2.031,1.162,0.367,0.184,0.202,1.165,2.34,3.224,0.772,0.936,2.031,1.162,0.367,0.184,0.202,1.165,15.297,
2.397,3.258,0.8,0.967,2.061,1.146,0.355,0.174,0.198,1.159,2.397,3.258,0.8,0.967,2.061,1.146,0.355,0.174,0.198,1.159,18.974,
2.351,3.21,0.761,0.92,1.987,1.182,0.371,0.166,0.225,1.193,2.351,3.21,0.761,0.92,1.987,1.182,0.371,0.166,0.225,1.193,20.881,
2.467,3.402,0.752,0.936,2.086,1.201,0.343,0.187,0.184,1.233,2.467,3.402,0.752,0.936,2.086,1.201,0.343,0.187,0.184,1.233,18.868,
2.271,3.085,0.719,0.829,1.9,1.206,0.362,0.163,0.222,1.189,2.271,3.085,0.719,0.829,1.9,1.206,0.362,0.163,0.222,1.189,20.616,
2.348,3.249,0.737,0.901,2.025,1.193,0.382,0.197,0.207,1.194,2.348,3.249,0.737,0.901,2.025,1.193,0.382,0.197,0.207,1.194,23.854,
2.386,3.277,0.733,0.924,2.039,1.185,0.358,0.18,0.21,1.187,2.386,3.277,0.733,0.924,2.039,1.185,0.358,0.18,0.21,1.187,19.647,
2.543,3.457,0.738,0.901,2.241,1.164,0.325,0.169,0.179,1.166,2.543,3.457,0.738,0.901,2.241,1.164,0.325,0.169,0.179,1.166,21.213,
2.217,3.05,0.72,0.844,1.876,1.2,0.382,0.217,0.195,1.187,2.217,3.05,0.72,0.844,1.876,1.2,0.382,0.217,0.195,1.187,16.031,
2.384,3.187,0.702,0.884,2.046,1.156,0.371,0.195,0.209,1.151,2.384,3.187,0.702,0.884,2.046,1.156,0.371,0.195,0.209,1.151,24.042,
2.231,3.007,0.738,0.837,1.88,1.178,0.369,0.168,0.219,1.152,2.231,3.007,0.738,0.837,1.88,1.178,0.369,0.168,0.219,1.152,23.259,
2.235,3.037,0.725,0.846,1.908,1.173,0.356,0.17,0.212,1.143,2.235,3.037,0.725,0.846,1.908,1.173,0.356,0.17,0.212,1.143,21.633,
2.294,3.132,0.768,0.936,1.972,1.149,0.367,0.174,0.215,1.149,2.294,3.132,0.768,0.936,1.972,1.149,0.367,0.174,0.215,1.149,19.416,
2.443,3.245,0.753,0.951,2.038,1.154,0.355,0.192,0.194,1.173,2.443,3.245,0.753,0.951,2.038,1.154,0.355,0.192,0.194,1.173,18.111,
2.379,3.261,0.657,0.847,2.061,1.203,0.37,0.199,0.214,1.178,2.379,3.261,0.657,0.847,2.061,1.203,0.37,0.199,0.214,1.178,21.378,
2.273,3.072,0.742,0.872,1.917,1.18,0.382,0.204,0.2,1.161,2.273,3.072,0.742,0.872,1.917,1.18,0.382,0.204,0.2,1.161,19.698,
2.414,3.191,0.715,0.825,2.041,1.182,0.341,0.188,0.181,1.148,2.414,3.191,0.715,0.825,2.041,1.182,0.341,0.188,0.181,1.148,19.235,
2.388,3.194,0.786,0.892,2.069,1.151,0.357,0.181,0.186,1.123,2.388,3.194,0.786,0.892,2.069,1.151,0.357,0.181,0.186,1.123,19.647,
2.334,3.118,0.721,0.824,1.983,1.182,0.349,0.179,0.194,1.142,2.334,3.118,0.721,0.824,1.983,1.182,0.349,0.179,0.194,1.142,19.647,
2.535,3.416,0.757,0.931,2.179,1.17,0.324,0.165,0.185,1.164,2.535,3.416,0.757,0.931,2.179,1.17,0.324,0.165,0.185,1.164,22.361,
2.495,3.334,0.756,0.924,2.185,1.147,0.355,0.185,0.188,1.127,2.495,3.334,0.756,0.924,2.185,1.147,0.355,0.185,0.188,1.127,17.72,
2.418,3.173,0.725,0.811,2.074,1.165,0.329,0.16,0.187,1.109,2.418,3.173,0.725,0.811,2.074,1.165,0.329,0.16,0.187,1.109,19.698,
2.484,3.301,0.793,0.921,2.132,1.151,0.329,0.164,0.178,1.13,2.484,3.301,0.793,0.921,2.132,1.151,0.329,0.164,0.178,1.13,17.72,
2.378,3.18,0.748,0.874,2.059,1.153,0.342,0.165,0.196,1.119,2.378,3.18,0.748,0.874,2.059,1.153,0.342,0.165,0.196,1.119,20.591,
2.543,3.45,0.764,0.925,2.223,1.17,0.342,0.169,0.19,1.166,2.543,3.45,0.764,0.925,2.223,1.17,0.342,0.169,0.19,1.166,18.111,
2.59,3.435,0.769,0.959,2.31,1.116,0.333,0.174,0.178,1.103,2.59,3.435,0.769,0.959,2.31,1.116,0.333,0.174,0.178,1.103,19.416,
2.431,3.34,0.717,0.911,2.163,1.163,0.373,0.192,0.206,1.157,2.431,3.34,0.717,0.911,2.163,1.163,0.373,0.192,0.206,1.157,20.248,
2.361,3.161,0.714,0.843,2.077,1.153,0.364,0.181,0.204,1.111,2.361,3.161,0.714,0.843,2.077,1.153,0.364,0.181,0.204,1.111,19.313,
2.543,3.423,0.793,0.965,2.228,1.142,0.334,0.175,0.175,1.139,2.543,3.423,0.793,0.965,2.228,1.142,0.334,0.175,0.175,1.139,22.847,
2.562,3.507,0.793,1.013,2.257,1.155,0.351,0.192,0.178,1.161,2.562,3.507,0.793,1.013,2.257,1.155,0.351,0.192,0.178,1.161,17.117,
2.595,3.507,0.733,0.916,2.228,1.191,0.328,0.171,0.184,1.188,2.595,3.507,0.733,0.916,2.228,1.191,0.328,0.171,0.184,1.188,23.77,
2.347,3.185,0.764,0.901,2.009,1.165,0.357,0.176,0.199,1.162,2.347,3.185,0.764,0.901,2.009,1.165,0.357,0.176,0.199,1.162,21.954,
2.467,3.387,0.79,0.991,2.232,1.128,0.374,0.189,0.199,1.129,2.467,3.387,0.79,0.991,2.232,1.128,0.374,0.189,0.199,1.129,18.974,
2.432,3.32,0.755,0.925,2.157,1.148,0.349,0.192,0.179,1.137,2.432,3.32,0.755,0.925,2.157,1.148,0.349,0.192,0.179,1.137,23.022,
2.491,3.351,0.716,0.9,2.23,1.139,0.343,0.187,0.184,1.112,2.491,3.351,0.716,0.9,2.23,1.139,0.343,0.187,0.184,1.112,19.416,
2.51,3.42,0.731,0.953,2.203,1.158,0.342,0.19,0.185,1.155,2.51,3.42,0.731,0.953,2.203,1.158,0.342,0.19,0.185,1.155,18.028,
2.523,3.429,0.737,0.97,2.215,1.152,0.343,0.191,0.186,1.149,2.523,3.429,0.737,0.97,2.215,1.152,0.343,0.191,0.186,1.149,20.1,
2.59,3.503,0.776,1.01,2.278,1.147,0.361,0.196,0.186,1.152,2.59,3.503,0.776,1.01,2.278,1.147,0.361,0.196,0.186,1.152,24.021,
2.386,3.275,0.732,0.889,2.079,1.178,0.342,0.168,0.2,1.159,2.386,3.275,0.732,0.889,2.079,1.178,0.342,0.168,0.2,1.159,17.72,
2.489,3.456,0.753,0.96,2.187,1.18,0.344,0.184,0.188,1.178,2.489,3.456,0.753,0.96,2.187,1.18,0.344,0.184,0.188,1.178,20.616,
2.478,3.312,0.811,0.968,2.191,1.124,0.36,0.178,0.192,1.106,2.478,3.312,0.811,0.968,2.191,1.124,0.36,0.178,0.192,1.106,19.235,
2.48,3.422,0.723,0.929,2.198,1.174,0.35,0.191,0.189,1.161,2.48,3.422,0.723,0.929,2.198,1.174,0.35,0.191,0.189,1.161,14.866,
2.458,3.389,0.79,0.997,2.211,1.137,0.357,0.186,0.189,1.127,2.458,3.389,0.79,0.997,2.211,1.137,0.357,0.186,0.189,1.127,20.248,
2.508,3.405,0.784,0.953,2.155,1.172,0.331,0.179,0.173,1.169,2.508,3.405,0.784,0.953,2.155,1.172,0.331,0.179,0.173,1.169,20.1,
2.47,3.436,0.766,0.955,2.205,1.18,0.359,0.184,0.193,1.152,2.47,3.436,0.766,0.955,2.205,1.18,0.359,0.184,0.193,1.152,19.235,
2.474,3.261,0.766,0.9,2.245,1.107,0.354,0.177,0.188,1.056,2.474,3.261,0.766,0.9,2.245,1.107,0.354,0.177,0.188,1.056,22.023,
2.567,3.469,0.746,0.929,2.264,1.162,0.34,0.182,0.18,1.146,2.567,3.469,0.746,0.929,2.264,1.162,0.34,0.182,0.18,1.146,22.204,
2.667,3.535,0.783,0.956,2.372,1.129,0.321,0.165,0.171,1.115,2.667,3.535,0.783,0.956,2.372,1.129,0.321,0.165,0.171,1.115,25,
2.639,3.413,0.803,0.984,2.377,1.084,0.339,0.176,0.174,1.054,2.639,3.413,0.803,0.984,2.377,1.084,0.339,0.176,0.174,1.054,27.074,
,,,,,,,,,,,,,,,,,,,,,
1.559,1.792,0.673,0.578,1.182,1.029,0.453,0.187,0.288,0.781,1.559,1.792,0.673,0.578,1.182,1.029,0.453,0.187,0.288,0.781,124.234,13
1.562,1.912,0.698,0.62,1.178,1.102,0.432,0.154,0.288,0.858,1.562,1.912,0.698,0.62,1.178,1.102,0.432,0.154,0.288,0.858,125.004,
1.524,1.797,0.67,0.569,1.167,1.058,0.487,0.198,0.303,0.8,1.524,1.797,0.67,0.569,1.167,1.058,0.487,0.198,0.303,0.8,124.234,
1.562,1.844,0.692,0.612,1.194,1.041,0.449,0.189,0.279,0.796,1.562,1.844,0.692,0.612,1.194,1.041,0.449,0.189,0.279,0.796,123.13,
1.619,1.937,0.694,0.627,1.24,1.065,0.439,0.176,0.278,0.854,1.619,1.937,0.694,0.627,1.24,1.065,0.439,0.176,0.278,0.854,124.064,
1.585,1.943,0.701,0.626,1.237,1.075,0.458,0.187,0.281,0.871,1.585,1.943,0.701,0.626,1.237,1.075,0.458,0.187,0.281,0.871,125.718,
1.543,1.855,0.654,0.586,1.188,1.074,0.471,0.175,0.316,0.838,1.543,1.855,0.654,0.586,1.188,1.074,0.471,0.175,0.316,0.838,126.649,
1.553,1.881,0.683,0.603,1.175,1.093,0.476,0.198,0.295,0.884,1.553,1.881,0.683,0.603,1.175,1.093,0.476,0.198,0.295,0.884,123.713,
1.526,1.882,0.699,0.621,1.142,1.109,0.467,0.202,0.286,0.887,1.526,1.882,0.699,0.621,1.142,1.109,0.467,0.202,0.286,0.887,125.718,
1.602,1.904,0.687,0.626,1.231,1.047,0.446,0.174,0.288,0.839,1.602,1.904,0.687,0.626,1.231,1.047,0.446,0.174,0.288,0.839,124.92,
1.467,1.801,0.68,0.584,1.06,1.149,0.495,0.19,0.321,0.907,1.467,1.801,0.68,0.584,1.06,1.149,0.495,0.19,0.321,0.907,127.812,
1.552,1.88,0.631,0.573,1.171,1.118,0.469,0.166,0.331,0.866,1.552,1.88,0.631,0.573,1.171,1.118,0.469,0.166,0.331,0.866,125.252,
1.487,1.778,0.64,0.577,1.1,1.093,0.484,0.187,0.335,0.831,1.487,1.778,0.64,0.577,1.1,1.093,0.484,0.187,0.335,0.831,126.194,
1.489,1.947,0.673,0.614,1.103,1.214,0.479,0.169,0.328,0.967,1.489,1.947,0.673,0.614,1.103,1.214,0.479,0.169,0.328,0.967,128.876,
1.471,1.797,0.639,0.571,1.102,1.115,0.485,0.18,0.338,0.834,1.471,1.797,0.639,0.571,1.102,1.115,0.485,0.18,0.338,0.834,126.194,
1.521,1.898,0.644,0.59,1.17,1.125,0.478,0.188,0.322,0.877,1.521,1.898,0.644,0.59,1.17,1.125,0.478,0.188,0.322,0.877,126.874,
1.553,1.927,0.647,0.592,1.158,1.155,0.478,0.18,0.326,0.936,1.553,1.927,0.647,0.592,1.158,1.155,0.478,0.18,0.326,0.936,126.874,
1.515,1.871,0.639,0.567,1.133,1.152,0.492,0.193,0.331,0.905,1.515,1.871,0.639,0.567,1.133,1.152,0.492,0.193,0.331,0.905,126.531,
1.469,1.889,0.643,0.582,1.084,1.208,0.492,0.166,0.35,0.934,1.469,1.889,0.643,0.582,1.084,1.208,0.492,0.166,0.35,0.934,128.16,
1.554,1.944,0.681,0.613,1.18,1.135,0.465,0.197,0.292,0.908,1.554,1.944,0.681,0.613,1.18,1.135,0.465,0.197,0.292,0.908,126.531,
1.578,2.002,0.668,0.6,1.223,1.154,0.465,0.197,0.292,0.927,1.578,2.002,0.668,0.6,1.223,1.154,0.465,0.197,0.292,0.927,126.874,
1.587,1.93,0.644,0.59,1.221,1.104,0.458,0.18,0.308,0.87,1.587,1.93,0.644,0.59,1.221,1.104,0.458,0.18,0.308,0.87,127.138,
1.499,1.843,0.624,0.566,1.116,1.145,0.486,0.168,0.35,0.885,1.499,1.843,0.624,0.566,1.116,1.145,0.486,0.168,0.35,0.885,127.581,
1.528,1.948,0.641,0.559,1.153,1.205,0.48,0.174,0.328,0.948,1.528,1.948,0.641,0.559,1.153,1.205,0.48,0.174,0.328,0.948,127.016,
1.564,1.925,0.677,0.622,1.201,1.095,0.455,0.174,0.3,0.866,1.564,1.925,0.677,0.622,1.201,1.095,0.455,0.174,0.3,0.866,127.224,
1.47,1.867,0.632,0.567,1.107,1.177,0.508,0.194,0.346,0.921,1.47,1.867,0.632,0.567,1.107,1.177,0.508,0.194,0.346,0.921,129.244,
1.602,1.96,0.688,0.614,1.225,1.104,0.444,0.194,0.273,0.892,1.602,1.96,0.688,0.614,1.225,1.104,0.444,0.194,0.273,0.892,126.874,
1.602,1.971,0.633,0.59,1.25,1.112,0.457,0.173,0.314,0.878,1.602,1.971,0.633,0.59,1.25,1.112,0.457,0.173,0.314,0.878,125.718,
1.505,1.844,0.64,0.6,1.132,1.104,0.477,0.186,0.332,0.853,1.505,1.844,0.64,0.6,1.132,1.104,0.477,0.186,0.332,0.853,127.389,
1.488,1.861,0.646,0.607,1.117,1.13,0.485,0.195,0.333,0.884,1.488,1.861,0.646,0.607,1.117,1.13,0.485,0.195,0.333,0.884,129.468,
1.579,1.894,0.67,0.604,1.208,1.075,0.443,0.171,0.294,0.826,1.579,1.894,0.67,0.604,1.208,1.075,0.443,0.171,0.294,0.826,128.876,
1.454,1.767,0.636,0.542,1.087,1.129,0.516,0.189,0.348,0.841,1.454,1.767,0.636,0.542,1.087,1.129,0.516,0.189,0.348,0.841,130,
1.499,1.879,0.69,0.616,1.083,1.169,0.476,0.202,0.301,0.939,1.499,1.879,0.69,0.616,1.083,1.169,0.476,0.202,0.301,0.939,127.632,
1.515,1.974,0.678,0.631,1.167,1.167,0.485,0.204,0.306,0.932,1.515,1.974,0.678,0.631,1.167,1.167,0.485,0.204,0.306,0.932,130.679,
1.481,1.828,0.65,0.575,1.124,1.12,0.498,0.201,0.326,0.861,1.481,1.828,0.65,0.575,1.124,1.12,0.498,0.201,0.326,0.861,126.463,
1.51,1.878,0.654,0.574,1.161,1.13,0.496,0.19,0.323,0.877,1.51,1.878,0.654,0.574,1.161,1.13,0.496,0.19,0.323,0.877,126.087,
1.542,1.9,0.654,0.609,1.161,1.118,0.473,0.178,0.323,0.896,1.542,1.9,0.654,0.609,1.161,1.118,0.473,0.178,0.323,0.896,127.945,
1.482,1.782,0.616,0.558,1.133,1.085,0.506,0.183,0.354,0.825,1.482,1.782,0.616,0.558,1.133,1.085,0.506,0.183,0.354,0.825,128.876,
1.528,1.903,0.686,0.61,1.144,1.136,0.466,0.198,0.293,0.896,1.528,1.903,0.686,0.61,1.144,1.136,0.466,0.198,0.293,0.896,128.876,
1.504,1.87,0.652,0.584,1.141,1.132,0.485,0.181,0.326,0.876,1.504,1.87,0.652,0.584,1.141,1.132,0.485,0.181,0.326,0.876,130.173,
1.536,1.893,0.658,0.607,1.162,1.112,0.466,0.168,0.321,0.88,1.536,1.893,0.658,0.607,1.162,1.112,0.466,0.168,0.321,0.88,128.876,
1.452,1.828,0.643,0.585,1.102,1.137,0.516,0.181,0.355,0.868,1.452,1.828,0.643,0.585,1.102,1.137,0.516,0.181,0.355,0.868,126.846,
1.489,1.857,0.646,0.622,1.103,1.123,0.481,0.182,0.341,0.902,1.489,1.857,0.646,0.622,1.103,1.123,0.481,0.182,0.341,0.902,127.945,
1.566,1.923,0.68,0.6,1.193,1.116,0.466,0.182,0.297,0.881,1.566,1.923,0.68,0.6,1.193,1.116,0.466,0.182,0.297,0.881,127.224,
1.561,1.923,0.684,0.628,1.169,1.116,0.462,0.189,0.296,0.897,1.561,1.923,0.684,0.628,1.169,1.116,0.462,0.189,0.296,0.897,125.355,
1.498,1.846,0.656,0.581,1.146,1.111,0.494,0.191,0.323,0.854,1.498,1.846,0.656,0.581,1.146,1.111,0.494,0.191,0.323,0.854,127.581,
1.538,1.924,0.688,0.636,1.155,1.125,0.466,0.191,0.299,0.904,1.538,1.924,0.688,0.636,1.155,1.125,0.466,0.191,0.299,0.904,127.945,
1.484,1.846,0.673,0.598,1.092,1.147,0.489,0.203,0.315,0.901,1.484,1.846,0.673,0.598,1.092,1.147,0.489,0.203,0.315,0.901,128.515,
1.498,1.859,0.658,0.571,1.12,1.152,0.485,0.196,0.317,0.881,1.498,1.859,0.658,0.571,1.12,1.152,0.485,0.196,0.317,0.881,128.16,
1.548,1.836,0.664,0.592,1.179,1.064,0.471,0.182,0.308,0.81,1.548,1.836,0.664,0.592,1.179,1.064,0.471,0.182,0.308,0.81,124.595,
1.585,1.938,0.673,0.606,1.217,1.103,0.462,0.189,0.293,0.877,1.585,1.938,0.673,0.606,1.217,1.103,0.462,0.189,0.293,0.877,125.543,
,,,,,,,,,,,,,,,,,,,,,
0.332,0.907,0.294,0.22,0.117,5.934,6.651,0.723,6.02,1.613,0.332,0.907,0.294,0.22,0.117,5.934,6.651,0.723,6.02,1.613,48.836,14
0.306,0.926,0.261,0.195,0.12,6.127,6.708,0.7,6.222,1.338,0.306,0.926,0.261,0.195,0.12,6.127,6.708,0.7,6.222,1.338,49.477,
0.32,0.784,0.298,0.221,0.115,4.939,6.754,0.871,6.144,2.222,0.32,0.784,0.298,0.221,0.115,4.939,6.754,0.871,6.144,2.222,47.381,
0.527,1.657,0.491,0.355,0.173,7.557,3.762,0.812,2.951,4.485,0.527,1.657,0.491,0.355,0.173,7.557,3.762,0.812,2.951,4.485,48.26,
0.452,1.447,0.399,0.266,0.186,6.352,3.958,0.733,3.229,3.084,0.452,1.447,0.399,0.266,0.186,6.352,3.958,0.733,3.229,3.084,47.676,
0.313,0.975,0.282,0.198,0.124,6.263,6.469,0.766,5.839,0.21,0.313,0.975,0.282,0.198,0.124,6.263,6.469,0.766,5.839,0.21,47.518,
0.457,1.519,0.415,0.292,0.165,7.478,4.327,0.773,3.556,4.278,0.457,1.519,0.415,0.292,0.165,7.478,4.327,0.773,3.556,4.278,50.804,
0.351,1.004,0.331,0.238,0.115,6.655,6.61,0.919,5.845,0.368,0.351,1.004,0.331,0.238,0.115,6.655,6.61,0.919,5.845,0.368,47.518,
0.485,1.051,0.422,0.322,0.17,4.395,4.037,0.7,3.394,0.632,0.485,1.051,0.422,0.322,0.17,4.395,4.037,0.7,3.394,0.632,47.854,
0.496,1.142,0.462,0.355,0.172,4.75,3.831,0.754,3.13,1.105,0.496,1.142,0.462,0.355,0.172,4.75,3.831,0.754,3.13,1.105,51.478,
0.466,1.096,0.425,0.301,0.179,4.574,3.941,0.789,3.208,1.112,0.466,1.096,0.425,0.301,0.179,4.574,3.941,0.789,3.208,1.112,51.788,
0.426,1.336,0.393,0.292,0.168,6.275,4.356,0.89,3.608,2.108,0.426,1.336,0.393,0.292,0.168,6.275,4.356,0.89,3.608,2.108,50.488,
0.467,1.169,0.43,0.316,0.183,4.811,3.881,0.85,3.122,0.93,0.467,1.169,0.43,0.316,0.183,4.811,3.881,0.85,3.122,0.93,47.265,
0.463,1.076,0.413,0.331,0.166,4.734,4.183,0.814,3.533,0.774,0.463,1.076,0.413,0.331,0.166,4.734,4.183,0.814,3.533,0.774,46.872,
0.49,1.159,0.423,0.333,0.189,4.504,3.606,0.712,3.056,0.986,0.49,1.159,0.423,0.333,0.189,4.504,3.606,0.712,3.056,0.986,48.094,
0.416,0.861,0.372,0.295,0.147,3.893,4.805,0.737,4.344,1.189,0.416,0.861,0.372,0.295,0.147,3.893,4.805,0.737,4.344,1.189,47.854,
0.539,1.526,0.441,0.359,0.229,5.144,2.879,0.602,2.441,2.303,0.539,1.526,0.441,0.359,0.229,5.144,2.879,0.602,2.441,2.303,52.887,
0.301,0.928,0.257,0.196,0.122,6.037,6.615,0.798,6.336,1.605,0.301,0.928,0.257,0.196,0.122,6.037,6.615,0.798,6.336,1.605,53.141,
0.302,0.916,0.271,0.217,0.113,6.232,6.91,0.909,6.655,2.09,0.302,0.916,0.271,0.217,0.113,6.232,6.91,0.909,6.655,2.09,47.518,
0.32,0.828,0.298,0.217,0.11,5.561,7.143,0.873,6.655,3.093,0.32,0.828,0.298,0.217,0.11,5.561,7.143,0.873,6.655,3.093,45.891,
0.324,0.96,0.272,0.206,0.125,6.017,6.355,0.697,6.013,1.529,0.324,0.96,0.272,0.206,0.125,6.017,6.355,0.697,6.013,1.529,44.385,
0.309,0.94,0.276,0.202,0.115,6.399,6.949,0.798,6.543,1.935,0.309,0.94,0.276,0.202,0.115,6.399,6.949,0.798,6.543,1.935,48.508,
0.31,0.914,0.263,0.214,0.119,5.978,6.628,0.821,6.429,2.391,0.31,0.914,0.263,0.214,0.119,5.978,6.628,0.821,6.429,2.391,47.539,
0.311,0.865,0.279,0.218,0.104,6.263,7.563,0.835,7.208,2.678,0.311,0.865,0.279,0.218,0.104,6.263,7.563,0.835,7.208,2.678,48.27,
0.297,0.98,0.249,0.185,0.125,6.366,6.522,0.743,6.217,1.652,0.297,0.98,0.249,0.185,0.125,6.366,6.522,0.743,6.217,1.652,46.325,
0.294,0.92,0.261,0.203,0.108,6.621,7.354,0.787,7.013,1.721,0.294,0.92,0.261,0.203,0.108,6.621,7.354,0.787,7.013,1.721,48.662,
0.281,0.967,0.246,0.173,0.122,6.505,6.763,0.892,6.393,1.262,0.281,0.967,0.246,0.173,0.122,6.505,6.763,0.892,6.393,1.262,49.031,
0.295,0.953,0.253,0.199,0.123,6.161,6.51,0.772,6.252,1.688,0.295,0.953,0.253,0.199,0.123,6.161,6.51,0.772,6.252,1.688,46.098,
0.287,0.922,0.253,0.177,0.117,6.395,7.103,0.779,6.67,1.867,0.287,0.922,0.253,0.177,0.117,6.395,7.103,0.779,6.67,1.867,48.836,
0.299,0.873,0.268,0.19,0.113,6.029,7.179,0.807,6.722,2.623,0.299,0.873,0.268,0.19,0.113,6.029,7.179,0.807,6.722,2.623,48.508,
0.318,0.965,0.279,0.201,0.125,6.114,6.422,0.752,5.993,1.69,0.318,0.965,0.279,0.201,0.125,6.114,6.422,0.752,5.993,1.69,47.676,
0.307,1.067,0.283,0.214,0.125,6.822,6.271,0.894,5.914,1.132,0.307,1.067,0.283,0.214,0.125,6.822,6.271,0.894,5.914,1.132,50.448,
0.3,0.891,0.271,0.19,0.118,5.947,6.91,0.794,6.435,2.313,0.3,0.891,0.271,0.19,0.118,5.947,6.91,0.794,6.435,2.313,47.518,
0.297,0.928,0.259,0.191,0.111,6.643,7.32,0.799,6.956,2.122,0.297,0.928,0.259,0.191,0.111,6.643,7.32,0.799,6.956,2.122,46.573,
0.297,0.854,0.267,0.198,0.113,5.839,7.104,0.828,6.72,2.808,0.297,0.854,0.267,0.198,0.113,5.839,7.104,0.828,6.72,2.808,47.854,
0.365,1.049,0.305,0.239,0.142,5.726,5.371,0.733,5.072,1.224,0.365,1.049,0.305,0.239,0.142,5.726,5.371,0.733,5.072,1.224,45.541,
0.3,0.975,0.266,0.191,0.128,6.154,6.341,0.778,5.933,1.549,0.3,0.975,0.266,0.191,0.128,6.154,6.341,0.778,5.933,1.549,49.477,
0.315,0.961,0.254,0.2,0.132,5.796,6.088,0.673,5.86,1.444,0.315,0.961,0.254,0.2,0.132,5.796,6.088,0.673,5.86,1.444,46.573,
0.302,0.958,0.254,0.188,0.134,5.766,6.068,0.756,5.793,1.519,0.302,0.958,0.254,0.188,0.134,5.766,6.068,0.756,5.793,1.519,49.031,
0.315,0.993,0.261,0.203,0.151,5.293,5.286,0.798,5.075,1.304,0.315,0.993,0.261,0.203,0.151,5.293,5.286,0.798,5.075,1.304,48.836,
0.296,0.964,0.257,0.18,0.127,6.165,6.458,0.77,6.073,1.715,0.296,0.964,0.257,0.18,0.127,6.165,6.458,0.77,6.073,1.715,48.662,
0.295,0.938,0.248,0.193,0.121,6.152,6.654,0.793,6.47,1.863,0.295,0.938,0.248,0.193,0.121,6.152,6.654,0.793,6.47,1.863,46.53,
0.287,0.954,0.23,0.175,0.137,5.694,6.005,0.696,5.79,1.466,0.287,0.954,0.23,0.175,0.137,5.694,6.005,0.696,5.79,1.466,49.031,
0.309,0.943,0.267,0.208,0.128,5.767,6.181,0.793,5.93,1.812,0.309,0.943,0.267,0.208,0.128,5.767,6.181,0.793,5.93,1.812,48.508,
0.3,0.949,0.26,0.192,0.126,6.022,6.443,0.738,6.135,1.601,0.3,0.949,0.26,0.192,0.126,6.022,6.443,0.738,6.135,1.601,49.649,
0.303,0.952,0.269,0.205,0.115,6.516,6.949,0.838,6.656,1.671,0.303,0.952,0.269,0.205,0.115,6.516,6.949,0.838,6.656,1.671,49.477,
0.304,0.932,0.26,0.194,0.119,6.213,6.802,0.807,6.533,1.963,0.304,0.932,0.26,0.194,0.119,6.213,6.802,0.807,6.533,1.963,47.854,
0.316,0.879,0.275,0.208,0.12,5.621,6.664,0.762,6.366,2.292,0.316,0.879,0.275,0.208,0.12,5.621,6.664,0.762,6.366,2.292,47.854,
0.302,0.961,0.266,0.192,0.121,6.371,6.729,0.747,6.336,1.847,0.302,0.961,0.266,0.192,0.121,6.371,6.729,0.747,6.336,1.847,49.477,
0.326,0.954,0.285,0.213,0.131,5.68,6.037,0.765,5.713,1.665,0.326,0.954,0.285,0.213,0.131,5.68,6.037,0.765,5.713,1.665,49.477,
0.303,0.96,0.266,0.205,0.114,6.648,6.997,0.868,6.742,1.8,0.303,0.96,0.266,0.205,0.114,6.648,6.997,0.868,6.742,1.8,51.923,
,,,,,,,,,,,,,,,,,,,,,
1.918,2.561,0.806,0.826,1.238,1.404,0.306,0.169,0.178,1.321,1.918,2.561,0.806,0.826,1.238,1.404,0.306,0.169,0.178,1.321,120.354,15
1.854,2.436,0.791,0.777,1.295,1.295,0.359,0.191,0.192,1.162,1.854,2.436,0.791,0.777,1.295,1.295,0.359,0.191,0.192,1.162,117.184,
1.97,2.591,0.792,0.806,1.335,1.344,0.319,0.164,0.185,1.247,1.97,2.591,0.792,0.806,1.335,1.344,0.319,0.164,0.185,1.247,116.726,
1.864,2.481,0.788,0.797,1.253,1.355,0.351,0.184,0.199,1.236,1.864,2.481,0.788,0.797,1.253,1.355,0.351,0.184,0.199,1.236,118.962,
1.921,2.535,0.802,0.816,1.335,1.306,0.348,0.196,0.18,1.197,1.921,2.535,0.802,0.816,1.335,1.306,0.348,0.196,0.18,1.197,120.308,
1.888,2.468,0.779,0.802,1.312,1.288,0.358,0.178,0.21,1.168,1.888,2.468,0.779,0.802,1.312,1.288,0.358,0.178,0.21,1.168,121.655,
1.983,2.67,0.786,0.788,1.415,1.345,0.341,0.185,0.181,1.23,1.983,2.67,0.786,0.788,1.415,1.345,0.341,0.185,0.181,1.23,117.618,
1.887,2.507,0.798,0.783,1.287,1.348,0.33,0.176,0.18,1.22,1.887,2.507,0.798,0.783,1.287,1.348,0.33,0.176,0.18,1.22,115.836,
1.897,2.486,0.795,0.81,1.271,1.327,0.341,0.197,0.183,1.228,1.897,2.486,0.795,0.81,1.271,1.327,0.341,0.197,0.183,1.228,117.171,
1.894,2.473,0.788,0.791,1.296,1.308,0.354,0.186,0.195,1.197,1.894,2.473,0.788,0.791,1.296,1.308,0.354,0.186,0.195,1.197,118.512,
1.795,2.389,0.778,0.767,1.208,1.352,0.371,0.182,0.216,1.213,1.795,2.389,0.778,0.767,1.208,1.352,0.371,0.182,0.216,1.213,116.276,
2.036,2.835,0.805,0.826,1.426,1.427,0.322,0.18,0.169,1.322,2.036,2.835,0.805,0.826,1.426,1.427,0.322,0.18,0.169,1.322,117.618,
1.907,2.614,0.798,0.828,1.267,1.418,0.318,0.164,0.191,1.321,1.907,2.614,0.798,0.828,1.267,1.418,0.318,0.164,0.191,1.321,114.039,
1.958,2.669,0.776,0.808,1.393,1.355,0.347,0.189,0.192,1.242,1.958,2.669,0.776,0.808,1.393,1.355,0.347,0.189,0.192,1.242,113.146,
1.898,2.584,0.789,0.763,1.315,1.396,0.35,0.196,0.181,1.256,1.898,2.584,0.789,0.763,1.315,1.396,0.35,0.196,0.181,1.256,114.495,
1.851,2.513,0.779,0.761,1.274,1.385,0.368,0.206,0.194,1.248,1.851,2.513,0.779,0.761,1.274,1.385,0.368,0.206,0.194,1.248,114.495,
1.827,2.439,0.782,0.758,1.272,1.337,0.359,0.171,0.207,1.175,1.827,2.439,0.782,0.758,1.272,1.337,0.359,0.171,0.207,1.175,114.495,
1.822,2.44,0.817,0.811,1.172,1.398,0.358,0.213,0.178,1.289,1.822,2.44,0.817,0.811,1.172,1.398,0.358,0.213,0.178,1.289,116.778,
1.765,2.363,0.741,0.748,1.193,1.365,0.404,0.215,0.237,1.216,1.765,2.363,0.741,0.748,1.193,1.365,0.404,0.215,0.237,1.216,113.159,
1.829,2.365,0.763,0.75,1.261,1.292,0.37,0.189,0.213,1.139,1.829,2.365,0.763,0.75,1.261,1.292,0.37,0.189,0.213,1.139,115.832,
1.848,2.441,0.798,0.758,1.281,1.327,0.357,0.178,0.193,1.174,1.848,2.441,0.798,0.758,1.281,1.327,0.357,0.178,0.193,1.174,114.495,
1.821,2.494,0.749,0.727,1.3,1.377,0.39,0.201,0.218,1.205,1.821,2.494,0.749,0.727,1.3,1.377,0.39,0.201,0.218,1.205,112.259,
1.726,2.297,0.779,0.772,1.129,1.359,0.411,0.239,0.215,1.234,1.726,2.297,0.779,0.772,1.129,1.359,0.411,0.239,0.215,1.234,112.308,
1.805,2.421,0.743,0.709,1.249,1.378,0.387,0.173,0.236,1.206,1.805,2.421,0.743,0.709,1.249,1.378,0.387,0.173,0.236,1.206,114.495,
1.835,2.454,0.776,0.773,1.278,1.334,0.38,0.196,0.21,1.191,1.835,2.454,0.776,0.773,1.278,1.334,0.38,0.196,0.21,1.191,112.308,
1.732,2.252,0.761,0.699,1.168,1.334,0.399,0.204,0.221,1.155,1.732,2.252,0.761,0.699,1.168,1.334,0.399,0.204,0.221,1.155,114.543,
1.794,2.397,0.775,0.764,1.193,1.376,0.366,0.183,0.215,1.233,1.794,2.397,0.775,0.764,1.193,1.376,0.366,0.183,0.215,1.233,113.635,
1.74,2.327,0.804,0.746,1.106,1.431,0.349,0.177,0.194,1.272,1.74,2.327,0.804,0.746,1.106,1.431,0.349,0.177,0.194,1.272,113.159,
1.839,2.42,0.772,0.74,1.263,1.339,0.356,0.173,0.206,1.176,1.839,2.42,0.772,0.74,1.263,1.339,0.356,0.173,0.206,1.176,113.635,
1.745,2.328,0.772,0.769,1.129,1.385,0.361,0.183,0.221,1.241,1.745,2.328,0.772,0.769,1.129,1.385,0.361,0.183,0.221,1.241,112.308,
1.772,2.353,0.762,0.721,1.222,1.344,0.396,0.193,0.224,1.183,1.772,2.353,0.762,0.721,1.222,1.344,0.396,0.193,0.224,1.183,112.699,
1.761,2.365,0.769,0.739,1.197,1.368,0.383,0.176,0.227,1.2,1.761,2.365,0.769,0.739,1.197,1.368,0.383,0.176,0.227,1.2,113.159,
1.804,2.352,0.778,0.763,1.233,1.302,0.355,0.183,0.203,1.141,1.804,2.352,0.778,0.763,1.233,1.302,0.355,0.183,0.203,1.141,115.039,
1.798,2.396,0.757,0.75,1.226,1.354,0.381,0.205,0.217,1.2,1.798,2.396,0.757,0.75,1.226,1.354,0.381,0.205,0.217,1.2,114.965,
1.843,2.406,0.775,0.779,1.258,1.306,0.344,0.183,0.2,1.162,1.843,2.406,0.775,0.779,1.258,1.306,0.344,0.183,0.2,1.162,115.871,
1.831,2.39,0.769,0.748,1.278,1.299,0.383,0.194,0.213,1.151,1.831,2.39,0.769,0.748,1.278,1.299,0.383,0.194,0.213,1.151,116.297,
1.904,2.487,0.798,0.77,1.28,1.345,0.31,0.162,0.175,1.21,1.904,2.487,0.798,0.77,1.28,1.345,0.31,0.162,0.175,1.21,116.297,
1.887,2.494,0.804,0.78,1.266,1.36,0.321,0.164,0.179,1.225,1.887,2.494,0.804,0.78,1.266,1.36,0.321,0.164,0.179,1.225,119.407,
1.786,2.426,0.793,0.755,1.207,1.393,0.399,0.216,0.203,1.259,1.786,2.426,0.793,0.755,1.207,1.393,0.399,0.216,0.203,1.259,114.061,
1.869,2.425,0.793,0.761,1.274,1.312,0.347,0.177,0.19,1.183,1.869,2.425,0.793,0.761,1.274,1.312,0.347,0.177,0.19,1.183,118.512,
1.844,2.404,0.817,0.802,1.217,1.325,0.334,0.174,0.181,1.204,1.844,2.404,0.817,0.802,1.217,1.325,0.334,0.174,0.181,1.204,117.201,
1.846,2.452,0.812,0.772,1.237,1.365,0.338,0.171,0.182,1.227,1.846,2.452,0.812,0.772,1.237,1.365,0.338,0.171,0.182,1.227,115.395,
1.799,2.398,0.799,0.789,1.217,1.336,0.372,0.204,0.195,1.206,1.799,2.398,0.799,0.789,1.217,1.336,0.372,0.204,0.195,1.206,115.039,
1.838,2.43,0.788,0.775,1.256,1.332,0.355,0.163,0.211,1.186,1.838,2.43,0.788,0.775,1.256,1.332,0.355,0.163,0.211,1.186,117.201,
1.727,2.316,0.776,0.738,1.16,1.368,0.407,0.202,0.226,1.212,1.727,2.316,0.776,0.738,1.16,1.368,0.407,0.202,0.226,1.212,113.635,
1.839,2.406,0.801,0.758,1.257,1.321,0.364,0.185,0.193,1.181,1.839,2.406,0.801,0.758,1.257,1.321,0.364,0.185,0.193,1.181,114.061,
1.755,2.322,0.774,0.727,1.181,1.36,0.385,0.188,0.218,1.182,1.755,2.322,0.774,0.727,1.181,1.36,0.385,0.188,0.218,1.182,116.73,
1.905,2.502,0.782,0.791,1.328,1.304,0.34,0.161,0.204,1.175,1.905,2.502,0.782,0.791,1.328,1.304,0.34,0.161,0.204,1.175,114.039,
1.902,2.538,0.804,0.804,1.273,1.372,0.316,0.168,0.179,1.245,1.902,2.538,0.804,0.804,1.273,1.372,0.316,0.168,0.179,1.245,114.965,
1.792,2.395,0.759,0.74,1.209,1.374,0.378,0.18,0.227,1.229,1.792,2.395,0.759,0.74,1.209,1.374,0.378,0.18,0.227,1.229,114.543,
1.862,2.423,0.799,0.793,1.236,1.324,0.355,0.212,0.18,1.226,1.862,2.423,0.799,0.793,1.236,1.324,0.355,0.212,0.18,1.226,114.061,
,,,,,,,,,,,,,,,,,,,,,
1.762,2.666,0.859,1.017,0.82,2.097,0.172,0.243,0.172,2.208,1.762,2.666,0.859,1.017,0.82,2.097,0.172,0.243,0.172,2.208,72.18,16
1.546,2.443,0.881,0.982,0.571,2.609,0.264,0.257,0.218,2.694,1.546,2.443,0.881,0.982,0.571,2.609,0.264,0.257,0.218,2.694,75.007,
0.881,1.337,0.443,0.509,0.414,2.097,1.258,0.187,1.445,0.839,0.881,1.337,0.443,0.509,0.414,2.097,1.258,0.187,1.445,0.839,72.18,
0.587,0.932,0.314,0.349,0.269,2.295,2.503,0.277,2.746,0.335,0.587,0.932,0.314,0.349,0.269,2.295,2.503,0.277,2.746,0.335,72.835,
0.783,1.077,0.382,0.395,0.409,1.729,1.535,0.167,1.65,0.195,0.783,1.077,0.382,0.395,0.409,1.729,1.535,0.167,1.65,0.195,62.37,
1.751,2.659,0.824,1.354,0.426,3.121,1.185,1.458,0.414,4.244,1.751,2.659,0.824,1.354,0.426,3.121,1.185,1.458,0.414,4.244,72.863,
0.816,1.187,0.363,0.494,0.339,2.097,1.529,0.529,2.039,0.572,0.816,1.187,0.363,0.494,0.339,2.097,1.529,0.529,2.039,0.572,68.768,
1.039,1.51,0.539,0.607,0.467,2.016,0.92,0.232,1.145,1.103,1.039,1.51,0.539,0.607,0.467,2.016,0.92,0.232,1.145,1.103,72.125,
1.72,2.666,0.815,1.302,0.423,3.25,1.078,1.324,0.443,4.215,1.72,2.666,0.815,1.302,0.423,3.25,1.078,1.324,0.443,4.215,72.18,
1.707,2.463,0.856,1.227,0.484,2.593,0.777,0.898,0.313,3.281,1.707,2.463,0.856,1.227,0.484,2.593,0.777,0.898,0.313,3.281,74.25,
1.73,2.511,0.851,1.651,0.097,8.886,8.736,9.469,1.587,17.25,1.73,2.511,0.851,1.651,0.097,8.886,8.736,9.469,1.587,17.25,72.863,
1.7,2.423,0.838,1.284,0.422,2.756,1.06,1.284,0.384,3.737,1.7,2.423,0.838,1.284,0.422,2.756,1.06,1.284,0.384,3.737,70.711,
1.717,2.476,0.836,1.222,0.511,2.51,0.653,0.857,0.324,3.114,1.717,2.476,0.836,1.222,0.511,2.51,0.653,0.857,0.324,3.114,72.835,
1.696,2.483,0.877,1.725,0.136,5.579,6.403,7.072,0.906,11.718,1.696,2.483,0.877,1.725,0.136,5.579,6.403,7.072,0.906,11.718,78.568,
1.562,2.394,0.864,0.97,0.614,2.387,0.199,0.201,0.236,2.434,1.562,2.394,0.864,0.97,0.614,2.387,0.199,0.201,0.236,2.434,76.577,
1.597,2.295,0.842,1.012,0.623,2.138,0.27,0.355,0.255,2.295,1.597,2.295,0.842,1.012,0.623,2.138,0.27,0.355,0.255,2.295,73.539,
1.615,2.418,0.841,1.548,0.093,9.505,7.476,8.515,1.754,16.791,1.615,2.418,0.841,1.548,0.093,9.505,7.476,8.515,1.754,16.791,76.381,
1.566,2.318,0.842,1.059,0.538,2.436,0.337,0.486,0.295,2.695,1.566,2.318,0.842,1.059,0.538,2.436,0.337,0.486,0.295,2.695,75.743,
1.634,2.557,0.829,1.225,0.46,2.986,0.711,0.962,0.373,3.662,1.634,2.557,0.829,1.225,0.46,2.986,0.711,0.962,0.373,3.662,74.967,
1.388,1.95,0.677,0.853,0.561,2.023,0.262,0.423,0.642,1.798,1.388,1.95,0.677,0.853,0.561,2.023,0.262,0.423,0.642,1.798,66.528,
0.79,1.235,0.416,0.492,0.318,2.414,1.644,0.302,1.938,0.78,0.79,1.235,0.416,0.492,0.318,2.414,1.644,0.302,1.938,0.78,74.277,
1.623,2.571,0.85,0.985,0.673,2.424,0.256,0.311,0.223,2.53,1.623,2.571,0.85,0.985,0.673,2.424,0.256,0.311,0.223,2.53,71.449,
1.47,2.27,0.792,0.911,0.598,2.391,0.214,0.293,0.357,2.355,1.47,2.27,0.792,0.911,0.598,2.391,0.214,0.293,0.357,2.355,74.411,
1.13,1.776,0.662,0.708,0.447,2.484,0.715,0.161,0.869,1.771,1.13,1.776,0.662,0.708,0.447,2.484,0.715,0.161,0.869,1.771,74.411,
1.657,2.371,0.84,1.213,0.476,2.497,0.721,0.922,0.338,3.157,1.657,2.371,0.84,1.213,0.476,2.497,0.721,0.922,0.338,3.157,68.884,
1.642,2.384,0.823,1.085,0.589,2.288,0.435,0.568,0.301,2.633,1.642,2.384,0.823,1.085,0.589,2.288,0.435,0.568,0.301,2.633,70.767,
1.568,2.393,0.865,1.037,0.547,2.542,0.211,0.339,0.254,2.687,1.568,2.393,0.865,1.037,0.547,2.542,0.211,0.339,0.254,2.687,75.822,
1.587,2.336,0.831,1.021,0.607,2.257,0.163,0.338,0.28,2.364,1.587,2.336,0.831,1.021,0.607,2.257,0.163,0.338,0.28,2.364,75.166,
1.57,2.339,0.855,0.994,0.611,2.282,0.196,0.283,0.239,2.37,1.57,2.339,0.855,0.994,0.611,2.282,0.196,0.283,0.239,2.37,77.987,
1.565,2.454,0.856,1.005,0.576,2.574,0.268,0.35,0.25,2.7,1.565,2.454,0.856,1.005,0.576,2.574,0.268,0.35,0.25,2.7,71.84,
1.637,2.419,0.843,0.966,0.703,2.146,0.204,0.238,0.224,2.21,1.637,2.419,0.843,0.966,0.703,2.146,0.204,0.238,0.224,2.21,70.725,
1.546,2.468,0.858,1.02,0.561,2.667,0.172,0.318,0.254,2.776,1.546,2.468,0.858,1.02,0.561,2.667,0.172,0.318,0.254,2.776,73.661,
1.594,2.499,0.847,0.936,0.667,2.391,0.241,0.222,0.231,2.402,1.594,2.499,0.847,0.936,0.667,2.391,0.241,0.222,0.231,2.402,70.178,
1.618,2.591,0.846,1.208,0.422,3.34,0.931,1.056,0.378,4.152,1.618,2.591,0.846,1.208,0.422,3.34,0.931,1.056,0.378,4.152,73.593,
1.036,1.691,0.558,0.648,0.407,2.613,0.924,0.321,1.235,1.702,1.036,1.691,0.558,0.648,0.407,2.613,0.924,0.321,1.235,1.702,71.449,
1.143,1.663,0.6,0.641,0.538,1.958,0.731,0.171,0.886,1.237,1.143,1.663,0.6,0.641,0.538,1.958,0.731,0.171,0.886,1.237,67.209,
1.667,2.595,0.87,1.028,0.697,2.342,0.205,0.266,0.194,2.482,1.667,2.595,0.87,1.028,0.697,2.342,0.205,0.266,0.194,2.482,70.093,
1.529,2.309,0.845,1.106,0.458,2.737,0.537,0.695,0.341,3.192,1.529,2.309,0.845,1.106,0.458,2.737,0.537,0.695,0.341,3.192,72.139,
1.457,2.264,0.846,1.094,0.42,2.921,0.504,0.728,0.368,3.356,1.457,2.264,0.846,1.094,0.42,2.921,0.504,0.728,0.368,3.356,76.381,
1.583,2.421,0.819,1.181,0.514,2.625,0.433,0.749,0.353,3.058,1.583,2.421,0.819,1.181,0.514,2.625,0.433,0.749,0.353,3.058,70.711,
1.617,2.624,0.892,1.108,0.569,2.819,0.337,0.441,0.193,3.135,1.617,2.624,0.892,1.108,0.569,2.819,0.337,0.441,0.193,3.135,72.125,
1.58,2.568,0.858,1.191,0.441,3.345,0.663,0.893,0.323,3.995,1.58,2.568,0.858,1.191,0.441,3.345,0.663,0.893,0.323,3.995,73.593,
1.624,2.553,0.856,1.026,0.692,2.39,0.054,0.253,0.21,2.443,1.624,2.553,0.856,1.026,0.692,2.39,0.054,0.253,0.21,2.443,70.007,
1.532,2.454,0.861,0.977,0.604,2.576,0.133,0.239,0.232,2.612,1.532,2.454,0.861,0.977,0.604,2.576,0.133,0.239,0.232,2.612,72.18,
1.578,2.409,0.86,1.038,0.593,2.479,0.164,0.348,0.238,2.621,1.578,2.409,0.86,1.038,0.593,2.479,0.164,0.348,0.238,2.621,70.767,
1.606,2.35,0.86,1.159,0.494,2.544,0.478,0.711,0.286,3.006,1.606,2.35,0.86,1.159,0.494,2.544,0.478,0.711,0.286,3.006,70.007,
1.598,2.35,0.849,1.186,0.471,2.67,0.613,0.862,0.324,3.27,1.598,2.35,0.849,1.186,0.471,2.67,0.613,0.862,0.324,3.27,70.036,
1.607,2.429,0.856,1.196,0.507,2.656,0.487,0.75,0.289,3.143,1.607,2.429,0.856,1.196,0.507,2.656,0.487,0.75,0.289,3.143,73.553,
1.568,2.409,0.859,1.027,0.58,2.518,0.225,0.349,0.244,2.681,1.568,2.409,0.859,1.027,0.58,2.518,0.225,0.349,0.244,2.681,74.277,
1.566,2.34,0.857,1.121,0.504,2.6,0.377,0.63,0.294,2.966,1.566,2.34,0.857,1.121,0.504,2.6,0.377,0.63,0.294,2.966,73.593,
,,,,,,,,,,,,,,,,,,,,,
0.513,0.957,0.95,0.79,0.355,0.482,0.602,0.452,0.169,0.122,0.513,0.957,0.95,0.79,0.355,0.482,0.602,0.452,0.169,0.122,25.456,17
0.503,0.95,0.937,0.772,0.351,0.517,0.655,0.47,0.193,0.142,0.503,0.95,0.937,0.772,0.351,0.517,0.655,0.47,0.193,0.142,22.804,
0.539,0.96,0.986,0.831,0.373,0.383,0.527,0.42,0.228,0.155,0.539,0.96,0.986,0.831,0.373,0.383,0.527,0.42,0.228,0.155,21.213,
0.521,0.941,0.962,0.797,0.356,0.441,0.614,0.463,0.259,0.173,0.521,0.941,0.962,0.797,0.356,0.441,0.614,0.463,0.259,0.173,23.345,
0.506,0.947,0.939,0.786,0.355,0.459,0.603,0.43,0.173,0.16,0.506,0.947,0.939,0.786,0.355,0.459,0.603,0.43,0.173,0.16,24.759,
0.52,0.943,0.963,0.805,0.354,0.421,0.567,0.449,0.148,0.163,0.52,0.943,0.963,0.805,0.354,0.421,0.567,0.449,0.148,0.163,21.213,
0.529,0.95,0.954,0.806,0.357,0.414,0.55,0.416,0.147,0.142,0.529,0.95,0.954,0.806,0.357,0.414,0.55,0.416,0.147,0.142,25.456,
0.516,0.945,0.958,0.781,0.348,0.491,0.646,0.511,0.174,0.158,0.516,0.945,0.958,0.781,0.348,0.491,0.646,0.511,0.174,0.158,24.083,
0.516,0.951,0.963,0.81,0.378,0.394,0.521,0.408,0.149,0.131,0.516,0.951,0.963,0.81,0.378,0.394,0.521,0.408,0.149,0.131,25.612,
0.504,0.929,0.942,0.784,0.35,0.432,0.62,0.452,0.173,0.215,0.504,0.929,0.942,0.784,0.35,0.432,0.62,0.452,0.173,0.215,23.324,
0.52,0.974,0.966,0.817,0.373,0.43,0.526,0.4,0.202,0.129,0.52,0.974,0.966,0.817,0.373,0.43,0.526,0.4,0.202,0.129,22.627,
0.504,0.935,0.952,0.784,0.343,0.461,0.632,0.489,0.181,0.205,0.504,0.935,0.952,0.784,0.343,0.461,0.632,0.489,0.181,0.205,24.083,
0.527,0.933,0.96,0.809,0.361,0.399,0.57,0.42,0.202,0.185,0.527,0.933,0.96,0.809,0.361,0.399,0.57,0.42,0.202,0.185,22.672,
0.538,1.01,1.002,0.839,0.371,0.468,0.523,0.44,0.303,0.234,0.538,1.01,1.002,0.839,0.371,0.468,0.523,0.44,0.303,0.234,19.799,
0.524,0.955,0.966,0.809,0.356,0.428,0.569,0.443,0.18,0.145,0.524,0.955,0.966,0.809,0.356,0.428,0.569,0.443,0.18,0.145,20.616,
0.505,0.944,0.957,0.791,0.356,0.442,0.593,0.465,0.152,0.161,0.505,0.944,0.957,0.791,0.356,0.442,0.593,0.465,0.152,0.161,18.601,
0.519,0.932,0.95,0.789,0.343,0.431,0.62,0.469,0.159,0.201,0.519,0.932,0.95,0.789,0.343,0.431,0.62,0.469,0.159,0.201,22.672,
0.513,0.945,0.97,0.812,0.373,0.375,0.518,0.425,0.137,0.146,0.513,0.945,0.97,0.812,0.373,0.375,0.518,0.425,0.137,0.146,23.854,
0.496,0.926,0.951,0.793,0.356,0.396,0.587,0.445,0.15,0.219,0.496,0.926,0.951,0.793,0.356,0.396,0.587,0.445,0.15,0.219,23.431,
0.517,0.938,0.967,0.826,0.388,0.328,0.468,0.371,0.104,0.161,0.517,0.938,0.967,0.826,0.388,0.328,0.468,0.371,0.104,0.161,21.932,
0.53,0.939,0.977,0.839,0.385,0.318,0.46,0.364,0.149,0.159,0.53,0.939,0.977,0.839,0.385,0.318,0.46,0.364,0.149,0.159,23.022,
0.533,0.961,0.986,0.825,0.37,0.42,0.579,0.442,0.286,0.174,0.533,0.961,0.986,0.825,0.37,0.42,0.579,0.442,0.286,0.174,21.932,
0.531,0.946,0.97,0.821,0.368,0.365,0.505,0.406,0.137,0.146,0.531,0.946,0.97,0.821,0.368,0.365,0.505,0.406,0.137,0.146,24.083,
0.526,0.95,0.962,0.804,0.359,0.434,0.564,0.443,0.137,0.14,0.526,0.95,0.962,0.804,0.359,0.434,0.564,0.443,0.137,0.14,25.456,
0.522,0.96,0.969,0.806,0.365,0.458,0.577,0.446,0.228,0.119,0.522,0.96,0.969,0.806,0.365,0.458,0.577,0.446,0.228,0.119,25.495,
0.514,0.938,0.975,0.809,0.363,0.376,0.532,0.459,0.103,0.18,0.514,0.938,0.975,0.809,0.363,0.376,0.532,0.459,0.103,0.18,24.083,
0.519,0.943,0.968,0.819,0.374,0.361,0.496,0.401,0.107,0.158,0.519,0.943,0.968,0.819,0.374,0.361,0.496,0.401,0.107,0.158,21.932,
0.524,0.934,0.971,0.825,0.373,0.341,0.499,0.396,0.146,0.177,0.524,0.934,0.971,0.825,0.373,0.341,0.499,0.396,0.146,0.177,24.083,
0.52,0.94,0.969,0.817,0.37,0.374,0.528,0.422,0.127,0.163,0.52,0.94,0.969,0.817,0.37,0.374,0.528,0.422,0.127,0.163,21.26,
0.528,0.916,0.958,0.809,0.358,0.425,0.574,0.425,0.181,0.26,0.528,0.916,0.958,0.809,0.358,0.425,0.574,0.425,0.181,0.26,24.839,
0.524,0.948,0.969,0.818,0.361,0.389,0.513,0.419,0.119,0.156,0.524,0.948,0.969,0.818,0.361,0.389,0.513,0.419,0.119,0.156,21.401,
0.52,0.938,0.95,0.807,0.358,0.394,0.554,0.403,0.159,0.175,0.52,0.938,0.95,0.807,0.358,0.394,0.554,0.403,0.159,0.175,24.083,
0.53,0.942,0.955,0.809,0.355,0.405,0.551,0.414,0.147,0.169,0.53,0.942,0.955,0.809,0.355,0.405,0.551,0.414,0.147,0.169,20.809,
0.521,0.93,0.963,0.804,0.357,0.387,0.561,0.447,0.146,0.205,0.521,0.93,0.963,0.804,0.357,0.387,0.561,0.447,0.146,0.205,21.401,
0.524,0.937,0.972,0.815,0.368,0.39,0.531,0.429,0.164,0.177,0.524,0.937,0.972,0.815,0.368,0.39,0.531,0.429,0.164,0.177,26.627,
0.524,0.937,0.969,0.818,0.365,0.361,0.514,0.417,0.129,0.178,0.524,0.937,0.969,0.818,0.365,0.361,0.514,0.417,0.129,0.178,22.672,
0.51,0.949,0.967,0.816,0.377,0.381,0.502,0.405,0.108,0.138,0.51,0.949,0.967,0.816,0.377,0.381,0.502,0.405,0.108,0.138,22.672,
0.504,0.938,0.969,0.805,0.375,0.377,0.535,0.439,0.126,0.165,0.504,0.938,0.969,0.805,0.375,0.377,0.535,0.439,0.126,0.165,24.759,
0.515,0.943,0.961,0.808,0.366,0.391,0.537,0.42,0.128,0.159,0.515,0.943,0.961,0.808,0.366,0.391,0.537,0.42,0.128,0.159,21.213,
0.509,0.938,0.956,0.81,0.379,0.355,0.512,0.387,0.143,0.163,0.509,0.938,0.956,0.81,0.379,0.355,0.512,0.387,0.143,0.163,24.839,
0.524,0.948,0.951,0.8,0.359,0.463,0.583,0.426,0.175,0.152,0.524,0.948,0.951,0.8,0.359,0.463,0.583,0.426,0.175,0.152,23.431,
0.537,0.941,0.983,0.832,0.369,0.405,0.58,0.415,0.31,0.179,0.537,0.941,0.983,0.832,0.369,0.405,0.58,0.415,0.31,0.179,21.932,
0.512,0.933,0.958,0.804,0.358,0.389,0.564,0.433,0.156,0.189,0.512,0.933,0.958,0.804,0.358,0.389,0.564,0.433,0.156,0.189,19.209,
0.522,0.95,0.951,0.801,0.361,0.449,0.576,0.421,0.173,0.139,0.522,0.95,0.951,0.801,0.361,0.449,0.576,0.421,0.173,0.139,23.022,
0.502,0.957,0.949,0.791,0.361,0.47,0.587,0.439,0.159,0.119,0.502,0.957,0.949,0.791,0.361,0.47,0.587,0.439,0.159,0.119,21.213,
0.529,0.952,0.97,0.818,0.367,0.387,0.518,0.416,0.141,0.133,0.529,0.952,0.97,0.818,0.367,0.387,0.518,0.416,0.141,0.133,23.431,
0.523,0.924,0.959,0.796,0.35,0.439,0.606,0.467,0.183,0.239,0.523,0.924,0.959,0.796,0.35,0.439,0.606,0.467,0.183,0.239,20.809,
0.531,1.016,1.014,0.839,0.383,0.484,0.61,0.464,0.414,0.331,0.531,1.016,1.014,0.839,0.383,0.484,0.61,0.464,0.414,0.331,24.207,
0.52,0.937,0.956,0.807,0.361,0.394,0.548,0.415,0.142,0.179,0.52,0.937,0.956,0.807,0.361,0.394,0.548,0.415,0.142,0.179,24.042,
0.515,0.95,0.951,0.795,0.353,0.466,0.595,0.443,0.167,0.145,0.515,0.95,0.951,0.795,0.353,0.466,0.595,0.443,0.167,0.145,24.042,
0.508,0.945,0.95,0.79,0.353,0.455,0.603,0.455,0.159,0.159,0.508,0.945,0.95,0.79,0.353,0.455,0.603,0.455,0.159,0.159,19.105,
,,,,,,,,,,,,,,,,,,,,,
1.701,2.282,0.773,0.623,1.081,1.57,0.351,0.14,0.211,1.235,1.701,2.282,0.773,0.623,1.081,1.57,0.351,0.14,0.211,1.235,94.048,18
1.727,2.235,0.791,0.668,1.061,1.53,0.32,0.124,0.197,1.221,1.727,2.235,0.791,0.668,1.061,1.53,0.32,0.124,0.197,1.221,94.726,
1.705,2.272,0.787,0.67,1.035,1.602,0.326,0.124,0.206,1.286,1.705,2.272,0.787,0.67,1.035,1.602,0.326,0.124,0.206,1.286,93.215,
1.635,2.202,0.806,0.664,0.972,1.635,0.35,0.148,0.202,1.301,1.635,2.202,0.806,0.664,0.972,1.635,0.35,0.148,0.202,1.301,93.771,
1.736,2.289,0.784,0.623,1.121,1.514,0.336,0.144,0.195,1.2,1.736,2.289,0.784,0.623,1.121,1.514,0.336,0.144,0.195,1.2,93.744,
1.689,2.15,0.806,0.663,1.027,1.494,0.335,0.14,0.195,1.168,1.689,2.15,0.806,0.663,1.027,1.494,0.335,0.14,0.195,1.168,92.396,
1.692,2.188,0.781,0.625,1.07,1.496,0.351,0.146,0.205,1.173,1.692,2.188,0.781,0.625,1.07,1.496,0.351,0.146,0.205,1.173,91.411,
1.735,2.195,0.791,0.7,1.035,1.507,0.3,0.104,0.202,1.215,1.735,2.195,0.791,0.7,1.035,1.507,0.3,0.104,0.202,1.215,91.005,
1.697,2.226,0.776,0.638,1.061,1.542,0.346,0.134,0.212,1.21,1.697,2.226,0.776,0.638,1.061,1.542,0.346,0.134,0.212,1.21,93.381,
1.663,2.163,0.793,0.628,1.037,1.52,0.362,0.16,0.203,1.173,1.663,2.163,0.793,0.628,1.037,1.52,0.362,0.16,0.203,1.173,92.396,
1.738,2.243,0.806,0.656,1.082,1.519,0.323,0.14,0.183,1.209,1.738,2.243,0.806,0.656,1.082,1.519,0.323,0.14,0.183,1.209,91.782,
1.644,2.173,0.795,0.643,1.001,1.585,0.364,0.156,0.208,1.237,1.644,2.173,0.795,0.643,1.001,1.585,0.364,0.156,0.208,1.237,92.071,
1.599,1.97,0.793,0.654,0.945,1.462,0.378,0.148,0.234,1.1,1.599,1.97,0.793,0.654,0.945,1.462,0.378,0.148,0.234,1.1,95.525,
1.657,2.217,0.79,0.632,1.025,1.594,0.361,0.154,0.206,1.261,1.657,2.217,0.79,0.632,1.025,1.594,0.361,0.154,0.206,1.261,93.059,
1.702,2.277,0.79,0.621,1.087,1.557,0.349,0.155,0.194,1.246,1.702,2.277,0.79,0.621,1.087,1.557,0.349,0.155,0.194,1.246,92.763,
1.652,2.23,0.804,0.639,1.013,1.616,0.36,0.164,0.196,1.274,1.652,2.23,0.804,0.639,1.013,1.616,0.36,0.164,0.196,1.274,91.924,
1.709,2.238,0.798,0.651,1.06,1.543,0.339,0.144,0.195,1.209,1.709,2.238,0.798,0.651,1.06,1.543,0.339,0.144,0.195,1.209,92.962,
1.702,2.253,0.78,0.654,1.048,1.574,0.333,0.12,0.213,1.262,1.702,2.253,0.78,0.654,1.048,1.574,0.333,0.12,0.213,1.262,91.241,
1.62,2.186,0.798,0.626,0.995,1.61,0.379,0.175,0.204,1.249,1.62,2.186,0.798,0.626,0.995,1.61,0.379,0.175,0.204,1.249,90.094,
1.649,2.211,0.8,0.654,0.995,1.623,0.353,0.15,0.203,1.289,1.649,2.211,0.8,0.654,0.995,1.623,0.353,0.15,0.203,1.289,92.071,
1.622,2.314,0.798,0.661,0.961,1.787,0.36,0.148,0.213,1.443,1.622,2.314,0.798,0.661,0.961,1.787,0.36,0.148,0.213,1.443,91.788,
1.66,2.265,0.791,0.625,1.037,1.627,0.366,0.162,0.205,1.276,1.66,2.265,0.791,0.625,1.037,1.627,0.366,0.162,0.205,1.276,92.071,
1.665,2.234,0.813,0.649,1.017,1.613,0.354,0.167,0.187,1.269,1.665,2.234,0.813,0.649,1.017,1.613,0.354,0.167,0.187,1.269,92.396,
1.63,2.137,0.793,0.629,1.001,1.556,0.379,0.17,0.21,1.187,1.63,2.137,0.793,0.629,1.001,1.556,0.379,0.17,0.21,1.187,89.805,
1.655,2.171,0.79,0.645,1.01,1.558,0.36,0.15,0.21,1.206,1.655,2.171,0.79,0.645,1.01,1.558,0.36,0.15,0.21,1.206,89.677,
1.699,2.17,0.789,0.642,1.062,1.472,0.337,0.139,0.199,1.162,1.699,2.17,0.789,0.642,1.062,1.472,0.337,0.139,0.199,1.162,91.411,
1.685,2.24,0.788,0.674,1.012,1.632,0.33,0.12,0.211,1.324,1.685,2.24,0.788,0.674,1.012,1.632,0.33,0.12,0.211,1.324,89.107,
1.67,2.132,0.795,0.625,1.047,1.482,0.366,0.163,0.205,1.124,1.67,2.132,0.795,0.625,1.047,1.482,0.366,0.163,0.205,1.124,90.255,
1.729,2.307,0.791,0.639,1.091,1.586,0.336,0.142,0.194,1.269,1.729,2.307,0.791,0.639,1.091,1.586,0.336,0.142,0.194,1.269,89.107,
1.626,2.197,0.79,0.632,0.997,1.61,0.369,0.159,0.212,1.278,1.626,2.197,0.79,0.632,0.997,1.61,0.369,0.159,0.212,1.278,91.924,
1.731,2.346,0.79,0.626,1.108,1.592,0.342,0.151,0.19,1.262,1.731,2.346,0.79,0.626,1.108,1.592,0.342,0.151,0.19,1.262,91.411,
1.67,2.35,0.796,0.648,1.023,1.71,0.35,0.147,0.204,1.37,1.67,2.35,0.796,0.648,1.023,1.71,0.35,0.147,0.204,1.37,89.677,
1.628,2.195,0.807,0.656,0.974,1.631,0.358,0.156,0.204,1.29,1.628,2.195,0.807,0.656,0.974,1.631,0.358,0.156,0.204,1.29,91.082,
1.642,2.141,0.798,0.637,1.006,1.545,0.364,0.162,0.202,1.205,1.642,2.141,0.798,0.637,1.006,1.545,0.364,0.162,0.202,1.205,90.255,
1.715,2.285,0.796,0.645,1.071,1.577,0.331,0.141,0.191,1.278,1.715,2.285,0.796,0.645,1.071,1.577,0.331,0.141,0.191,1.278,88.284,
1.667,2.234,0.788,0.631,1.038,1.591,0.362,0.155,0.207,1.242,1.667,2.234,0.788,0.631,1.038,1.591,0.362,0.155,0.207,1.242,88.284,
1.701,2.157,0.786,0.623,1.079,1.464,0.353,0.151,0.204,1.129,1.701,2.157,0.786,0.623,1.079,1.464,0.353,0.151,0.204,1.129,89.443,
1.681,2.251,0.77,0.63,1.054,1.582,0.352,0.139,0.219,1.298,1.681,2.251,0.77,0.63,1.054,1.582,0.352,0.139,0.219,1.298,91.411,
1.641,2.196,0.797,0.654,0.987,1.615,0.354,0.145,0.211,1.281,1.641,2.196,0.797,0.654,0.987,1.615,0.354,0.145,0.211,1.281,91.924,
1.625,2.209,0.807,0.678,0.947,1.697,0.356,0.15,0.207,1.351,1.625,2.209,0.807,0.678,0.947,1.697,0.356,0.15,0.207,1.351,93.059,
1.609,2.116,0.791,0.68,0.929,1.619,0.368,0.135,0.234,1.252,1.609,2.116,0.791,0.68,0.929,1.619,0.368,0.135,0.234,1.252,90.554,
1.687,2.226,0.804,0.663,1.025,1.585,0.339,0.146,0.193,1.255,1.687,2.226,0.804,0.663,1.025,1.585,0.339,0.146,0.193,1.255,88.685,
1.708,2.244,0.804,0.671,1.038,1.565,0.32,0.132,0.189,1.262,1.708,2.244,0.804,0.671,1.038,1.565,0.32,0.132,0.189,1.262,87.824,
1.621,2.199,0.798,0.667,0.955,1.653,0.351,0.138,0.213,1.325,1.621,2.199,0.798,0.667,0.955,1.653,0.351,0.138,0.213,1.325,92.542,
1.613,2.185,0.788,0.636,0.98,1.624,0.372,0.155,0.217,1.284,1.613,2.185,0.788,0.636,0.98,1.624,0.372,0.155,0.217,1.284,97.867,
1.705,2.211,0.794,0.65,1.057,1.52,0.332,0.137,0.195,1.225,1.705,2.211,0.794,0.65,1.057,1.52,0.332,0.137,0.195,1.225,95.189,
1.625,2.171,0.815,0.683,0.943,1.648,0.349,0.151,0.199,1.308,1.625,2.171,0.815,0.683,0.943,1.648,0.349,0.151,0.199,1.308,99.298,
1.645,2.152,0.805,0.673,0.974,1.581,0.345,0.146,0.201,1.248,1.645,2.152,0.805,0.673,0.974,1.581,0.345,0.146,0.201,1.248,97.862,
1.694,2.203,0.783,0.66,1.036,1.544,0.329,0.119,0.209,1.264,1.694,2.203,0.783,0.66,1.036,1.544,0.329,0.119,0.209,1.264,96.69,
1.651,2.221,0.803,0.639,1.017,1.595,0.356,0.162,0.195,1.268,1.651,2.221,0.803,0.639,1.017,1.595,0.356,0.162,0.195,1.268,98.478,
1.644,2.22,0.806,0.684,0.961,1.662,0.331,0.129,0.202,1.363,1.644,2.22,0.806,0.684,0.961,1.662,0.331,0.129,0.202,1.363,96.509,
,,,,,,,,,,,,,,,,,,,,,
1.43,2.127,0.797,0.637,0.991,1.681,0.493,0.263,0.233,1.19,1.43,2.127,0.797,0.637,0.991,1.681,0.493,0.263,0.233,1.19,113.772,19
1.417,2.2,0.773,0.586,0.971,1.779,0.523,0.265,0.259,1.261,1.417,2.2,0.773,0.586,0.971,1.779,0.523,0.265,0.259,1.261,113,
1.416,2.112,0.805,0.58,0.994,1.655,0.519,0.292,0.227,1.14,1.416,2.112,0.805,0.58,0.994,1.655,0.519,0.292,0.227,1.14,110.368,
1.562,2.099,0.794,0.595,1.167,1.388,0.43,0.223,0.207,0.962,1.562,2.099,0.794,0.595,1.167,1.388,0.43,0.223,0.207,0.962,98.184,
1.42,2.039,0.82,0.609,0.985,1.6,0.5,0.277,0.223,1.101,1.42,2.039,0.82,0.609,0.985,1.6,0.5,0.277,0.223,1.101,109.293,
1.55,2.105,0.765,0.556,1.166,1.427,0.472,0.242,0.23,0.961,1.55,2.105,0.765,0.556,1.166,1.427,0.472,0.242,0.23,0.961,99.408,
1.468,2.09,0.811,0.624,0.967,1.685,0.504,0.269,0.236,1.182,1.468,2.09,0.811,0.624,0.967,1.685,0.504,0.269,0.236,1.182,114.586,
1.543,2.074,0.808,0.645,1.125,1.401,0.43,0.226,0.205,0.979,1.543,2.074,0.808,0.645,1.125,1.401,0.43,0.226,0.205,0.979,96.187,
1.607,2.061,0.82,0.628,1.206,1.334,0.421,0.231,0.189,0.917,1.607,2.061,0.82,0.628,1.206,1.334,0.421,0.231,0.189,0.917,92.347,
1.476,1.9,0.795,0.599,1.046,1.36,0.483,0.251,0.233,0.881,1.476,1.9,0.795,0.599,1.046,1.36,0.483,0.251,0.233,0.881,100.717,
1.553,2.109,0.775,0.599,1.098,1.515,0.466,0.235,0.232,1.051,1.553,2.109,0.775,0.599,1.098,1.515,0.466,0.235,0.232,1.051,106.888,
1.559,2.015,0.801,0.603,1.175,1.289,0.437,0.228,0.209,0.869,1.559,2.015,0.801,0.603,1.175,1.289,0.437,0.228,0.209,0.869,90.2,
1.476,2.166,0.801,0.602,1.02,1.661,0.489,0.26,0.228,1.175,1.476,2.166,0.801,0.602,1.02,1.661,0.489,0.26,0.228,1.175,106.794,
1.49,2.083,0.802,0.615,1.067,1.5,0.468,0.242,0.225,1.039,1.49,2.083,0.802,0.615,1.067,1.5,0.468,0.242,0.225,1.039,100.245,
1.463,2.051,0.786,0.602,1.037,1.51,0.479,0.244,0.235,1.036,1.463,2.051,0.786,0.602,1.037,1.51,0.479,0.244,0.235,1.036,99.323,
1.578,1.46,0.789,0.602,1.184,0.816,0.42,0.206,0.214,0.4,1.578,1.46,0.789,0.602,1.184,0.816,0.42,0.206,0.214,0.4,89.202,
1.603,1.886,0.795,0.608,1.177,1.224,0.442,0.233,0.209,0.784,1.603,1.886,0.795,0.608,1.177,1.224,0.442,0.233,0.209,0.784,97.867,
1.605,1.616,0.81,0.604,1.212,0.951,0.428,0.235,0.193,0.527,1.605,1.616,0.81,0.604,1.212,0.951,0.428,0.235,0.193,0.527,95.755,
1.656,1.703,0.79,0.586,1.238,1.02,0.435,0.227,0.209,0.588,1.656,1.703,0.79,0.586,1.238,1.02,0.435,0.227,0.209,0.588,95.352,
1.721,1.308,0.788,0.591,1.35,0.648,0.392,0.203,0.189,0.257,1.721,1.308,0.788,0.591,1.35,0.648,0.392,0.203,0.189,0.257,87.824,
1.637,2.031,0.788,0.598,1.265,1.279,0.421,0.223,0.199,0.858,1.637,2.031,0.788,0.598,1.265,1.279,0.421,0.223,0.199,0.858,95.635,
1.591,2.062,0.82,0.623,1.171,1.385,0.455,0.24,0.217,0.937,1.591,2.062,0.82,0.623,1.171,1.385,0.455,0.24,0.217,0.937,100.717,
1.496,2.019,0.811,0.594,1.066,1.495,0.493,0.273,0.22,1.003,1.496,2.019,0.811,0.594,1.066,1.495,0.493,0.273,0.22,1.003,107.787,
1.661,1.98,0.827,0.632,1.254,1.237,0.413,0.229,0.185,0.826,1.661,1.98,0.827,0.632,1.254,1.237,0.413,0.229,0.185,0.826,92.779,
1.605,1.64,0.794,0.595,1.201,0.994,0.441,0.234,0.207,0.556,1.605,1.64,0.794,0.595,1.201,0.994,0.441,0.234,0.207,0.556,96.628,
1.527,1.869,0.794,0.604,1.166,1.224,0.463,0.25,0.213,0.768,1.527,1.869,0.794,0.604,1.166,1.224,0.463,0.25,0.213,0.768,97.082,
1.685,1.964,0.806,0.611,1.28,1.211,0.415,0.222,0.193,0.797,1.685,1.964,0.806,0.611,1.28,1.211,0.415,0.222,0.193,0.797,94.048,
1.497,1.996,0.808,0.649,1.135,1.363,0.445,0.229,0.216,0.922,1.497,1.996,0.808,0.649,1.135,1.363,0.445,0.229,0.216,0.922,94.005,
1.8,2.008,0.789,0.579,1.643,0.969,0.334,0.172,0.163,0.636,1.8,2.008,0.789,0.579,1.643,0.969,0.334,0.172,0.163,0.636,72.918,
1.789,2.007,0.78,0.59,1.615,0.995,0.332,0.17,0.161,0.663,1.789,2.007,0.78,0.59,1.615,0.995,0.332,0.17,0.161,0.663,73.736,
1.785,1.855,0.772,0.554,1.607,0.897,0.345,0.176,0.169,0.553,1.785,1.855,0.772,0.554,1.607,0.897,0.345,0.176,0.169,0.553,74,
1.719,1.767,0.797,0.618,1.513,0.878,0.339,0.171,0.168,0.539,1.719,1.767,0.797,0.618,1.513,0.878,0.339,0.171,0.168,0.539,74.33,
1.857,1.585,0.763,0.548,1.65,0.72,0.347,0.169,0.179,0.373,1.857,1.585,0.763,0.548,1.65,0.72,0.347,0.169,0.179,0.373,68.007,
1.751,1.87,0.778,0.583,1.536,0.95,0.343,0.179,0.164,0.608,1.751,1.87,0.778,0.583,1.536,0.95,0.343,0.179,0.164,0.608,72.45,
1.725,1.973,0.805,0.598,1.524,1.01,0.34,0.18,0.161,0.671,1.725,1.973,0.805,0.598,1.524,1.01,0.34,0.18,0.161,0.671,74.465,
1.779,1.817,0.768,0.556,1.581,0.883,0.348,0.173,0.176,0.535,1.779,1.817,0.768,0.556,1.581,0.883,0.348,0.173,0.176,0.535,69.778,
1.819,1.956,0.78,0.577,1.629,0.95,0.328,0.163,0.165,0.622,1.819,1.956,0.78,0.577,1.629,0.95,0.328,0.163,0.165,0.622,71.176,
1.752,1.683,0.801,0.631,1.54,0.818,0.34,0.171,0.169,0.479,1.752,1.683,0.801,0.631,1.54,0.818,0.34,0.171,0.169,0.479,72.422,
1.769,1.812,0.768,0.579,1.581,0.887,0.345,0.176,0.17,0.542,1.769,1.812,0.768,0.579,1.581,0.887,0.345,0.176,0.17,0.542,68.942,
1.83,1.974,0.781,0.569,1.626,0.953,0.344,0.179,0.165,0.613,1.83,1.974,0.781,0.569,1.626,0.953,0.344,0.179,0.165,0.613,70.385,
1.538,1.817,0.8,0.604,1.118,1.24,0.452,0.24,0.212,0.789,1.538,1.817,0.8,0.604,1.118,1.24,0.452,0.24,0.212,0.789,91.088,
1.552,1.937,0.797,0.601,1.051,1.437,0.51,0.266,0.245,0.929,1.552,1.937,0.797,0.601,1.051,1.437,0.51,0.266,0.245,0.929,109.444,
1.547,1.759,0.768,0.518,1.168,1.132,0.475,0.25,0.225,0.66,1.547,1.759,0.768,0.518,1.168,1.132,0.475,0.25,0.225,0.66,92.049,
1.468,1.691,0.814,0.596,1.076,1.145,0.48,0.262,0.221,0.667,1.468,1.691,0.814,0.596,1.076,1.145,0.48,0.262,0.221,0.667,96,
1.638,1.338,0.768,0.568,1.247,0.709,0.424,0.216,0.208,0.286,1.638,1.338,0.768,0.568,1.247,0.709,0.424,0.216,0.208,0.286,83.15,
1.534,1.928,0.766,0.569,1.129,1.331,0.492,0.261,0.233,0.843,1.534,1.928,0.766,0.569,1.129,1.331,0.492,0.261,0.233,0.843,97.015,
1.613,1.317,0.756,0.541,1.209,0.724,0.452,0.226,0.226,0.272,1.613,1.317,0.756,0.541,1.209,0.724,0.452,0.226,0.226,0.272,90.67,
1.474,1.546,0.79,0.608,1.033,1.04,0.476,0.238,0.238,0.564,1.474,1.546,0.79,0.608,1.033,1.04,0.476,0.238,0.238,0.564,98.25,
1.65,1.257,0.793,0.604,1.27,0.64,0.415,0.214,0.2,0.225,1.65,1.257,0.793,0.604,1.27,0.64,0.415,0.214,0.2,0.225,86.209,
1.557,1.866,0.782,0.581,1.108,1.313,0.49,0.253,0.237,0.824,1.557,1.866,0.782,0.581,1.108,1.313,0.49,0.253,0.237,0.824,102.421,
1.574,2.156,0.804,0.593,1.08,1.596,0.489,0.275,0.214,1.109,1.574,2.156,0.804,0.593,1.08,1.596,0.489,0.275,0.214,1.109,112.379,
,,,,,,,,,,,,,,,,,,,,,
1.58,2.236,0.729,0.562,1.022,1.73,0.429,0.163,0.266,1.452,1.58,2.236,0.729,0.562,1.022,1.73,0.429,0.163,0.266,1.452,137.058,20
1.627,2.324,0.75,0.583,1.05,1.751,0.398,0.16,0.238,1.443,1.627,2.324,0.75,0.583,1.05,1.751,0.398,0.16,0.238,1.443,137.419,
1.577,2.246,0.742,0.58,1.007,1.763,0.419,0.161,0.258,1.439,1.577,2.246,0.742,0.58,1.007,1.763,0.419,0.161,0.258,1.439,138.351,
1.584,2.277,0.75,0.557,1.034,1.758,0.429,0.187,0.242,1.445,1.584,2.277,0.75,0.557,1.034,1.758,0.429,0.187,0.242,1.445,139.086,
1.625,2.288,0.753,0.587,1.046,1.723,0.395,0.159,0.236,1.418,1.625,2.288,0.753,0.587,1.046,1.723,0.395,0.159,0.236,1.418,135.93,
1.598,2.272,0.765,0.59,1.014,1.758,0.405,0.174,0.231,1.44,1.598,2.272,0.765,0.59,1.014,1.758,0.405,0.174,0.231,1.44,138.351,
1.587,2.231,0.74,0.56,1.029,1.697,0.428,0.175,0.254,1.386,1.587,2.231,0.74,0.56,1.029,1.697,0.428,0.175,0.254,1.386,137.058,
1.606,2.282,0.752,0.568,1.043,1.726,0.415,0.177,0.238,1.398,1.606,2.282,0.752,0.568,1.043,1.726,0.415,0.177,0.238,1.398,137.786,
1.612,2.291,0.733,0.59,1.033,1.753,0.398,0.14,0.259,1.445,1.612,2.291,0.733,0.59,1.033,1.753,0.398,0.14,0.259,1.445,137.786,
1.545,2.154,0.753,0.607,0.945,1.745,0.416,0.155,0.261,1.437,1.545,2.154,0.753,0.607,0.945,1.745,0.416,0.155,0.261,1.437,136.488,
1.619,2.271,0.74,0.568,1.053,1.689,0.41,0.163,0.247,1.372,1.619,2.271,0.74,0.568,1.053,1.689,0.41,0.163,0.247,1.372,136.125,
1.547,2.176,0.75,0.586,0.972,1.762,0.426,0.17,0.257,1.454,1.547,2.176,0.75,0.586,0.972,1.762,0.426,0.17,0.257,1.454,135.558,
1.585,2.277,0.742,0.575,1.014,1.77,0.419,0.165,0.255,1.464,1.585,2.277,0.742,0.575,1.014,1.77,0.419,0.165,0.255,1.464,142.618,
1.592,2.231,0.753,0.595,1.013,1.744,0.402,0.159,0.244,1.438,1.592,2.231,0.753,0.595,1.013,1.744,0.402,0.159,0.244,1.438,135.558,
1.615,2.24,0.752,0.587,1.031,1.686,0.4,0.159,0.241,1.381,1.615,2.24,0.752,0.587,1.031,1.686,0.4,0.159,0.241,1.381,137.233,
1.558,2.208,0.73,0.559,1.003,1.735,0.441,0.171,0.27,1.437,1.558,2.208,0.73,0.559,1.003,1.735,0.441,0.171,0.27,1.437,137.786,
1.626,2.315,0.723,0.535,1.092,1.699,0.428,0.173,0.254,1.415,1.626,2.315,0.723,0.535,1.092,1.699,0.428,0.173,0.254,1.415,137.786,
1.602,2.29,0.749,0.537,1.068,1.728,0.434,0.198,0.235,1.413,1.602,2.29,0.749,0.537,1.068,1.728,0.434,0.198,0.235,1.413,138.924,
1.579,2.234,0.734,0.546,1.037,1.716,0.438,0.181,0.257,1.425,1.579,2.234,0.734,0.546,1.037,1.716,0.438,0.181,0.257,1.425,134.852,
1.636,2.314,0.737,0.533,1.105,1.684,0.423,0.184,0.238,1.369,1.636,2.314,0.737,0.533,1.105,1.684,0.423,0.184,0.238,1.369,134.462,
1.631,2.312,0.741,0.558,1.078,1.718,0.411,0.17,0.241,1.449,1.631,2.312,0.741,0.558,1.078,1.718,0.411,0.17,0.241,1.449,135.558,
1.612,2.329,0.718,0.523,1.089,1.721,0.442,0.18,0.263,1.442,1.612,2.329,0.718,0.523,1.089,1.721,0.442,0.18,0.263,1.442,138.716,
1.623,2.38,0.715,0.533,1.091,1.765,0.43,0.167,0.265,1.474,1.623,2.38,0.715,0.533,1.091,1.765,0.43,0.167,0.265,1.474,137.786,
1.559,2.247,0.753,0.567,0.995,1.784,0.437,0.187,0.25,1.508,1.559,2.247,0.753,0.567,0.995,1.784,0.437,0.187,0.25,1.508,135.004,
1.587,2.283,0.73,0.573,1.017,1.771,0.42,0.155,0.267,1.472,1.587,2.283,0.73,0.573,1.017,1.771,0.42,0.155,0.267,1.472,137.615,
1.607,2.316,0.733,0.529,1.079,1.728,0.439,0.189,0.25,1.447,1.607,2.316,0.733,0.529,1.079,1.728,0.439,0.189,0.25,1.447,138.539,
1.606,2.349,0.751,0.537,1.072,1.773,0.435,0.201,0.234,1.507,1.606,2.349,0.751,0.537,1.072,1.773,0.435,0.201,0.234,1.507,138.924,
1.579,2.285,0.752,0.572,1.016,1.798,0.421,0.177,0.245,1.507,1.579,2.285,0.752,0.572,1.016,1.798,0.421,0.177,0.245,1.507,138.924,
1.63,2.355,0.742,0.542,1.091,1.734,0.42,0.183,0.237,1.416,1.63,2.355,0.742,0.542,1.091,1.734,0.42,0.183,0.237,1.416,139.463,
1.673,2.428,0.725,0.524,1.15,1.717,0.415,0.176,0.24,1.424,1.673,2.428,0.725,0.524,1.15,1.717,0.415,0.176,0.24,1.424,139.463,
1.584,2.287,0.736,0.575,1.018,1.79,0.418,0.158,0.26,1.505,1.584,2.287,0.736,0.575,1.018,1.79,0.418,0.158,0.26,1.505,137.615,
1.584,2.307,0.766,0.589,1.003,1.822,0.41,0.177,0.233,1.534,1.584,2.307,0.766,0.589,1.003,1.822,0.41,0.177,0.233,1.534,139.846,
1.627,2.342,0.744,0.578,1.053,1.767,0.401,0.158,0.244,1.461,1.627,2.342,0.744,0.578,1.053,1.767,0.401,0.158,0.244,1.461,138.924,
1.562,2.272,0.73,0.573,0.997,1.813,0.428,0.158,0.27,1.52,1.562,2.272,0.73,0.573,0.997,1.813,0.428,0.158,0.27,1.52,139.846,
1.591,2.308,0.736,0.547,1.05,1.771,0.433,0.181,0.252,1.489,1.591,2.308,0.736,0.547,1.05,1.771,0.433,0.181,0.252,1.489,140.236,
1.633,2.349,0.759,0.577,1.063,1.758,0.399,0.172,0.227,1.466,1.633,2.349,0.759,0.577,1.063,1.758,0.399,0.172,0.227,1.466,139.846,
1.622,2.296,0.722,0.547,1.079,1.696,0.42,0.163,0.258,1.379,1.622,2.296,0.722,0.547,1.079,1.696,0.42,0.163,0.258,1.379,138.539,
1.563,2.273,0.743,0.556,1.007,1.781,0.448,0.19,0.258,1.522,1.563,2.273,0.743,0.556,1.007,1.781,0.448,0.19,0.258,1.522,139.316,
1.567,2.266,0.757,0.582,0.992,1.802,0.421,0.177,0.245,1.509,1.567,2.266,0.757,0.582,0.992,1.802,0.421,0.177,0.245,1.509,138.539,
1.587,2.288,0.748,0.571,1.023,1.775,0.419,0.173,0.246,1.466,1.587,2.288,0.748,0.571,1.023,1.775,0.419,0.173,0.246,1.466,137.084,
1.579,2.286,0.737,0.567,1.016,1.781,0.427,0.168,0.259,1.482,1.579,2.286,0.737,0.567,1.016,1.781,0.427,0.168,0.259,1.482,136.693,
1.554,2.253,0.743,0.573,0.985,1.797,0.433,0.173,0.261,1.474,1.554,2.253,0.743,0.573,0.985,1.797,0.433,0.173,0.261,1.474,137.481,
1.59,2.263,0.746,0.57,1.022,1.735,0.422,0.172,0.25,1.433,1.59,2.263,0.746,0.57,1.022,1.735,0.422,0.172,0.25,1.433,136.308,
1.6,2.198,0.747,0.566,1.042,1.661,0.417,0.174,0.244,1.334,1.6,2.198,0.747,0.566,1.042,1.661,0.417,0.174,0.244,1.334,134.462,
1.597,2.277,0.754,0.563,1.039,1.737,0.421,0.185,0.237,1.416,1.597,2.277,0.754,0.563,1.039,1.737,0.421,0.185,0.237,1.416,135.772,
1.594,2.285,0.742,0.57,1.029,1.751,0.418,0.167,0.251,1.463,1.594,2.285,0.742,0.57,1.029,1.751,0.418,0.167,0.251,1.463,135.65,
1.606,2.268,0.755,0.582,1.03,1.73,0.409,0.173,0.238,1.387,1.606,2.268,0.755,0.582,1.03,1.73,0.409,0.173,0.238,1.387,134.852,
1.571,2.268,0.727,0.559,1.014,1.765,0.436,0.165,0.273,1.469,1.571,2.268,0.727,0.559,1.014,1.765,0.436,0.165,0.273,1.469,135.772,
1.602,2.344,0.751,0.584,1.028,1.814,0.406,0.164,0.242,1.491,1.602,2.344,0.751,0.584,1.028,1.814,0.406,0.164,0.242,1.491,135.65,
1.559,2.229,0.724,0.542,1.024,1.741,0.447,0.178,0.271,1.423,1.559,2.229,0.724,0.542,1.024,1.741,0.447,0.178,0.271,1.423,136.059,
1.586,2.244,0.729,0.548,1.042,1.713,0.434,0.175,0.26,1.389,1.586,2.244,0.729,0.548,1.042,1.713,0.434,0.175,0.26,1.389,135.65,
,,,,,,,,,,,,,,,,,,,,,
2.435,1.465,0.698,0.57,2.323,0.578,0.355,0.172,0.183,0.224,2.435,1.465,0.698,0.57,2.323,0.578,0.355,0.172,0.183,0.224,107.564,21
2.295,1.384,0.749,0.668,2.185,0.565,0.361,0.164,0.197,0.205,2.295,1.384,0.749,0.668,2.185,0.565,0.361,0.164,0.197,0.205,104.178,
2.332,1.418,0.782,0.755,2.381,0.591,0.39,0.183,0.209,0.202,2.332,1.418,0.782,0.755,2.381,0.591,0.39,0.183,0.209,0.202,114.49,
2.204,1.521,0.702,0.618,2.203,0.693,0.417,0.195,0.223,0.275,2.204,1.521,0.702,0.618,2.203,0.693,0.417,0.195,0.223,0.275,108.167,
2.19,1.494,0.658,0.567,2.158,0.672,0.419,0.197,0.222,0.253,2.19,1.494,0.658,0.567,2.158,0.672,0.419,0.197,0.222,0.253,108.467,
2.049,1.399,0.706,0.626,1.926,0.642,0.417,0.179,0.238,0.227,2.049,1.399,0.706,0.626,1.926,0.642,0.417,0.179,0.238,0.227,104.995,
2.078,1.435,0.664,0.549,2.041,0.681,0.438,0.204,0.234,0.244,2.078,1.435,0.664,0.549,2.041,0.681,0.438,0.204,0.234,0.244,104.995,
2.138,1.402,0.732,0.632,2.085,0.629,0.398,0.181,0.218,0.231,2.138,1.402,0.732,0.632,2.085,0.629,0.398,0.181,0.218,0.231,89.961,
2.142,1.374,0.675,0.56,2.085,0.627,0.417,0.185,0.233,0.21,2.142,1.374,0.675,0.56,2.085,0.627,0.417,0.185,0.233,0.21,99.96,
2.103,1.389,0.672,0.484,2.069,0.641,0.429,0.209,0.221,0.212,2.103,1.389,0.672,0.484,2.069,0.641,0.429,0.209,0.221,0.212,111,
2.184,1.456,0.675,0.508,2.011,0.645,0.394,0.171,0.225,0.251,2.184,1.456,0.675,0.508,2.011,0.645,0.394,0.171,0.225,0.251,112.272,
2.225,1.463,0.676,0.503,2.081,0.637,0.39,0.17,0.222,0.247,2.225,1.463,0.676,0.503,2.081,0.637,0.39,0.17,0.222,0.247,110.386,
2.285,1.478,0.657,0.606,2.22,0.641,0.399,0.18,0.219,0.242,2.285,1.478,0.657,0.606,2.22,0.641,0.399,0.18,0.219,0.242,113.886,
2.489,1.519,0.637,0.543,2.415,0.597,0.37,0.172,0.198,0.229,2.489,1.519,0.637,0.543,2.415,0.597,0.37,0.172,0.198,0.229,116.709,
2.366,1.401,0.664,0.464,2.116,0.541,0.34,0.153,0.187,0.201,2.366,1.401,0.664,0.464,2.116,0.541,0.34,0.153,0.187,0.201,105.622,
2.392,1.491,0.603,0.398,2.23,0.603,0.379,0.173,0.206,0.226,2.392,1.491,0.603,0.398,2.23,0.603,0.379,0.173,0.206,0.226,104.995,
2.429,1.414,0.615,0.457,2.396,0.569,0.383,0.177,0.206,0.187,2.429,1.414,0.615,0.457,2.396,0.569,0.383,0.177,0.206,0.187,108.167,
2.35,1.422,0.641,0.479,2.314,0.598,0.398,0.185,0.215,0.199,2.35,1.422,0.641,0.479,2.314,0.598,0.398,0.185,0.215,0.199,117.953,
2.243,1.431,0.643,0.435,2.126,0.622,0.402,0.187,0.217,0.22,2.243,1.431,0.643,0.435,2.126,0.622,0.402,0.187,0.217,0.22,94.578,
2.377,1.488,0.64,0.53,2.367,0.624,0.394,0.178,0.216,0.229,2.377,1.488,0.64,0.53,2.367,0.624,0.394,0.178,0.216,0.229,117.644,
2.27,1.436,0.681,0.51,2.079,0.593,0.372,0.164,0.209,0.222,2.27,1.436,0.681,0.51,2.079,0.593,0.372,0.164,0.209,0.222,116.379,
2.285,1.46,0.652,0.509,2.318,0.638,0.421,0.204,0.219,0.217,2.285,1.46,0.652,0.509,2.318,0.638,0.421,0.204,0.219,0.217,105.005,
2.298,1.463,0.673,0.531,2.018,0.588,0.343,0.128,0.215,0.246,2.298,1.463,0.673,0.531,2.018,0.588,0.343,0.128,0.215,0.246,123.649,
2.528,1.477,0.625,0.471,2.467,0.575,0.365,0.169,0.197,0.209,2.528,1.477,0.625,0.471,2.467,0.575,0.365,0.169,0.197,0.209,123.976,
2.315,1.397,0.652,0.483,2.174,0.576,0.377,0.177,0.199,0.199,2.315,1.397,0.652,0.483,2.174,0.576,0.377,0.177,0.199,0.199,118.33,
2.476,1.444,0.66,0.545,2.405,0.564,0.36,0.169,0.191,0.204,2.476,1.444,0.66,0.545,2.405,0.564,0.36,0.169,0.191,0.204,118.929,
2.386,1.481,0.646,0.475,2.287,0.608,0.385,0.18,0.205,0.224,2.386,1.481,0.646,0.475,2.287,0.608,0.385,0.18,0.205,0.224,119.616,
2.287,1.385,0.593,0.355,2.075,0.569,0.376,0.161,0.215,0.193,2.287,1.385,0.593,0.355,2.075,0.569,0.376,0.161,0.215,0.193,110.725,
2.5,1.491,0.557,0.386,2.498,0.599,0.392,0.185,0.207,0.207,2.5,1.491,0.557,0.386,2.498,0.599,0.392,0.185,0.207,0.207,115.879,
2.457,1.42,0.625,0.368,2.183,0.532,0.337,0.155,0.182,0.196,2.457,1.42,0.625,0.368,2.183,0.532,0.337,0.155,0.182,0.196,94.937,
2.625,1.49,0.613,0.524,2.627,0.569,0.365,0.179,0.186,0.205,2.625,1.49,0.613,0.524,2.627,0.569,0.365,0.179,0.186,0.205,113.464,
2.963,1.743,0.518,0.535,3.149,0.622,0.376,0.177,0.199,0.246,2.963,1.743,0.518,0.535,3.149,0.622,0.376,0.177,0.199,0.246,93.408,
2.682,1.536,0.668,0.594,2.704,0.576,0.363,0.174,0.19,0.214,2.682,1.536,0.668,0.594,2.704,0.576,0.363,0.174,0.19,0.214,104.389,
2.718,1.553,0.627,0.578,2.78,0.587,0.369,0.166,0.203,0.218,2.718,1.553,0.627,0.578,2.78,0.587,0.369,0.166,0.203,0.218,116.812,
2.491,1.449,0.669,0.589,2.496,0.577,0.373,0.164,0.21,0.204,2.491,1.449,0.669,0.589,2.496,0.577,0.373,0.164,0.21,0.204,115.767,
2.407,1.437,0.662,0.532,2.354,0.591,0.384,0.18,0.204,0.207,2.407,1.437,0.662,0.532,2.354,0.591,0.384,0.18,0.204,0.207,115.169,
2.347,1.385,0.641,0.564,2.33,0.578,0.391,0.174,0.217,0.187,2.347,1.385,0.641,0.564,2.33,0.578,0.391,0.174,0.217,0.187,117.745,
2.203,1.44,0.616,0.373,1.962,0.611,0.384,0.167,0.217,0.228,2.203,1.44,0.616,0.373,1.962,0.611,0.384,0.167,0.217,0.228,123.369,
2.337,1.405,0.576,0.352,2.226,0.58,0.397,0.183,0.214,0.184,2.337,1.405,0.576,0.352,2.226,0.58,0.397,0.183,0.214,0.184,112.579,
2.526,1.477,0.622,0.471,2.417,0.571,0.354,0.173,0.182,0.217,2.526,1.477,0.622,0.471,2.417,0.571,0.354,0.173,0.182,0.217,122.703,
2.313,1.439,0.615,0.393,2.032,0.577,0.359,0.156,0.203,0.22,2.313,1.439,0.615,0.393,2.032,0.577,0.359,0.156,0.203,0.22,97.082,
2.372,1.526,0.496,0.311,2.429,0.656,0.435,0.2,0.235,0.221,2.372,1.526,0.496,0.311,2.429,0.656,0.435,0.2,0.235,0.221,114.162,
2.376,1.424,0.655,0.555,2.258,0.575,0.369,0.156,0.213,0.207,2.376,1.424,0.655,0.555,2.258,0.575,0.369,0.156,0.213,0.207,106.977,
2.469,1.481,0.628,0.507,2.434,0.594,0.381,0.167,0.214,0.213,2.469,1.481,0.628,0.507,2.434,0.594,0.381,0.167,0.214,0.213,110.494,
2.376,1.43,0.654,0.496,2.234,0.574,0.37,0.174,0.196,0.205,2.376,1.43,0.654,0.496,2.234,0.574,0.37,0.174,0.196,0.205,108.632,
2.476,1.459,0.695,0.661,2.474,0.585,0.374,0.171,0.203,0.211,2.476,1.459,0.695,0.661,2.474,0.585,0.374,0.171,0.203,0.211,114.237,
2.348,1.373,0.649,0.55,2.319,0.566,0.391,0.172,0.219,0.176,2.348,1.373,0.649,0.55,2.319,0.566,0.391,0.172,0.219,0.176,103.368,
2.445,1.429,0.696,0.653,2.457,0.582,0.386,0.162,0.225,0.196,2.445,1.429,0.696,0.653,2.457,0.582,0.386,0.162,0.225,0.196,110.168,
2.643,1.519,0.665,0.655,2.687,0.585,0.373,0.154,0.22,0.213,2.643,1.519,0.665,0.655,2.687,0.585,0.373,0.154,0.22,0.213,113.635,
3.494,1.866,0.595,0.901,4.054,0.615,0.387,0.168,0.22,0.229,3.494,1.866,0.595,0.901,4.054,0.615,0.387,0.168,0.22,0.229,116.362,
2.678,1.449,0.692,0.659,2.784,0.563,0.364,0.171,0.193,0.2,2.678,1.449,0.692,0.659,2.784,0.563,0.364,0.171,0.193,0.2,104.924,
,,,,,,,,,,,,,,,,,,,,,
0.861,0.96,1.008,0.996,0.644,0.736,0.532,0.255,0.282,0.226,0.861,0.96,1.008,0.996,0.644,0.736,0.532,0.255,0.282,0.226,36.497,22
0.92,0.986,1.02,1.011,0.684,0.681,0.469,0.236,0.239,0.218,0.92,0.986,1.02,1.011,0.684,0.681,0.469,0.236,0.239,0.218,32.985,
0.817,0.954,0.979,0.935,0.579,0.655,0.494,0.236,0.265,0.21,0.817,0.954,0.979,0.935,0.579,0.655,0.494,0.236,0.265,0.21,35.171,
0.882,0.964,1.009,0.974,0.659,0.683,0.506,0.254,0.264,0.202,0.882,0.964,1.009,0.974,0.659,0.683,0.506,0.254,0.264,0.202,37.483,
0.845,0.963,0.988,0.942,0.589,0.629,0.465,0.222,0.254,0.2,0.845,0.963,0.988,0.942,0.589,0.629,0.465,0.222,0.254,0.2,37.643,
0.812,0.951,0.996,0.959,0.576,0.697,0.51,0.243,0.277,0.229,0.812,0.951,0.996,0.959,0.576,0.697,0.51,0.243,0.277,0.229,42.755,
0.86,0.976,0.988,0.961,0.598,0.656,0.476,0.23,0.251,0.2,0.86,0.976,0.988,0.961,0.598,0.656,0.476,0.23,0.251,0.2,37.108,
0.853,0.976,0.99,0.961,0.628,0.669,0.49,0.216,0.279,0.199,0.853,0.976,0.99,0.961,0.628,0.669,0.49,0.216,0.279,0.199,39.051,
0.933,0.991,0.981,0.966,0.64,0.735,0.497,0.249,0.249,0.252,0.933,0.991,0.981,0.966,0.64,0.735,0.497,0.249,0.249,0.252,43.29,
0.874,0.964,0.992,0.948,0.627,0.72,0.509,0.224,0.296,0.244,0.874,0.964,0.992,0.948,0.627,0.72,0.509,0.224,0.296,0.244,38.833,
0.985,0.987,0.989,0.996,0.647,0.719,0.488,0.218,0.27,0.24,0.985,0.987,0.989,0.996,0.647,0.719,0.488,0.218,0.27,0.24,41.049,
1.047,1.003,1.008,1.07,0.735,0.733,0.48,0.238,0.243,0.253,1.047,1.003,1.008,1.07,0.735,0.733,0.48,0.238,0.243,0.253,36.056,
1.075,1.017,0.973,1.013,0.698,0.725,0.486,0.241,0.248,0.241,1.075,1.017,0.973,1.013,0.698,0.725,0.486,0.241,0.248,0.241,42.107,
0.988,1.008,0.99,0.998,0.649,0.754,0.52,0.259,0.261,0.238,0.988,1.008,0.99,0.998,0.649,0.754,0.52,0.259,0.261,0.238,40.012,
0.979,0.993,1.001,1.009,0.689,0.726,0.514,0.262,0.253,0.218,0.979,0.993,1.001,1.009,0.689,0.726,0.514,0.262,0.253,0.218,38.118,
0.991,1.007,0.987,0.971,0.707,0.733,0.497,0.255,0.244,0.243,0.991,1.007,0.987,0.971,0.707,0.733,0.497,0.255,0.244,0.243,37.336,
0.841,0.961,0.979,0.904,0.651,0.61,0.486,0.247,0.256,0.17,0.841,0.961,0.979,0.904,0.651,0.61,0.486,0.247,0.256,0.17,31.623,
0.918,0.978,0.985,0.976,0.655,0.681,0.482,0.233,0.25,0.215,0.918,0.978,0.985,0.976,0.655,0.681,0.482,0.233,0.25,0.215,39.623,
0.972,0.998,0.995,0.973,0.684,0.705,0.472,0.23,0.246,0.242,0.972,0.998,0.995,0.973,0.684,0.705,0.472,0.23,0.246,0.242,43.186,
0.862,0.966,0.978,0.908,0.602,0.676,0.496,0.232,0.283,0.226,0.862,0.966,0.978,0.908,0.602,0.676,0.496,0.232,0.283,0.226,41.976,
0.864,0.967,0.984,0.942,0.61,0.748,0.52,0.229,0.301,0.262,0.864,0.967,0.984,0.942,0.61,0.748,0.52,0.229,0.301,0.262,42.297,
0.933,1,0.99,0.977,0.721,0.628,0.421,0.196,0.228,0.213,0.933,1,0.99,0.977,0.721,0.628,0.421,0.196,0.228,0.213,33.956,
1.079,1.051,0.975,0.979,0.716,0.736,0.468,0.234,0.234,0.269,1.079,1.051,0.975,0.979,0.716,0.736,0.468,0.234,0.234,0.269,41.304,
0.917,0.992,1,0.975,0.584,0.745,0.517,0.249,0.275,0.238,0.917,0.992,1,0.975,0.584,0.745,0.517,0.249,0.275,0.238,43.046,
1.016,1.03,0.986,0.995,0.681,0.745,0.474,0.246,0.229,0.271,1.016,1.03,0.986,0.995,0.681,0.745,0.474,0.246,0.229,0.271,36.497,
0.907,0.988,1.023,0.985,0.617,0.71,0.509,0.271,0.256,0.211,0.907,0.988,1.023,0.985,0.617,0.71,0.509,0.271,0.256,0.211,38.328,
0.834,0.964,0.991,0.95,0.562,0.706,0.524,0.259,0.275,0.216,0.834,0.964,0.991,0.95,0.562,0.706,0.524,0.259,0.275,0.216,41.437,
0.837,0.962,0.988,0.928,0.581,0.677,0.528,0.268,0.276,0.192,0.837,0.962,0.988,0.928,0.581,0.677,0.528,0.268,0.276,0.192,38.833,
0.855,0.958,1.003,0.981,0.587,0.72,0.528,0.23,0.306,0.22,0.855,0.958,1.003,0.981,0.587,0.72,0.528,0.23,0.306,0.22,40.2,
0.986,1.012,0.96,0.976,0.702,0.748,0.51,0.249,0.262,0.244,0.986,1.012,0.96,0.976,0.702,0.748,0.51,0.249,0.262,0.244,37.336,
0.834,0.963,0.984,0.944,0.567,0.676,0.5,0.238,0.269,0.213,0.834,0.963,0.984,0.944,0.567,0.676,0.5,0.238,0.269,0.213,41.304,
0.897,0.963,0.999,0.977,0.648,0.715,0.481,0.219,0.268,0.258,0.897,0.963,0.999,0.977,0.648,0.715,0.481,0.219,0.268,0.258,38.471,
0.933,0.986,0.99,0.977,0.604,0.736,0.502,0.233,0.271,0.246,0.933,0.986,0.99,0.977,0.604,0.736,0.502,0.233,0.271,0.246,38.118,
0.949,1.014,0.972,0.97,0.607,0.791,0.522,0.261,0.261,0.275,0.949,1.014,0.972,0.97,0.607,0.791,0.522,0.261,0.261,0.275,41.11,
0.96,1.006,0.982,0.985,0.662,0.731,0.503,0.235,0.268,0.233,0.96,1.006,0.982,0.985,0.662,0.731,0.503,0.235,0.268,0.233,37,
0.96,1.006,0.982,0.985,0.662,0.731,0.503,0.235,0.268,0.233,0.96,1.006,0.982,0.985,0.662,0.731,0.503,0.235,0.268,0.233,37,
1.189,1.051,0.989,1.037,0.864,0.765,0.498,0.251,0.247,0.267,1.189,1.051,0.989,1.037,0.864,0.765,0.498,0.251,0.247,0.267,36.346,
1.014,1.003,0.997,1.009,0.684,0.743,0.482,0.248,0.235,0.265,1.014,1.003,0.997,1.009,0.684,0.743,0.482,0.248,0.235,0.265,36.014,
1.014,1.003,0.997,1.009,0.684,0.743,0.482,0.248,0.235,0.265,1.014,1.003,0.997,1.009,0.684,0.743,0.482,0.248,0.235,0.265,36.014,
1.098,1.074,0.967,0.952,0.784,0.807,0.512,0.249,0.264,0.296,1.098,1.074,0.967,0.952,0.784,0.807,0.512,0.249,0.264,0.296,38.118,
0.885,0.979,0.989,0.952,0.58,0.718,0.491,0.242,0.256,0.25,0.885,0.979,0.989,0.952,0.58,0.718,0.491,0.242,0.256,0.25,40,
0.864,0.985,0.96,0.914,0.581,0.708,0.534,0.234,0.305,0.201,0.864,0.985,0.96,0.914,0.581,0.708,0.534,0.234,0.305,0.201,39.623,
0.926,0.98,1.012,1.02,0.75,0.652,0.444,0.22,0.226,0.215,0.926,0.98,1.012,1.02,0.75,0.652,0.444,0.22,0.226,0.215,34.366,
0.926,0.98,1.012,1.02,0.75,0.652,0.444,0.22,0.226,0.215,0.926,0.98,1.012,1.02,0.75,0.652,0.444,0.22,0.226,0.215,34.366,
0.926,0.98,1.012,1.02,0.75,0.652,0.444,0.22,0.226,0.215,0.926,0.98,1.012,1.02,0.75,0.652,0.444,0.22,0.226,0.215,34.366,
1.115,1.061,0.952,0.917,0.724,0.795,0.522,0.247,0.276,0.276,1.115,1.061,0.952,0.917,0.724,0.795,0.522,0.247,0.276,0.276,45.177,
0.968,0.996,0.974,0.976,0.651,0.729,0.49,0.229,0.261,0.248,0.968,0.996,0.974,0.976,0.651,0.729,0.49,0.229,0.261,0.248,39.051,
0.968,0.996,0.974,0.976,0.651,0.729,0.49,0.229,0.261,0.248,0.968,0.996,0.974,0.976,0.651,0.729,0.49,0.229,0.261,0.248,39.051,
0.87,0.981,0.979,0.921,0.578,0.701,0.515,0.273,0.251,0.216,0.87,0.981,0.979,0.921,0.578,0.701,0.515,0.273,0.251,0.216,35.128,
0.922,0.989,0.985,0.981,0.644,0.719,0.501,0.233,0.268,0.229,0.922,0.989,0.985,0.981,0.644,0.719,0.501,0.233,0.268,0.229,36.125,
0.991,1.019,0.966,0.974,0.709,0.72,0.48,0.233,0.247,0.244,0.991,1.019,0.966,0.974,0.709,0.72,0.48,0.233,0.247,0.244,36.674,
,,,,,,,,,,,,,,,,,,,,,
0.725,1.101,0.643,0.608,0.131,6.751,5.722,0.447,5.339,1.036,0.725,1.101,0.643,0.608,0.131,6.751,5.722,0.447,5.339,1.036,196.573,23
0.736,1.136,0.664,0.6,0.15,6.009,4.913,0.57,4.491,1.096,0.736,1.136,0.664,0.6,0.15,6.009,4.913,0.57,4.491,1.096,193.329,
0.747,1.122,0.653,0.58,0.18,5.105,4.314,0.62,3.811,0.791,0.747,1.122,0.653,0.58,0.18,5.105,4.314,0.62,3.811,0.791,198.406,
0.763,1.136,0.699,0.619,0.158,5.662,4.678,0.613,4.302,0.989,0.763,1.136,0.699,0.619,0.158,5.662,4.678,0.613,4.302,0.989,194.654,
0.69,1.127,0.645,0.551,0.159,5.741,4.846,0.701,4.411,0.896,0.69,1.127,0.645,0.551,0.159,5.741,4.846,0.701,4.411,0.896,197.307,
0.696,1.01,0.631,0.615,0.093,8.162,7.873,0.659,7.22,0.356,0.696,1.01,0.631,0.615,0.093,8.162,7.873,0.659,7.22,0.356,200.823,
0.714,1.154,0.651,0.613,0.138,7.032,5.619,0.528,5.154,1.414,0.714,1.154,0.651,0.613,0.138,7.032,5.619,0.528,5.154,1.414,194.589,
0.706,1.115,0.604,0.551,0.162,5.48,4.589,0.486,4.174,0.898,0.706,1.115,0.604,0.551,0.162,5.48,4.589,0.486,4.174,0.898,198.635,
0.718,1.046,0.605,0.524,0.196,4.074,3.761,0.495,3.404,0.322,0.718,1.046,0.605,0.524,0.196,4.074,3.761,0.495,3.404,0.322,202.2,
0.711,1.068,0.651,0.606,0.124,7.071,6.338,0.558,5.903,0.738,0.711,1.068,0.651,0.606,0.124,7.071,6.338,0.558,5.903,0.738,200.823,
0.691,1.102,0.629,0.55,0.167,5.497,4.766,0.628,4.312,0.731,0.691,1.102,0.629,0.55,0.167,5.497,4.766,0.628,4.312,0.731,198.116,
0.712,1.131,0.623,0.572,0.151,6.114,5.059,0.53,4.611,1.056,0.712,1.131,0.623,0.572,0.151,6.114,5.059,0.53,4.611,1.056,199.023,
0.677,1.079,0.586,0.504,0.179,4.949,4.369,0.553,3.983,0.597,0.677,1.079,0.586,0.504,0.179,4.949,4.369,0.553,3.983,0.597,199.023,
0.703,1.071,0.628,0.574,0.131,6.283,5.495,0.533,5.086,0.815,0.703,1.071,0.628,0.574,0.131,6.283,5.495,0.533,5.086,0.815,200.801,
0.685,1.096,0.62,0.567,0.158,5.681,4.923,0.54,4.466,0.761,0.685,1.096,0.62,0.567,0.158,5.681,4.923,0.54,4.466,0.761,196.331,
0.731,1.031,0.644,0.552,0.187,4.281,3.973,0.589,3.577,0.357,0.731,1.031,0.644,0.552,0.187,4.281,3.973,0.589,3.577,0.357,200.801,
0.724,1.096,0.642,0.59,0.165,5.451,4.725,0.566,4.233,0.726,0.724,1.096,0.642,0.59,0.165,5.451,4.725,0.566,4.233,0.726,199.023,
0.714,1.066,0.634,0.532,0.181,4.542,4.008,0.595,3.689,0.568,0.714,1.066,0.634,0.532,0.181,4.542,4.008,0.595,3.689,0.568,202.148,
0.755,1.112,0.64,0.565,0.195,4.548,3.919,0.527,3.514,0.633,0.755,1.112,0.64,0.565,0.195,4.548,3.919,0.527,3.514,0.633,202.158,
0.729,1.138,0.63,0.566,0.17,5.315,4.383,0.555,3.916,0.932,0.729,1.138,0.63,0.566,0.17,5.315,4.383,0.555,3.916,0.932,201.246,
0.731,1.059,0.644,0.565,0.174,4.637,4.163,0.572,3.733,0.487,0.731,1.059,0.644,0.565,0.174,4.637,4.163,0.572,3.733,0.487,199.023,
0.692,1.096,0.613,0.531,0.177,5.173,4.499,0.573,4.118,0.679,0.692,1.096,0.613,0.531,0.177,5.173,4.499,0.573,4.118,0.679,201.259,
0.736,1.017,0.632,0.518,0.219,3.507,3.323,0.583,2.943,0.244,0.736,1.017,0.632,0.518,0.219,3.507,3.323,0.583,2.943,0.244,207.06,
0.744,1.119,0.64,0.589,0.164,5.368,4.51,0.509,4.066,0.858,0.744,1.119,0.64,0.589,0.164,5.368,4.51,0.509,4.066,0.858,200.801,
0.726,1.072,0.592,0.471,0.256,3.41,2.981,0.515,2.659,0.489,0.726,1.072,0.592,0.471,0.256,3.41,2.981,0.515,2.659,0.489,204.832,
0.706,1.107,0.641,0.554,0.165,5.407,4.59,0.61,4.215,0.822,0.706,1.107,0.641,0.554,0.165,5.407,4.59,0.61,4.215,0.822,202.606,
0.908,1.27,0.745,0.661,0.259,3.852,2.44,0.434,2.093,1.423,0.908,1.27,0.745,0.661,0.259,3.852,2.44,0.434,2.093,1.423,204.384,
0.735,1.032,0.633,0.563,0.177,4.46,4.221,0.485,3.882,0.243,0.735,1.032,0.633,0.563,0.177,4.46,4.221,0.485,3.882,0.243,203.494,
0.684,1.077,0.609,0.515,0.184,4.879,4.37,0.623,3.961,0.511,0.684,1.077,0.609,0.515,0.184,4.879,4.37,0.623,3.961,0.511,201.718,
0.687,1.068,0.605,0.521,0.177,4.824,4.348,0.599,3.899,0.479,0.687,1.068,0.605,0.521,0.177,4.824,4.348,0.599,3.899,0.479,203.593,
0.689,1.069,0.594,0.532,0.178,4.809,4.279,0.633,3.687,0.547,0.689,1.069,0.594,0.532,0.178,4.809,4.279,0.633,3.687,0.547,202.371,
0.893,1.189,0.754,0.702,0.202,4.641,3.183,0.391,2.862,1.483,0.893,1.189,0.754,0.702,0.202,4.641,3.183,0.391,2.862,1.483,208.387,
1.092,1.515,0.901,0.985,0.123,9.512,1.3,0.855,1.08,8.213,1.092,1.515,0.901,0.985,0.123,9.512,1.3,0.855,1.08,8.213,209.246,
1.136,1.684,0.91,0.93,0.231,6.163,1.1,0.276,0.868,5.082,1.136,1.684,0.91,0.93,0.231,6.163,1.1,0.276,0.868,5.082,214.374,
0.697,1.068,0.647,0.643,0.103,8.663,7.783,0.51,7.276,0.881,0.697,1.068,0.647,0.643,0.103,8.663,7.783,0.51,7.276,0.881,209.576,
0.602,1.031,0.547,0.502,0.119,7.517,7.167,0.691,6.567,0.362,0.602,1.031,0.547,0.502,0.119,7.517,7.167,0.691,6.567,0.362,209.576,
0.706,1.051,0.625,0.65,0.124,7.057,6.426,0.847,5.613,0.644,0.706,1.051,0.625,0.65,0.124,7.057,6.426,0.847,5.613,0.644,205.854,
0.721,1.102,0.617,0.581,0.165,5.791,4.961,0.509,4.494,0.842,0.721,1.102,0.617,0.581,0.165,5.791,4.961,0.509,4.494,0.842,208.751,
0.734,1.088,0.644,0.68,0.093,9.707,8.245,1.154,7.181,1.484,0.734,1.088,0.644,0.68,0.093,9.707,8.245,1.154,7.181,1.484,208.892,
1.157,1.554,0.884,0.893,0.272,4.57,0.928,0.237,0.728,3.687,1.157,1.554,0.884,0.893,0.272,4.57,0.928,0.237,0.728,3.687,213.216,
0.727,1.037,0.66,0.641,0.104,8.112,7.488,0.603,6.91,0.657,0.727,1.037,0.66,0.641,0.104,8.112,7.488,0.603,6.91,0.657,207.685,
0.814,1.127,0.711,0.743,0.095,9.513,7.708,0.87,6.903,1.806,0.814,1.127,0.711,0.743,0.095,9.513,7.708,0.87,6.903,1.806,206.155,
1.176,1.563,0.884,0.817,0.375,3.522,0.625,0.239,0.386,3.115,1.176,1.563,0.884,0.817,0.375,3.522,0.625,0.239,0.386,3.115,212.132,
1.143,1.575,0.916,1.018,0.203,6.599,1.19,0.793,0.665,5.413,1.143,1.575,0.916,1.018,0.203,6.599,1.19,0.793,0.665,5.413,207.954,
1.085,1.435,0.862,0.732,0.354,3.32,0.768,0.367,0.407,3.193,1.085,1.435,0.862,0.732,0.354,3.32,0.768,0.367,0.407,3.193,213.528,
0.8,1.08,0.71,0.667,0.139,6.53,5.649,0.422,5.381,0.894,0.8,1.08,0.71,0.667,0.139,6.53,5.649,0.422,5.381,0.894,211.929,
0.753,1.011,0.7,0.666,0.129,6.666,6.209,0.752,5.516,0.602,0.753,1.011,0.7,0.666,0.129,6.666,6.209,0.752,5.516,0.602,209.974,
0.963,1.185,0.876,0.815,0.16,5.992,4.059,0.547,3.706,1.94,0.963,1.185,0.876,0.815,0.16,5.992,4.059,0.547,3.706,1.94,212.72,
0.803,1.071,0.751,0.711,0.168,5.703,5.088,0.527,4.664,0.617,0.803,1.071,0.751,0.711,0.168,5.703,5.088,0.527,4.664,0.617,211.703,
0.978,1.301,1.006,1.019,0.41,2.583,0.939,0.123,0.816,1.645,0.978,1.301,1.006,1.019,0.41,2.583,0.939,0.123,0.816,1.645,186.301,
1.044,1.33,0.9,0.892,0.226,5.017,1.088,0.131,0.957,4.088,1.044,1.33,0.9,0.892,0.226,5.017,1.088,0.131,0.957,4.088,209.747,
,,,,,,,,,,,,,,,,,,,,,
0.692,0.701,1.022,0.851,0.707,0.911,0.584,0.364,0.307,0.645,0.692,0.701,1.022,0.851,0.707,0.911,0.584,0.364,0.307,0.645,84.9,24
0.672,0.688,1.017,0.819,0.681,0.915,0.578,0.356,0.35,0.709,0.672,0.688,1.017,0.819,0.681,0.915,0.578,0.356,0.35,0.709,82.225,
0.684,0.704,0.995,0.758,0.726,0.915,0.709,0.468,0.338,0.625,0.684,0.704,0.995,0.758,0.726,0.915,0.709,0.468,0.338,0.625,82.97,
0.664,0.667,0.989,0.729,0.71,0.918,0.764,0.527,0.335,0.662,0.664,0.667,0.989,0.729,0.71,0.918,0.764,0.527,0.335,0.662,82,
0.679,0.67,0.978,0.734,0.73,0.9,0.744,0.514,0.301,0.643,0.679,0.67,0.978,0.734,0.73,0.9,0.744,0.514,0.301,0.643,83.433,
0.684,0.688,1.003,0.758,0.716,0.946,0.737,0.512,0.323,0.655,0.684,0.688,1.003,0.758,0.716,0.946,0.737,0.512,0.323,0.655,84.404,
0.687,0.685,1.005,0.799,0.714,0.928,0.673,0.439,0.319,0.655,0.687,0.685,1.005,0.799,0.714,0.928,0.673,0.439,0.319,0.655,82.462,
0.685,0.712,1.045,0.971,0.713,0.891,0.453,0.22,0.28,0.607,0.685,0.712,1.045,0.971,0.713,0.891,0.453,0.22,0.28,0.607,80.808,
0.676,0.719,1.048,0.986,0.675,0.913,0.438,0.273,0.206,0.625,0.676,0.719,1.048,0.986,0.675,0.913,0.438,0.273,0.206,0.625,83.199,
0.695,0.734,1.036,0.99,0.673,0.901,0.425,0.231,0.221,0.611,0.695,0.734,1.036,0.99,0.673,0.901,0.425,0.231,0.221,0.611,83.433,
0.683,0.714,1.028,0.94,0.703,0.906,0.456,0.218,0.289,0.644,0.683,0.714,1.028,0.94,0.703,0.906,0.456,0.218,0.289,0.644,81.492,
0.678,0.703,1.003,0.864,0.679,0.906,0.528,0.287,0.312,0.678,0.678,0.703,1.003,0.864,0.679,0.906,0.528,0.287,0.312,0.678,83.433,
0.662,0.673,0.988,0.758,0.733,0.913,0.729,0.474,0.34,0.639,0.662,0.673,0.988,0.758,0.733,0.913,0.729,0.474,0.34,0.639,80.523,
0.679,0.693,0.991,0.749,0.707,0.944,0.742,0.483,0.362,0.656,0.679,0.693,0.991,0.749,0.707,0.944,0.742,0.483,0.362,0.656,83.952,
0.682,0.701,1.037,0.925,0.682,0.907,0.504,0.264,0.313,0.64,0.682,0.701,1.037,0.925,0.682,0.907,0.504,0.264,0.313,0.64,84.646,
0.656,0.676,0.989,0.748,0.665,0.911,0.735,0.494,0.341,0.678,0.656,0.676,0.989,0.748,0.665,0.911,0.735,0.494,0.341,0.678,81.253,
0.674,0.668,0.988,0.735,0.708,0.916,0.756,0.51,0.345,0.661,0.674,0.668,0.988,0.735,0.708,0.916,0.756,0.51,0.345,0.661,83.199,
0.662,0.676,0.981,0.75,0.681,0.941,0.762,0.483,0.374,0.671,0.662,0.676,0.981,0.75,0.681,0.941,0.762,0.483,0.374,0.671,83.952,
0.668,0.66,0.985,0.725,0.687,0.932,0.762,0.525,0.336,0.704,0.668,0.66,0.985,0.725,0.687,0.932,0.762,0.525,0.336,0.704,84.404,
0.671,0.655,0.977,0.717,0.697,0.926,0.772,0.524,0.34,0.699,0.671,0.655,0.977,0.717,0.697,0.926,0.772,0.524,0.34,0.699,84.646,
0.657,0.662,0.962,0.732,0.697,0.916,0.775,0.489,0.361,0.664,0.657,0.662,0.962,0.732,0.697,0.916,0.775,0.489,0.361,0.664,83.433,
0.67,0.679,0.986,0.823,0.645,0.916,0.544,0.334,0.275,0.759,0.67,0.679,0.986,0.823,0.645,0.916,0.544,0.334,0.275,0.759,82.225,
0.685,0.698,0.99,0.743,0.711,0.918,0.74,0.502,0.333,0.63,0.685,0.698,0.99,0.743,0.711,0.918,0.74,0.502,0.333,0.63,83.241,
0.673,0.672,0.983,0.753,0.696,0.908,0.735,0.476,0.346,0.658,0.673,0.672,0.983,0.753,0.696,0.908,0.735,0.476,0.346,0.658,83.433,
0.67,0.693,0.982,0.771,0.655,0.935,0.678,0.444,0.312,0.707,0.67,0.693,0.982,0.771,0.655,0.935,0.678,0.444,0.312,0.707,84.404,
0.667,0.67,0.982,0.785,0.63,0.911,0.621,0.407,0.291,0.759,0.667,0.67,0.982,0.785,0.63,0.911,0.621,0.407,0.291,0.759,83.199,
0.695,0.698,0.995,0.866,0.627,0.897,0.507,0.27,0.306,0.709,0.695,0.698,0.995,0.866,0.627,0.897,0.507,0.27,0.306,0.709,82.97,
0.668,0.692,0.964,0.764,0.652,0.925,0.711,0.445,0.328,0.682,0.668,0.692,0.964,0.764,0.652,0.925,0.711,0.445,0.328,0.682,84.404,
0.685,0.715,1.011,0.888,0.605,0.841,0.436,0.236,0.296,0.683,0.685,0.715,1.011,0.888,0.605,0.841,0.436,0.236,0.296,0.683,84.646,
0.674,0.694,0.986,0.86,0.591,0.875,0.479,0.247,0.314,0.74,0.674,0.694,0.986,0.86,0.591,0.875,0.479,0.247,0.314,0.74,81.025,
0.695,0.702,0.988,0.844,0.603,0.92,0.552,0.295,0.34,0.731,0.695,0.702,0.988,0.844,0.603,0.92,0.552,0.295,0.34,0.731,85.866,
0.685,0.705,0.986,0.845,0.604,0.892,0.555,0.279,0.367,0.7,0.685,0.705,0.986,0.845,0.604,0.892,0.555,0.279,0.367,0.7,83.433,
0.698,0.701,0.98,0.826,0.613,0.907,0.549,0.319,0.299,0.739,0.698,0.701,0.98,0.826,0.613,0.907,0.549,0.319,0.299,0.739,87.092,
0.689,0.696,1,0.886,0.614,0.919,0.496,0.233,0.34,0.722,0.689,0.696,1,0.886,0.614,0.919,0.496,0.233,0.34,0.722,84.646,
0.691,0.714,0.99,0.888,0.616,0.917,0.509,0.227,0.339,0.691,0.691,0.714,0.99,0.888,0.616,0.917,0.509,0.227,0.339,0.691,85.615,
0.682,0.712,1.006,0.883,0.612,0.87,0.423,0.225,0.298,0.723,0.682,0.712,1.006,0.883,0.612,0.87,0.423,0.225,0.298,0.723,81.253,
0.669,0.693,0.985,0.8,0.637,0.917,0.637,0.395,0.319,0.703,0.669,0.693,0.985,0.8,0.637,0.917,0.637,0.395,0.319,0.703,82.462,
0.7,0.705,1.002,0.883,0.586,0.889,0.469,0.263,0.275,0.723,0.7,0.705,1.002,0.883,0.586,0.889,0.469,0.263,0.275,0.723,86.585,
0.703,0.698,0.992,0.892,0.609,0.912,0.52,0.267,0.295,0.694,0.703,0.698,0.992,0.892,0.609,0.912,0.52,0.267,0.295,0.694,86.585,
0.702,0.721,1.012,0.917,0.589,0.892,0.401,0.205,0.264,0.719,0.702,0.721,1.012,0.917,0.589,0.892,0.401,0.205,0.264,0.719,86.585,
0.698,0.7,0.982,0.867,0.572,0.898,0.501,0.255,0.307,0.743,0.698,0.7,0.982,0.867,0.572,0.898,0.501,0.255,0.307,0.743,85.866,
0.68,0.688,0.988,0.9,0.602,0.906,0.456,0.236,0.251,0.734,0.68,0.688,0.988,0.9,0.602,0.906,0.456,0.236,0.251,0.734,86.585,
0.671,0.688,1.008,0.91,0.593,0.893,0.418,0.212,0.275,0.74,0.671,0.688,1.008,0.91,0.593,0.893,0.418,0.212,0.275,0.74,85.866,
0.69,0.722,0.995,0.888,0.615,0.871,0.487,0.249,0.291,0.662,0.69,0.722,0.995,0.888,0.615,0.871,0.487,0.249,0.291,0.662,83.433,
0.683,0.695,1.002,0.89,0.6,0.88,0.447,0.206,0.342,0.724,0.683,0.695,1.002,0.89,0.6,0.88,0.447,0.206,0.342,0.724,82.97,
0.695,0.698,0.986,0.83,0.623,0.907,0.604,0.353,0.319,0.69,0.695,0.698,0.986,0.83,0.623,0.907,0.604,0.353,0.319,0.69,86.128,
0.68,0.698,0.995,0.852,0.629,0.905,0.564,0.3,0.344,0.689,0.68,0.698,0.995,0.852,0.629,0.905,0.564,0.3,0.344,0.689,85.165,
0.682,0.691,0.994,0.857,0.618,0.908,0.519,0.281,0.315,0.733,0.682,0.691,0.994,0.857,0.618,0.908,0.519,0.281,0.315,0.733,83.241,
0.668,0.675,0.972,0.827,0.6,0.88,0.562,0.28,0.371,0.74,0.668,0.675,0.972,0.827,0.6,0.88,0.562,0.28,0.371,0.74,83.199,
0.682,0.685,0.953,0.722,0.698,0.925,0.779,0.514,0.321,0.647,0.682,0.685,0.953,0.722,0.698,0.925,0.779,0.514,0.321,0.647,87.092,
0.672,0.684,1.007,0.889,0.602,0.893,0.467,0.269,0.263,0.731,0.672,0.684,1.007,0.889,0.602,0.893,0.467,0.269,0.263,0.731,83.678,
,,,,,,,,,,,,,,,,,,,,,
0.415,0.994,0.155,0.077,0.491,2.113,2.062,0.329,1.735,0.903,0.415,0.994,0.155,0.077,0.491,2.113,2.062,0.329,1.735,0.903,169.921,25
0.438,0.989,0.147,0.104,0.533,1.887,1.824,0.223,1.617,0.803,0.438,0.989,0.147,0.104,0.533,1.887,1.824,0.223,1.617,0.803,172.43,
0.44,0.993,0.166,0.088,0.499,1.949,1.892,0.218,1.68,0.861,0.44,0.993,0.166,0.088,0.499,1.949,1.892,0.218,1.68,0.861,172.467,
0.409,0.983,0.168,0.117,0.499,1.945,1.88,0.21,1.685,0.87,0.409,0.983,0.168,0.117,0.499,1.945,1.88,0.21,1.685,0.87,169.248,
0.396,0.977,0.204,0.119,0.505,1.973,1.912,0.268,1.645,0.883,0.396,0.977,0.204,0.119,0.505,1.973,1.912,0.268,1.645,0.883,168.834,
0.384,0.973,0.192,0.154,0.513,1.899,1.823,0.21,1.624,0.834,0.384,0.973,0.192,0.154,0.513,1.899,1.823,0.21,1.624,0.834,164.542,
0.366,0.984,0.163,0.107,0.47,2.182,2.111,0.275,1.837,0.991,0.366,0.984,0.163,0.107,0.47,2.182,2.111,0.275,1.837,0.991,172.351,
0.422,0.991,0.17,0.123,0.503,1.891,1.813,0.131,1.684,0.88,0.422,0.991,0.17,0.123,0.503,1.891,1.813,0.131,1.684,0.88,167.738,
0.42,1.005,0.15,0.102,0.49,1.996,1.899,0.137,1.763,0.953,0.42,1.005,0.15,0.102,0.49,1.996,1.899,0.137,1.763,0.953,169.425,
0.38,0.988,0.192,0.099,0.471,2.131,2.058,0.259,1.808,0.997,0.38,0.988,0.192,0.099,0.471,2.131,2.058,0.259,1.808,0.997,168.834,
0.395,0.981,0.172,0.095,0.483,2.069,2.021,0.237,1.787,0.904,0.395,0.981,0.172,0.095,0.483,2.069,2.021,0.237,1.787,0.904,167.738,
0.43,0.991,0.149,0.119,0.521,1.867,1.79,0.131,1.667,0.832,0.43,0.991,0.149,0.119,0.521,1.867,1.79,0.131,1.667,0.832,168.241,
0.397,0.993,0.155,0.106,0.486,2.053,1.966,0.197,1.773,0.956,0.397,0.993,0.155,0.106,0.486,2.053,1.966,0.197,1.773,0.956,171.058,
0.416,0.998,0.173,0.14,0.513,1.877,1.77,0.138,1.644,0.863,0.416,0.998,0.173,0.14,0.513,1.877,1.77,0.138,1.644,0.863,170.294,
0.428,1.008,0.164,0.131,0.519,1.886,1.765,0.114,1.654,0.883,0.428,1.008,0.164,0.131,0.519,1.886,1.765,0.114,1.654,0.883,167.887,
0.424,1.001,0.165,0.075,0.491,2.065,1.994,0.257,1.738,0.915,0.424,1.001,0.165,0.075,0.491,2.065,1.994,0.257,1.738,0.915,167.8,
0.428,0.99,0.166,0.105,0.506,1.93,1.862,0.183,1.68,0.872,0.428,0.99,0.166,0.105,0.506,1.93,1.862,0.183,1.68,0.872,167.108,
0.389,0.98,0.181,0.139,0.493,1.94,1.861,0.13,1.731,0.901,0.389,0.98,0.181,0.139,0.493,1.94,1.861,0.13,1.731,0.901,173.367,
0.388,0.983,0.18,0.127,0.496,1.997,1.919,0.194,1.725,0.879,0.388,0.983,0.18,0.127,0.496,1.997,1.919,0.194,1.725,0.879,168.885,
0.344,0.973,0.202,0.148,0.463,2.086,2.004,0.18,1.824,0.962,0.344,0.973,0.202,0.148,0.463,2.086,2.004,0.18,1.824,0.962,172.073,
0.393,0.972,0.184,0.161,0.526,1.846,1.757,0.12,1.64,0.88,0.393,0.972,0.184,0.161,0.526,1.846,1.757,0.12,1.64,0.88,166.331,
0.345,0.962,0.215,0.184,0.486,1.955,1.867,0.176,1.698,0.906,0.345,0.962,0.215,0.184,0.486,1.955,1.867,0.176,1.698,0.906,168.772,
0.416,0.969,0.2,0.141,0.496,1.854,1.812,0.157,1.655,0.855,0.416,0.969,0.2,0.141,0.496,1.854,1.812,0.157,1.655,0.855,162.742,
0.398,0.988,0.2,0.176,0.506,1.84,1.731,0.096,1.64,0.84,0.398,0.988,0.2,0.176,0.506,1.84,1.731,0.096,1.64,0.84,167.263,
0.353,0.962,0.209,0.118,0.456,2.14,2.108,0.289,1.822,0.964,0.353,0.962,0.209,0.118,0.456,2.14,2.108,0.289,1.822,0.964,169.009,
0.395,0.98,0.189,0.181,0.52,1.803,1.701,0.134,1.601,0.83,0.395,0.98,0.189,0.181,0.52,1.803,1.701,0.134,1.601,0.83,166.712,
0.393,0.99,0.199,0.142,0.458,2.005,1.927,0.134,1.795,0.914,0.393,0.99,0.199,0.142,0.458,2.005,1.927,0.134,1.795,0.914,165.194,
0.411,0.994,0.165,0.14,0.504,1.9,1.798,0.092,1.71,0.895,0.411,0.994,0.165,0.14,0.504,1.9,1.798,0.092,1.71,0.895,169.293,
0.372,0.978,0.191,0.134,0.479,2.033,1.955,0.203,1.753,0.933,0.372,0.978,0.191,0.134,0.479,2.033,1.955,0.203,1.753,0.933,168.372,
0.402,0.989,0.202,0.147,0.512,1.896,1.796,0.167,1.629,0.859,0.402,0.989,0.202,0.147,0.512,1.896,1.796,0.167,1.629,0.859,167.738,
0.353,0.974,0.205,0.148,0.469,2.062,1.984,0.228,1.758,0.9,0.353,0.974,0.205,0.148,0.469,2.062,1.984,0.228,1.758,0.9,172.734,
0.421,0.976,0.188,0.163,0.528,1.769,1.687,0.105,1.589,0.842,0.421,0.976,0.188,0.163,0.528,1.769,1.687,0.105,1.589,0.842,166.027,
0.395,0.982,0.197,0.117,0.462,2.032,1.977,0.2,1.778,0.933,0.395,0.982,0.197,0.117,0.462,2.032,1.977,0.2,1.778,0.933,169.009,
0.409,0.982,0.182,0.137,0.509,1.89,1.81,0.152,1.659,0.873,0.409,0.982,0.182,0.137,0.509,1.89,1.81,0.152,1.659,0.873,167.263,
0.405,0.986,0.195,0.11,0.484,1.993,1.929,0.214,1.717,0.901,0.405,0.986,0.195,0.11,0.484,1.993,1.929,0.214,1.717,0.901,170.238,
0.408,0.99,0.198,0.087,0.483,2.066,2.008,0.287,1.727,0.912,0.408,0.99,0.198,0.087,0.483,2.066,2.008,0.287,1.727,0.912,169.623,
0.439,1.002,0.15,0.099,0.494,1.951,1.873,0.134,1.741,0.886,0.439,1.002,0.15,0.099,0.494,1.951,1.873,0.134,1.741,0.886,168.372,
0.411,0.995,0.181,0.086,0.484,2.07,2,0.253,1.752,0.945,0.411,0.995,0.181,0.086,0.484,2.07,2,0.253,1.752,0.945,169.009,
0.426,0.999,0.159,0.09,0.491,2.004,1.925,0.192,1.734,0.966,0.426,0.999,0.159,0.09,0.491,2.004,1.925,0.192,1.734,0.966,166.712,
0.437,1.011,0.131,0.098,0.501,1.972,1.87,0.124,1.755,0.906,0.437,1.011,0.131,0.098,0.501,1.972,1.87,0.124,1.755,0.906,164.785,
0.433,1.004,0.145,0.089,0.475,2.028,1.952,0.135,1.818,0.973,0.433,1.004,0.145,0.089,0.475,2.028,1.952,0.135,1.818,0.973,169.009,
0.383,0.98,0.177,0.148,0.494,1.946,1.857,0.128,1.732,0.899,0.383,0.98,0.177,0.148,0.494,1.946,1.857,0.128,1.732,0.899,170.294,
0.41,1.006,0.146,0.082,0.482,2.109,2.019,0.211,1.808,0.935,0.41,1.006,0.146,0.082,0.482,2.109,2.019,0.211,1.808,0.935,170.182,
0.406,1.006,0.157,0.102,0.491,2.048,1.943,0.193,1.752,0.936,0.406,1.006,0.157,0.102,0.491,2.048,1.943,0.193,1.752,0.936,168.885,
0.389,0.994,0.157,0.078,0.466,2.205,2.145,0.29,1.855,0.971,0.389,0.994,0.157,0.078,0.466,2.205,2.145,0.29,1.855,0.971,173.234,
0.377,0.975,0.177,0.112,0.466,2.081,2.028,0.211,1.817,0.948,0.377,0.975,0.177,0.112,0.466,2.081,2.028,0.211,1.817,0.948,171.703,
0.403,0.996,0.161,0.092,0.483,2.085,2.008,0.227,1.78,0.942,0.403,0.996,0.161,0.092,0.483,2.085,2.008,0.227,1.78,0.942,168.772,
0.348,0.989,0.187,0.119,0.456,2.222,2.133,0.256,1.878,0.956,0.348,0.989,0.187,0.119,0.456,2.222,2.133,0.256,1.878,0.956,176.695,
0.371,0.978,0.189,0.081,0.448,2.243,2.214,0.334,1.89,0.97,0.371,0.978,0.189,0.081,0.448,2.243,2.214,0.334,1.89,0.97,169.921,
0.385,0.982,0.169,0.087,0.456,2.159,2.114,0.252,1.862,0.969,0.385,0.982,0.169,0.087,0.456,2.159,2.114,0.252,1.862,0.969,179.137,
0.402,0.984,0.173,0.087,0.478,2.078,2.032,0.257,1.775,0.901,0.402,0.984,0.173,0.087,0.478,2.078,2.032,0.257,1.775,0.901,176.026,
,,,,,,,,,,,,,,,,,,,,,
1.054,0.954,0.978,0.857,1.124,0.839,0.552,0.3,0.28,0.37,1.054,0.954,0.978,0.857,1.124,0.839,0.552,0.3,0.28,0.37,154.013,26
1.054,0.954,0.978,0.857,1.124,0.839,0.552,0.3,0.28,0.37,1.054,0.954,0.978,0.857,1.124,0.839,0.552,0.3,0.28,0.37,154.013,
1.054,0.954,0.978,0.857,1.124,0.839,0.552,0.3,0.28,0.37,1.054,0.954,0.978,0.857,1.124,0.839,0.552,0.3,0.28,0.37,154.013,
1.054,0.954,0.978,0.857,1.124,0.839,0.552,0.3,0.28,0.37,1.054,0.954,0.978,0.857,1.124,0.839,0.552,0.3,0.28,0.37,154.013,
1.054,0.954,0.978,0.857,1.124,0.839,0.552,0.3,0.28,0.37,1.054,0.954,0.978,0.857,1.124,0.839,0.552,0.3,0.28,0.37,154.013,
1.054,0.954,0.978,0.857,1.124,0.839,0.552,0.3,0.28,0.37,1.054,0.954,0.978,0.857,1.124,0.839,0.552,0.3,0.28,0.37,154.013,
1.054,0.954,0.978,0.857,1.124,0.839,0.552,0.3,0.28,0.37,1.054,0.954,0.978,0.857,1.124,0.839,0.552,0.3,0.28,0.37,154.013,
1.054,0.954,0.978,0.857,1.124,0.839,0.552,0.3,0.28,0.37,1.054,0.954,0.978,0.857,1.124,0.839,0.552,0.3,0.28,0.37,154.013,
1.054,0.954,0.978,0.857,1.124,0.839,0.552,0.3,0.28,0.37,1.054,0.954,0.978,0.857,1.124,0.839,0.552,0.3,0.28,0.37,154.013,
1.054,0.954,0.978,0.857,1.124,0.839,0.552,0.3,0.28,0.37,1.054,0.954,0.978,0.857,1.124,0.839,0.552,0.3,0.28,0.37,154.013,
1.054,0.954,0.978,0.857,1.124,0.839,0.552,0.3,0.28,0.37,1.054,0.954,0.978,0.857,1.124,0.839,0.552,0.3,0.28,0.37,154.013,
1.054,0.954,0.978,0.857,1.124,0.839,0.552,0.3,0.28,0.37,1.054,0.954,0.978,0.857,1.124,0.839,0.552,0.3,0.28,0.37,154.013,
1.054,0.954,0.978,0.857,1.124,0.839,0.552,0.3,0.28,0.37,1.054,0.954,0.978,0.857,1.124,0.839,0.552,0.3,0.28,0.37,154.013,
1.054,0.954,0.978,0.857,1.124,0.839,0.552,0.3,0.28,0.37,1.054,0.954,0.978,0.857,1.124,0.839,0.552,0.3,0.28,0.37,154.013,
1.054,0.954,0.978,0.857,1.124,0.839,0.552,0.3,0.28,0.37,1.054,0.954,0.978,0.857,1.124,0.839,0.552,0.3,0.28,0.37,154.013,
1.054,0.954,0.978,0.857,1.124,0.839,0.552,0.3,0.28,0.37,1.054,0.954,0.978,0.857,1.124,0.839,0.552,0.3,0.28,0.37,154.013,
1.054,0.954,0.978,0.857,1.124,0.839,0.552,0.3,0.28,0.37,1.054,0.954,0.978,0.857,1.124,0.839,0.552,0.3,0.28,0.37,154.013,
1.054,0.954,0.978,0.857,1.124,0.839,0.552,0.3,0.28,0.37,1.054,0.954,0.978,0.857,1.124,0.839,0.552,0.3,0.28,0.37,154.013,
1.054,0.954,0.978,0.857,1.124,0.839,0.552,0.3,0.28,0.37,1.054,0.954,0.978,0.857,1.124,0.839,0.552,0.3,0.28,0.37,154.013,
1.054,0.954,0.978,0.857,1.124,0.839,0.552,0.3,0.28,0.37,1.054,0.954,0.978,0.857,1.124,0.839,0.552,0.3,0.28,0.37,154.013,
1.054,0.954,0.978,0.857,1.124,0.839,0.552,0.3,0.28,0.37,1.054,0.954,0.978,0.857,1.124,0.839,0.552,0.3,0.28,0.37,154.013,
1.054,0.954,0.978,0.857,1.124,0.839,0.552,0.3,0.28,0.37,1.054,0.954,0.978,0.857,1.124,0.839,0.552,0.3,0.28,0.37,154.013,
1.054,0.954,0.978,0.857,1.124,0.839,0.552,0.3,0.28,0.37,1.054,0.954,0.978,0.857,1.124,0.839,0.552,0.3,0.28,0.37,154.013,
1.054,0.954,0.978,0.857,1.124,0.839,0.552,0.3,0.28,0.37,1.054,0.954,0.978,0.857,1.124,0.839,0.552,0.3,0.28,0.37,154.013,
1.054,0.954,0.978,0.857,1.124,0.839,0.552,0.3,0.28,0.37,1.054,0.954,0.978,0.857,1.124,0.839,0.552,0.3,0.28,0.37,154.013,
1.054,0.954,0.978,0.857,1.124,0.839,0.552,0.3,0.28,0.37,1.054,0.954,0.978,0.857,1.124,0.839,0.552,0.3,0.28,0.37,154.013,
1.054,0.954,0.978,0.857,1.124,0.839,0.552,0.3,0.28,0.37,1.054,0.954,0.978,0.857,1.124,0.839,0.552,0.3,0.28,0.37,154.013,
1.054,0.954,0.978,0.857,1.124,0.839,0.552,0.3,0.28,0.37,1.054,0.954,0.978,0.857,1.124,0.839,0.552,0.3,0.28,0.37,154.013,
1.054,0.954,0.978,0.857,1.124,0.839,0.552,0.3,0.28,0.37,1.054,0.954,0.978,0.857,1.124,0.839,0.552,0.3,0.28,0.37,154.013,
1.054,0.954,0.978,0.857,1.124,0.839,0.552,0.3,0.28,0.37,1.054,0.954,0.978,0.857,1.124,0.839,0.552,0.3,0.28,0.37,154.013,
1.054,0.954,0.978,0.857,1.124,0.839,0.552,0.3,0.28,0.37,1.054,0.954,0.978,0.857,1.124,0.839,0.552,0.3,0.28,0.37,154.013,
1.054,0.954,0.978,0.857,1.124,0.839,0.552,0.3,0.28,0.37,1.054,0.954,0.978,0.857,1.124,0.839,0.552,0.3,0.28,0.37,154.013,
1.054,0.954,0.978,0.857,1.124,0.839,0.552,0.3,0.28,0.37,1.054,0.954,0.978,0.857,1.124,0.839,0.552,0.3,0.28,0.37,154.013,
1.054,0.954,0.978,0.857,1.124,0.839,0.552,0.3,0.28,0.37,1.054,0.954,0.978,0.857,1.124,0.839,0.552,0.3,0.28,0.37,154.013,
1.054,0.954,0.978,0.857,1.124,0.839,0.552,0.3,0.28,0.37,1.054,0.954,0.978,0.857,1.124,0.839,0.552,0.3,0.28,0.37,154.013,
1.054,0.954,0.978,0.857,1.124,0.839,0.552,0.3,0.28,0.37,1.054,0.954,0.978,0.857,1.124,0.839,0.552,0.3,0.28,0.37,154.013,
1.054,0.954,0.978,0.857,1.124,0.839,0.552,0.3,0.28,0.37,1.054,0.954,0.978,0.857,1.124,0.839,0.552,0.3,0.28,0.37,154.013,
1.054,0.954,0.978,0.857,1.124,0.839,0.552,0.3,0.28,0.37,1.054,0.954,0.978,0.857,1.124,0.839,0.552,0.3,0.28,0.37,154.013,
1.054,0.954,0.978,0.857,1.124,0.839,0.552,0.3,0.28,0.37,1.054,0.954,0.978,0.857,1.124,0.839,0.552,0.3,0.28,0.37,154.013,
1.054,0.954,0.978,0.857,1.124,0.839,0.552,0.3,0.28,0.37,1.054,0.954,0.978,0.857,1.124,0.839,0.552,0.3,0.28,0.37,154.013,
1.054,0.954,0.978,0.857,1.124,0.839,0.552,0.3,0.28,0.37,1.054,0.954,0.978,0.857,1.124,0.839,0.552,0.3,0.28,0.37,154.013,
1.054,0.954,0.978,0.857,1.124,0.839,0.552,0.3,0.28,0.37,1.054,0.954,0.978,0.857,1.124,0.839,0.552,0.3,0.28,0.37,154.013,
1.054,0.954,0.978,0.857,1.124,0.839,0.552,0.3,0.28,0.37,1.054,0.954,0.978,0.857,1.124,0.839,0.552,0.3,0.28,0.37,154.013,
1.054,0.954,0.978,0.857,1.124,0.839,0.552,0.3,0.28,0.37,1.054,0.954,0.978,0.857,1.124,0.839,0.552,0.3,0.28,0.37,154.013,
1.054,0.954,0.978,0.857,1.124,0.839,0.552,0.3,0.28,0.37,1.054,0.954,0.978,0.857,1.124,0.839,0.552,0.3,0.28,0.37,154.013,
1.054,0.954,0.978,0.857,1.124,0.839,0.552,0.3,0.28,0.37,1.054,0.954,0.978,0.857,1.124,0.839,0.552,0.3,0.28,0.37,154.013,
1.054,0.954,0.978,0.857,1.124,0.839,0.552,0.3,0.28,0.37,1.054,0.954,0.978,0.857,1.124,0.839,0.552,0.3,0.28,0.37,154.013,
1.054,0.954,0.978,0.857,1.124,0.839,0.552,0.3,0.28,0.37,1.054,0.954,0.978,0.857,1.124,0.839,0.552,0.3,0.28,0.37,154.013,
1.054,0.954,0.978,0.857,1.124,0.839,0.552,0.3,0.28,0.37,1.054,0.954,0.978,0.857,1.124,0.839,0.552,0.3,0.28,0.37,154.013,
1.054,0.954,0.978,0.857,1.124,0.839,0.552,0.3,0.28,0.37,1.054,0.954,0.978,0.857,1.124,0.839,0.552,0.3,0.28,0.37,154.013,
1.054,0.954,0.978,0.857,1.124,0.839,0.552,0.3,0.28,0.37,1.054,0.954,0.978,0.857,1.124,0.839,0.552,0.3,0.28,0.37,154.013,
,,,,,,,,,,,,,,,,,,,,,
0.959,1.01,0.985,0.951,0.207,0.513,0.42,0.208,0.237,0.093,0.959,1.01,0.985,0.951,0.207,0.513,0.42,0.208,0.237,0.093,12.649,27
0.938,1.038,0.973,0.925,0.2,0.767,0.478,0.243,0.291,0.295,0.938,1.038,0.973,0.925,0.2,0.767,0.478,0.243,0.291,0.295,18.385,
0.921,1.026,0.979,0.929,0.147,0.792,0.544,0.341,0.316,0.261,0.921,1.026,0.979,0.929,0.147,0.792,0.544,0.341,0.316,0.261,14.866,
0.925,1.005,0.974,0.928,0.171,0.597,0.477,0.277,0.229,0.175,0.925,1.005,0.974,0.928,0.171,0.597,0.477,0.277,0.229,0.175,16.125,
0.934,1.041,0.974,0.945,0.137,1.118,0.633,0.248,0.412,0.486,0.934,1.041,0.974,0.945,0.137,1.118,0.633,0.248,0.412,0.486,14.213,
0.906,1.047,0.975,0.932,0.183,0.863,0.402,0.258,0.309,0.515,0.906,1.047,0.975,0.932,0.183,0.863,0.402,0.258,0.309,0.515,18.439,
0.892,1.031,0.974,0.914,0.167,0.96,0.573,0.362,0.344,0.462,0.892,1.031,0.974,0.914,0.167,0.96,0.573,0.362,0.344,0.462,18.385,
0.918,1.033,0.979,0.924,0.272,0.543,0.324,0.2,0.172,0.24,0.918,1.033,0.979,0.924,0.272,0.543,0.324,0.2,0.172,0.24,24.352,
0.932,1.042,0.944,0.88,0.141,1.414,0.97,0.476,0.512,0.476,0.932,1.042,0.944,0.88,0.141,1.414,0.97,0.476,0.512,0.476,13.454,
0.928,0.997,0.983,0.938,0.164,0.576,0.455,0.282,0.226,0.203,0.928,0.997,0.983,0.938,0.164,0.576,0.455,0.282,0.226,0.203,13.892,
0.938,1.03,0.971,0.916,0.169,1.031,0.559,0.326,0.285,0.57,0.938,1.03,0.971,0.916,0.169,1.031,0.559,0.326,0.285,0.57,13.038,
0.949,1.005,0.983,0.95,0.207,0.416,0.303,0.163,0.181,0.143,0.949,1.005,0.983,0.95,0.207,0.416,0.303,0.163,0.181,0.143,16.553,
0.934,1.013,0.954,0.891,0.162,0.782,0.7,0.39,0.339,0.082,0.934,1.013,0.954,0.891,0.162,0.782,0.7,0.39,0.339,0.082,13.454,
0.916,1.035,0.97,0.916,0.14,1.053,0.752,0.431,0.343,0.301,0.916,1.035,0.97,0.916,0.14,1.053,0.752,0.431,0.343,0.301,16.971,
0.942,1.059,0.959,0.904,0.185,1.092,0.539,0.308,0.321,0.659,0.942,1.059,0.959,0.904,0.185,1.092,0.539,0.308,0.321,0.659,15.652,
0.928,1.006,0.971,0.925,0.131,0.958,0.677,0.359,0.366,0.387,0.928,1.006,0.971,0.925,0.131,0.958,0.677,0.359,0.366,0.387,15.556,
0.938,1.026,0.958,0.907,0.212,0.645,0.475,0.241,0.283,0.184,0.938,1.026,0.958,0.907,0.212,0.645,0.475,0.241,0.283,0.184,16.155,
0.888,1.005,0.971,0.92,0.152,0.784,0.639,0.351,0.316,0.196,0.888,1.005,0.971,0.92,0.152,0.784,0.639,0.351,0.316,0.196,16.971,
0.903,1.018,0.972,0.922,0.154,0.954,0.632,0.347,0.313,0.374,0.903,1.018,0.972,0.922,0.154,0.954,0.632,0.347,0.313,0.374,20.518,
0.908,1.018,0.979,0.933,0.164,0.733,0.518,0.29,0.29,0.232,0.908,1.018,0.979,0.933,0.164,0.733,0.518,0.29,0.29,0.232,16.279,
0.895,1.009,0.98,0.922,0.131,0.854,0.728,0.453,0.354,0.141,0.895,1.009,0.98,0.922,0.131,0.854,0.728,0.453,0.354,0.141,15.811,
0.892,1.017,0.971,0.917,0.173,0.735,0.613,0.351,0.279,0.123,0.892,1.017,0.971,0.917,0.173,0.735,0.613,0.351,0.279,0.123,18.028,
0.907,1.036,0.967,0.917,0.176,0.915,0.535,0.288,0.326,0.428,0.907,1.036,0.967,0.917,0.176,0.915,0.535,0.288,0.326,0.428,17.804,
0.919,1.031,0.968,0.916,0.165,1.036,0.6,0.323,0.337,0.502,0.919,1.031,0.968,0.916,0.165,1.036,0.6,0.323,0.337,0.502,15.264,
0.934,1.036,0.984,0.946,0.146,0.985,0.491,0.273,0.258,0.515,0.934,1.036,0.984,0.946,0.146,0.985,0.491,0.273,0.258,0.515,17.029,
0.925,0.992,0.966,0.915,0.166,0.54,0.573,0.308,0.348,0.057,0.925,0.992,0.966,0.915,0.166,0.54,0.573,0.308,0.348,0.057,18.385,
0.926,0.988,0.983,0.946,0.175,0.437,0.413,0.23,0.217,0.121,0.926,0.988,0.983,0.946,0.175,0.437,0.413,0.23,0.217,0.121,16.401,
0.946,1.001,0.983,0.932,0.157,0.631,0.54,0.342,0.242,0.135,0.946,1.001,0.983,0.932,0.157,0.631,0.54,0.342,0.242,0.135,15.62,
0.92,1,0.988,0.942,0.193,0.419,0.354,0.245,0.147,0.11,0.92,1,0.988,0.942,0.193,0.419,0.354,0.245,0.147,0.11,19.723,
0.928,1.005,0.971,0.919,0.139,0.893,0.734,0.42,0.335,0.208,0.928,1.005,0.971,0.919,0.139,0.893,0.734,0.42,0.335,0.208,12.806,
0.931,1.013,0.98,0.947,0.199,0.484,0.353,0.167,0.232,0.139,0.931,1.013,0.98,0.947,0.199,0.484,0.353,0.167,0.232,0.139,19.313,
0.922,1.001,0.966,0.916,0.083,1.414,1.25,0.632,0.68,0.25,0.922,1.001,0.966,0.916,0.083,1.414,1.25,0.632,0.68,0.25,11.18,
0.902,1.021,0.984,0.947,0.158,0.632,0.447,0.249,0.235,0.186,0.902,1.021,0.984,0.947,0.158,0.632,0.447,0.249,0.235,0.186,16.279,
0.91,1.004,0.976,0.934,0.191,0.483,0.383,0.219,0.202,0.155,0.91,1.004,0.976,0.934,0.191,0.483,0.383,0.219,0.202,0.155,18.868,
0.931,1.021,0.979,0.938,0.186,0.759,0.405,0.224,0.251,0.414,0.931,1.021,0.979,0.938,0.186,0.759,0.405,0.224,0.251,0.414,18.028,
0.919,1.04,0.983,0.937,0.165,0.851,0.462,0.286,0.229,0.405,0.919,1.04,0.983,0.937,0.165,0.851,0.462,0.286,0.229,0.405,15.556,
0.922,1.012,0.972,0.91,0.161,0.689,0.573,0.384,0.206,0.172,0.922,1.012,0.972,0.91,0.161,0.689,0.573,0.384,0.206,0.172,16.401,
0.921,1.008,0.972,0.919,0.223,0.485,0.416,0.243,0.212,0.083,0.921,1.008,0.972,0.919,0.223,0.485,0.416,0.243,0.212,0.083,22.847,
0.918,1.001,0.975,0.92,0.178,0.617,0.543,0.307,0.316,0.118,0.918,1.001,0.975,0.92,0.178,0.617,0.543,0.307,0.316,0.118,15.264,
0.902,1.001,0.983,0.929,0.172,0.625,0.54,0.351,0.219,0.123,0.902,1.001,0.983,0.929,0.172,0.625,0.54,0.351,0.219,0.123,12.53,
0.922,1.013,0.98,0.938,0.213,0.477,0.357,0.198,0.222,0.133,0.922,1.013,0.98,0.938,0.213,0.477,0.357,0.198,0.222,0.133,19.723,
0.941,0.996,0.976,0.926,0.154,0.595,0.513,0.325,0.249,0.218,0.941,0.996,0.976,0.926,0.154,0.595,0.513,0.325,0.249,0.218,12.083,
0.921,1.005,0.983,0.934,0.182,0.58,0.455,0.288,0.204,0.161,0.921,1.005,0.983,0.934,0.182,0.58,0.455,0.288,0.204,0.161,18.601,
0.976,1.031,0.967,0.911,0.149,1.006,0.695,0.375,0.391,0.328,0.976,1.031,0.967,0.911,0.149,1.006,0.695,0.375,0.391,0.328,9.22,
0.905,0.997,0.972,0.898,0.14,0.881,0.791,0.529,0.335,0.237,0.905,0.997,0.972,0.898,0.14,0.881,0.791,0.529,0.335,0.237,14.142,
0.938,1.005,0.967,0.916,0.169,0.675,0.559,0.301,0.34,0.177,0.938,1.005,0.967,0.916,0.169,0.675,0.559,0.301,0.34,0.177,12.207,
0.959,1.052,0.975,0.937,0.191,1.169,0.482,0.215,0.305,0.718,0.959,1.052,0.975,0.937,0.191,1.169,0.482,0.215,0.305,0.718,16.643,
0.913,1.062,0.973,0.911,0.175,1.344,0.56,0.354,0.269,0.902,0.913,1.062,0.973,0.911,0.175,1.344,0.56,0.354,0.269,0.902,18.601,
0.923,1.013,0.971,0.927,0.164,0.768,0.608,0.329,0.288,0.169,0.923,1.013,0.971,0.927,0.164,0.768,0.608,0.329,0.288,0.169,15.811,
0.946,1.021,0.968,0.892,0.167,0.798,0.655,0.463,0.251,0.178,0.946,1.021,0.968,0.892,0.167,0.798,0.655,0.463,0.251,0.178,9.434,
0.952,1,0.971,0.901,0.165,0.686,0.635,0.428,0.286,0.126,0.952,1,0.971,0.901,0.165,0.686,0.635,0.428,0.286,0.126,11.662,
,,,,,,,,,,,,,,,,,,,,,
0.536,0.955,0.43,0.445,0.119,4.427,4.93,0.52,5.323,0.763,0.536,0.955,0.43,0.445,0.119,4.427,4.93,0.52,5.323,0.763,166.628,28
0.504,0.943,0.421,0.412,0.11,5.036,5.673,0.332,5.791,0.841,0.504,0.943,0.421,0.412,0.11,5.036,5.673,0.332,5.791,0.841,160.854,
0.508,0.959,0.41,0.433,0.099,5.572,6.18,0.458,6.604,1.023,0.508,0.959,0.41,0.433,0.099,5.572,6.18,0.458,6.604,1.023,168.345,
0.531,0.988,0.429,0.422,0.118,5.028,5.211,0.234,5.287,0.398,0.531,0.988,0.429,0.422,0.118,5.028,5.211,0.234,5.287,0.398,161.075,
0.547,0.959,0.451,0.443,0.123,4.417,4.87,0.45,5.103,0.662,0.547,0.959,0.451,0.443,0.123,4.417,4.87,0.45,5.103,0.662,170.426,
0.54,0.943,0.446,0.461,0.109,4.648,5.319,0.767,5.906,0.868,0.54,0.943,0.446,0.461,0.109,4.648,5.319,0.767,5.906,0.868,158.319,
0.535,0.953,0.441,0.45,0.106,4.937,5.52,0.668,5.989,0.844,0.535,0.953,0.441,0.45,0.106,4.937,5.52,0.668,5.989,0.844,171.231,
0.527,0.958,0.43,0.424,0.11,5.175,5.677,0.421,5.915,0.666,0.527,0.958,0.43,0.424,0.11,5.175,5.677,0.421,5.915,0.666,170.294,
0.531,0.966,0.408,0.412,0.137,4.206,4.537,0.426,4.81,0.513,0.531,0.966,0.408,0.412,0.137,4.206,4.537,0.426,4.81,0.513,168.345,
0.537,0.967,0.44,0.415,0.133,4.369,4.695,0.254,4.638,0.472,0.537,0.967,0.44,0.415,0.133,4.369,4.695,0.254,4.638,0.472,171.231,
0.527,0.962,0.448,0.433,0.119,4.653,5.098,0.465,5.272,0.712,0.527,0.962,0.448,0.433,0.119,4.653,5.098,0.465,5.272,0.712,172.244,
0.54,0.954,0.441,0.423,0.124,4.616,5.134,0.234,5.152,0.712,0.54,0.954,0.441,0.423,0.124,4.616,5.134,0.234,5.152,0.712,173.003,
0.544,0.961,0.457,0.46,0.106,5.11,5.552,0.605,5.968,0.491,0.544,0.961,0.457,0.46,0.106,5.11,5.552,0.605,5.968,0.491,166.928,
0.523,0.957,0.43,0.434,0.112,4.951,5.477,0.312,5.702,0.733,0.523,0.957,0.43,0.434,0.112,4.951,5.477,0.312,5.702,0.733,170.751,
0.52,0.959,0.42,0.458,0.109,4.766,5.275,0.665,5.89,0.785,0.52,0.959,0.42,0.458,0.109,4.766,5.275,0.665,5.89,0.785,171.493,
0.536,0.965,0.425,0.418,0.13,4.468,4.859,0.32,5.022,0.603,0.536,0.965,0.425,0.418,0.13,4.468,4.859,0.32,5.022,0.603,173.003,
0.552,0.952,0.454,0.439,0.12,4.619,5.148,0.175,5.138,0.683,0.552,0.952,0.454,0.439,0.12,4.619,5.148,0.175,5.138,0.683,169.446,
0.531,0.958,0.437,0.42,0.119,4.817,5.264,0.354,5.364,0.563,0.531,0.958,0.437,0.42,0.119,4.817,5.264,0.354,5.364,0.563,176.324,
0.52,0.958,0.445,0.466,0.135,3.75,4.126,0.928,4.802,0.49,0.52,0.958,0.445,0.466,0.135,3.75,4.126,0.928,4.802,0.49,178.264,
0.534,0.951,0.445,0.402,0.136,4.3,4.77,0.377,4.665,0.624,0.534,0.951,0.445,0.402,0.136,4.3,4.77,0.377,4.665,0.624,174.416,
0.524,0.949,0.429,0.398,0.13,4.49,5.024,0.298,4.953,0.775,0.524,0.949,0.429,0.398,0.13,4.49,5.024,0.298,4.953,0.775,174.874,
0.551,0.951,0.453,0.422,0.135,4.222,4.705,0.287,4.64,0.629,0.551,0.951,0.453,0.422,0.135,4.222,4.705,0.287,4.64,0.629,180.205,
0.534,0.945,0.442,0.408,0.134,4.31,4.837,0.284,4.727,0.679,0.534,0.945,0.442,0.408,0.134,4.31,4.837,0.284,4.727,0.679,182.387,
0.559,0.945,0.517,0.427,0.134,4.285,4.856,1.024,3.857,0.743,0.559,0.945,0.517,0.427,0.134,4.285,4.856,1.024,3.857,0.743,177.89,
0.521,0.951,0.416,0.382,0.14,4.467,4.936,0.243,4.765,0.603,0.521,0.951,0.416,0.382,0.14,4.467,4.936,0.243,4.765,0.603,179.011,
0.544,0.947,0.532,0.414,0.136,4.256,4.809,1.406,3.509,0.759,0.544,0.947,0.532,0.414,0.136,4.256,4.809,1.406,3.509,0.759,184.201,
0.553,0.949,0.452,0.461,0.107,4.971,5.623,0.482,6.011,0.836,0.553,0.949,0.452,0.461,0.107,4.971,5.623,0.482,6.011,0.836,180.693,
0.545,0.949,0.437,0.414,0.133,4.436,4.897,0.187,4.822,0.515,0.545,0.949,0.437,0.414,0.133,4.436,4.897,0.187,4.822,0.515,183.134,
0.541,0.936,0.437,0.407,0.141,4.073,4.611,0.221,4.482,0.606,0.541,0.936,0.437,0.407,0.141,4.073,4.611,0.221,4.482,0.606,185.162,
0.542,0.954,0.448,0.441,0.118,4.633,5.174,0.216,5.01,0.762,0.542,0.954,0.448,0.441,0.118,4.633,5.174,0.216,5.01,0.762,183.24,
0.525,0.966,0.419,0.423,0.111,5.212,5.666,0.351,5.923,0.722,0.525,0.966,0.419,0.423,0.111,5.212,5.666,0.351,5.923,0.722,182.562,
0.524,0.931,0.694,0.446,0.109,4.728,5.536,2.927,2.798,1.012,0.524,0.931,0.694,0.446,0.109,4.728,5.536,2.927,2.798,1.012,186.011,
0.545,0.931,0.426,0.447,0.127,4.068,4.73,0.59,5.224,0.778,0.545,0.931,0.426,0.447,0.127,4.068,4.73,0.59,5.224,0.778,186.968,
0.529,0.945,0.434,0.407,0.122,4.938,5.509,0.256,5.463,0.654,0.529,0.945,0.434,0.407,0.122,4.938,5.509,0.256,5.463,0.654,184.201,
0.542,0.946,0.436,0.395,0.147,4.183,4.641,0.334,4.597,0.528,0.542,0.946,0.436,0.395,0.147,4.183,4.641,0.334,4.597,0.528,185.162,
0.539,0.938,0.435,0.4,0.141,4.164,4.694,0.248,4.491,0.595,0.539,0.938,0.435,0.4,0.141,4.164,4.694,0.248,4.491,0.595,185.723,
0.552,0.942,0.433,0.397,0.155,3.892,4.346,0.237,4.217,0.507,0.552,0.942,0.433,0.397,0.155,3.892,4.346,0.237,4.217,0.507,184.48,
0.53,0.949,0.435,0.419,0.117,4.917,5.458,0.148,5.32,0.63,0.53,0.949,0.435,0.419,0.117,4.917,5.458,0.148,5.32,0.63,183.24,
0.539,0.942,0.469,0.4,0.141,4.153,4.694,0.672,4.028,0.692,0.539,0.942,0.469,0.4,0.141,4.153,4.694,0.672,4.028,0.692,186.815,
0.541,0.945,0.451,0.418,0.124,4.672,5.247,0.264,5.062,0.693,0.541,0.945,0.451,0.418,0.124,4.672,5.247,0.264,5.062,0.693,185.586,
0.546,0.961,0.443,0.429,0.125,4.69,5.101,0.112,5.017,0.509,0.546,0.961,0.443,0.429,0.125,4.69,5.101,0.112,5.017,0.509,186.035,
0.542,0.953,0.451,0.407,0.135,4.485,4.942,0.557,4.404,0.557,0.542,0.953,0.451,0.407,0.135,4.485,4.942,0.557,4.404,0.557,188.452,
0.529,0.949,0.442,0.425,0.111,5.188,5.784,0.392,5.934,0.73,0.529,0.949,0.442,0.425,0.111,5.188,5.784,0.392,5.934,0.73,186.783,
0.533,0.953,0.447,0.435,0.11,5.065,5.638,0.314,5.759,0.74,0.533,0.953,0.447,0.435,0.11,5.065,5.638,0.314,5.759,0.74,185.065,
0.549,0.958,0.461,0.463,0.099,5.469,6.116,0.062,6.173,0.922,0.549,0.958,0.461,0.463,0.099,5.469,6.116,0.062,6.173,0.922,188.223,
0.539,0.959,0.466,0.467,0.107,4.95,5.483,0.564,5.871,0.708,0.539,0.959,0.466,0.467,0.107,4.95,5.483,0.564,5.871,0.708,187.723,
0.547,0.956,0.452,0.46,0.117,4.471,5.006,0.627,5.47,0.796,0.547,0.956,0.452,0.46,0.117,4.471,5.006,0.627,5.47,0.796,181.912,
0.533,0.943,0.446,0.414,0.13,4.412,4.966,0.363,4.972,0.673,0.533,0.943,0.446,0.414,0.13,4.412,4.966,0.363,4.972,0.673,188.223,
0.539,0.943,0.49,0.468,0.119,4.244,4.888,0.187,4.731,0.857,0.539,0.943,0.49,0.468,0.119,4.244,4.888,0.187,4.731,0.857,187.011,
0.532,0.952,0.442,0.442,0.123,4.383,4.872,0.561,5.24,0.611,0.532,0.952,0.442,0.442,0.123,4.383,4.872,0.561,5.24,0.611,187.257,
0.521,0.965,0.422,0.394,0.133,4.639,4.978,0.298,4.955,0.435,0.521,0.965,0.422,0.394,0.133,4.639,4.978,0.298,4.955,0.435,185.068,
,,,,,,,,,,,,,,,,,,,,,
2.009,1.241,0.869,1.245,1.758,0.427,0.27,0.221,0.162,0.208,2.009,1.241,0.869,1.245,1.758,0.427,0.27,0.221,0.162,0.208,161.245,29
2.116,1.298,0.86,1.042,2.007,0.464,0.273,0.149,0.151,0.204,2.116,1.298,0.86,1.042,2.007,0.464,0.273,0.149,0.151,0.204,160.328,
2.007,1.255,0.861,0.925,1.927,0.469,0.28,0.133,0.154,0.192,2.007,1.255,0.861,0.925,1.927,0.469,0.28,0.133,0.154,0.192,160.639,
2.131,1.229,0.885,1.319,1.952,0.428,0.288,0.23,0.155,0.187,2.131,1.229,0.885,1.319,1.952,0.428,0.288,0.23,0.155,0.187,157.429,
2.173,1.319,0.927,0.863,2.124,0.483,0.275,0.179,0.097,0.209,2.173,1.319,0.927,0.863,2.124,0.483,0.275,0.179,0.097,0.209,151.238,
2.075,1.278,0.881,1.08,1.988,0.466,0.28,0.171,0.134,0.2,2.075,1.278,0.881,1.08,1.988,0.466,0.28,0.171,0.134,0.2,152.118,
2.146,1.301,0.869,0.966,2.203,0.5,0.311,0.162,0.152,0.193,2.146,1.301,0.869,0.966,2.203,0.5,0.311,0.162,0.152,0.193,151.717,
2.303,1.309,0.934,1.048,2.115,0.479,0.278,0.141,0.14,0.211,2.303,1.309,0.934,1.048,2.115,0.479,0.278,0.141,0.14,0.211,157.664,
2.19,1.296,0.918,1.039,2.002,0.477,0.29,0.137,0.159,0.201,2.19,1.296,0.918,1.039,2.002,0.477,0.29,0.137,0.159,0.201,150.791,
2.24,1.319,0.983,1.166,2.041,0.447,0.263,0.158,0.111,0.216,2.24,1.319,0.983,1.166,2.041,0.447,0.263,0.158,0.111,0.216,154.289,
2.341,1.323,1.015,1.026,2.196,0.448,0.255,0.17,0.088,0.204,2.341,1.323,1.015,1.026,2.196,0.448,0.255,0.17,0.088,0.204,154.768,
2.059,1.2,1.357,1.644,1.982,0.51,0.392,0.26,0.183,0.201,2.059,1.2,1.357,1.644,1.982,0.51,0.392,0.26,0.183,0.201,155.708,
2.248,1.33,0.906,0.876,2.294,0.492,0.291,0.183,0.109,0.201,2.248,1.33,0.906,0.876,2.294,0.492,0.291,0.183,0.109,0.201,153.395,
2.083,1.228,1.147,1.499,1.964,0.487,0.371,0.253,0.119,0.183,2.083,1.228,1.147,1.499,1.964,0.487,0.371,0.253,0.119,0.183,157.003,
2.066,1.212,1.205,1.299,1.894,0.438,0.303,0.192,0.139,0.177,2.066,1.212,1.205,1.299,1.894,0.438,0.303,0.192,0.139,0.177,154.353,
2.186,1.336,1.204,1.045,1.956,0.467,0.229,0.225,0.112,0.25,2.186,1.336,1.204,1.045,1.956,0.467,0.229,0.225,0.112,0.25,155.235,
1.911,1.222,1.289,1.226,1.754,0.478,0.296,0.193,0.194,0.213,1.911,1.222,1.289,1.226,1.754,0.478,0.296,0.193,0.194,0.213,157.156,
1.856,1.168,1.398,1.326,1.726,0.47,0.303,0.204,0.241,0.208,1.856,1.168,1.398,1.326,1.726,0.47,0.303,0.204,0.241,0.208,153.075,
2.067,1.291,1.07,0.977,1.958,0.468,0.261,0.215,0.072,0.213,2.067,1.291,1.07,0.977,1.958,0.468,0.261,0.215,0.072,0.213,153.473,
2.088,1.189,1.105,1.179,1.804,0.452,0.263,0.178,0.097,0.206,2.088,1.189,1.105,1.179,1.804,0.452,0.263,0.178,0.097,0.206,150.735,
2.107,1.282,1.021,1.468,1.939,0.493,0.352,0.284,0.079,0.22,2.107,1.282,1.021,1.468,1.939,0.493,0.352,0.284,0.079,0.22,153.418,
2.087,1.284,0.941,0.895,2.045,0.496,0.296,0.203,0.094,0.201,2.087,1.284,0.941,0.895,2.045,0.496,0.296,0.203,0.094,0.201,151.169,
1.754,1.161,1.37,1.319,1.616,0.467,0.323,0.241,0.235,0.19,1.754,1.161,1.37,1.319,1.616,0.467,0.323,0.241,0.235,0.19,155.554,
2.187,1.352,0.954,0.995,2.134,0.478,0.273,0.165,0.108,0.216,2.187,1.352,0.954,0.995,2.134,0.478,0.273,0.165,0.108,0.216,158.928,
1.998,1.272,0.866,0.888,1.913,0.532,0.33,0.164,0.167,0.203,1.998,1.272,0.866,0.888,1.913,0.532,0.33,0.164,0.167,0.203,154.434,
1.978,1.252,0.91,0.9,1.972,0.486,0.301,0.175,0.126,0.186,1.978,1.252,0.91,0.9,1.972,0.486,0.301,0.175,0.126,0.186,156.157,
2.085,1.302,0.851,0.811,2.092,0.498,0.29,0.162,0.129,0.208,2.085,1.302,0.851,0.811,2.092,0.498,0.29,0.162,0.129,0.208,157.867,
1.9,1.268,1.308,1.174,1.799,0.448,0.267,0.234,0.181,0.216,1.9,1.268,1.308,1.174,1.799,0.448,0.267,0.234,0.181,0.216,157.867,
2.23,1.363,1.136,1.099,2.272,0.496,0.273,0.225,0.086,0.234,2.23,1.363,1.136,1.099,2.272,0.496,0.273,0.225,0.086,0.234,157.003,
2.139,1.277,1.285,1.399,2.085,0.459,0.302,0.225,0.143,0.214,2.139,1.277,1.285,1.399,2.085,0.459,0.302,0.225,0.143,0.214,159.79,
2.036,1.308,1.09,1.025,1.951,0.477,0.272,0.18,0.117,0.218,2.036,1.308,1.09,1.025,1.951,0.477,0.272,0.18,0.117,0.218,156.818,
1.808,1.177,1.384,1.258,1.738,0.469,0.288,0.214,0.235,0.21,1.808,1.177,1.384,1.258,1.738,0.469,0.288,0.214,0.235,0.21,160.705,
1.825,1.224,1.256,1.292,1.863,0.513,0.326,0.213,0.168,0.216,1.825,1.224,1.256,1.292,1.863,0.513,0.326,0.213,0.168,0.216,160.705,
2.024,1.26,1.371,1.326,1.884,0.473,0.294,0.202,0.209,0.23,2.024,1.26,1.371,1.326,1.884,0.473,0.294,0.202,0.209,0.23,163.6,
1.868,1.165,0.914,1.051,1.833,0.442,0.269,0.138,0.146,0.177,1.868,1.165,0.914,1.051,1.833,0.442,0.269,0.138,0.146,0.177,163.049,
1.712,1.159,0.834,0.905,1.743,0.528,0.343,0.163,0.188,0.186,1.712,1.159,0.834,0.905,1.743,0.528,0.343,0.163,0.188,0.186,161.028,
2.146,1.271,0.99,1.499,2.335,0.517,0.366,0.248,0.147,0.19,2.146,1.271,0.99,1.499,2.335,0.517,0.366,0.248,0.147,0.19,165.653,
2.009,1.252,0.924,0.99,2.105,0.539,0.327,0.152,0.176,0.212,2.009,1.252,0.924,0.99,2.105,0.539,0.327,0.152,0.176,0.212,161.988,
1.776,1.189,0.9,0.937,1.981,0.561,0.337,0.162,0.176,0.227,1.776,1.189,0.9,0.937,1.981,0.561,0.337,0.162,0.176,0.227,160.59,
2.111,1.28,0.882,0.953,2.469,0.556,0.355,0.176,0.18,0.201,2.111,1.28,0.882,0.953,2.469,0.556,0.355,0.176,0.18,0.201,158.114,
1.926,1.269,0.921,0.967,2.066,0.554,0.354,0.153,0.201,0.202,1.926,1.269,0.921,0.967,2.066,0.554,0.354,0.153,0.201,0.202,156.707,
1.774,1.179,0.853,0.861,1.872,0.534,0.353,0.162,0.191,0.183,1.774,1.179,0.853,0.861,1.872,0.534,0.353,0.162,0.191,0.183,161.978,
2.016,1.241,1.009,1.471,2.321,0.519,0.374,0.228,0.172,0.175,2.016,1.241,1.009,1.471,2.321,0.519,0.374,0.228,0.172,0.175,169.012,
2.017,1.288,0.944,0.931,1.975,0.517,0.324,0.148,0.178,0.197,2.017,1.288,0.944,0.931,1.975,0.517,0.324,0.148,0.178,0.197,171.68,
2.07,1.284,0.945,0.926,2.214,0.537,0.342,0.16,0.187,0.195,2.07,1.284,0.945,0.926,2.214,0.537,0.342,0.16,0.187,0.195,170.848,
1.815,1.176,0.91,0.914,1.835,0.511,0.325,0.143,0.182,0.186,1.815,1.176,0.91,0.914,1.835,0.511,0.325,0.143,0.182,0.186,170.581,
1.737,1.188,0.934,0.968,1.762,0.526,0.329,0.153,0.177,0.197,1.737,1.188,0.934,0.968,1.762,0.526,0.329,0.153,0.177,0.197,169.446,
1.653,1.163,0.916,0.915,1.715,0.521,0.34,0.159,0.181,0.181,1.653,1.163,0.916,0.915,1.715,0.521,0.34,0.159,0.181,0.181,166.012,
1.622,1.168,0.911,0.923,1.644,0.512,0.33,0.154,0.176,0.183,1.622,1.168,0.911,0.923,1.644,0.512,0.33,0.154,0.176,0.183,166.355,
1.716,1.158,0.96,1.297,1.853,0.512,0.349,0.209,0.179,0.181,1.716,1.158,0.96,1.297,1.853,0.512,0.349,0.209,0.179,0.181,163.615,
1.52,1.111,1.011,1.151,1.579,0.508,0.331,0.16,0.175,0.183,1.52,1.111,1.011,1.151,1.579,0.508,0.331,0.16,0.175,0.183,162.247,
,,,,,,,,,,,,,,,,,,,,,
0.849,1.241,0.593,0.494,0.357,2.439,1.653,0.343,1.312,0.811,0.849,1.241,0.593,0.494,0.357,2.439,1.653,0.343,1.312,0.811,143.402,30
0.863,1.24,0.605,0.501,0.366,2.351,1.585,0.317,1.283,0.791,0.863,1.24,0.605,0.501,0.366,2.351,1.585,0.317,1.283,0.791,138.683,
0.833,1.184,0.594,0.49,0.346,2.287,1.63,0.336,1.298,0.731,0.833,1.184,0.594,0.49,0.346,2.287,1.63,0.336,1.298,0.731,141.227,
1.025,1.32,0.709,0.574,0.466,1.787,1.028,0.329,0.7,0.767,1.025,1.32,0.709,0.574,0.466,1.787,1.028,0.329,0.7,0.767,127.664,
0.938,1.343,0.623,0.517,0.421,2.162,1.203,0.264,0.941,1.064,0.938,1.343,0.623,0.517,0.421,2.162,1.203,0.264,0.941,1.064,140.089,
0.94,1.221,0.631,0.504,0.452,1.803,1.239,0.318,0.925,0.584,0.94,1.221,0.631,0.504,0.452,1.803,1.239,0.318,0.925,0.584,123.988,
1.017,1.306,0.663,0.499,0.539,1.622,1.003,0.329,0.676,0.633,1.017,1.306,0.663,0.499,0.539,1.622,1.003,0.329,0.676,0.633,122.674,
1.045,1.531,0.656,0.529,0.517,2.131,0.972,0.269,0.704,1.213,1.045,1.531,0.656,0.529,0.517,2.131,0.972,0.269,0.704,1.213,142.004,
0.926,1.289,0.663,0.537,0.4,2.223,1.268,0.351,0.919,1.104,0.926,1.289,0.663,0.537,0.4,2.223,1.268,0.351,0.919,1.104,136.499,
0.872,1.301,0.578,0.468,0.405,2.323,1.363,0.282,1.083,1.239,0.872,1.301,0.578,0.468,0.405,2.323,1.363,0.282,1.083,1.239,149.013,
0.904,1.301,0.62,0.495,0.413,2.273,1.302,0.319,0.987,1.2,0.904,1.301,0.62,0.495,0.413,2.273,1.302,0.319,0.987,1.2,140.602,
0.817,1.249,0.555,0.44,0.378,2.443,1.572,0.336,1.236,1.131,0.817,1.249,0.555,0.44,0.378,2.443,1.572,0.336,1.236,1.131,150.801,
0.884,1.284,0.644,0.494,0.397,2.335,1.339,0.407,0.931,1.314,0.884,1.284,0.644,0.494,0.397,2.335,1.339,0.407,0.931,1.314,139.032,
0.989,1.477,0.615,0.5,0.489,2.247,1.057,0.252,0.805,1.402,0.989,1.477,0.615,0.5,0.489,2.247,1.057,0.252,0.805,1.402,149.402,
0.686,1.052,0.487,0.39,0.296,2.57,2.293,0.361,1.947,0.427,0.686,1.052,0.487,0.39,0.296,2.57,2.293,0.361,1.947,0.427,153.003,
0.817,1.19,0.596,0.483,0.338,2.487,1.603,0.356,1.248,1.322,0.817,1.19,0.596,0.483,0.338,2.487,1.603,0.356,1.248,1.322,141.241,
0.911,1.416,0.643,0.545,0.366,2.758,1.325,0.309,1.017,1.629,0.911,1.416,0.643,0.545,0.366,2.758,1.325,0.309,1.017,1.629,154.842,
0.773,1.145,0.578,0.456,0.319,2.547,1.792,0.4,1.395,1.235,0.773,1.145,0.578,0.456,0.319,2.547,1.792,0.4,1.395,1.235,146.24,
0.752,1.124,0.519,0.42,0.332,2.452,1.835,0.32,1.516,1.073,0.752,1.124,0.519,0.42,0.332,2.452,1.835,0.32,1.516,1.073,150.207,
0.861,1.258,0.599,0.465,0.399,2.342,1.404,0.359,1.045,1.329,0.861,1.258,0.599,0.465,0.399,2.342,1.404,0.359,1.045,1.329,146.605,
0.82,1.259,0.562,0.446,0.375,2.485,1.6,0.348,1.253,1.062,0.82,1.259,0.562,0.446,0.375,2.485,1.6,0.348,1.253,1.062,151.476,
0.775,1.139,0.52,0.415,0.361,2.303,1.694,0.3,1.4,1.037,0.775,1.139,0.52,0.415,0.361,2.303,1.694,0.3,1.4,1.037,146.823,
0.708,1.048,0.498,0.399,0.31,2.466,2.215,0.356,1.882,0.376,0.708,1.048,0.498,0.399,0.31,2.466,2.215,0.356,1.882,0.376,150.801,
0.777,1.187,0.551,0.433,0.348,2.511,1.684,0.367,1.318,1.358,0.777,1.187,0.551,0.433,0.348,2.511,1.684,0.367,1.318,1.358,146.731,
1.004,1.485,0.663,0.532,0.478,2.309,1.035,0.302,0.733,1.467,1.004,1.485,0.663,0.532,0.478,2.309,1.035,0.302,0.733,1.467,145.908,
0.723,1.092,0.511,0.413,0.31,2.556,2.046,0.333,1.724,0.865,0.723,1.092,0.511,0.413,0.31,2.556,2.046,0.333,1.724,0.865,151.822,
0.739,1.111,0.481,0.387,0.352,2.323,1.843,0.283,1.566,0.794,0.739,1.111,0.481,0.387,0.352,2.323,1.843,0.283,1.566,0.794,149.402,
0.667,1.052,0.486,0.385,0.283,2.685,2.367,0.375,2.013,0.577,0.667,1.052,0.486,0.385,0.283,2.685,2.367,0.375,2.013,0.577,153.118,
0.949,1.329,0.67,0.537,0.458,2.073,1.094,0.315,0.781,1.167,0.949,1.329,0.67,0.537,0.458,2.073,1.094,0.315,0.781,1.167,130.698,
1.175,1.686,0.721,0.589,0.591,2.127,0.736,0.239,0.497,1.506,1.175,1.686,0.721,0.589,0.591,2.127,0.736,0.239,0.497,1.506,144.845,
0.946,1.318,0.647,0.515,0.455,2.076,1.123,0.316,0.807,1.197,0.946,1.318,0.647,0.515,0.455,2.076,1.123,0.316,0.807,1.197,130.698,
0.946,1.398,0.578,0.457,0.509,2.079,1.121,0.271,0.851,1.137,0.946,1.398,0.578,0.457,0.509,2.079,1.121,0.271,0.851,1.137,138.924,
0.982,1.394,0.609,0.489,0.497,2.098,1.072,0.255,0.817,1.272,0.982,1.394,0.609,0.489,0.497,2.098,1.072,0.255,0.817,1.272,143.003,
0.923,1.294,0.61,0.507,0.456,2.041,1.135,0.244,0.891,1.183,0.923,1.294,0.61,0.507,0.456,2.041,1.135,0.244,0.891,1.183,128.891,
0.881,1.295,0.582,0.477,0.407,2.361,1.364,0.289,1.075,1.29,0.881,1.295,0.582,0.477,0.407,2.361,1.364,0.289,1.075,1.29,151.476,
0.734,1.03,0.503,0.409,0.328,2.236,2.105,0.341,1.777,0.164,0.734,1.03,0.503,0.409,0.328,2.236,2.105,0.341,1.777,0.164,143.003,
1.07,1.531,0.721,0.584,0.494,2.216,0.916,0.312,0.604,1.394,1.07,1.531,0.721,0.584,0.494,2.216,0.916,0.312,0.604,1.394,142.836,
0.778,1.161,0.549,0.44,0.339,2.499,1.763,0.353,1.411,1.108,0.778,1.161,0.549,0.44,0.339,2.499,1.763,0.353,1.411,1.108,149.843,
0.85,1.289,0.574,0.449,0.404,2.38,1.4,0.326,1.074,1.406,0.85,1.289,0.574,0.449,0.404,2.38,1.4,0.326,1.074,1.406,150.602,
0.722,1.106,0.469,0.398,0.324,2.518,2.035,0.245,1.794,0.699,0.722,1.106,0.469,0.398,0.324,2.518,2.035,0.245,1.794,0.699,155.039,
0.836,1.284,0.543,0.454,0.383,2.475,1.56,0.27,1.291,1.039,0.836,1.284,0.543,0.454,0.383,2.475,1.56,0.27,1.291,1.039,152.555,
0.832,1.22,0.529,0.437,0.397,2.272,1.476,0.24,1.24,1.179,0.832,1.22,0.529,0.437,0.397,2.272,1.476,0.24,1.24,1.179,150.602,
0.824,1.19,0.602,0.476,0.376,2.254,1.452,0.363,1.089,1.242,0.824,1.19,0.602,0.476,0.376,2.254,1.452,0.363,1.089,1.242,134.112,
0.959,1.403,0.643,0.528,0.44,2.333,1.159,0.287,0.873,1.346,0.959,1.403,0.643,0.528,0.44,2.333,1.159,0.287,0.873,1.346,147.027,
0.711,1.08,0.502,0.426,0.291,2.652,2.17,0.291,1.884,0.79,0.711,1.08,0.502,0.426,0.291,2.652,2.17,0.291,1.884,0.79,146.632,
0.773,1.157,0.525,0.415,0.359,2.358,1.771,0.33,1.451,0.762,0.773,1.157,0.525,0.415,0.359,2.358,1.771,0.33,1.451,0.762,149.215,
0.943,1.4,0.62,0.52,0.425,2.399,1.23,0.257,0.976,1.301,0.943,1.4,0.62,0.52,0.425,2.399,1.23,0.257,0.976,1.301,150.602,
0.78,1.173,0.545,0.446,0.345,2.451,1.78,0.336,1.444,0.822,0.78,1.173,0.545,0.446,0.345,2.451,1.78,0.336,1.444,0.822,143.031,
0.805,1.219,0.521,0.432,0.374,2.413,1.568,0.252,1.317,1.301,0.805,1.219,0.521,0.432,0.374,2.413,1.568,0.252,1.317,1.301,149.79,
0.956,1.414,0.625,0.5,0.457,2.283,1.148,0.296,0.852,1.339,0.956,1.414,0.625,0.5,0.457,2.283,1.148,0.296,0.852,1.339,147.828,
0.715,1.096,0.482,0.399,0.316,2.502,2.08,0.296,1.789,0.576,0.715,1.096,0.482,0.399,0.316,2.502,2.08,0.296,1.789,0.576,152.555,
,,,,,,,,,,,,,,,,,,,,,
1.543,1.136,0.865,0.884,1.852,0.699,0.452,0.254,0.198,0.271,1.543,1.136,0.865,0.884,1.852,0.699,0.452,0.254,0.198,0.271,240.416,31
1.612,1.175,0.877,0.877,1.838,0.692,0.453,0.26,0.193,0.253,1.612,1.175,0.877,0.877,1.838,0.692,0.453,0.26,0.193,0.253,242.8,
1.703,1.195,0.859,1.139,2.261,0.732,0.501,0.315,0.187,0.24,1.703,1.195,0.859,1.139,2.261,0.732,0.501,0.315,0.187,0.24,236.028,
1.698,1.187,0.887,1.232,2.334,0.717,0.487,0.319,0.17,0.235,1.698,1.187,0.887,1.232,2.334,0.717,0.487,0.319,0.17,0.235,237.767,
1.636,1.191,0.879,0.999,2.016,0.72,0.456,0.253,0.203,0.276,1.636,1.191,0.879,0.999,2.016,0.72,0.456,0.253,0.203,0.276,217.221,
1.51,1.13,0.849,0.931,1.786,0.703,0.449,0.234,0.217,0.271,1.51,1.13,0.849,0.931,1.786,0.703,0.449,0.234,0.217,0.271,225.73,
1.468,1.108,0.879,0.983,1.816,0.695,0.454,0.274,0.181,0.256,1.468,1.108,0.879,0.983,1.816,0.695,0.454,0.274,0.181,0.256,212.897,
1.425,1.087,0.891,0.914,1.665,0.678,0.425,0.233,0.192,0.276,1.425,1.087,0.891,0.914,1.665,0.678,0.425,0.233,0.192,0.276,226.632,
1.381,1.094,0.911,0.944,1.644,0.681,0.435,0.243,0.191,0.261,1.381,1.094,0.911,0.944,1.644,0.681,0.435,0.243,0.191,0.261,227.423,
1.568,1.141,0.921,0.965,1.942,0.668,0.407,0.225,0.182,0.278,1.568,1.141,0.921,0.965,1.942,0.668,0.407,0.225,0.182,0.278,228.035,
1.478,1.074,0.903,0.906,1.724,0.657,0.414,0.226,0.189,0.269,1.478,1.074,0.903,0.906,1.724,0.657,0.414,0.226,0.189,0.269,233.649,
1.4,1.066,0.915,0.948,1.657,0.655,0.413,0.23,0.183,0.261,1.4,1.066,0.915,0.948,1.657,0.655,0.413,0.23,0.183,0.261,230.228,
1.438,1.08,0.916,0.949,1.772,0.661,0.414,0.23,0.185,0.267,1.438,1.08,0.916,0.949,1.772,0.661,0.414,0.23,0.185,0.267,229.828,
1.396,1.063,0.94,1,1.75,0.647,0.404,0.23,0.175,0.258,1.396,1.063,0.94,1,1.75,0.647,0.404,0.23,0.175,0.258,229.828,
1.361,1.026,0.952,1.007,1.767,0.636,0.387,0.215,0.172,0.27,1.361,1.026,0.952,1.007,1.767,0.636,0.387,0.215,0.172,0.27,228.659,
1.349,1.021,0.959,1.022,1.755,0.619,0.385,0.218,0.167,0.252,1.349,1.021,0.959,1.022,1.755,0.619,0.385,0.218,0.167,0.252,228.32,
1.428,1.028,0.969,1.156,1.963,0.625,0.387,0.227,0.161,0.247,1.428,1.028,0.969,1.156,1.963,0.625,0.387,0.227,0.161,0.247,223.66,
1.465,1.041,0.956,1.085,1.943,0.624,0.408,0.221,0.187,0.228,1.465,1.041,0.956,1.085,1.943,0.624,0.408,0.221,0.187,0.228,219.009,
1.43,1.051,0.921,1.057,1.856,0.64,0.419,0.243,0.177,0.234,1.43,1.051,0.921,1.057,1.856,0.64,0.419,0.243,0.177,0.234,211.766,
1.513,1.09,0.912,1.004,1.931,0.658,0.412,0.223,0.189,0.265,1.513,1.09,0.912,1.004,1.931,0.658,0.412,0.223,0.189,0.265,231.4,
1.535,1.119,0.957,1.057,1.904,0.654,0.401,0.219,0.183,0.26,1.535,1.119,0.957,1.057,1.904,0.654,0.401,0.219,0.183,0.26,230.853,
1.47,1.08,0.93,0.995,1.82,0.656,0.415,0.224,0.191,0.257,1.47,1.08,0.93,0.995,1.82,0.656,0.415,0.224,0.191,0.257,237.607,
1.503,1.081,0.899,0.968,1.849,0.654,0.404,0.225,0.179,0.271,1.503,1.081,0.899,0.968,1.849,0.654,0.404,0.225,0.179,0.271,241.63,
1.537,1.047,0.929,1.081,1.989,0.64,0.419,0.244,0.175,0.237,1.537,1.047,0.929,1.081,1.989,0.64,0.419,0.244,0.175,0.237,217.138,
1.497,1.072,0.898,0.961,1.837,0.655,0.413,0.228,0.185,0.265,1.497,1.072,0.898,0.961,1.837,0.655,0.413,0.228,0.185,0.265,229.957,
1.604,1.107,0.897,0.981,2.023,0.656,0.406,0.227,0.179,0.272,1.604,1.107,0.897,0.981,2.023,0.656,0.406,0.227,0.179,0.272,237.893,
1.515,1.086,0.93,0.961,1.812,0.64,0.399,0.208,0.191,0.258,1.515,1.086,0.93,0.961,1.812,0.64,0.399,0.208,0.191,0.258,234.44,
1.581,1.068,0.922,1.129,2.067,0.646,0.419,0.234,0.187,0.238,1.581,1.068,0.922,1.129,2.067,0.646,0.419,0.234,0.187,0.238,228.712,
1.604,1.117,0.937,1.084,2.087,0.664,0.407,0.216,0.192,0.269,1.604,1.117,0.937,1.084,2.087,0.664,0.407,0.216,0.192,0.269,226.433,
1.576,1.1,0.935,1.227,2.171,0.675,0.433,0.258,0.179,0.249,1.576,1.1,0.935,1.227,2.171,0.675,0.433,0.258,0.179,0.249,240.208,
1.6,1.086,0.933,1.048,2.089,0.642,0.403,0.23,0.173,0.256,1.6,1.086,0.933,1.048,2.089,0.642,0.403,0.23,0.173,0.256,243.023,
1.553,1.071,0.94,1.101,2.038,0.657,0.418,0.238,0.181,0.252,1.553,1.071,0.94,1.101,2.038,0.657,0.418,0.238,0.181,0.252,237.124,
1.542,1.089,0.9,0.968,1.925,0.649,0.418,0.231,0.187,0.252,1.542,1.089,0.9,0.968,1.925,0.649,0.418,0.231,0.187,0.252,241.456,
1.519,1.067,0.895,1.025,1.921,0.657,0.43,0.249,0.182,0.245,1.519,1.067,0.895,1.025,1.921,0.657,0.43,0.249,0.182,0.245,244.436,
1.585,1.083,0.913,1.116,2.094,0.661,0.42,0.25,0.172,0.254,1.585,1.083,0.913,1.116,2.094,0.661,0.42,0.25,0.172,0.254,241.913,
1.542,1.102,0.904,1.052,1.956,0.675,0.446,0.256,0.191,0.241,1.542,1.102,0.904,1.052,1.956,0.675,0.446,0.256,0.191,0.241,241.479,
1.536,1.083,0.909,1.037,1.946,0.657,0.422,0.246,0.177,0.25,1.536,1.083,0.909,1.037,1.946,0.657,0.422,0.246,0.177,0.25,241.76,
1.571,1.085,0.894,0.975,1.982,0.651,0.414,0.235,0.179,0.261,1.571,1.085,0.894,0.975,1.982,0.651,0.414,0.235,0.179,0.261,234.438,
1.592,1.072,0.922,1.13,2.12,0.648,0.424,0.261,0.164,0.236,1.592,1.072,0.922,1.13,2.12,0.648,0.424,0.261,0.164,0.236,234.523,
1.537,1.084,0.897,1.064,1.986,0.673,0.449,0.283,0.167,0.239,1.537,1.084,0.897,1.064,1.986,0.673,0.449,0.283,0.167,0.239,241.913,
1.587,1.116,0.913,1.14,2.111,0.68,0.439,0.28,0.161,0.249,1.587,1.116,0.913,1.14,2.111,0.68,0.439,0.28,0.161,0.249,240.208,
1.547,1.106,0.886,0.971,1.909,0.664,0.421,0.231,0.19,0.262,1.547,1.106,0.886,0.971,1.909,0.664,0.421,0.231,0.19,0.262,234.83,
1.547,1.094,0.903,0.983,1.918,0.661,0.422,0.235,0.187,0.258,1.547,1.094,0.903,0.983,1.918,0.661,0.422,0.235,0.187,0.258,237.893,
1.644,1.111,0.906,0.987,2.045,0.641,0.412,0.231,0.181,0.246,1.644,1.111,0.906,0.987,2.045,0.641,0.412,0.231,0.181,0.246,242.539,
1.529,1.088,0.889,1.139,2.025,0.69,0.453,0.276,0.182,0.248,1.529,1.088,0.889,1.139,2.025,0.69,0.453,0.276,0.182,0.248,232.362,
1.537,1.077,0.887,0.924,1.861,0.648,0.411,0.228,0.183,0.264,1.537,1.077,0.887,0.924,1.861,0.648,0.411,0.228,0.183,0.264,236.358,
1.541,1.081,0.92,1.03,1.933,0.659,0.416,0.236,0.18,0.26,1.541,1.081,0.92,1.03,1.933,0.659,0.416,0.236,0.18,0.26,240.585,
1.574,1.111,0.912,1.207,2.157,0.692,0.456,0.285,0.174,0.243,1.574,1.111,0.912,1.207,2.157,0.692,0.456,0.285,0.174,0.243,238.027,
1.534,1.097,0.919,0.985,1.878,0.654,0.422,0.25,0.172,0.247,1.534,1.097,0.919,0.985,1.878,0.654,0.422,0.25,0.172,0.247,237.649,
1.612,1.097,0.913,1.18,2.23,0.673,0.451,0.274,0.178,0.233,1.612,1.097,0.913,1.18,2.23,0.673,0.451,0.274,0.178,0.233,227.229,
1.697,1.131,0.929,1.204,2.337,0.675,0.444,0.281,0.164,0.24,1.697,1.131,0.929,1.204,2.337,0.675,0.444,0.281,0.164,0.24,238.849,
,,,,,,,,,,,,,,,,,,,,,
0.73,0.995,0.918,0.707,0.085,3.452,3.479,2.495,1.03,0.319,0.73,0.995,0.918,0.707,0.085,3.452,3.479,2.495,1.03,0.319,75.954,32
0.751,1.007,0.917,0.709,0.044,6.754,6.593,4.747,2,0.555,0.751,1.007,0.917,0.709,0.044,6.754,6.593,4.747,2,0.555,78.23,
0.798,1.033,0.92,0.72,0.097,3.322,2.889,2.065,0.859,0.905,0.798,1.033,0.92,0.72,0.097,3.322,2.889,2.065,0.859,0.905,83.487,
0.721,1.009,0.913,0.69,0.086,3.86,3.677,2.608,1.2,0.424,0.721,1.009,0.913,0.69,0.086,3.86,3.677,2.608,1.2,0.424,79.906,
0.758,1.022,0.916,0.705,0.072,4.396,4.076,2.936,1.237,0.542,0.758,1.022,0.916,0.705,0.072,4.396,4.076,2.936,1.237,0.542,82.389,
0.766,1.01,0.912,0.705,0.108,2.933,2.782,1.93,0.914,0.351,0.766,1.01,0.912,0.705,0.108,2.933,2.782,1.93,0.914,0.351,82.377,
0.762,0.999,0.892,0.693,0.109,2.9,2.828,1.82,1.055,0.461,0.762,0.999,0.892,0.693,0.109,2.9,2.828,1.82,1.055,0.461,85.147,
0.817,1.025,0.898,0.686,0.167,2.095,1.902,1.271,0.672,0.322,0.817,1.025,0.898,0.686,0.167,2.095,1.902,1.271,0.672,0.322,85.159,
0.84,1.025,0.914,0.684,0.178,1.962,1.787,1.298,0.499,0.306,0.84,1.025,0.914,0.684,0.178,1.962,1.787,1.298,0.499,0.306,83.6,
0.835,1.041,0.913,0.679,0.181,2.061,1.787,1.298,0.499,0.4,0.835,1.041,0.913,0.679,0.181,2.061,1.787,1.298,0.499,0.4,82.152,
0.872,1.026,0.927,0.724,0.177,1.762,1.575,1.154,0.433,0.306,0.872,1.026,0.927,0.724,0.177,1.762,1.575,1.154,0.433,0.306,82.298,
0.717,1.024,0.915,0.696,0.04,8.349,7.603,5.459,2.28,1.304,0.717,1.024,0.915,0.696,0.04,8.349,7.603,5.459,2.28,1.304,75.06,
0.801,1.043,0.912,0.699,0.153,2.383,2.007,1.396,0.67,0.542,0.801,1.043,0.912,0.699,0.153,2.383,2.007,1.396,0.67,0.542,81.154,
0.745,1.013,0.916,0.716,0.064,4.739,4.472,3.162,1.414,0.784,0.745,1.013,0.916,0.716,0.064,4.739,4.472,3.162,1.414,0.784,73.171,
0.757,1.012,0.912,0.684,0.123,2.771,2.603,1.853,0.862,0.406,0.757,1.012,0.912,0.684,0.123,2.771,2.603,1.853,0.862,0.406,79.762,
0.783,1.022,0.909,0.714,0.133,2.4,2.188,1.465,0.813,0.303,0.783,1.022,0.909,0.714,0.133,2.4,2.188,1.465,0.813,0.303,78.313,
0.837,1.039,0.865,0.631,0.226,1.836,1.636,1.036,0.605,0.302,0.837,1.039,0.865,0.631,0.226,1.836,1.636,1.036,0.605,0.302,77.782,
0.777,1,0.901,0.686,0.149,2.228,2.152,1.445,0.763,0.341,0.777,1,0.901,0.686,0.149,2.228,2.152,1.445,0.763,0.341,77.414,
0.798,1.031,0.912,0.686,0.175,2.071,1.815,1.287,0.582,0.453,0.798,1.031,0.912,0.686,0.175,2.071,1.815,1.287,0.582,0.453,78.518,
0.837,1.014,0.917,0.709,0.182,1.808,1.648,1.162,0.5,0.347,0.837,1.014,0.917,0.709,0.182,1.808,1.648,1.162,0.5,0.347,83.024,
0.786,1.013,0.909,0.695,0.145,2.332,2.161,1.475,0.759,0.358,0.786,1.013,0.909,0.695,0.145,2.332,2.161,1.475,0.759,0.358,78.313,
0.751,0.998,0.907,0.703,0.104,2.995,2.931,1.974,1.118,0.383,0.751,0.998,0.907,0.703,0.104,2.995,2.931,1.974,1.118,0.383,73.682,
0.7,1.01,0.911,0.686,0.064,5.284,5.016,3.544,1.562,0.6,0.7,1.01,0.911,0.686,0.064,5.284,5.016,3.544,1.562,0.6,74.243,
0.792,1.057,0.913,0.701,0.134,2.737,2.242,1.581,0.7,0.652,0.792,1.057,0.913,0.701,0.134,2.737,2.242,1.581,0.7,0.652,74.169,
0.721,1.022,0.911,0.692,0.077,4.411,4.06,2.838,1.395,0.52,0.721,1.022,0.911,0.692,0.077,4.411,4.06,2.838,1.395,0.52,77.414,
0.842,1.036,0.892,0.668,0.211,1.842,1.639,1.078,0.593,0.232,0.842,1.036,0.892,0.668,0.211,1.842,1.639,1.078,0.593,0.232,81.394,
0.824,1.03,0.921,0.689,0.219,1.701,1.486,1.092,0.409,0.326,0.824,1.03,0.921,0.689,0.219,1.701,1.486,1.092,0.409,0.326,84.012,
0.874,1.098,0.862,0.551,0.335,1.651,1.34,0.929,0.416,0.413,0.874,1.098,0.862,0.551,0.335,1.651,1.34,0.929,0.416,0.413,84.291,
0.72,1.012,0.912,0.708,0.066,4.837,4.494,3.105,1.442,0.8,0.72,1.012,0.912,0.708,0.066,4.837,4.494,3.105,1.442,0.8,73.246,
0.838,1.026,0.895,0.689,0.19,1.859,1.672,1.092,0.605,0.29,0.838,1.026,0.895,0.689,0.19,1.859,1.672,1.092,0.605,0.29,84.593,
0.689,1.007,0.895,0.674,0.075,4.631,4.472,2.953,1.65,0.333,0.689,1.007,0.895,0.674,0.075,4.631,4.472,2.953,1.65,0.333,72.111,
0.759,1.025,0.896,0.658,0.141,2.687,2.456,1.687,0.852,0.381,0.759,1.025,0.896,0.658,0.141,2.687,2.456,1.687,0.852,0.381,76.322,
0.802,1.025,0.91,0.693,0.165,2.109,1.897,1.316,0.623,0.329,0.802,1.025,0.91,0.693,0.165,2.109,1.897,1.316,0.623,0.329,82.389,
0.741,1.011,0.892,0.688,0.116,2.921,2.765,1.766,1.153,0.325,0.741,1.011,0.892,0.688,0.116,2.921,2.765,1.766,1.153,0.325,79.762,
0.781,1.042,0.922,0.672,0.171,2.287,1.971,1.472,0.564,0.43,0.781,1.042,0.922,0.672,0.171,2.287,1.971,1.472,0.564,0.43,81.302,
0.844,1.024,0.914,0.684,0.204,1.747,1.581,1.134,0.462,0.264,0.844,1.024,0.914,0.684,0.204,1.747,1.581,1.134,0.462,0.264,89.14,
0.739,0.995,0.897,0.682,0.105,3.151,3.141,2.074,1.159,0.262,0.739,0.995,0.897,0.682,0.105,3.151,3.141,2.074,1.159,0.262,81.099,
0.782,1.012,0.897,0.676,0.17,2.11,1.968,1.302,0.738,0.298,0.782,1.012,0.897,0.676,0.17,2.11,1.968,1.302,0.738,0.298,84.012,
0.749,1.009,0.894,0.666,0.164,2.237,2.121,1.401,0.783,0.237,0.749,1.009,0.894,0.666,0.164,2.237,2.121,1.401,0.783,0.237,76.059,
0.716,0.993,0.909,0.695,0.104,3.023,3.021,2.062,1.061,0.28,0.716,0.993,0.909,0.695,0.104,3.023,3.021,2.062,1.061,0.28,73.335,
0.824,1.027,0.903,0.683,0.203,1.836,1.642,1.098,0.604,0.27,0.824,1.027,0.903,0.683,0.203,1.836,1.642,1.098,0.604,0.27,85,
0.789,1.025,0.92,0.701,0.183,1.917,1.71,1.213,0.574,0.303,0.789,1.025,0.92,0.701,0.183,1.917,1.71,1.213,0.574,0.303,80.623,
0.866,1.067,0.891,0.674,0.238,1.769,1.449,0.952,0.507,0.333,0.866,1.067,0.891,0.674,0.238,1.769,1.449,0.952,0.507,0.333,85.288,
0.779,1.027,0.901,0.657,0.194,2.117,1.902,1.298,0.664,0.297,0.779,1.027,0.901,0.657,0.194,2.117,1.902,1.298,0.664,0.297,81.006,
0.82,1.042,0.874,0.61,0.267,1.754,1.536,1.016,0.544,0.293,0.82,1.042,0.874,0.61,0.267,1.754,1.536,1.016,0.544,0.293,85.329,
1.021,1.115,0.793,0.434,0.603,1.152,0.946,0.599,0.349,0.256,1.021,1.115,0.793,0.434,0.603,1.152,0.946,0.599,0.349,0.256,92.005,
0.872,1.017,0.902,0.641,0.281,1.457,1.333,0.944,0.429,0.253,0.872,1.017,0.902,0.641,0.281,1.457,1.333,0.944,0.429,0.253,86.145,
0.806,1.045,0.879,0.621,0.211,2.118,1.834,1.229,0.629,0.422,0.806,1.045,0.879,0.621,0.211,2.118,1.834,1.229,0.629,0.422,81.222,
0.768,1.01,0.901,0.652,0.223,1.737,1.641,1.14,0.537,0.19,0.768,1.01,0.901,0.652,0.223,1.737,1.641,1.14,0.537,0.19,79.906,
0.82,1.012,0.891,0.655,0.235,1.677,1.56,1.03,0.575,0.232,0.82,1.012,0.891,0.655,0.235,1.677,1.56,1.03,0.575,0.232,83.726,
0.796,1.033,0.887,0.643,0.221,1.898,1.726,1.14,0.626,0.179,0.796,1.033,0.887,0.643,0.221,1.898,1.726,1.14,0.626,0.179,81.615,
,,,,,,,,,,,,,,,,,,,,,
0.704,0.957,0.939,0.824,0.943,0.582,0.467,0.266,0.21,0.172,0.704,0.957,0.939,0.824,0.943,0.582,0.467,0.266,0.21,0.172,110.218,33
0.704,0.957,0.939,0.824,0.943,0.582,0.467,0.266,0.21,0.172,0.704,0.957,0.939,0.824,0.943,0.582,0.467,0.266,0.21,0.172,110.218,
0.684,0.947,0.911,0.783,0.456,0.756,0.615,0.317,0.32,0.347,0.684,0.947,0.911,0.783,0.456,0.756,0.615,0.317,0.32,0.347,34.205,
0.684,0.947,0.911,0.783,0.456,0.756,0.615,0.317,0.32,0.347,0.684,0.947,0.911,0.783,0.456,0.756,0.615,0.317,0.32,0.347,34.205,
1.026,1.311,0.402,0.035,1.061,1.267,0.974,0.409,0.567,0.323,1.026,1.311,0.402,0.035,1.061,1.267,0.974,0.409,0.567,0.323,53.151,
0.857,1.132,0.76,0.485,0.642,1.228,0.943,0.497,0.457,0.33,0.857,1.132,0.76,0.485,0.642,1.228,0.943,0.497,0.457,0.33,56.321,
0.773,1.133,0.657,0.16,0.71,1.445,1.238,0.733,0.523,0.271,0.773,1.133,0.657,0.16,0.71,1.445,1.238,0.733,0.523,0.271,38.053,
0.896,1.176,0.651,0.237,0.933,1.251,1.024,0.608,0.425,0.271,0.896,1.176,0.651,0.237,0.933,1.251,1.024,0.608,0.425,0.271,51.478,
0.813,1.109,0.826,0.68,0.551,1.16,0.839,0.393,0.45,0.34,0.813,1.109,0.826,0.68,0.551,1.16,0.839,0.393,0.45,0.34,53.009,
0.771,1.053,0.878,0.717,0.492,1.086,0.809,0.435,0.384,0.332,0.771,1.053,0.878,0.717,0.492,1.086,0.809,0.435,0.384,0.332,45.1,
0.697,1.03,0.872,0.747,0.452,0.958,0.719,0.324,0.408,0.321,0.697,1.03,0.872,0.747,0.452,0.958,0.719,0.324,0.408,0.321,34.886,
0.676,1.014,0.92,0.794,0.382,0.837,0.619,0.365,0.258,0.344,0.676,1.014,0.92,0.794,0.382,0.837,0.619,0.365,0.258,0.344,27.803,
0.676,1.014,0.92,0.794,0.382,0.837,0.619,0.365,0.258,0.344,0.676,1.014,0.92,0.794,0.382,0.837,0.619,0.365,0.258,0.344,27.803,
0.714,0.966,0.917,0.782,0.451,0.824,0.662,0.365,0.314,0.319,0.714,0.966,0.917,0.782,0.451,0.824,0.662,0.365,0.314,0.319,28.425,
0.714,0.966,0.917,0.782,0.451,0.824,0.662,0.365,0.314,0.319,0.714,0.966,0.917,0.782,0.451,0.824,0.662,0.365,0.314,0.319,28.425,
0.7,0.959,0.923,0.79,0.444,0.768,0.606,0.353,0.265,0.348,0.7,0.959,0.923,0.79,0.444,0.768,0.606,0.353,0.265,0.348,28.32,
0.7,0.959,0.923,0.79,0.444,0.768,0.606,0.353,0.265,0.348,0.7,0.959,0.923,0.79,0.444,0.768,0.606,0.353,0.265,0.348,28.32,
0.696,0.96,0.927,0.798,0.428,0.747,0.598,0.352,0.256,0.334,0.696,0.96,0.927,0.798,0.428,0.747,0.598,0.352,0.256,0.334,29.833,
0.696,0.96,0.927,0.798,0.428,0.747,0.598,0.352,0.256,0.334,0.696,0.96,0.927,0.798,0.428,0.747,0.598,0.352,0.256,0.334,29.833,
0.696,0.96,0.927,0.798,0.428,0.747,0.598,0.352,0.256,0.334,0.696,0.96,0.927,0.798,0.428,0.747,0.598,0.352,0.256,0.334,29.833,
0.855,1.202,0.556,0.225,1.016,1.292,1.063,0.588,0.481,0.273,0.855,1.202,0.556,0.225,1.016,1.292,1.063,0.588,0.481,0.273,48.166,
0.874,1.203,0.654,0.231,0.908,1.313,1.052,0.625,0.438,0.304,0.874,1.203,0.654,0.231,0.908,1.313,1.052,0.625,0.438,0.304,55.317,
0.902,1.231,0.588,0.264,0.947,1.279,0.994,0.507,0.491,0.318,0.902,1.231,0.588,0.264,0.947,1.279,0.994,0.507,0.491,0.318,58.856,
0.794,1.157,0.7,0.371,0.655,1.425,1.111,0.594,0.525,0.378,0.794,1.157,0.7,0.371,0.655,1.425,1.111,0.594,0.525,0.378,49.477,
0.858,1.156,0.757,0.466,0.637,1.343,1.014,0.555,0.469,0.37,0.858,1.156,0.757,0.466,0.637,1.343,1.014,0.555,0.469,0.37,61.612,
0.857,1.193,0.773,0.481,0.739,1.258,0.929,0.524,0.418,0.344,0.857,1.193,0.773,0.481,0.739,1.258,0.929,0.524,0.418,0.344,57.559,
0.789,1.147,0.751,0.499,0.643,1.338,1.017,0.517,0.511,0.353,0.789,1.147,0.751,0.499,0.643,1.338,1.017,0.517,0.511,0.353,50.01,
0.855,1.169,0.69,0.378,0.764,1.323,1.025,0.553,0.476,0.349,0.855,1.169,0.69,0.378,0.764,1.323,1.025,0.553,0.476,0.349,54.571,
0.855,1.169,0.69,0.378,0.764,1.323,1.025,0.553,0.476,0.349,0.855,1.169,0.69,0.378,0.764,1.323,1.025,0.553,0.476,0.349,54.571,
0.683,0.964,0.922,0.795,0.429,0.755,0.6,0.338,0.278,0.336,0.683,0.964,0.922,0.795,0.429,0.755,0.6,0.338,0.278,0.336,29.732,
0.683,0.964,0.922,0.795,0.429,0.755,0.6,0.338,0.278,0.336,0.683,0.964,0.922,0.795,0.429,0.755,0.6,0.338,0.278,0.336,29.732,
0.683,0.964,0.922,0.795,0.429,0.755,0.6,0.338,0.278,0.336,0.683,0.964,0.922,0.795,0.429,0.755,0.6,0.338,0.278,0.336,29.732,
0.7,0.964,0.931,0.806,0.403,0.755,0.612,0.372,0.246,0.319,0.7,0.964,0.931,0.806,0.403,0.755,0.612,0.372,0.246,0.319,29.833,
0.7,0.964,0.931,0.806,0.403,0.755,0.612,0.372,0.246,0.319,0.7,0.964,0.931,0.806,0.403,0.755,0.612,0.372,0.246,0.319,29.833,
0.723,0.976,0.931,0.791,0.48,0.776,0.616,0.378,0.25,0.281,0.723,0.976,0.931,0.791,0.48,0.776,0.616,0.378,0.25,0.281,35.228,
0.723,0.976,0.931,0.791,0.48,0.776,0.616,0.378,0.25,0.281,0.723,0.976,0.931,0.791,0.48,0.776,0.616,0.378,0.25,0.281,35.228,
0.674,0.979,0.955,0.824,0.388,0.77,0.577,0.376,0.233,0.344,0.674,0.979,0.955,0.824,0.388,0.77,0.577,0.376,0.233,0.344,25,
0.674,0.979,0.955,0.824,0.388,0.77,0.577,0.376,0.233,0.344,0.674,0.979,0.955,0.824,0.388,0.77,0.577,0.376,0.233,0.344,25,
0.694,0.951,0.93,0.811,0.426,0.708,0.575,0.321,0.27,0.324,0.694,0.951,0.93,0.811,0.426,0.708,0.575,0.321,0.27,0.324,33.971,
0.694,0.951,0.93,0.811,0.426,0.708,0.575,0.321,0.27,0.324,0.694,0.951,0.93,0.811,0.426,0.708,0.575,0.321,0.27,0.324,33.971,
0.695,0.966,0.946,0.812,0.474,0.71,0.548,0.347,0.219,0.3,0.695,0.966,0.946,0.812,0.474,0.71,0.548,0.347,0.219,0.3,29.206,
0.695,0.966,0.946,0.812,0.474,0.71,0.548,0.347,0.219,0.3,0.695,0.966,0.946,0.812,0.474,0.71,0.548,0.347,0.219,0.3,29.206,
0.711,0.957,0.939,0.804,0.435,0.751,0.576,0.353,0.246,0.366,0.711,0.957,0.939,0.804,0.435,0.751,0.576,0.353,0.246,0.366,31.241,
0.711,0.957,0.939,0.804,0.435,0.751,0.576,0.353,0.246,0.366,0.711,0.957,0.939,0.804,0.435,0.751,0.576,0.353,0.246,0.366,31.241,
0.715,0.964,0.948,0.844,0.462,0.689,0.518,0.289,0.247,0.288,0.715,0.964,0.948,0.844,0.462,0.689,0.518,0.289,0.247,0.288,24.759,
0.715,0.964,0.948,0.844,0.462,0.689,0.518,0.289,0.247,0.288,0.715,0.964,0.948,0.844,0.462,0.689,0.518,0.289,0.247,0.288,24.759,
0.701,0.964,0.913,0.789,0.475,0.757,0.625,0.334,0.301,0.271,0.701,0.964,0.913,0.789,0.475,0.757,0.625,0.334,0.301,0.271,26.401,
0.701,0.964,0.913,0.789,0.475,0.757,0.625,0.334,0.301,0.271,0.701,0.964,0.913,0.789,0.475,0.757,0.625,0.334,0.301,0.271,26.401,
0.68,0.959,0.938,0.803,0.483,0.689,0.553,0.343,0.223,0.286,0.68,0.959,0.938,0.803,0.483,0.689,0.553,0.343,0.223,0.286,23.345,
0.68,0.959,0.938,0.803,0.483,0.689,0.553,0.343,0.223,0.286,0.68,0.959,0.938,0.803,0.483,0.689,0.553,0.343,0.223,0.286,23.345,
0.718,0.963,0.927,0.813,0.449,0.683,0.534,0.287,0.265,0.312,0.718,0.963,0.927,0.813,0.449,0.683,0.534,0.287,0.265,0.312,31.828,
,,,,,,,,,,,,,,,,,,,,,
1.353,1.987,0.904,0.801,0.597,2.596,0.554,0.326,0.229,2.047,1.353,1.987,0.904,0.801,0.597,2.596,0.554,0.326,0.229,2.047,242.712,34
1.356,2.006,0.892,0.768,0.618,2.527,0.538,0.311,0.227,2.002,1.356,2.006,0.892,0.768,0.618,2.527,0.538,0.311,0.227,2.002,248.485,
1.277,2.007,0.913,0.802,0.543,2.876,0.622,0.386,0.236,2.256,1.277,2.007,0.913,0.802,0.543,2.876,0.622,0.386,0.236,2.256,244.663,
1.343,1.903,0.891,0.786,0.596,2.463,0.547,0.296,0.25,1.93,1.343,1.903,0.891,0.786,0.596,2.463,0.547,0.296,0.25,1.93,245.734,
1.355,1.935,0.918,0.82,0.595,2.536,0.538,0.325,0.213,2.002,1.355,1.935,0.918,0.82,0.595,2.536,0.538,0.325,0.213,2.002,243.508,
1.35,1.933,0.9,0.805,0.59,2.534,0.554,0.302,0.253,1.984,1.35,1.933,0.9,0.805,0.59,2.534,0.554,0.302,0.253,1.984,243.578,
1.324,1.958,0.886,0.754,0.613,2.531,0.581,0.343,0.239,1.968,1.324,1.958,0.886,0.754,0.613,2.531,0.581,0.343,0.239,1.968,243.578,
1.329,1.959,0.872,0.762,0.609,2.512,0.545,0.296,0.252,1.988,1.329,1.959,0.872,0.762,0.609,2.512,0.545,0.296,0.252,1.988,239.42,
1.4,2.073,0.912,0.802,0.649,2.536,0.577,0.349,0.228,1.959,1.4,2.073,0.912,0.802,0.649,2.536,0.577,0.349,0.228,1.959,240.085,
1.404,2.038,0.915,0.81,0.636,2.489,0.564,0.326,0.24,1.925,1.404,2.038,0.915,0.81,0.636,2.489,0.564,0.326,0.24,1.925,241.497,
1.346,1.96,0.915,0.801,0.599,2.538,0.553,0.339,0.213,1.991,1.346,1.96,0.915,0.801,0.599,2.538,0.553,0.339,0.213,1.991,238.472,
1.362,2.03,0.914,0.8,0.615,2.577,0.544,0.334,0.21,2.036,1.362,2.03,0.914,0.8,0.615,2.577,0.544,0.334,0.21,2.036,239.885,
1.336,1.954,0.89,0.776,0.613,2.511,0.551,0.305,0.246,1.976,1.336,1.954,0.89,0.776,0.613,2.511,0.551,0.305,0.246,1.976,240.085,
1.286,1.948,0.912,0.801,0.539,2.797,0.61,0.354,0.255,2.194,1.286,1.948,0.912,0.801,0.539,2.797,0.61,0.354,0.255,2.194,243.393,
1.344,1.949,0.892,0.786,0.602,2.549,0.578,0.324,0.254,1.98,1.344,1.949,0.892,0.786,0.602,2.549,0.578,0.324,0.254,1.98,240.26,
1.357,1.968,0.909,0.801,0.608,2.522,0.54,0.323,0.217,1.988,1.357,1.968,0.909,0.801,0.608,2.522,0.54,0.323,0.217,1.988,241.671,
1.322,1.935,0.892,0.796,0.582,2.603,0.572,0.32,0.254,2.041,1.322,1.935,0.892,0.796,0.582,2.603,0.572,0.32,0.254,2.041,243.082,
1.364,1.969,0.911,0.81,0.601,2.53,0.555,0.315,0.241,1.977,1.364,1.969,0.911,0.81,0.601,2.53,0.555,0.315,0.241,1.977,242.244,
1.384,1.937,0.899,0.817,0.625,2.451,0.541,0.287,0.255,1.914,1.384,1.937,0.899,0.817,0.625,2.451,0.541,0.287,0.255,1.914,240.709,
1.348,2.038,0.912,0.806,0.599,2.7,0.598,0.344,0.255,2.103,1.348,2.038,0.912,0.806,0.599,2.7,0.598,0.344,0.255,2.103,244.493,
1.353,1.965,0.914,0.815,0.591,2.61,0.611,0.355,0.256,1.999,1.353,1.965,0.914,0.815,0.591,2.61,0.611,0.355,0.256,1.999,248.169,
1.402,1.994,0.909,0.798,0.65,2.421,0.542,0.313,0.229,1.882,1.402,1.994,0.909,0.798,0.65,2.421,0.542,0.313,0.229,1.882,245.459,
1.362,1.921,0.902,0.776,0.635,2.386,0.547,0.327,0.22,1.852,1.362,1.921,0.902,0.776,0.635,2.386,0.547,0.327,0.22,1.852,245.067,
1.275,1.968,0.917,0.804,0.529,2.919,0.644,0.358,0.29,2.279,1.275,1.968,0.917,0.804,0.529,2.919,0.644,0.358,0.29,2.279,246.11,
1.354,1.975,0.903,0.784,0.614,2.551,0.578,0.329,0.25,1.98,1.354,1.975,0.903,0.784,0.614,2.551,0.578,0.329,0.25,1.98,245.067,
1.402,2.018,0.921,0.813,0.64,2.5,0.519,0.313,0.206,1.984,1.402,2.018,0.921,0.813,0.64,2.5,0.519,0.313,0.206,1.984,242.64,
1.373,1.933,0.901,0.818,0.607,2.459,0.577,0.323,0.254,1.882,1.373,1.933,0.901,0.818,0.607,2.459,0.577,0.323,0.254,1.882,244.403,
1.417,2.072,0.92,0.819,0.645,2.575,0.525,0.305,0.221,2.052,1.417,2.072,0.92,0.819,0.645,2.575,0.525,0.305,0.221,2.052,243.836,
1.366,2.006,0.906,0.822,0.598,2.611,0.524,0.298,0.228,2.089,1.366,2.006,0.906,0.822,0.598,2.611,0.524,0.298,0.228,2.089,238.673,
1.379,2.029,0.931,0.816,0.636,2.561,0.573,0.35,0.226,1.988,1.379,2.029,0.931,0.816,0.636,2.561,0.573,0.35,0.226,1.988,237.857,
1.383,2.038,0.894,0.79,0.647,2.504,0.531,0.304,0.227,1.979,1.383,2.038,0.894,0.79,0.647,2.504,0.531,0.304,0.227,1.979,239.508,
1.337,2.053,0.93,0.845,0.564,2.854,0.618,0.363,0.256,2.237,1.337,2.053,0.93,0.845,0.564,2.854,0.618,0.363,0.256,2.237,242.621,
1.361,1.99,0.911,0.82,0.599,2.61,0.56,0.311,0.248,2.052,1.361,1.99,0.911,0.82,0.599,2.61,0.56,0.311,0.248,2.052,240.753,
1.378,2.058,0.917,0.833,0.596,2.687,0.601,0.327,0.275,2.088,1.378,2.058,0.917,0.833,0.596,2.687,0.601,0.327,0.275,2.088,242.662,
1.314,2.036,0.918,0.824,0.55,2.909,0.608,0.347,0.262,2.302,1.314,2.036,0.918,0.824,0.55,2.909,0.608,0.347,0.262,2.302,240.454,
1.321,2.011,0.92,0.826,0.557,2.808,0.608,0.339,0.27,2.2,1.321,2.011,0.92,0.826,0.557,2.808,0.608,0.339,0.27,2.2,240.454,
1.39,2.011,0.923,0.846,0.584,2.689,0.591,0.322,0.27,2.098,1.39,2.011,0.923,0.846,0.584,2.689,0.591,0.322,0.27,2.098,245.595,
1.303,2.007,0.908,0.799,0.576,2.776,0.605,0.356,0.249,2.177,1.303,2.007,0.908,0.799,0.576,2.776,0.605,0.356,0.249,2.177,240.42,
1.197,1.97,0.925,0.824,0.487,3.154,0.735,0.402,0.338,2.419,1.197,1.97,0.925,0.824,0.487,3.154,0.735,0.402,0.338,2.419,240.566,
1.35,2.034,0.922,0.832,0.564,2.818,0.627,0.348,0.28,2.192,1.35,2.034,0.922,0.832,0.564,2.818,0.627,0.348,0.28,2.192,245.538,
1.312,1.966,0.911,0.834,0.545,2.811,0.606,0.336,0.27,2.205,1.312,1.966,0.911,0.834,0.545,2.811,0.606,0.336,0.27,2.205,240.433,
1.321,1.939,0.899,0.791,0.584,2.615,0.583,0.34,0.243,2.042,1.321,1.939,0.899,0.791,0.584,2.615,0.583,0.34,0.243,2.042,238.422,
1.367,2.031,0.908,0.818,0.609,2.62,0.581,0.322,0.259,2.039,1.367,2.031,0.908,0.818,0.609,2.62,0.581,0.322,0.259,2.039,239.107,
1.38,1.973,0.911,0.802,0.633,2.445,0.55,0.318,0.232,1.898,1.38,1.973,0.911,0.802,0.633,2.445,0.55,0.318,0.232,1.898,237.857,
1.304,1.986,0.922,0.815,0.551,2.816,0.663,0.382,0.284,2.153,1.304,1.986,0.922,0.815,0.551,2.816,0.663,0.382,0.284,2.153,243.282,
1.351,1.975,0.917,0.841,0.593,2.624,0.561,0.299,0.261,2.064,1.351,1.975,0.917,0.841,0.593,2.624,0.561,0.299,0.261,2.064,236.279,
1.344,2.014,0.908,0.818,0.575,2.738,0.616,0.341,0.275,2.122,1.344,2.014,0.908,0.818,0.575,2.738,0.616,0.341,0.275,2.122,243.311,
1.352,2.028,0.92,0.822,0.585,2.735,0.604,0.348,0.256,2.131,1.352,2.028,0.92,0.822,0.585,2.735,0.604,0.348,0.256,2.131,242.621,
1.294,1.989,0.924,0.825,0.55,2.811,0.664,0.368,0.299,2.148,1.294,1.989,0.924,0.825,0.55,2.811,0.664,0.368,0.299,2.148,238.296,
1.315,1.973,0.91,0.813,0.582,2.662,0.596,0.342,0.253,2.068,1.315,1.973,0.91,0.813,0.582,2.662,0.596,0.342,0.253,2.068,236.191,
1.195,1.956,0.923,0.82,0.483,3.15,0.666,0.382,0.285,2.489,1.195,1.956,0.923,0.82,0.483,3.15,0.666,0.382,0.285,2.489,237.059,
,,,,,,,,,,,,,,,,,,,,,
0.937,0.994,1.011,1.028,0.405,0.816,0.727,0.439,0.289,0.092,0.937,0.994,1.011,1.028,0.405,0.816,0.727,0.439,0.289,0.092,111.647,35
0.972,0.988,1.016,1.036,0.418,0.811,0.684,0.414,0.272,0.131,0.972,0.988,1.016,1.036,0.418,0.811,0.684,0.414,0.272,0.131,102.591,
0.997,1.014,1.038,1.081,0.431,0.712,0.679,0.418,0.266,0.049,0.997,1.014,1.038,1.081,0.431,0.712,0.679,0.418,0.266,0.049,99.298,
0.936,0.992,1.027,1.059,0.481,0.653,0.557,0.348,0.212,0.097,0.936,0.992,1.027,1.059,0.481,0.653,0.557,0.348,0.212,0.097,97.622,
0.976,1.006,1.014,1.049,0.387,0.732,0.579,0.337,0.242,0.155,0.976,1.006,1.014,1.049,0.387,0.732,0.579,0.337,0.242,0.155,103.005,
0.955,0.987,1.016,1.042,0.387,0.704,0.614,0.4,0.216,0.094,0.955,0.987,1.016,1.042,0.387,0.704,0.614,0.4,0.216,0.094,101.045,
0.966,0.991,1.011,1.036,0.36,0.66,0.589,0.388,0.202,0.074,0.966,0.991,1.011,1.036,0.36,0.66,0.589,0.388,0.202,0.074,96.083,
0.961,0.995,1.03,1.052,0.403,0.713,0.619,0.347,0.277,0.094,0.961,0.995,1.03,1.052,0.403,0.713,0.619,0.347,0.277,0.094,94.191,
0.94,1.006,0.999,1,0.364,0.726,0.587,0.343,0.245,0.139,0.94,1.006,0.999,1,0.364,0.726,0.587,0.343,0.245,0.139,100.404,
0.997,1.02,1.012,1.004,0.394,0.682,0.528,0.267,0.267,0.157,0.997,1.02,1.012,1.004,0.394,0.682,0.528,0.267,0.267,0.157,99.504,
0.941,0.994,1.005,1,0.435,0.63,0.526,0.296,0.232,0.107,0.941,0.994,1.005,1,0.435,0.63,0.526,0.296,0.232,0.107,103.16,
0.911,1.001,0.995,0.97,0.403,0.693,0.572,0.362,0.213,0.124,0.911,1.001,0.995,0.97,0.403,0.693,0.572,0.362,0.213,0.124,105.991,
0.931,1.011,1.008,0.97,0.389,0.766,0.591,0.345,0.263,0.176,0.931,1.011,1.008,0.97,0.389,0.766,0.591,0.345,0.263,0.176,106.48,
0.917,1.005,0.989,0.962,0.368,0.716,0.6,0.353,0.25,0.118,0.917,1.005,0.989,0.962,0.368,0.716,0.6,0.353,0.25,0.118,103.586,
0.933,1.023,1.007,0.985,0.424,0.797,0.635,0.372,0.272,0.163,0.933,1.023,1.007,0.985,0.424,0.797,0.635,0.372,0.272,0.163,102.611,
0.948,1.016,0.992,0.948,0.396,0.794,0.637,0.361,0.287,0.158,0.948,1.016,0.992,0.948,0.396,0.794,0.637,0.361,0.287,0.158,106.301,
0.937,0.996,0.977,0.95,0.38,0.778,0.632,0.384,0.249,0.157,0.937,0.996,0.977,0.95,0.38,0.778,0.632,0.384,0.249,0.157,107.49,
0.954,1.003,0.996,0.989,0.422,0.724,0.572,0.331,0.243,0.153,0.954,1.003,0.996,0.989,0.422,0.724,0.572,0.331,0.243,0.153,105.119,
0.945,0.996,0.978,0.964,0.371,0.754,0.604,0.352,0.252,0.159,0.945,0.996,0.978,0.964,0.371,0.754,0.604,0.352,0.252,0.159,108.259,
0.948,1.008,0.989,0.974,0.372,0.814,0.658,0.399,0.26,0.157,0.948,1.008,0.989,0.974,0.372,0.814,0.658,0.399,0.26,0.157,109.444,
0.958,1.014,0.993,1.01,0.391,0.772,0.64,0.372,0.268,0.133,0.958,1.014,0.993,1.01,0.391,0.772,0.64,0.372,0.268,0.133,109.444,
0.945,1.004,0.982,0.994,0.4,0.763,0.599,0.342,0.258,0.165,0.945,1.004,0.982,0.994,0.4,0.763,0.599,0.342,0.258,0.165,109.659,
0.94,1.003,0.989,0.965,0.419,0.772,0.618,0.358,0.263,0.157,0.94,1.003,0.989,0.965,0.419,0.772,0.618,0.358,0.263,0.157,107.708,
0.943,1,0.997,0.984,0.397,0.735,0.603,0.375,0.23,0.134,0.943,1,0.997,0.984,0.397,0.735,0.603,0.375,0.23,0.134,108.683,
0.953,1.001,0.994,0.98,0.402,0.782,0.653,0.398,0.257,0.131,0.953,1.001,0.994,0.98,0.402,0.782,0.653,0.398,0.257,0.131,108.683,
0.955,1.008,0.989,0.979,0.406,0.771,0.629,0.362,0.268,0.142,0.955,1.008,0.989,0.979,0.406,0.771,0.629,0.362,0.268,0.142,107.935,
0.949,0.996,0.988,0.969,0.405,0.787,0.645,0.379,0.268,0.149,0.949,0.996,0.988,0.969,0.405,0.787,0.645,0.379,0.268,0.149,106.48,
0.965,1.009,0.987,0.98,0.374,0.788,0.633,0.342,0.291,0.155,0.965,1.009,0.987,0.98,0.374,0.788,0.633,0.342,0.291,0.155,108.171,
0.941,1.008,0.989,0.969,0.388,0.788,0.641,0.396,0.247,0.149,0.941,1.008,0.989,0.969,0.388,0.788,0.641,0.396,0.247,0.149,106.48,
0.97,1.014,0.992,0.969,0.417,0.729,0.577,0.352,0.228,0.152,0.97,1.014,0.992,0.969,0.417,0.729,0.577,0.352,0.228,0.152,106.301,
0.943,1.016,0.985,0.958,0.363,0.822,0.648,0.405,0.244,0.175,0.943,1.016,0.985,0.958,0.363,0.822,0.648,0.405,0.244,0.175,111.005,
0.944,1.058,0.984,0.974,0.365,0.809,0.693,0.45,0.243,0.173,0.944,1.058,0.984,0.974,0.365,0.809,0.693,0.45,0.243,0.173,109.882,
0.961,1.046,0.984,0.961,0.372,0.793,0.68,0.443,0.238,0.144,0.961,1.046,0.984,0.961,0.372,0.793,0.68,0.443,0.238,0.144,114.337,
0.974,1.028,0.988,0.966,0.384,0.747,0.625,0.39,0.236,0.128,0.974,1.028,0.988,0.966,0.384,0.747,0.625,0.39,0.236,0.128,111.4,
0.963,1.039,0.99,0.964,0.37,0.789,0.694,0.436,0.261,0.123,0.963,1.039,0.99,0.964,0.37,0.789,0.694,0.436,0.261,0.123,109.238,
0.983,1.038,0.981,0.964,0.374,0.7,0.602,0.379,0.224,0.121,0.983,1.038,0.981,0.964,0.374,0.7,0.602,0.379,0.224,0.121,108.416,
0.971,1.04,0.989,0.956,0.374,0.755,0.618,0.377,0.245,0.15,0.971,1.04,0.989,0.956,0.374,0.755,0.618,0.377,0.245,0.15,105.537,
0.988,1.051,0.981,0.969,0.356,0.76,0.653,0.417,0.236,0.156,0.988,1.051,0.981,0.969,0.356,0.76,0.653,0.417,0.236,0.156,107.49,
0.987,1.051,0.981,0.957,0.358,0.771,0.658,0.421,0.237,0.156,0.987,1.051,0.981,0.957,0.358,0.771,0.658,0.421,0.237,0.156,108.669,
0.981,1.048,0.973,0.941,0.351,0.761,0.675,0.414,0.262,0.141,0.981,1.048,0.973,0.941,0.351,0.761,0.675,0.414,0.262,0.141,106.733,
0.957,1.035,0.979,0.93,0.34,0.759,0.681,0.409,0.278,0.108,0.957,1.035,0.979,0.93,0.34,0.759,0.681,0.409,0.278,0.108,104.12,
0.954,1.05,0.975,0.935,0.359,0.734,0.692,0.441,0.252,0.142,0.954,1.05,0.975,0.935,0.359,0.734,0.692,0.441,0.252,0.142,104.403,
0.965,1.025,0.974,0.922,0.348,0.797,0.692,0.399,0.299,0.108,0.965,1.025,0.974,0.922,0.348,0.797,0.692,0.399,0.299,0.108,103.407,
0.965,1.032,0.979,0.914,0.339,0.777,0.724,0.471,0.261,0.094,0.965,1.032,0.979,0.914,0.339,0.777,0.724,0.471,0.261,0.094,104.676,
0.97,1.032,0.98,0.937,0.324,0.757,0.708,0.471,0.238,0.1,0.97,1.032,0.98,0.937,0.324,0.757,0.708,0.471,0.238,0.1,103.368,
0.953,1.037,0.981,0.929,0.333,0.754,0.715,0.492,0.225,0.111,0.953,1.037,0.981,0.929,0.333,0.754,0.715,0.492,0.225,0.111,105.551,
0.965,1.026,0.981,0.928,0.337,0.773,0.714,0.492,0.225,0.083,0.965,1.026,0.981,0.928,0.337,0.773,0.714,0.492,0.225,0.083,108.259,
0.983,1.044,0.986,0.961,0.305,0.736,0.681,0.456,0.225,0.144,0.983,1.044,0.986,0.961,0.305,0.736,0.681,0.456,0.225,0.144,109.659,
0.974,1.023,0.992,0.946,0.34,0.793,0.693,0.452,0.25,0.104,0.974,1.023,0.992,0.946,0.34,0.793,0.693,0.452,0.25,0.104,107.703,
0.953,1.017,0.993,0.952,0.345,0.825,0.715,0.443,0.28,0.111,0.953,1.017,0.993,0.952,0.345,0.825,0.715,0.443,0.28,0.111,109.932,
0.978,1.028,0.985,0.96,0.367,0.798,0.719,0.499,0.221,0.096,0.978,1.028,0.985,0.96,0.367,0.798,0.719,0.499,0.221,0.096,108.167,
,,,,,,,,,,,,,,,,,,,,,
0.968,1,0.97,0.877,0.153,0.81,0.873,0.71,0.196,0.244,0.968,1,0.97,0.877,0.153,0.81,0.873,0.71,0.196,0.244,99.725,36
0.952,1.012,0.951,0.87,0.146,0.972,0.931,0.629,0.333,0.291,0.952,1.012,0.951,0.87,0.146,0.972,0.931,0.629,0.333,0.291,98.732,
0.976,1.021,0.961,0.867,0.162,0.951,0.844,0.653,0.272,0.272,0.976,1.021,0.961,0.867,0.162,0.951,0.844,0.653,0.272,0.272,97.417,
0.958,1.02,0.941,0.857,0.152,1.073,0.964,0.601,0.392,0.272,0.958,1.02,0.941,0.857,0.152,1.073,0.964,0.601,0.392,0.272,98.25,
0.961,1.013,0.952,0.872,0.148,0.95,0.91,0.615,0.326,0.285,0.961,1.013,0.952,0.872,0.148,0.95,0.91,0.615,0.326,0.285,98.412,
0.978,1.016,0.962,0.87,0.164,0.904,0.843,0.675,0.259,0.207,0.978,1.016,0.962,0.87,0.164,0.904,0.843,0.675,0.259,0.207,99.247,
0.968,1.013,0.962,0.885,0.143,0.898,0.842,0.591,0.263,0.3,0.968,1.013,0.962,0.885,0.143,0.898,0.842,0.591,0.263,0.3,98.25,
0.963,1.024,0.95,0.872,0.136,1.116,0.943,0.622,0.396,0.255,0.963,1.024,0.95,0.872,0.136,1.116,0.943,0.622,0.396,0.255,98.184,
0.973,1.014,0.958,0.866,0.163,0.906,0.854,0.623,0.259,0.264,0.973,1.014,0.958,0.866,0.163,0.906,0.854,0.623,0.259,0.264,99.323,
0.979,1.016,0.958,0.874,0.166,0.868,0.819,0.611,0.254,0.203,0.979,1.016,0.958,0.874,0.166,0.868,0.819,0.611,0.254,0.203,98.326,
0.957,1.013,0.948,0.871,0.153,0.926,0.887,0.602,0.349,0.278,0.957,1.013,0.948,0.871,0.153,0.926,0.887,0.602,0.349,0.278,96.255,
0.969,1.025,0.957,0.87,0.147,1.055,0.891,0.646,0.341,0.241,0.969,1.025,0.957,0.87,0.147,1.055,0.891,0.646,0.341,0.241,99.182,
0.982,1.021,0.958,0.874,0.164,0.904,0.835,0.623,0.259,0.259,0.982,1.021,0.958,0.874,0.164,0.904,0.835,0.623,0.259,0.259,101.242,
0.972,1.005,0.962,0.881,0.15,0.825,0.814,0.615,0.28,0.177,0.972,1.005,0.962,0.881,0.15,0.825,0.814,0.615,0.28,0.177,99.247,
0.966,1.017,0.965,0.876,0.151,0.93,0.831,0.671,0.301,0.224,0.966,1.017,0.965,0.876,0.151,0.93,0.831,0.671,0.301,0.224,99.247,
0.96,1.008,0.958,0.876,0.128,1.038,0.969,0.67,0.383,0.131,0.96,1.008,0.958,0.876,0.128,1.038,0.969,0.67,0.383,0.131,97.185,
0.948,1.037,0.958,0.872,0.14,1.233,0.915,0.664,0.35,0.541,0.948,1.037,0.958,0.872,0.14,1.233,0.915,0.664,0.35,0.541,95.189,
0.992,1.052,0.945,0.859,0.16,1.217,0.885,0.559,0.351,0.417,0.992,1.052,0.945,0.859,0.16,1.217,0.885,0.559,0.351,0.417,98.615,
0.966,1.023,0.954,0.879,0.145,1,0.89,0.588,0.317,0.353,0.966,1.023,0.954,0.879,0.145,1,0.89,0.588,0.317,0.353,95.525,
0.964,1.027,0.95,0.858,0.132,1.307,1.088,0.704,0.419,0.236,0.964,1.027,0.95,0.858,0.132,1.307,1.088,0.704,0.419,0.236,97.329,
0.98,1.016,0.964,0.894,0.138,0.888,0.79,0.575,0.271,0.256,0.98,1.016,0.964,0.894,0.138,0.888,0.79,0.575,0.271,0.256,96.333,
0.955,1.02,0.961,0.888,0.104,1.293,1.079,0.707,0.414,0.262,0.955,1.02,0.961,0.888,0.104,1.293,1.079,0.707,0.414,0.262,98.082,
0.959,1.016,0.958,0.883,0.121,1.104,0.973,0.644,0.349,0.279,0.959,1.016,0.958,0.883,0.121,1.104,0.973,0.644,0.349,0.279,97.329,
0.945,1.019,0.977,0.901,0.098,1.218,1.027,0.809,0.248,0.277,0.945,1.019,0.977,0.901,0.098,1.218,1.027,0.809,0.248,0.277,94.133,
0.954,1.009,0.955,0.878,0.119,1.104,1.038,0.702,0.395,0.288,0.954,1.009,0.955,0.878,0.119,1.104,1.038,0.702,0.395,0.288,99.182,
0.968,1.009,0.953,0.876,0.144,0.922,0.88,0.604,0.342,0.249,0.968,1.009,0.953,0.876,0.144,0.922,0.88,0.604,0.342,0.249,95.336,
0.946,1.028,0.949,0.863,0.125,1.318,1.104,0.712,0.407,0.356,0.946,1.028,0.949,0.863,0.125,1.318,1.104,0.712,0.407,0.356,95.189,
0.953,1.028,0.947,0.868,0.115,1.412,1.151,0.697,0.471,0.375,0.953,1.028,0.947,0.868,0.115,1.412,1.151,0.697,0.471,0.375,98.326,
0.986,1.017,0.954,0.866,0.148,1.031,0.907,0.605,0.328,0.232,0.986,1.017,0.954,0.866,0.148,1.031,0.907,0.605,0.328,0.232,99.408,
0.967,1.016,0.961,0.863,0.13,1.179,1.054,0.765,0.327,0.146,0.967,1.016,0.961,0.863,0.13,1.179,1.054,0.765,0.327,0.146,99.408,
0.971,1.016,0.954,0.875,0.122,1.162,1.038,0.702,0.395,0.279,0.971,1.016,0.954,0.875,0.122,1.162,1.038,0.702,0.395,0.279,96.519,
0.957,1.031,0.95,0.869,0.117,1.387,1.12,0.697,0.429,0.329,0.957,1.031,0.95,0.869,0.117,1.387,1.12,0.697,0.429,0.329,94.191,
0.971,1.008,0.965,0.881,0.115,1.124,1.044,0.764,0.318,0.309,0.971,1.008,0.965,0.881,0.115,1.124,1.044,0.764,0.318,0.309,98.326,
0.937,1.026,0.959,0.864,0.085,1.932,1.608,1.135,0.498,0.507,0.937,1.026,0.959,0.864,0.085,1.932,1.608,1.135,0.498,0.507,97.185,
0.974,1.008,0.961,0.887,0.106,1.168,1.072,0.702,0.411,0.164,0.974,1.008,0.961,0.887,0.106,1.168,1.072,0.702,0.411,0.164,98.732,
0.975,1.017,0.96,0.873,0.127,1.185,1.007,0.688,0.349,0.279,0.975,1.017,0.96,0.873,0.127,1.185,1.007,0.688,0.349,0.279,97.015,
0.963,1.005,0.964,0.88,0.136,0.95,0.888,0.652,0.344,0.202,0.963,1.005,0.964,0.88,0.136,0.95,0.888,0.652,0.344,0.202,95.037,
0.974,1.032,0.954,0.889,0.15,0.974,0.743,0.461,0.323,0.348,0.974,1.032,0.954,0.889,0.15,0.974,0.743,0.461,0.323,0.348,95.037,
0.956,1.013,0.947,0.865,0.136,1.083,1.021,0.681,0.396,0.316,0.956,1.013,0.947,0.865,0.136,1.083,1.021,0.681,0.396,0.316,99.725,
0.949,1.005,0.965,0.874,0.143,0.917,0.893,0.672,0.255,0.19,0.949,1.005,0.965,0.874,0.143,0.917,0.893,0.672,0.255,0.19,93.648,
0.946,1.02,0.965,0.88,0.125,1.137,0.966,0.707,0.294,0.347,0.946,1.02,0.965,0.88,0.125,1.137,0.966,0.707,0.294,0.347,94.641,
0.955,1.02,0.966,0.891,0.139,0.931,0.813,0.61,0.259,0.305,0.955,1.02,0.966,0.891,0.139,0.931,0.813,0.61,0.259,0.305,96.747,
0.97,1.027,0.962,0.884,0.135,1.063,0.869,0.639,0.319,0.326,0.97,1.027,0.962,0.884,0.135,1.063,0.869,0.639,0.319,0.326,95.755,
0.944,1.022,0.962,0.882,0.127,1.104,1.002,0.736,0.298,0.4,0.944,1.022,0.962,0.882,0.127,1.104,1.002,0.736,0.298,0.4,95.755,
0.961,1.024,0.969,0.895,0.109,1.197,0.964,0.682,0.288,0.329,0.961,1.024,0.969,0.895,0.109,1.197,0.964,0.682,0.288,0.329,98.509,
0.936,1.019,0.969,0.896,0.109,1.133,0.972,0.711,0.283,0.393,0.936,1.019,0.969,0.896,0.109,1.133,0.972,0.711,0.283,0.393,94.53,
0.936,1.019,0.961,0.871,0.113,1.32,1.14,0.801,0.343,0.383,0.936,1.019,0.961,0.871,0.113,1.32,1.14,0.801,0.343,0.383,94.34,
0.944,1.003,0.954,0.856,0.155,0.948,0.958,0.668,0.299,0.175,0.944,1.003,0.954,0.856,0.155,0.948,0.958,0.668,0.299,0.175,92.914,
0.954,1.034,0.965,0.884,0.111,1.373,1.065,0.798,0.339,0.564,0.954,1.034,0.965,0.884,0.111,1.373,1.065,0.798,0.339,0.564,94.53,
0.948,1.037,0.962,0.877,0.139,1.15,0.923,0.671,0.273,0.492,0.948,1.037,0.962,0.877,0.139,1.15,0.923,0.671,0.273,0.492,94.895,
0.932,1.007,0.962,0.878,0.126,1.027,0.979,0.686,0.301,0.277,0.932,1.007,0.962,0.878,0.126,1.027,0.979,0.686,0.301,0.277,94.895,
