F1,F2,F3,F4,F5,F6,F7,F8,F9,F10,F11,F12,F13,F14,F15,F16,F17,F18,F19,F20,F21,Alphabet
1.901,1.221,0.761,0.833,1.4110,0.57,0.376,0.195,0.218,0.197,1.901,1.221,0.761,0.833,1.411,0.57,0.376,0.195,0.218,0.197,17.117,A
1.853,1.219,0.82,0.873,1.347,0.595,0.393,0.203,0.208,0.208,1.853,1.219,0.82,0.873,1.347,0.595,0.393,0.203,0.208,0.208,19.416,A
1.866,1.219,0.818,0.873,1.369,0.586,0.387,0.18,0.223,0.205,1.866,1.219,0.818,0.873,1.369,0.586,0.387,0.18,0.223,0.205,16.279,A
1.721,1.214,0.795,0.858,1.17,0.641,0.415,0.208,0.244,0.232,1.721,1.214,0.795,0.858,1.17,0.641,0.415,0.208,0.244,0.232,22.561,A
1.793,1.231,0.792,0.866,1.271,0.631,0.396,0.198,0.232,0.24,1.793,1.231,0.792,0.866,1.271,0.631,0.396,0.198,0.232,0.24,19.647,A
1.932,1.262,0.819,0.903,1.417,0.586,0.363,0.184,0.205,0.232,1.932,1.262,0.819,0.903,1.417,0.586,0.363,0.184,0.205,0.232,18.248,A
1.881,1.241,0.797,0.913,1.387,0.583,0.381,0.207,0.214,0.214,1.881,1.241,0.797,0.913,1.387,0.583,0.381,0.207,0.214,0.214,17.263,A
1.855,1.224,0.799,0.844,1.35,0.585,0.368,0.178,0.213,0.22,1.855,1.224,0.799,0.844,1.35,0.585,0.368,0.178,0.213,0.22,18.248,A
1.773,1.209,0.857,0.903,1.24,0.587,0.373,0.174,0.213,0.222,1.773,1.209,0.857,0.903,1.24,0.587,0.373,0.174,0.213,0.222,18.682,A
1.881,1.217,0.825,0.94,1.372,0.578,0.383,0.209,0.206,0.206,1.881,1.217,0.825,0.94,1.372,0.578,0.383,0.209,0.206,0.206,17.263,A
1.89,1.231,0.792,0.893,1.347,0.589,0.369,0.192,0.219,0.226,1.89,1.231,0.792,0.893,1.347,0.589,0.369,0.192,0.219,0.226,18.111,A
1.986,1.297,0.825,0.91,1.468,0.576,0.334,0.179,0.183,0.253,1.986,1.297,0.825,0.91,1.468,0.576,0.334,0.179,0.183,0.253,16.279,A
1.842,1.212,0.799,0.896,1.297,0.577,0.374,0.194,0.222,0.211,1.842,1.212,0.799,0.896,1.297,0.577,0.374,0.194,0.222,0.211,18.439,A
1.877,1.234,0.813,0.912,1.349,0.597,0.383,0.19,0.224,0.224,1.877,1.234,0.813,0.912,1.349,0.597,0.383,0.19,0.224,0.224,16.492,A
1.922,1.225,0.858,0.928,1.467,0.568,0.363,0.19,0.186,0.211,1.922,1.225,0.858,0.928,1.467,0.568,0.363,0.19,0.186,0.211,15.524,A
1.817,1.214,0.819,0.884,1.272,0.584,0.378,0.171,0.232,0.213,1.817,1.214,0.819,0.884,1.272,0.584,0.378,0.171,0.232,0.213,17.72,A
1.956,1.266,0.853,0.9,1.418,0.57,0.334,0.175,0.173,0.243,1.956,1.266,0.853,0.9,1.418,0.57,0.334,0.175,0.173,0.243,16.125,A
1.946,1.262,0.819,0.911,1.463,0.585,0.371,0.197,0.199,0.225,1.946,1.262,0.819,0.911,1.463,0.585,0.371,0.197,0.199,0.225,17.464,A
1.842,1.224,0.825,0.902,1.319,0.606,0.387,0.205,0.207,0.225,1.842,1.224,0.825,0.902,1.319,0.606,0.387,0.205,0.207,0.225,18.248,A
1.805,1.214,0.847,0.941,1.243,0.607,0.403,0.221,0.209,0.218,1.805,1.214,0.847,0.941,1.243,0.607,0.403,0.221,0.209,0.218,19.647,A
1.917,1.243,0.82,0.919,1.376,0.558,0.359,0.188,0.204,0.214,1.917,1.243,0.82,0.919,1.376,0.558,0.359,0.188,0.204,0.214,15.297,A
1.893,1.231,0.847,0.893,1.376,0.577,0.362,0.179,0.195,0.221,1.893,1.231,0.847,0.893,1.376,0.577,0.362,0.179,0.195,0.221,16.279,A
1.931,1.256,0.847,0.893,1.414,0.567,0.352,0.175,0.19,0.225,1.931,1.256,0.847,0.893,1.414,0.567,0.352,0.175,0.19,0.225,17.263,A
1.901,1.221,0.788,0.88,1.357,0.561,0.363,0.189,0.215,0.205,1.901,1.221,0.788,0.88,1.357,0.561,0.363,0.189,0.215,0.205,17.263,A
1.954,1.264,0.812,0.889,1.422,0.579,0.359,0.162,0.22,0.23,1.954,1.264,0.812,0.889,1.422,0.579,0.359,0.162,0.22,0.23,17.117,A
1.882,1.2,0.852,0.917,1.326,0.554,0.343,0.165,0.197,0.216,1.882,1.2,0.852,0.917,1.326,0.554,0.343,0.165,0.197,0.216,16.492,A
1.968,1.264,0.813,0.917,1.428,0.571,0.355,0.186,0.202,0.228,1.968,1.264,0.813,0.917,1.428,0.571,0.355,0.186,0.202,0.228,16.279,A
1.951,1.266,0.834,0.936,1.4,0.591,0.377,0.188,0.213,0.231,1.951,1.266,0.834,0.936,1.4,0.591,0.377,0.188,0.213,0.231,18.111,A
1.982,1.264,0.813,0.95,1.459,0.572,0.365,0.207,0.197,0.224,1.982,1.264,0.813,0.95,1.459,0.572,0.365,0.207,0.197,0.224,15.297,A
1.805,1.214,0.847,0.941,1.243,0.607,0.403,0.221,0.209,0.218,1.805,1.214,0.847,0.941,1.243,0.607,0.403,0.221,0.209,0.218,18.439,A
1.877,1.258,0.815,0.933,1.312,0.594,0.371,0.203,0.212,0.24,1.877,1.258,0.815,0.933,1.312,0.594,0.371,0.203,0.212,0.24,17.464,A
1.943,1.26,0.805,0.948,1.411,0.588,0.388,0.201,0.228,0.22,1.943,1.26,0.805,0.948,1.411,0.588,0.388,0.201,0.228,0.22,20.396,A
1.944,1.264,0.813,0.917,1.413,0.577,0.359,0.188,0.204,0.231,1.944,1.264,0.813,0.917,1.413,0.577,0.359,0.188,0.204,0.231,16.279,A
1.893,1.244,0.822,0.914,1.338,0.588,0.349,0.193,0.192,0.246,1.893,1.244,0.822,0.914,1.338,0.588,0.349,0.193,0.192,0.246,17.263,A
1.851,1.206,0.788,0.876,1.319,0.591,0.381,0.188,0.231,0.213,1.851,1.206,0.788,0.876,1.319,0.591,0.381,0.188,0.231,0.213,16.125,A
1.914,1.221,0.788,0.912,1.387,0.562,0.372,0.21,0.211,0.201,1.914,1.221,0.788,0.912,1.387,0.562,0.372,0.21,0.211,0.201,15.297,A
2.036,1.312,0.838,0.936,1.467,0.571,0.334,0.186,0.175,0.255,2.036,1.312,0.838,0.936,1.467,0.571,0.334,0.186,0.175,0.255,17.117,A
1.901,1.234,0.842,0.933,1.327,0.583,0.367,0.193,0.201,0.228,1.901,1.234,0.842,0.933,1.327,0.583,0.367,0.193,0.201,0.228,17.117,A
1.944,1.227,0.813,0.944,1.397,0.554,0.361,0.197,0.206,0.206,1.944,1.227,0.813,0.944,1.397,0.554,0.361,0.197,0.206,0.206,17.263,A
1.958,1.264,0.841,0.923,1.459,0.577,0.366,0.196,0.189,0.224,1.958,1.264,0.841,0.923,1.459,0.577,0.366,0.196,0.189,0.224,17.464,A
1.882,1.2,0.852,0.922,1.349,0.564,0.357,0.182,0.194,0.212,1.882,1.2,0.852,0.922,1.349,0.564,0.357,0.182,0.194,0.212,17.263,A
1.877,1.258,0.845,0.933,1.312,0.594,0.371,0.215,0.184,0.24,1.877,1.258,0.845,0.933,1.312,0.594,0.371,0.215,0.184,0.24,18.439,A
1.901,1.247,0.842,0.933,1.327,0.603,0.367,0.193,0.201,0.246,1.901,1.247,0.842,0.933,1.327,0.603,0.367,0.193,0.201,0.246,17.263,A
1.905,1.221,0.869,0.907,1.372,0.549,0.357,0.178,0.187,0.203,1.905,1.221,0.869,0.907,1.372,0.549,0.357,0.178,0.187,0.203,16.279,A
1.859,1.213,0.852,0.922,1.335,0.589,0.36,0.183,0.196,0.233,1.859,1.213,0.852,0.922,1.335,0.589,0.36,0.183,0.196,0.233,17.464,A
1.914,1.258,0.842,0.907,1.364,0.577,0.359,0.183,0.195,0.231,1.914,1.258,0.842,0.907,1.364,0.577,0.359,0.183,0.195,0.231,17.117,A
1.928,1.234,0.815,0.907,1.387,0.562,0.353,0.185,0.201,0.218,1.928,1.234,0.815,0.907,1.387,0.562,0.353,0.185,0.201,0.218,16.279,A
1.824,1.236,0.837,0.898,1.278,0.625,0.4,0.214,0.206,0.234,1.824,1.236,0.837,0.898,1.278,0.625,0.4,0.214,0.206,0.234,19.416,A
1.928,1.247,0.842,0.907,1.387,0.581,0.353,0.18,0.192,0.235,1.928,1.247,0.842,0.907,1.387,0.581,0.353,0.18,0.192,0.235,16.279,A
1.902,1.223,0.837,0.894,1.36,0.549,0.357,0.182,0.194,0.203,1.902,1.223,0.837,0.894,1.36,0.549,0.357,0.182,0.194,0.203,16.279,A
0.879,0.997,0.997,0.935,0.066,1.414,1.265,1,0.447,0.283,0.879,0.997,0.997,0.935,0.066,1.414,1.265,1,0.447,0.283,19.235,B
0.856,0.997,0.986,0.935,0.091,1.286,1.152,0.869,0.286,0.202,0.856,0.997,0.986,0.935,0.091,1.286,1.152,0.869,0.286,0.202,17.72,B
0.867,0.997,0.985,0.957,0.107,0.884,0.75,0.5,0.25,0.177,0.867,0.997,0.985,0.957,0.107,0.884,0.75,0.5,0.25,0.177,20.881,B
0.858,0.971,0.96,0.939,0.124,0.869,0.949,0.537,0.435,0.236,0.858,0.971,0.96,0.939,0.124,0.869,0.949,0.537,0.435,0.236,20.224,B
0.869,0.989,0.985,0.943,0.095,1.14,1.131,0.849,0.283,0.141,0.869,0.989,0.985,0.943,0.095,1.14,1.131,0.849,0.283,0.141,21.19,B
0.874,0.989,0.988,0.953,0.093,1.178,1.152,0.714,0.452,0.143,0.874,0.989,0.988,0.953,0.093,1.178,1.152,0.714,0.452,0.143,18.028,B
0.839,0.997,0.971,0.944,0.109,1.098,0.97,0.485,0.485,0.171,0.839,0.997,0.971,0.944,0.109,1.098,0.97,0.485,0.485,0.171,18.248,B
0.869,0.978,0.974,0.936,0.098,1.266,1.236,0.971,0.307,0.275,0.869,0.978,0.974,0.936,0.098,1.266,1.236,0.971,0.307,0.275,21.024,B
0.855,0.981,0.966,0.936,0.094,1.152,1.286,0.869,0.452,0.202,0.855,0.981,0.966,0.936,0.094,1.152,1.286,0.869,0.452,0.202,21.19,B
0.857,0.986,0.96,0.938,0.093,1.457,1.286,0.728,0.589,0.319,0.857,0.986,0.96,0.938,0.093,1.457,1.286,0.728,0.589,0.319,17.029,B
0.856,0.982,0.978,0.942,0.119,1,1.09,0.767,0.325,0.153,0.856,0.982,0.978,0.942,0.119,1,1.09,0.767,0.325,0.153,19.026,B
0.892,0.978,0.966,0.929,0.078,1.749,1.715,1.213,0.542,0.343,0.892,0.978,0.966,0.929,0.078,1.749,1.715,1.213,0.542,0.343,17.72,B
0.848,0.986,0.96,0.92,0.092,1.562,1.421,0.849,0.583,0.316,0.848,0.986,0.96,0.92,0.092,1.562,1.421,0.849,0.583,0.316,21.587,B
0.848,0.979,0.96,0.932,0.105,1.265,1.24,0.754,0.511,0.248,0.848,0.979,0.96,0.932,0.105,1.265,1.24,0.754,0.511,0.248,19.925,B
0.856,0.987,0.977,0.942,0.094,1.304,1.131,0.707,0.424,0.316,0.856,0.987,0.977,0.942,0.094,1.304,1.131,0.707,0.424,0.316,18.028,B
0.857,0.989,0.985,0.943,0.093,1.14,1.131,0.849,0.283,0.141,0.857,0.989,0.985,0.943,0.093,1.14,1.131,0.849,0.283,0.141,19.105,B
0.882,0.989,0.971,0.926,0.071,1.671,1.682,0.947,0.743,0.186,0.882,0.989,0.971,0.926,0.071,1.671,1.682,0.947,0.743,0.186,16.492,B
0.856,0.971,0.966,0.935,0.093,1.178,1.286,0.869,0.452,0.319,0.856,0.971,0.966,0.935,0.093,1.178,1.286,0.869,0.452,0.319,17.117,B
0.856,0.989,0.959,0.928,0.093,1.421,1.414,0.86,0.583,0.141,0.856,0.989,0.959,0.928,0.093,1.421,1.414,0.86,0.583,0.141,17.464,B
0.862,0.989,0.966,0.953,0.124,1.132,1.106,0.826,0.343,0.108,0.862,0.989,0.966,0.953,0.124,1.132,1.106,0.826,0.343,0.108,23.409,B
0.856,0.989,0.97,0.929,0.094,1.421,1.414,0.849,0.566,0.141,0.856,0.989,0.97,0.929,0.094,1.421,1.414,0.849,0.566,0.141,18.682,B
0.872,0.989,0.977,0.958,0.109,1.177,1.144,0.784,0.372,0.124,0.872,0.989,0.977,0.958,0.109,1.177,1.144,0.784,0.372,0.124,15.033,B
0.841,0.986,0.975,0.949,0.118,1.153,1,0.804,0.247,0.247,0.841,0.986,0.975,0.949,0.118,1.153,1,0.804,0.247,0.247,19.105,B
0.891,0.986,0.967,0.939,0.088,1.52,1.342,0.907,0.471,0.333,0.891,0.986,0.967,0.939,0.088,1.52,1.342,0.907,0.471,0.333,17.029,B
0.89,0.989,0.977,0.928,0.079,1.724,1.715,1.2,0.514,0.171,0.89,0.989,0.977,0.928,0.079,1.724,1.715,1.2,0.514,0.171,17,B
0.821,0.981,0.97,0.924,0.121,0.889,1.006,0.567,0.444,0.157,0.821,0.981,0.97,0.924,0.121,0.889,1.006,0.567,0.444,0.157,20.025,B
0.853,0.989,0.978,0.939,0.094,0.99,1,0.583,0.424,0.141,0.853,0.989,0.978,0.939,0.094,0.99,1,0.583,0.424,0.141,19,B
0.848,0.989,0.988,0.94,0.106,1.275,1.256,0.875,0.395,0.125,0.848,0.989,0.988,0.94,0.106,1.275,1.256,0.875,0.395,0.125,23.537,B
0.841,0.989,0.977,0.929,0.095,1.421,1.414,0.99,0.424,0.141,0.841,0.989,0.977,0.929,0.095,1.421,1.414,0.99,0.424,0.141,21.024,B
0.846,0.997,0.963,0.93,0.106,1.37,1.24,0.62,0.62,0.175,0.846,0.997,0.963,0.93,0.106,1.37,1.24,0.62,0.62,0.175,19.105,B
0.879,0.986,0.971,0.926,0.089,1.498,1.35,0.76,0.596,0.333,0.879,0.986,0.971,0.926,0.089,1.498,1.35,0.76,0.596,0.333,17.72,B
0.84,0.978,0.959,0.923,0.127,1.179,1.16,0.745,0.435,0.211,0.84,0.978,0.959,0.923,0.127,1.179,1.16,0.745,0.435,0.211,20.025,B
0.87,0.986,0.977,0.924,0.085,1.589,1.432,0.962,0.474,0.354,0.87,0.986,0.977,0.924,0.085,1.589,1.432,0.962,0.474,0.354,21.84,B
0.883,0.989,0.958,0.928,0.073,1.866,1.857,1.13,0.766,0.186,0.883,0.989,0.958,0.928,0.073,1.866,1.857,1.13,0.766,0.186,21.541,B
0.837,0.979,0.951,0.917,0.093,1.436,1.436,0.714,0.728,0.286,0.837,0.979,0.951,0.917,0.093,1.436,1.436,0.714,0.728,0.286,21.213,B
0.844,0.989,0.981,0.94,0.12,1.126,1.11,0.663,0.455,0.11,0.844,0.989,0.981,0.94,0.12,1.126,1.11,0.663,0.455,0.11,20.1,B
0.89,0.989,0.966,0.94,0.091,1.52,1.498,1.085,0.471,0.149,0.89,0.989,0.966,0.94,0.091,1.52,1.498,1.085,0.471,0.149,16,B
0.846,0.979,0.978,0.938,0.095,1.266,1.236,0.824,0.412,0.275,0.846,0.979,0.978,0.938,0.095,1.266,1.236,0.824,0.412,0.275,16,B
0.873,0.986,0.97,0.936,0.103,1.624,1.45,0.928,0.525,0.294,0.873,0.986,0.97,0.936,0.103,1.624,1.45,0.928,0.525,0.294,20.616,B
0.863,0.989,0.987,0.942,0.112,1.383,1.356,0.978,0.383,0.121,0.863,0.989,0.987,0.942,0.112,1.383,1.356,0.978,0.383,0.121,16,B
0.837,0.971,0.978,0.927,0.104,1.008,1.132,0.76,0.375,0.28,0.837,0.971,0.978,0.927,0.104,1.008,1.132,0.76,0.375,0.28,18.248,B
0.865,0.979,0.982,0.935,0.112,1.334,1.293,0.819,0.483,0.234,0.865,0.979,0.982,0.935,0.112,1.334,1.293,0.819,0.483,0.234,20.616,B
0.882,0.978,0.978,0.949,0.096,1.303,1.244,0.836,0.412,0.275,0.882,0.978,0.978,0.949,0.096,1.303,1.244,0.836,0.412,0.275,16.125,B
0.875,0.989,0.985,0.944,0.08,1.344,1.333,1,0.333,0.167,0.875,0.989,0.985,0.944,0.08,1.344,1.333,1,0.333,0.167,17.72,B
0.856,0.979,0.977,0.929,0.094,1.442,1.414,0.99,0.424,0.283,0.856,0.979,0.977,0.929,0.094,1.442,1.414,0.99,0.424,0.283,19.026,B
0.826,0.979,0.974,0.93,0.108,1.237,1.213,0.978,0.271,0.243,0.826,0.979,0.974,0.93,0.108,1.237,1.213,0.978,0.271,0.243,20.616,B
0.88,0.987,0.978,0.948,0.079,1.74,1.509,1.014,0.5,0.373,0.88,0.987,0.978,0.948,0.079,1.74,1.509,1.014,0.5,0.373,17.029,B
0.856,0.986,0.961,0.923,0.078,1.5,1.374,0.687,0.687,0.373,0.856,0.986,0.961,0.923,0.078,1.5,1.374,0.687,0.687,0.373,17,B
0.853,0.997,0.981,0.933,0.092,1.738,1.578,1,0.589,0.202,0.853,0.997,0.981,0.933,0.092,1.738,1.578,1,0.589,0.202,18.248,B
0.881,0.986,0.977,0.941,0.102,1.497,1.32,0.928,0.394,0.294,0.881,0.986,0.977,0.941,0.102,1.497,1.32,0.928,0.394,0.294,22.804,B
0.846,0.995,0.959,0.921,0.08,2.162,1.808,1.162,0.678,0.465,0.846,0.995,0.959,0.921,0.08,2.162,1.808,1.162,0.678,0.465,18.111,B
0.704,0.96,0.987,0.866,0.716,0.144,0.205,0.178,0.034,0.06,0.704,0.96,0.987,0.866,0.716,0.144,0.205,0.178,0.034,0.06,2,C
0.704,0.96,0.987,0.866,0.716,0.144,0.205,0.178,0.034,0.06,0.704,0.96,0.987,0.866,0.716,0.144,0.205,0.178,0.034,0.06,2,C
0.662,0.988,0.912,0.77,0.756,0.321,0.333,0.227,0.117,0.017,0.662,0.988,0.912,0.77,0.756,0.321,0.333,0.227,0.117,0.017,4.472,C
0.717,0.961,0.984,0.88,0.723,0.166,0.222,0.168,0.067,0.059,0.717,0.961,0.984,0.88,0.723,0.166,0.222,0.168,0.067,0.059,0,C
0.717,0.961,0.984,0.88,0.723,0.166,0.222,0.168,0.067,0.059,0.717,0.961,0.984,0.88,0.723,0.166,0.222,0.168,0.067,0.059,0,C
0.634,1.006,0.949,0.762,0.648,0.398,0.4,0.306,0.097,0.031,0.634,1.006,0.949,0.762,0.648,0.398,0.4,0.306,0.097,0.031,12.083,C
0.72,1,0.94,0.774,0.695,0.367,0.367,0.261,0.11,0,0.72,1,0.94,0.774,0.695,0.367,0.367,0.261,0.11,0,1,C
0.72,1,0.94,0.774,0.695,0.367,0.367,0.261,0.11,0,0.72,1,0.94,0.774,0.695,0.367,0.367,0.261,0.11,0,1,C
0.705,0.977,0.92,0.752,0.699,0.34,0.367,0.263,0.117,0.037,0.705,0.977,0.92,0.752,0.699,0.34,0.367,0.263,0.117,0.037,4,C
0.727,0.968,0.964,0.832,0.717,0.241,0.283,0.217,0.067,0.046,0.727,0.968,0.964,0.832,0.717,0.241,0.283,0.217,0.067,0.046,1,C
0.727,0.968,0.964,0.832,0.717,0.241,0.283,0.217,0.067,0.046,0.727,0.968,0.964,0.832,0.717,0.241,0.283,0.217,0.067,0.046,1,C
0.735,1,0.958,0.811,0.752,0.268,0.268,0.22,0.057,0,0.735,1,0.958,0.811,0.752,0.268,0.268,0.22,0.057,0,5,C
0.715,0.967,0.978,0.864,0.727,0.2,0.241,0.175,0.083,0.046,0.715,0.967,0.978,0.864,0.727,0.2,0.241,0.175,0.083,0.046,1,C
0.715,0.967,0.978,0.864,0.727,0.2,0.241,0.175,0.083,0.046,0.715,0.967,0.978,0.864,0.727,0.2,0.241,0.175,0.083,0.046,1,C
0.71,0.971,0.935,0.779,0.758,0.283,0.318,0.235,0.086,0.039,0.71,0.971,0.935,0.779,0.758,0.283,0.318,0.235,0.086,0.039,3.162,C
0.71,0.993,0.984,0.874,0.709,0.203,0.218,0.168,0.069,0.017,0.71,0.993,0.984,0.874,0.709,0.203,0.218,0.168,0.069,0.017,0,C
0.71,0.993,0.984,0.874,0.709,0.203,0.218,0.168,0.069,0.017,0.71,0.993,0.984,0.874,0.709,0.203,0.218,0.168,0.069,0.017,0,C
0.738,0.988,0.969,0.882,0.847,0.201,0.206,0.155,0.052,0.016,0.738,0.988,0.969,0.882,0.847,0.201,0.206,0.155,0.052,0.016,3,C
0.686,0.996,0.953,0.824,0.747,0.323,0.313,0.217,0.098,0.023,0.686,0.996,0.953,0.824,0.747,0.323,0.313,0.217,0.098,0.023,1,C
0.686,0.996,0.953,0.824,0.747,0.323,0.313,0.217,0.098,0.023,0.686,0.996,0.953,0.824,0.747,0.323,0.313,0.217,0.098,0.023,1,C
0.707,0.982,0.946,0.835,0.83,0.247,0.269,0.205,0.069,0.023,0.707,0.982,0.946,0.835,0.83,0.247,0.269,0.205,0.069,0.023,3.606,C
0.663,0.946,0.972,0.858,0.708,0.152,0.218,0.169,0.054,0.076,0.663,0.946,0.972,0.858,0.708,0.152,0.218,0.169,0.054,0.076,0,C
0.663,0.946,0.972,0.858,0.708,0.152,0.218,0.169,0.054,0.076,0.663,0.946,0.972,0.858,0.708,0.152,0.218,0.169,0.054,0.076,0,C
0.733,0.978,0.943,0.773,0.762,0.299,0.32,0.252,0.075,0.034,0.733,0.978,0.943,0.773,0.762,0.299,0.32,0.252,0.075,0.034,2.236,C
0.733,0.978,0.943,0.773,0.762,0.299,0.32,0.252,0.075,0.034,0.733,0.978,0.943,0.773,0.762,0.299,0.32,0.252,0.075,0.034,2.236,C
0.72,0.976,0.994,0.893,0.778,0.147,0.162,0.148,0.017,0.034,0.72,0.976,0.994,0.893,0.778,0.147,0.162,0.148,0.017,0.034,4.123,C
0.72,0.976,0.994,0.893,0.778,0.147,0.162,0.148,0.017,0.034,0.72,0.976,0.994,0.893,0.778,0.147,0.162,0.148,0.017,0.034,4.123,C
0.719,1.007,0.922,0.702,0.601,0.512,0.503,0.375,0.131,0.022,0.719,1.007,0.922,0.702,0.601,0.512,0.503,0.375,0.131,0.022,5,C
0.688,0.967,0.959,0.809,0.686,0.265,0.312,0.233,0.088,0.049,0.688,0.967,0.959,0.809,0.686,0.265,0.312,0.233,0.088,0.049,1,C
0.688,0.967,0.959,0.809,0.686,0.265,0.312,0.233,0.088,0.049,0.688,0.967,0.959,0.809,0.686,0.265,0.312,0.233,0.088,0.049,1,C
0.704,0.988,0.952,0.809,0.83,0.276,0.284,0.232,0.059,0.016,0.704,0.988,0.952,0.809,0.83,0.276,0.284,0.232,0.059,0.016,2.828,C
0.689,0.928,0.985,0.876,0.743,0.145,0.234,0.18,0.066,0.103,0.689,0.928,0.985,0.876,0.743,0.145,0.234,0.18,0.066,0.103,1,C
0.689,0.928,0.985,0.876,0.743,0.145,0.234,0.18,0.066,0.103,0.689,0.928,0.985,0.876,0.743,0.145,0.234,0.18,0.066,0.103,1,C
0.784,0.979,0.981,0.852,0.825,0.218,0.209,0.17,0.048,0.058,0.784,0.979,0.981,0.852,0.825,0.218,0.209,0.17,0.048,0.058,2.236,C
0.719,0.973,0.991,0.899,0.712,0.129,0.159,0.132,0.053,0.038,0.719,0.973,0.991,0.899,0.712,0.129,0.159,0.132,0.053,0.038,1,C
0.719,0.973,0.991,0.899,0.712,0.129,0.159,0.132,0.053,0.038,0.719,0.973,0.991,0.899,0.712,0.129,0.159,0.132,0.053,0.038,1,C
0.733,0.985,0.917,0.651,0.628,0.531,0.556,0.424,0.133,0.089,0.733,0.985,0.917,0.651,0.628,0.531,0.556,0.424,0.133,0.089,3.162,C
0.733,0.985,0.917,0.651,0.628,0.531,0.556,0.424,0.133,0.089,0.733,0.985,0.917,0.651,0.628,0.531,0.556,0.424,0.133,0.089,3.162,C
0.731,1.012,0.982,0.851,0.795,0.233,0.224,0.182,0.051,0.017,0.731,1.012,0.982,0.851,0.795,0.233,0.224,0.182,0.051,0.017,3,C
0.731,1.012,0.982,0.851,0.795,0.233,0.224,0.182,0.051,0.017,0.731,1.012,0.982,0.851,0.795,0.233,0.224,0.182,0.051,0.017,3,C
0.671,0.962,0.968,0.86,0.838,0.234,0.273,0.194,0.083,0.047,0.671,0.962,0.968,0.86,0.838,0.234,0.273,0.194,0.083,0.047,5.099,C
0.713,0.973,0.974,0.826,0.739,0.275,0.302,0.242,0.066,0.037,0.713,0.973,0.974,0.826,0.739,0.275,0.302,0.242,0.066,0.037,0,C
0.713,0.973,0.974,0.826,0.739,0.275,0.302,0.242,0.066,0.037,0.713,0.973,0.974,0.826,0.739,0.275,0.302,0.242,0.066,0.037,0,C
0.778,1.03,0.86,0.51,0.339,1.793,1.707,1.287,0.426,0.088,0.778,1.03,0.86,0.51,0.339,1.793,1.707,1.287,0.426,0.088,10,C
0.691,0.961,0.98,0.836,0.744,0.224,0.281,0.219,0.082,0.058,0.691,0.961,0.98,0.836,0.744,0.224,0.281,0.219,0.082,0.058,1,C
0.691,0.961,0.98,0.836,0.744,0.224,0.281,0.219,0.082,0.058,0.691,0.961,0.98,0.836,0.744,0.224,0.281,0.219,0.082,0.058,1,C
0.735,0.988,0.963,0.83,0.806,0.27,0.276,0.209,0.069,0.017,0.735,0.988,0.963,0.83,0.806,0.27,0.276,0.209,0.069,0.017,2.236,C
0.707,0.956,0.977,0.888,0.73,0.113,0.168,0.131,0.038,0.06,0.707,0.956,0.977,0.888,0.73,0.113,0.168,0.131,0.038,0.06,1,C
0.707,0.956,0.977,0.888,0.73,0.113,0.168,0.131,0.038,0.06,0.707,0.956,0.977,0.888,0.73,0.113,0.168,0.131,0.038,0.06,1,C
0.759,1.03,0.933,0.653,0.545,0.7,0.645,0.526,0.124,0.055,0.759,1.03,0.933,0.653,0.545,0.7,0.645,0.526,0.124,0.055,5,C
0.703,0.948,0.963,0.825,0.725,0.264,0.313,0.225,0.097,0.072,0.703,0.948,0.963,0.825,0.725,0.264,0.313,0.225,0.097,0.072,1,C
1.601,2.136,0.865,0.793,0.836,1.647,0.249,0.085,0.164,1.433,1.601,2.136,0.865,0.793,0.836,1.647,0.249,0.085,0.164,1.433,27.803,D
1.586,2.132,0.849,0.777,0.843,1.645,0.271,0.085,0.189,1.432,1.586,2.132,0.849,0.777,0.843,1.645,0.271,0.085,0.189,1.432,26.627,D
1.667,2.115,0.838,0.779,0.907,1.525,0.243,0.073,0.181,1.306,1.667,2.115,0.838,0.779,0.907,1.525,0.243,0.073,0.181,1.306,27.659,D
1.377,1.842,0.868,0.919,0.503,1.929,0.213,0.112,0.276,1.864,1.377,1.842,0.868,0.919,0.503,1.929,0.213,0.112,0.276,1.864,27.459,D
1.57,2.078,0.837,0.738,0.852,1.619,0.308,0.118,0.192,1.341,1.57,2.078,0.837,0.738,0.852,1.619,0.308,0.118,0.192,1.341,28.844,D
1.504,1.969,0.809,0.669,0.858,1.543,0.386,0.164,0.225,1.19,1.504,1.969,0.809,0.669,0.858,1.543,0.386,0.164,0.225,1.19,28.601,D
1.62,2.124,0.865,0.757,0.881,1.599,0.276,0.128,0.156,1.342,1.62,2.124,0.865,0.757,0.881,1.599,0.276,0.128,0.156,1.342,27.803,D
1.648,2.153,0.862,0.827,0.827,1.684,0.211,0.062,0.168,1.488,1.648,2.153,0.862,0.827,0.827,1.684,0.211,0.062,0.168,1.488,27.019,D
1.525,1.986,0.868,0.735,0.817,1.565,0.324,0.162,0.162,1.269,1.525,1.986,0.868,0.735,0.817,1.565,0.324,0.162,0.162,1.269,27.659,D
1.646,2.142,0.834,0.732,0.939,1.527,0.285,0.109,0.178,1.26,1.646,2.142,0.834,0.732,0.939,1.527,0.285,0.109,0.178,1.26,28.601,D
1.538,2.058,0.84,0.715,0.836,1.656,0.342,0.153,0.191,1.338,1.538,2.058,0.84,0.715,0.836,1.656,0.342,0.153,0.191,1.338,27.459,D
1.645,2.1,0.828,0.696,0.992,1.427,0.309,0.138,0.173,1.142,1.645,2.1,0.828,0.696,0.992,1.427,0.309,0.138,0.173,1.142,29.206,D
1.604,2.099,0.836,0.751,0.861,1.633,0.293,0.111,0.191,1.355,1.604,2.099,0.836,0.751,0.861,1.633,0.293,0.111,0.191,1.355,27.803,D
1.549,2.055,0.818,0.778,0.777,1.731,0.293,0.09,0.235,1.452,1.549,2.055,0.818,0.778,0.777,1.731,0.293,0.09,0.235,1.452,28.018,D
1.532,2.027,0.835,0.719,0.844,1.582,0.333,0.138,0.195,1.269,1.532,2.027,0.835,0.719,0.844,1.582,0.333,0.138,0.195,1.269,28.601,D
1.612,2.101,0.842,0.734,0.888,1.595,0.3,0.128,0.181,1.323,1.612,2.101,0.842,0.734,0.888,1.595,0.3,0.128,0.181,1.323,27.803,D
1.559,2.035,0.869,0.764,0.813,1.624,0.291,0.135,0.164,1.36,1.559,2.035,0.869,0.764,0.813,1.624,0.291,0.135,0.164,1.36,29.206,D
1.559,2.01,0.82,0.715,0.857,1.559,0.333,0.128,0.211,1.251,1.559,2.01,0.82,0.715,0.857,1.559,0.333,0.128,0.211,1.251,28.601,D
1.645,2.157,0.823,0.698,0.975,1.521,0.31,0.128,0.181,1.229,1.645,2.157,0.823,0.698,0.975,1.521,0.31,0.128,0.181,1.229,27.019,D
1.581,2.068,0.824,0.732,0.868,1.579,0.312,0.106,0.207,1.326,1.581,2.068,0.824,0.732,0.868,1.579,0.312,0.106,0.207,1.326,27.803,D
1.548,1.977,0.834,0.765,0.806,1.549,0.299,0.085,0.216,1.325,1.548,1.977,0.834,0.765,0.806,1.549,0.299,0.085,0.216,1.325,30,D
1.357,1.776,0.885,0.831,0.56,1.751,0.312,0.103,0.209,1.521,1.357,1.776,0.885,0.831,0.56,1.751,0.312,0.103,0.209,1.521,30.529,D
1.64,2.111,0.835,0.726,0.933,1.519,0.294,0.122,0.177,1.24,1.64,2.111,0.835,0.726,0.933,1.519,0.294,0.122,0.177,1.24,30.232,D
1.592,2.083,0.824,0.745,0.874,1.563,0.292,0.092,0.207,1.306,1.592,2.083,0.824,0.745,0.874,1.563,0.292,0.092,0.207,1.306,28.601,D
1.559,1.979,0.845,0.73,0.854,1.504,0.316,0.135,0.182,1.223,1.559,1.979,0.845,0.73,0.854,1.504,0.316,0.135,0.182,1.223,28.425,D
1.675,2.157,0.875,0.742,0.953,1.519,0.272,0.142,0.131,1.258,1.675,2.157,0.875,0.742,0.953,1.519,0.272,0.142,0.131,1.258,29.206,D
1.672,2.14,0.837,0.762,0.944,1.488,0.255,0.079,0.177,1.273,1.672,2.14,0.837,0.762,0.944,1.488,0.255,0.079,0.177,1.273,29.206,D
1.532,1.988,0.851,0.796,0.753,1.656,0.271,0.081,0.202,1.423,1.532,1.988,0.851,0.796,0.753,1.656,0.271,0.081,0.202,1.423,28.601,D
1.645,2.056,0.828,0.699,0.969,1.433,0.312,0.136,0.177,1.134,1.645,2.056,0.828,0.699,0.969,1.433,0.312,0.136,0.177,1.134,29.833,D
1.456,1.911,0.837,0.727,0.739,1.668,0.37,0.149,0.224,1.36,1.456,1.911,0.837,0.727,0.739,1.668,0.37,0.149,0.224,1.36,28.018,D
1.584,2.031,0.839,0.719,0.89,1.505,0.316,0.135,0.182,1.221,1.584,2.031,0.839,0.719,0.89,1.505,0.316,0.135,0.182,1.221,29.411,D
1.597,2.009,0.861,0.775,0.84,1.524,0.271,0.111,0.166,1.266,1.597,2.009,0.861,0.775,0.84,1.524,0.271,0.111,0.166,1.266,27.203,D
1.671,2.163,0.853,0.707,0.998,1.475,0.294,0.147,0.147,1.201,1.671,2.163,0.853,0.707,0.998,1.475,0.294,0.147,0.147,1.201,28.018,D
1.627,2.085,0.812,0.681,0.963,1.498,0.331,0.139,0.196,1.197,1.627,2.085,0.812,0.681,0.963,1.498,0.331,0.139,0.196,1.197,26.249,D
1.559,2.03,0.809,0.68,0.91,1.506,0.36,0.145,0.216,1.214,1.559,2.03,0.809,0.68,0.91,1.506,0.36,0.145,0.216,1.214,28.425,D
1.597,2.028,0.833,0.736,0.898,1.468,0.295,0.109,0.186,1.19,1.597,2.028,0.833,0.736,0.898,1.468,0.295,0.109,0.186,1.19,28.425,D
1.581,2.058,0.812,0.709,0.881,1.588,0.334,0.125,0.213,1.27,1.581,2.058,0.812,0.709,0.881,1.588,0.334,0.125,0.213,1.27,28.425,D
1.596,2.067,0.839,0.811,0.797,1.647,0.237,0.039,0.202,1.435,1.596,2.067,0.839,0.811,0.797,1.647,0.237,0.039,0.202,1.435,28.601,D
1.567,2.024,0.813,0.694,0.907,1.489,0.345,0.131,0.219,1.209,1.567,2.024,0.813,0.694,0.907,1.489,0.345,0.131,0.219,1.209,27.803,D
1.588,2.08,0.848,0.726,0.886,1.563,0.31,0.138,0.172,1.269,1.588,2.08,0.848,0.726,0.886,1.563,0.31,0.138,0.172,1.269,26.627,D
1.615,2.083,0.845,0.716,0.92,1.521,0.308,0.142,0.172,1.242,1.615,2.083,0.845,0.716,0.92,1.521,0.308,0.142,0.172,1.242,28.601,D
1.636,2.107,0.832,0.716,0.946,1.503,0.302,0.124,0.178,1.244,1.636,2.107,0.832,0.716,0.946,1.503,0.302,0.124,0.178,1.244,27.659,D
1.574,1.995,0.826,0.854,0.752,1.58,0.206,0.042,0.237,1.447,1.574,1.995,0.826,0.854,0.752,1.58,0.206,0.042,0.237,1.447,27.203,D
1.63,2.093,0.837,0.707,0.947,1.486,0.309,0.139,0.173,1.194,1.63,2.093,0.837,0.707,0.947,1.486,0.309,0.139,0.173,1.194,29.411,D
1.458,1.874,0.839,0.717,0.781,1.508,0.372,0.16,0.212,1.215,1.458,1.874,0.839,0.717,0.781,1.508,0.372,0.16,0.212,1.215,27.803,D
1.618,2.065,0.837,0.724,0.92,1.486,0.302,0.124,0.178,1.225,1.618,2.065,0.837,0.724,0.92,1.486,0.302,0.124,0.178,1.225,29.206,D
1.53,1.987,0.855,0.76,0.806,1.549,0.3,0.118,0.186,1.284,1.53,1.987,0.855,0.76,0.806,1.549,0.3,0.118,0.186,1.284,28.601,D
1.551,1.959,0.827,0.702,0.891,1.433,0.341,0.145,0.196,1.149,1.551,1.959,0.827,0.702,0.891,1.433,0.341,0.145,0.196,1.149,27.803,D
1.49,1.949,0.852,0.792,0.721,1.664,0.296,0.088,0.208,1.447,1.49,1.949,0.852,0.792,0.721,1.664,0.296,0.088,0.208,1.447,28.018,D
1.557,1.986,0.843,0.727,0.865,1.486,0.316,0.135,0.182,1.204,1.557,1.986,0.843,0.727,0.865,1.486,0.316,0.135,0.182,1.204,25.612,D
1.498,1.91,0.881,0.789,0.728,1.617,0.291,0.128,0.171,1.389,1.498,1.91,0.881,0.789,0.728,1.617,0.291,0.128,0.171,1.389,27.659,D
0.796,0.899,1.09,1.434,0.791,0.76,0.617,0.528,0.114,0.143,0.796,0.899,1.09,1.434,0.791,0.76,0.617,0.528,0.114,0.143,22.204,E
0.893,1.593,0.837,0.682,0.405,2.283,0.791,0.381,0.416,1.602,0.893,1.593,0.837,0.682,0.405,2.283,0.791,0.381,0.416,1.602,30.232,E
0.893,1.593,0.837,0.682,0.405,2.283,0.791,0.381,0.416,1.602,0.893,1.593,0.837,0.682,0.405,2.283,0.791,0.381,0.416,1.602,30.232,E
0.893,1.593,0.837,0.682,0.405,2.283,0.791,0.381,0.416,1.602,0.893,1.593,0.837,0.682,0.405,2.283,0.791,0.381,0.416,1.602,30.232,E
0.893,1.593,0.837,0.682,0.405,2.283,0.791,0.381,0.416,1.602,0.893,1.593,0.837,0.682,0.405,2.283,0.791,0.381,0.416,1.602,30.232,E
0.893,1.593,0.837,0.682,0.405,2.283,0.791,0.381,0.416,1.602,0.893,1.593,0.837,0.682,0.405,2.283,0.791,0.381,0.416,1.602,30.232,E
0.667,1.225,1.2,1.28,0.768,0.085,0.371,0.105,0.267,0.294,0.667,1.225,1.2,1.28,0.768,0.085,0.371,0.105,0.267,0.294,29.833,E
0.801,0.897,1.078,1.296,0.619,0.77,0.562,0.442,0.132,0.208,0.801,0.897,1.078,1.296,0.619,0.77,0.562,0.442,0.132,0.208,22.361,E
0.845,0.898,1.218,1.539,0.805,0.865,0.677,0.406,0.273,0.231,0.845,0.898,1.218,1.539,0.805,0.865,0.677,0.406,0.273,0.231,24.413,E
0.692,0.985,1.182,1.254,0.691,0.405,0.368,0.114,0.265,0.116,0.692,0.985,1.182,1.254,0.691,0.405,0.368,0.114,0.265,0.116,22.804,E
0.883,0.886,1.188,1.577,0.813,0.966,0.74,0.49,0.25,0.254,0.883,0.886,1.188,1.577,0.813,0.966,0.74,0.49,0.25,0.254,23,E
0.8,1.078,1.087,1.276,0.589,0.407,0.559,0.365,0.196,0.153,0.8,1.078,1.087,1.276,0.589,0.407,0.559,0.365,0.196,0.153,20.616,E
0.842,1.151,1.004,1.292,0.591,0.325,0.629,0.605,0.029,0.309,0.842,1.151,1.004,1.292,0.591,0.325,0.629,0.605,0.029,0.309,20.025,E
0.753,0.968,1.167,1.433,0.785,0.645,0.559,0.346,0.214,0.144,0.753,0.968,1.167,1.433,0.785,0.645,0.559,0.346,0.214,0.144,22.136,E
0.953,0.924,1.167,1.638,0.801,0.966,0.843,0.661,0.208,0.126,0.953,0.924,1.167,1.638,0.801,0.966,0.843,0.661,0.208,0.126,18.682,E
0.953,0.924,1.167,1.638,0.801,0.966,0.843,0.661,0.208,0.126,0.953,0.924,1.167,1.638,0.801,0.966,0.843,0.661,0.208,0.126,18.682,E
0.695,1.287,1.005,1.005,0.485,0.584,0.106,0,0.106,0.615,0.695,1.287,1.005,1.005,0.485,0.584,0.106,0,0.106,0.615,20.396,E
0.725,1.046,1.119,1.322,0.738,0.474,0.5,0.324,0.178,0.072,0.725,1.046,1.119,1.322,0.738,0.474,0.5,0.324,0.178,0.072,24.187,E
0.785,1.185,1.016,1.237,0.604,0.236,0.492,0.42,0.089,0.32,0.785,1.185,1.016,1.237,0.604,0.236,0.492,0.42,0.089,0.32,25.962,E
0.735,1.02,1.112,1.229,0.639,0.395,0.389,0.215,0.18,0.071,0.735,1.02,1.112,1.229,0.639,0.395,0.389,0.215,0.18,0.071,20.1,E
0.775,1.009,1.225,1.401,0.717,0.61,0.572,0.247,0.326,0.129,0.775,1.009,1.225,1.401,0.717,0.61,0.572,0.247,0.326,0.129,22.023,E
0.681,1.041,1.169,1.306,0.746,0.401,0.431,0.187,0.246,0.069,0.681,1.041,1.169,1.306,0.746,0.401,0.431,0.187,0.246,0.069,25.08,E
0.844,0.925,1.16,1.494,0.765,0.847,0.697,0.492,0.214,0.161,0.844,0.925,1.16,1.494,0.765,0.847,0.697,0.492,0.214,0.161,21.095,E
0.844,0.925,1.16,1.494,0.765,0.847,0.697,0.492,0.214,0.161,0.844,0.925,1.16,1.494,0.765,0.847,0.697,0.492,0.214,0.161,21.095,E
0.844,0.925,1.16,1.494,0.765,0.847,0.697,0.492,0.214,0.161,0.844,0.925,1.16,1.494,0.765,0.847,0.697,0.492,0.214,0.161,21.095,E
0.769,0.945,1.161,1.383,0.745,0.647,0.548,0.333,0.221,0.105,0.769,0.945,1.161,1.383,0.745,0.647,0.548,0.333,0.221,0.105,20.025,E
0.75,1.025,1.058,1.22,0.562,0.354,0.408,0.327,0.109,0.061,0.75,1.025,1.058,1.22,0.562,0.354,0.408,0.327,0.109,0.061,18,E
0.711,1.043,1.064,1.123,0.558,0.25,0.279,0.146,0.136,0.081,0.711,1.043,1.064,1.123,0.558,0.25,0.279,0.146,0.136,0.081,19.647,E
0.708,1.198,1.108,1.074,0.557,0.228,0.161,0.062,0.216,0.36,0.708,1.198,1.108,1.074,0.557,0.228,0.161,0.062,0.216,0.36,20.224,E
0.679,0.928,1.157,1.264,0.687,0.54,0.4,0.175,0.231,0.151,0.679,0.928,1.157,1.264,0.687,0.54,0.4,0.175,0.231,0.151,22.091,E
0.679,0.928,1.157,1.264,0.687,0.54,0.4,0.175,0.231,0.151,0.679,0.928,1.157,1.264,0.687,0.54,0.4,0.175,0.231,0.151,22.091,E
0.679,0.928,1.157,1.264,0.687,0.54,0.4,0.175,0.231,0.151,0.679,0.928,1.157,1.264,0.687,0.54,0.4,0.175,0.231,0.151,22.091,E
0.748,1.367,1.036,1.129,0.588,0.405,0.26,0.171,0.095,0.646,0.748,1.367,1.036,1.129,0.588,0.405,0.26,0.171,0.095,0.646,20.396,E
0.709,1.217,1.133,1.186,0.614,0.055,0.313,0.087,0.233,0.358,0.709,1.217,1.133,1.186,0.614,0.055,0.313,0.087,0.233,0.358,25.71,E
0.746,1.128,1.156,1.228,0.623,0.21,0.375,0.116,0.26,0.21,0.746,1.128,1.156,1.228,0.623,0.21,0.375,0.116,0.26,0.21,19.416,E
0.704,0.918,1.123,1.267,0.671,0.624,0.468,0.264,0.207,0.156,0.704,0.918,1.123,1.267,0.671,0.624,0.468,0.264,0.207,0.156,22,E
0.718,1.156,1.128,1.172,0.607,0.074,0.283,0.079,0.212,0.263,0.718,1.156,1.128,1.172,0.607,0.074,0.283,0.079,0.212,0.263,25.632,E
0.809,1.197,1.174,1.376,0.718,0.292,0.548,0.328,0.243,0.276,0.809,1.197,1.174,1.376,0.718,0.292,0.548,0.328,0.243,0.276,24.187,E
0.694,1.078,1.118,1.173,0.629,0.232,0.314,0.088,0.231,0.125,0.694,1.078,1.118,1.173,0.629,0.232,0.314,0.088,0.231,0.125,21.587,E
0.741,1.278,0.819,0.719,0.204,2.788,1.381,0.492,0.904,1.439,0.741,1.278,0.819,0.719,0.204,2.788,1.381,0.492,0.904,1.439,25.08,E
0.728,0.921,1.151,1.26,0.638,0.635,0.438,0.194,0.248,0.212,0.728,0.921,1.151,1.26,0.638,0.635,0.438,0.194,0.248,0.212,21.024,E
0.728,0.921,1.151,1.26,0.638,0.635,0.438,0.194,0.248,0.212,0.728,0.921,1.151,1.26,0.638,0.635,0.438,0.194,0.248,0.212,21.024,E
0.907,1.76,1.084,1.415,0.706,0.496,0.622,0.49,0.133,1.116,0.907,1.76,1.084,1.415,0.706,0.496,0.622,0.49,0.133,1.116,24.331,E
0.687,1.049,1.132,1.221,0.583,0.297,0.38,0.155,0.227,0.084,0.687,1.049,1.132,1.221,0.583,0.297,0.38,0.155,0.227,0.084,22,E
0.802,1.235,0.969,0.939,0.241,1.235,0.392,0.285,0.135,1.095,0.802,1.235,0.969,0.939,0.241,1.235,0.392,0.285,0.135,1.095,19.416,E
0.902,0.984,1.153,1.563,0.787,0.862,0.777,0.569,0.21,0.122,0.902,0.984,1.153,1.563,0.787,0.862,0.777,0.569,0.21,0.122,24.083,E
0.902,0.984,1.153,1.563,0.787,0.862,0.777,0.569,0.21,0.122,0.902,0.984,1.153,1.563,0.787,0.862,0.777,0.569,0.21,0.122,24.083,E
0.74,1.165,1.082,1.174,0.609,0.149,0.315,0.156,0.161,0.272,0.74,1.165,1.082,1.174,0.609,0.149,0.315,0.156,0.161,0.272,22.091,E
0.813,1.495,0.831,0.691,0.18,4.618,1.717,0.776,0.945,3.127,0.813,1.495,0.831,0.691,0.18,4.618,1.717,0.776,0.945,3.127,22,E
0.813,1.495,0.831,0.691,0.18,4.618,1.717,0.776,0.945,3.127,0.813,1.495,0.831,0.691,0.18,4.618,1.717,0.776,0.945,3.127,22,E
0.71,1.048,1.093,1.274,0.659,0.37,0.429,0.296,0.141,0.079,0.71,1.048,1.093,1.274,0.659,0.37,0.429,0.296,0.141,0.079,25.495,E
0.388,1.072,0.227,0.126,0.264,3.599,3.325,0.42,3.064,0.273,0.388,1.072,0.227,0.126,0.264,3.599,3.325,0.42,3.064,0.273,29.614,F
0.388,1.072,0.227,0.126,0.264,3.599,3.325,0.42,3.064,0.273,0.388,1.072,0.227,0.126,0.264,3.599,3.325,0.42,3.064,0.273,29.614,F
0.388,1.072,0.227,0.126,0.264,3.599,3.325,0.42,3.064,0.273,0.388,1.072,0.227,0.126,0.264,3.599,3.325,0.42,3.064,0.273,29.614,F
0.545,1.525,0.374,0.28,0.265,4.768,2.796,0.396,2.598,1.985,0.545,1.525,0.374,0.28,0.265,4.768,2.796,0.396,2.598,1.985,26.683,F
0.545,1.525,0.374,0.28,0.265,4.768,2.796,0.396,2.598,1.985,0.545,1.525,0.374,0.28,0.265,4.768,2.796,0.396,2.598,1.985,26.683,F
0.579,1.433,0.38,0.328,0.252,4.597,2.783,0.228,2.663,1.88,0.579,1.433,0.38,0.328,0.252,4.597,2.783,0.228,2.663,1.88,33.377,F
0.579,1.433,0.38,0.328,0.252,4.597,2.783,0.228,2.663,1.88,0.579,1.433,0.38,0.328,0.252,4.597,2.783,0.228,2.663,1.88,33.377,F
0.579,1.433,0.38,0.328,0.252,4.597,2.783,0.228,2.663,1.88,0.579,1.433,0.38,0.328,0.252,4.597,2.783,0.228,2.663,1.88,33.377,F
0.579,1.433,0.38,0.328,0.252,4.597,2.783,0.228,2.663,1.88,0.579,1.433,0.38,0.328,0.252,4.597,2.783,0.228,2.663,1.88,33.377,F
0.579,1.433,0.38,0.328,0.252,4.597,2.783,0.228,2.663,1.88,0.579,1.433,0.38,0.328,0.252,4.597,2.783,0.228,2.663,1.88,33.377,F
0.579,1.433,0.38,0.328,0.252,4.597,2.783,0.228,2.663,1.88,0.579,1.433,0.38,0.328,0.252,4.597,2.783,0.228,2.663,1.88,33.377,F
0.398,1.001,0.288,0.204,0.194,4.182,4.19,0.447,3.879,0.172,0.398,1.001,0.288,0.204,0.194,4.182,4.19,0.447,3.879,0.172,33.377,F
0.398,1.001,0.288,0.204,0.194,4.182,4.19,0.447,3.879,0.172,0.398,1.001,0.288,0.204,0.194,4.182,4.19,0.447,3.879,0.172,33.377,F
0.398,1.001,0.288,0.204,0.194,4.182,4.19,0.447,3.879,0.172,0.398,1.001,0.288,0.204,0.194,4.182,4.19,0.447,3.879,0.172,33.377,F
0.398,1.001,0.288,0.204,0.194,4.182,4.19,0.447,3.879,0.172,0.398,1.001,0.288,0.204,0.194,4.182,4.19,0.447,3.879,0.172,33.377,F
0.398,1.001,0.288,0.204,0.194,4.182,4.19,0.447,3.879,0.172,0.398,1.001,0.288,0.204,0.194,4.182,4.19,0.447,3.879,0.172,33.377,F
0.398,1.001,0.288,0.204,0.194,4.182,4.19,0.447,3.879,0.172,0.398,1.001,0.288,0.204,0.194,4.182,4.19,0.447,3.879,0.172,33.377,F
0.398,1.001,0.288,0.204,0.194,4.182,4.19,0.447,3.879,0.172,0.398,1.001,0.288,0.204,0.194,4.182,4.19,0.447,3.879,0.172,33.377,F
0.419,1.096,0.294,0.197,0.223,4.095,3.65,0.439,3.28,0.487,0.419,1.096,0.294,0.197,0.223,4.095,3.65,0.439,3.28,0.487,36.346,F
0.419,1.096,0.294,0.197,0.223,4.095,3.65,0.439,3.28,0.487,0.419,1.096,0.294,0.197,0.223,4.095,3.65,0.439,3.28,0.487,36.346,F
0.419,1.096,0.294,0.197,0.223,4.095,3.65,0.439,3.28,0.487,0.419,1.096,0.294,0.197,0.223,4.095,3.65,0.439,3.28,0.487,36.346,F
0.419,1.096,0.294,0.197,0.223,4.095,3.65,0.439,3.28,0.487,0.419,1.096,0.294,0.197,0.223,4.095,3.65,0.439,3.28,0.487,36.346,F
0.419,1.096,0.294,0.197,0.223,4.095,3.65,0.439,3.28,0.487,0.419,1.096,0.294,0.197,0.223,4.095,3.65,0.439,3.28,0.487,36.346,F
0.419,1.096,0.294,0.197,0.223,4.095,3.65,0.439,3.28,0.487,0.419,1.096,0.294,0.197,0.223,4.095,3.65,0.439,3.28,0.487,36.346,F
0.419,1.096,0.294,0.197,0.223,4.095,3.65,0.439,3.28,0.487,0.419,1.096,0.294,0.197,0.223,4.095,3.65,0.439,3.28,0.487,36.346,F
0.419,1.096,0.294,0.197,0.223,4.095,3.65,0.439,3.28,0.487,0.419,1.096,0.294,0.197,0.223,4.095,3.65,0.439,3.28,0.487,36.346,F
0.489,1.259,0.357,0.205,0.284,3.795,2.864,0.535,2.394,0.949,0.489,1.259,0.357,0.205,0.284,3.795,2.864,0.535,2.394,0.949,32.016,F
0.489,1.259,0.357,0.205,0.284,3.795,2.864,0.535,2.394,0.949,0.489,1.259,0.357,0.205,0.284,3.795,2.864,0.535,2.394,0.949,32.016,F
0.489,1.259,0.357,0.205,0.284,3.795,2.864,0.535,2.394,0.949,0.489,1.259,0.357,0.205,0.284,3.795,2.864,0.535,2.394,0.949,32.016,F
0.489,1.259,0.357,0.205,0.284,3.795,2.864,0.535,2.394,0.949,0.489,1.259,0.357,0.205,0.284,3.795,2.864,0.535,2.394,0.949,32.016,F
0.574,1.475,0.482,0.308,0.267,4.538,2.75,0.706,2.053,1.789,0.574,1.475,0.482,0.308,0.267,4.538,2.75,0.706,2.053,1.789,35.171,F
0.574,1.475,0.482,0.308,0.267,4.538,2.75,0.706,2.053,1.789,0.574,1.475,0.482,0.308,0.267,4.538,2.75,0.706,2.053,1.789,35.171,F
0.574,1.475,0.482,0.308,0.267,4.538,2.75,0.706,2.053,1.789,0.574,1.475,0.482,0.308,0.267,4.538,2.75,0.706,2.053,1.789,35.171,F
0.574,1.475,0.482,0.308,0.267,4.538,2.75,0.706,2.053,1.789,0.574,1.475,0.482,0.308,0.267,4.538,2.75,0.706,2.053,1.789,35.171,F
0.453,1.105,0.289,0.243,0.216,4.22,3.847,0.298,3.549,0.796,0.453,1.105,0.289,0.243,0.216,4.22,3.847,0.298,3.549,0.796,32.985,F
0.425,1.069,0.413,0.239,0.185,4.674,4.26,0.954,3.364,0.512,0.425,1.069,0.413,0.239,0.185,4.674,4.26,0.954,3.364,0.512,34.54,F
0.379,1.026,0.471,0.213,0.17,4.978,5.009,1.62,3.524,1.285,0.379,1.026,0.471,0.213,0.17,4.978,5.009,1.62,3.524,1.285,30.017,F
0.379,1.026,0.471,0.213,0.17,4.978,5.009,1.62,3.524,1.285,0.379,1.026,0.471,0.213,0.17,4.978,5.009,1.62,3.524,1.285,30.017,F
0.379,1.026,0.471,0.213,0.17,4.978,5.009,1.62,3.524,1.285,0.379,1.026,0.471,0.213,0.17,4.978,5.009,1.62,3.524,1.285,30.017,F
0.379,1.026,0.471,0.213,0.17,4.978,5.009,1.62,3.524,1.285,0.379,1.026,0.471,0.213,0.17,4.978,5.009,1.62,3.524,1.285,30.017,F
0.379,1.026,0.471,0.213,0.17,4.978,5.009,1.62,3.524,1.285,0.379,1.026,0.471,0.213,0.17,4.978,5.009,1.62,3.524,1.285,30.017,F
0.444,1.304,0.403,0.226,0.22,5.067,3.632,0.874,2.758,1.489,0.444,1.304,0.403,0.226,0.22,5.067,3.632,0.874,2.758,1.489,34.176,F
0.444,1.304,0.403,0.226,0.22,5.067,3.632,0.874,2.758,1.489,0.444,1.304,0.403,0.226,0.22,5.067,3.632,0.874,2.758,1.489,34.176,F
0.444,1.304,0.403,0.226,0.22,5.067,3.632,0.874,2.758,1.489,0.444,1.304,0.403,0.226,0.22,5.067,3.632,0.874,2.758,1.489,34.176,F
0.423,1.293,0.317,0.153,0.27,4.246,3.155,0.608,2.559,1.1,0.423,1.293,0.317,0.153,0.27,4.246,3.155,0.608,2.559,1.1,30.083,F
0.423,1.293,0.317,0.153,0.27,4.246,3.155,0.608,2.559,1.1,0.423,1.293,0.317,0.153,0.27,4.246,3.155,0.608,2.559,1.1,30.083,F
0.423,1.293,0.317,0.153,0.27,4.246,3.155,0.608,2.559,1.1,0.423,1.293,0.317,0.153,0.27,4.246,3.155,0.608,2.559,1.1,30.083,F
0.423,1.293,0.317,0.153,0.27,4.246,3.155,0.608,2.559,1.1,0.423,1.293,0.317,0.153,0.27,4.246,3.155,0.608,2.559,1.1,30.083,F
0.498,1.43,0.292,0.251,0.248,4.826,3.083,0.181,2.973,1.744,0.498,1.43,0.292,0.251,0.248,4.826,3.083,0.181,2.973,1.744,29.732,F
0.498,1.43,0.292,0.251,0.248,4.826,3.083,0.181,2.973,1.744,0.498,1.43,0.292,0.251,0.248,4.826,3.083,0.181,2.973,1.744,29.732,F
0.522,1.27,0.452,0.288,0.241,4.31,3.171,0.776,2.398,1.14,0.522,1.27,0.452,0.288,0.241,4.31,3.171,0.776,2.398,1.14,32.985,F
0.972,1.095,0.925,0.942,0.505,1.311,0.888,0.417,0.473,0.423,0.972,1.095,0.925,0.942,0.505,1.311,0.888,0.417,0.473,0.423,55.154,G
0.979,1.081,0.924,0.91,0.485,1.305,0.852,0.381,0.471,0.457,0.979,1.081,0.924,0.91,0.485,1.305,0.852,0.381,0.471,0.457,49.244,G
1.014,1.095,0.932,0.948,0.493,1.311,0.832,0.388,0.447,0.479,1.014,1.095,0.932,0.948,0.493,1.311,0.832,0.388,0.447,0.479,51.478,G
0.985,1.098,0.92,0.928,0.524,1.22,0.813,0.361,0.455,0.407,0.985,1.098,0.92,0.928,0.524,1.22,0.813,0.361,0.455,0.407,51.078,G
1.021,1.099,0.93,0.925,0.537,1.247,0.809,0.362,0.447,0.439,1.021,1.099,0.93,0.925,0.537,1.247,0.809,0.362,0.447,0.439,50.567,G
1.187,1.129,0.938,0.93,0.762,0.929,0.625,0.27,0.356,0.305,1.187,1.129,0.938,0.93,0.762,0.929,0.625,0.27,0.356,0.305,46.615,G
1.03,1.085,0.936,0.929,0.471,1.308,0.862,0.362,0.5,0.447,1.03,1.085,0.936,0.929,0.471,1.308,0.862,0.362,0.5,0.447,55.946,G
1.016,1.102,0.928,0.945,0.523,1.298,0.838,0.372,0.469,0.46,1.016,1.102,0.928,0.945,0.523,1.298,0.838,0.372,0.469,0.46,54.562,G
1.031,1.125,0.918,0.931,0.513,1.35,0.908,0.385,0.526,0.444,1.031,1.125,0.918,0.931,0.513,1.35,0.908,0.385,0.526,0.444,53.712,G
0.973,1.115,0.937,0.908,0.493,1.342,0.853,0.326,0.53,0.488,0.973,1.115,0.937,0.908,0.493,1.342,0.853,0.326,0.53,0.488,50.922,G
1.013,1.076,0.943,0.929,0.478,1.303,0.874,0.395,0.479,0.43,1.013,1.076,0.943,0.929,0.478,1.303,0.874,0.395,0.479,0.43,50.695,G
1.026,1.098,0.938,0.92,0.516,1.208,0.806,0.403,0.403,0.403,1.026,1.098,0.938,0.92,0.516,1.208,0.806,0.403,0.403,0.403,51.894,G
1.035,1.096,0.931,0.926,0.51,1.285,0.833,0.373,0.461,0.452,1.035,1.096,0.931,0.926,0.51,1.285,0.833,0.373,0.461,0.452,54.12,G
0.963,1.092,0.936,0.948,0.517,1.223,0.776,0.322,0.456,0.447,0.963,1.092,0.936,0.948,0.517,1.223,0.776,0.322,0.456,0.447,50.695,G
1.069,1.104,0.953,0.935,0.606,1.073,0.725,0.348,0.377,0.348,1.069,1.104,0.953,0.935,0.606,1.073,0.725,0.348,0.377,0.348,46.957,G
1,1.091,0.93,0.925,0.533,1.217,0.814,0.364,0.45,0.403,1,1.091,0.93,0.925,0.533,1.217,0.814,0.364,0.45,0.403,54.129,G
1.064,1.098,0.933,0.934,0.638,1.073,0.696,0.311,0.385,0.378,1.064,1.098,0.933,0.934,0.638,1.073,0.696,0.311,0.385,0.378,47.424,G
1.016,1.079,0.951,0.966,0.509,1.292,0.836,0.374,0.462,0.457,1.016,1.079,0.951,0.966,0.509,1.292,0.836,0.374,0.462,0.457,52.802,G
1.033,1.115,0.95,0.965,0.584,1.126,0.744,0.333,0.412,0.384,1.033,1.115,0.95,0.965,0.584,1.126,0.744,0.333,0.412,0.384,46.519,G
1.055,1.139,0.93,0.947,0.596,1.136,0.733,0.305,0.431,0.407,1.055,1.139,0.93,0.947,0.596,1.136,0.733,0.305,0.431,0.407,46.065,G
0.954,1.122,0.95,0.965,0.516,1.316,0.843,0.377,0.466,0.475,0.954,1.122,0.95,0.965,0.516,1.316,0.843,0.377,0.466,0.475,49.396,G
1.014,1.075,0.935,0.928,0.497,1.3,0.835,0.35,0.484,0.469,1.014,1.075,0.935,0.928,0.497,1.3,0.835,0.35,0.484,0.469,55.714,G
1.012,1.08,0.926,0.932,0.46,1.36,0.868,0.405,0.467,0.494,1.012,1.08,0.926,0.932,0.46,1.36,0.868,0.405,0.467,0.494,52.773,G
1.016,1.104,0.923,0.965,0.621,1.123,0.747,0.332,0.421,0.377,1.016,1.104,0.923,0.965,0.621,1.123,0.747,0.332,0.421,0.377,47.854,G
1.012,1.112,0.948,0.969,0.523,1.37,0.866,0.408,0.459,0.504,1.012,1.112,0.948,0.969,0.523,1.37,0.866,0.408,0.459,0.504,53.712,G
0.965,1.129,0.936,0.924,0.557,1.231,0.815,0.368,0.447,0.417,0.965,1.129,0.936,0.924,0.557,1.231,0.815,0.368,0.447,0.417,48.104,G
0.994,1.105,0.916,0.925,0.505,1.319,0.879,0.39,0.492,0.44,0.994,1.105,0.916,0.925,0.505,1.319,0.879,0.39,0.492,0.44,53.31,G
1.015,1.096,0.936,0.945,0.516,1.348,0.872,0.39,0.482,0.476,1.015,1.096,0.936,0.945,0.516,1.348,0.872,0.39,0.482,0.476,53.712,G
1.05,1.105,0.948,0.951,0.603,1.186,0.779,0.371,0.407,0.407,1.05,1.105,0.948,0.951,0.603,1.186,0.779,0.371,0.407,0.407,52.773,G
1.052,1.109,0.943,0.956,0.638,1.077,0.694,0.311,0.383,0.383,1.052,1.109,0.943,0.956,0.638,1.077,0.694,0.311,0.383,0.383,49.649,G
1.017,1.139,0.948,0.944,0.534,1.276,0.838,0.379,0.46,0.443,1.017,1.139,0.948,0.944,0.534,1.276,0.838,0.379,0.46,0.443,50.16,G
1.033,1.07,0.935,0.974,0.493,1.285,0.831,0.411,0.429,0.454,1.033,1.07,0.935,0.974,0.493,1.285,0.831,0.411,0.429,0.454,51.884,G
0.972,1.102,0.95,0.951,0.602,1.162,0.763,0.364,0.399,0.399,0.972,1.102,0.95,0.951,0.602,1.162,0.763,0.364,0.399,0.399,47.17,G
1.012,1.115,0.928,0.945,0.502,1.32,0.874,0.388,0.488,0.447,1.012,1.115,0.928,0.945,0.502,1.32,0.874,0.388,0.488,0.447,53.852,G
1.065,1.079,0.941,0.928,0.537,1.183,0.793,0.359,0.435,0.391,1.065,1.079,0.941,0.928,0.537,1.183,0.793,0.359,0.435,0.391,50.12,G
1.017,1.101,0.943,0.956,0.592,1.123,0.747,0.334,0.413,0.377,1.017,1.101,0.943,0.956,0.592,1.123,0.747,0.334,0.413,0.377,49.193,G
0.966,1.091,0.951,0.945,0.465,1.385,0.923,0.417,0.506,0.462,0.966,1.091,0.951,0.945,0.465,1.385,0.923,0.417,0.506,0.462,54.626,G
1.019,1.086,0.953,0.966,0.509,1.208,0.803,0.36,0.444,0.405,1.019,1.086,0.953,0.966,0.509,1.208,0.803,0.36,0.444,0.405,50.09,G
1.061,1.08,0.927,0.917,0.645,1.006,0.657,0.294,0.363,0.352,1.061,1.08,0.927,0.917,0.645,1.006,0.657,0.294,0.363,0.352,41.677,G
0.938,1.092,0.936,0.955,0.517,1.263,0.816,0.362,0.456,0.447,0.938,1.092,0.936,0.955,0.517,1.263,0.816,0.362,0.456,0.447,47.17,G
1.075,1.094,0.928,0.951,0.615,1.103,0.747,0.351,0.398,0.356,1.075,1.094,0.928,0.951,0.615,1.103,0.747,0.351,0.398,0.356,50.537,G
0.991,1.102,0.95,0.939,0.477,1.378,0.874,0.371,0.504,0.504,0.991,1.102,0.95,0.939,0.477,1.378,0.874,0.371,0.504,0.504,53.141,G
1.01,1.108,0.956,0.975,0.49,1.319,0.872,0.39,0.482,0.45,1.01,1.108,0.956,0.975,0.49,1.319,0.872,0.39,0.482,0.45,55.946,G
1.005,1.079,0.951,0.966,0.611,1.077,0.697,0.312,0.385,0.381,1.005,1.079,0.951,0.966,0.611,1.077,0.697,0.312,0.385,0.381,44.385,G
0.962,1.098,0.945,0.956,0.535,1.217,0.809,0.362,0.447,0.408,0.962,1.098,0.945,0.956,0.535,1.217,0.809,0.362,0.447,0.408,49.396,G
0.97,1.069,0.952,0.946,0.476,1.317,0.883,0.399,0.484,0.435,0.97,1.069,0.952,0.946,0.476,1.317,0.883,0.399,0.484,0.435,50.329,G
1.04,1.082,0.94,0.926,0.523,1.241,0.832,0.376,0.456,0.41,1.04,1.082,0.94,0.926,0.523,1.241,0.832,0.376,0.456,0.41,53.31,G
1.039,1.098,0.939,0.925,0.577,1.116,0.756,0.326,0.43,0.361,1.039,1.098,0.939,0.925,0.577,1.116,0.756,0.326,0.43,0.361,47.413,G
1.057,1.059,0.928,0.943,0.593,1.096,0.726,0.342,0.387,0.374,1.057,1.059,0.928,0.943,0.593,1.096,0.726,0.342,0.387,0.374,44.294,G
1.047,1.111,0.94,0.944,0.585,1.158,0.745,0.333,0.412,0.412,1.047,1.111,0.94,0.944,0.585,1.158,0.745,0.333,0.412,0.412,50.537,G
0.973,1.094,0.94,0.952,0.512,1.266,0.883,0.418,0.465,0.384,0.973,1.094,0.94,0.952,0.512,1.266,0.883,0.418,0.465,0.384,50.16,G
0.582,0.819,0.994,0.9,1.009,0.353,0.22,0.148,0.085,0.252,0.582,0.819,0.994,0.9,1.009,0.353,0.22,0.148,0.085,0.252,58.215,H
0.582,0.819,0.994,0.9,1.009,0.353,0.22,0.148,0.085,0.252,0.582,0.819,0.994,0.9,1.009,0.353,0.22,0.148,0.085,0.252,58.215,H
0.582,0.819,0.994,0.9,1.009,0.353,0.22,0.148,0.085,0.252,0.582,0.819,0.994,0.9,1.009,0.353,0.22,0.148,0.085,0.252,58.215,H
0.999,0.746,1.062,1.006,1.937,0.322,0.163,0.099,0.08,0.204,0.999,0.746,1.062,1.006,1.937,0.322,0.163,0.099,0.08,0.204,56.294,H
0.999,0.746,1.062,1.006,1.937,0.322,0.163,0.099,0.08,0.204,0.999,0.746,1.062,1.006,1.937,0.322,0.163,0.099,0.08,0.204,56.294,H
0.999,0.746,1.062,1.006,1.937,0.322,0.163,0.099,0.08,0.204,0.999,0.746,1.062,1.006,1.937,0.322,0.163,0.099,0.08,0.204,56.294,H
0.999,0.746,1.062,1.006,1.937,0.322,0.163,0.099,0.08,0.204,0.999,0.746,1.062,1.006,1.937,0.322,0.163,0.099,0.08,0.204,56.294,H
0.999,0.746,1.062,1.006,1.937,0.322,0.163,0.099,0.08,0.204,0.999,0.746,1.062,1.006,1.937,0.322,0.163,0.099,0.08,0.204,56.294,H
0.999,0.746,1.062,1.006,1.937,0.322,0.163,0.099,0.08,0.204,0.999,0.746,1.062,1.006,1.937,0.322,0.163,0.099,0.08,0.204,56.294,H
0.999,0.746,1.062,1.006,1.937,0.322,0.163,0.099,0.08,0.204,0.999,0.746,1.062,1.006,1.937,0.322,0.163,0.099,0.08,0.204,56.294,H
0.999,0.746,1.062,1.006,1.937,0.322,0.163,0.099,0.08,0.204,0.999,0.746,1.062,1.006,1.937,0.322,0.163,0.099,0.08,0.204,56.294,H
0.999,0.746,1.062,1.006,1.937,0.322,0.163,0.099,0.08,0.204,0.999,0.746,1.062,1.006,1.937,0.322,0.163,0.099,0.08,0.204,56.294,H
0.999,0.746,1.062,1.006,1.937,0.322,0.163,0.099,0.08,0.204,0.999,0.746,1.062,1.006,1.937,0.322,0.163,0.099,0.08,0.204,56.294,H
0.72,1.005,0.871,0.573,0.667,0.832,0.759,0.545,0.214,0.152,0.72,1.005,0.871,0.573,0.667,0.832,0.759,0.545,0.214,0.152,1,H
0.733,1.003,0.84,0.621,0.565,0.878,0.802,0.505,0.301,0.155,0.733,1.003,0.84,0.621,0.565,0.878,0.802,0.505,0.301,0.155,2.236,H
0.733,1.003,0.84,0.621,0.565,0.878,0.802,0.505,0.301,0.155,0.733,1.003,0.84,0.621,0.565,0.878,0.802,0.505,0.301,0.155,2.236,H
0.695,0.999,0.844,0.531,0.643,0.917,0.855,0.606,0.252,0.158,0.695,0.999,0.844,0.531,0.643,0.917,0.855,0.606,0.252,0.158,3,H
0.734,0.993,0.888,0.629,0.557,0.832,0.764,0.532,0.234,0.183,0.734,0.993,0.888,0.629,0.557,0.832,0.764,0.532,0.234,0.183,0,H
0.734,0.993,0.888,0.629,0.557,0.832,0.764,0.532,0.234,0.183,0.734,0.993,0.888,0.629,0.557,0.832,0.764,0.532,0.234,0.183,0,H
0.734,0.993,0.888,0.629,0.557,0.832,0.764,0.532,0.234,0.183,0.734,0.993,0.888,0.629,0.557,0.832,0.764,0.532,0.234,0.183,0,H
0.734,0.993,0.888,0.629,0.557,0.832,0.764,0.532,0.234,0.183,0.734,0.993,0.888,0.629,0.557,0.832,0.764,0.532,0.234,0.183,0,H
0.734,0.993,0.888,0.629,0.557,0.832,0.764,0.532,0.234,0.183,0.734,0.993,0.888,0.629,0.557,0.832,0.764,0.532,0.234,0.183,0,H
0.734,0.993,0.888,0.629,0.557,0.832,0.764,0.532,0.234,0.183,0.734,0.993,0.888,0.629,0.557,0.832,0.764,0.532,0.234,0.183,0,H
0.734,0.993,0.888,0.629,0.557,0.832,0.764,0.532,0.234,0.183,0.734,0.993,0.888,0.629,0.557,0.832,0.764,0.532,0.234,0.183,0,H
0.734,0.993,0.888,0.629,0.557,0.832,0.764,0.532,0.234,0.183,0.734,0.993,0.888,0.629,0.557,0.832,0.764,0.532,0.234,0.183,0,H
0.734,0.993,0.888,0.629,0.557,0.832,0.764,0.532,0.234,0.183,0.734,0.993,0.888,0.629,0.557,0.832,0.764,0.532,0.234,0.183,0,H
0.734,0.993,0.888,0.629,0.557,0.832,0.764,0.532,0.234,0.183,0.734,0.993,0.888,0.629,0.557,0.832,0.764,0.532,0.234,0.183,0,H
0.734,0.993,0.888,0.629,0.557,0.832,0.764,0.532,0.234,0.183,0.734,0.993,0.888,0.629,0.557,0.832,0.764,0.532,0.234,0.183,0,H
0.734,0.993,0.888,0.629,0.557,0.832,0.764,0.532,0.234,0.183,0.734,0.993,0.888,0.629,0.557,0.832,0.764,0.532,0.234,0.183,0,H
0.734,0.993,0.888,0.629,0.557,0.832,0.764,0.532,0.234,0.183,0.734,0.993,0.888,0.629,0.557,0.832,0.764,0.532,0.234,0.183,0,H
0.734,0.993,0.888,0.629,0.557,0.832,0.764,0.532,0.234,0.183,0.734,0.993,0.888,0.629,0.557,0.832,0.764,0.532,0.234,0.183,0,H
0.734,0.993,0.888,0.629,0.557,0.832,0.764,0.532,0.234,0.183,0.734,0.993,0.888,0.629,0.557,0.832,0.764,0.532,0.234,0.183,0,H
0.915,0.996,0.87,0.65,0.325,1.405,1.154,0.737,0.417,0.631,0.915,0.996,0.87,0.65,0.325,1.405,1.154,0.737,0.417,0.631,102.303,H
0.587,0.881,1.003,0.941,0.482,0.561,0.481,0.332,0.165,0.272,0.587,0.881,1.003,0.941,0.482,0.561,0.481,0.332,0.165,0.272,87.235,H
0.587,0.881,1.003,0.941,0.482,0.561,0.481,0.332,0.165,0.272,0.587,0.881,1.003,0.941,0.482,0.561,0.481,0.332,0.165,0.272,87.235,H
0.587,0.881,1.003,0.941,0.482,0.561,0.481,0.332,0.165,0.272,0.587,0.881,1.003,0.941,0.482,0.561,0.481,0.332,0.165,0.272,87.235,H
0.587,0.881,1.003,0.941,0.482,0.561,0.481,0.332,0.165,0.272,0.587,0.881,1.003,0.941,0.482,0.561,0.481,0.332,0.165,0.272,87.235,H
0.587,0.881,1.003,0.941,0.482,0.561,0.481,0.332,0.165,0.272,0.587,0.881,1.003,0.941,0.482,0.561,0.481,0.332,0.165,0.272,87.235,H
0.587,0.881,1.003,0.941,0.482,0.561,0.481,0.332,0.165,0.272,0.587,0.881,1.003,0.941,0.482,0.561,0.481,0.332,0.165,0.272,87.235,H
0.587,0.881,1.003,0.941,0.482,0.561,0.481,0.332,0.165,0.272,0.587,0.881,1.003,0.941,0.482,0.561,0.481,0.332,0.165,0.272,87.235,H
0.945,1,0.887,0.674,0.343,1.225,1.054,0.672,0.39,0.387,0.945,1,0.887,0.674,0.343,1.225,1.054,0.672,0.39,0.387,100.125,H
0.599,0.851,1.013,0.994,0.43,0.701,0.479,0.326,0.162,0.39,0.599,0.851,1.013,0.994,0.43,0.701,0.479,0.326,0.162,0.39,81.302,H
0.7,0.974,0.893,0.666,0.299,1.5,1.312,0.883,0.434,0.514,0.7,0.974,0.893,0.666,0.299,1.5,1.312,0.883,0.434,0.514,90.028,H
0.7,0.974,0.893,0.666,0.299,1.5,1.312,0.883,0.434,0.514,0.7,0.974,0.893,0.666,0.299,1.5,1.312,0.883,0.434,0.514,90.028,H
0.7,0.974,0.893,0.666,0.299,1.5,1.312,0.883,0.434,0.514,0.7,0.974,0.893,0.666,0.299,1.5,1.312,0.883,0.434,0.514,90.028,H
0.748,0.991,0.834,0.602,0.638,0.754,0.72,0.428,0.292,0.111,0.748,0.991,0.834,0.602,0.638,0.754,0.72,0.428,0.292,0.111,2.828,H
0.738,1.006,0.83,0.63,0.537,0.882,0.802,0.468,0.338,0.159,0.738,1.006,0.83,0.63,0.537,0.882,0.802,0.468,0.338,0.159,1.414,H
0.738,1.006,0.83,0.63,0.537,0.882,0.802,0.468,0.338,0.159,0.738,1.006,0.83,0.63,0.537,0.882,0.802,0.468,0.338,0.159,1.414,H
0.738,1.006,0.83,0.63,0.537,0.882,0.802,0.468,0.338,0.159,0.738,1.006,0.83,0.63,0.537,0.882,0.802,0.468,0.338,0.159,1.414,H
0.738,1.006,0.83,0.63,0.537,0.882,0.802,0.468,0.338,0.159,0.738,1.006,0.83,0.63,0.537,0.882,0.802,0.468,0.338,0.159,1.414,H
0.738,1.006,0.83,0.63,0.537,0.882,0.802,0.468,0.338,0.159,0.738,1.006,0.83,0.63,0.537,0.882,0.802,0.468,0.338,0.159,1.414,H
1.768,1.366,0.864,2.435,1.632,1.027,1.041,1.026,0.137,0.243,1.768,1.366,0.864,2.435,1.632,1.027,1.041,1.026,0.137,0.243,1,I
1.768,1.366,0.864,2.435,1.632,1.027,1.041,1.026,0.137,0.243,1.768,1.366,0.864,2.435,1.632,1.027,1.041,1.026,0.137,0.243,1,I
1.768,1.366,0.864,2.435,1.632,1.027,1.041,1.026,0.137,0.243,1.768,1.366,0.864,2.435,1.632,1.027,1.041,1.026,0.137,0.243,1,I
1.768,1.366,0.864,2.435,1.632,1.027,1.041,1.026,0.137,0.243,1.768,1.366,0.864,2.435,1.632,1.027,1.041,1.026,0.137,0.243,1,I
1.768,1.366,0.864,2.435,1.632,1.027,1.041,1.026,0.137,0.243,1.768,1.366,0.864,2.435,1.632,1.027,1.041,1.026,0.137,0.243,1,I
1.768,1.366,0.864,2.435,1.632,1.027,1.041,1.026,0.137,0.243,1.768,1.366,0.864,2.435,1.632,1.027,1.041,1.026,0.137,0.243,1,I
1.768,1.366,0.864,2.435,1.632,1.027,1.041,1.026,0.137,0.243,1.768,1.366,0.864,2.435,1.632,1.027,1.041,1.026,0.137,0.243,1,I
1.768,1.366,0.864,2.435,1.632,1.027,1.041,1.026,0.137,0.243,1.768,1.366,0.864,2.435,1.632,1.027,1.041,1.026,0.137,0.243,1,I
1.768,1.366,0.864,2.435,1.632,1.027,1.041,1.026,0.137,0.243,1.768,1.366,0.864,2.435,1.632,1.027,1.041,1.026,0.137,0.243,1,I
1.768,1.366,0.864,2.435,1.632,1.027,1.041,1.026,0.137,0.243,1.768,1.366,0.864,2.435,1.632,1.027,1.041,1.026,0.137,0.243,1,I
1.768,1.366,0.864,2.435,1.632,1.027,1.041,1.026,0.137,0.243,1.768,1.366,0.864,2.435,1.632,1.027,1.041,1.026,0.137,0.243,1,I
1.768,1.366,0.864,2.435,1.632,1.027,1.041,1.026,0.137,0.243,1.768,1.366,0.864,2.435,1.632,1.027,1.041,1.026,0.137,0.243,1,I
1.768,1.366,0.864,2.435,1.632,1.027,1.041,1.026,0.137,0.243,1.768,1.366,0.864,2.435,1.632,1.027,1.041,1.026,0.137,0.243,1,I
1.768,1.366,0.864,2.435,1.632,1.027,1.041,1.026,0.137,0.243,1.768,1.366,0.864,2.435,1.632,1.027,1.041,1.026,0.137,0.243,1,I
1.768,1.366,0.864,2.435,1.632,1.027,1.041,1.026,0.137,0.243,1.768,1.366,0.864,2.435,1.632,1.027,1.041,1.026,0.137,0.243,1,I
1.768,1.366,0.864,2.435,1.632,1.027,1.041,1.026,0.137,0.243,1.768,1.366,0.864,2.435,1.632,1.027,1.041,1.026,0.137,0.243,1,I
1.768,1.366,0.864,2.435,1.632,1.027,1.041,1.026,0.137,0.243,1.768,1.366,0.864,2.435,1.632,1.027,1.041,1.026,0.137,0.243,1,I
1.768,1.366,0.864,2.435,1.632,1.027,1.041,1.026,0.137,0.243,1.768,1.366,0.864,2.435,1.632,1.027,1.041,1.026,0.137,0.243,1,I
1.768,1.366,0.864,2.435,1.632,1.027,1.041,1.026,0.137,0.243,1.768,1.366,0.864,2.435,1.632,1.027,1.041,1.026,0.137,0.243,1,I
1.768,1.366,0.864,2.435,1.632,1.027,1.041,1.026,0.137,0.243,1.768,1.366,0.864,2.435,1.632,1.027,1.041,1.026,0.137,0.243,1,I
1.768,1.366,0.864,2.435,1.632,1.027,1.041,1.026,0.137,0.243,1.768,1.366,0.864,2.435,1.632,1.027,1.041,1.026,0.137,0.243,1,I
1.768,1.366,0.864,2.435,1.632,1.027,1.041,1.026,0.137,0.243,1.768,1.366,0.864,2.435,1.632,1.027,1.041,1.026,0.137,0.243,1,I
1.768,1.366,0.864,2.435,1.632,1.027,1.041,1.026,0.137,0.243,1.768,1.366,0.864,2.435,1.632,1.027,1.041,1.026,0.137,0.243,1,I
1.768,1.366,0.864,2.435,1.632,1.027,1.041,1.026,0.137,0.243,1.768,1.366,0.864,2.435,1.632,1.027,1.041,1.026,0.137,0.243,1,I
1.768,1.366,0.864,2.435,1.632,1.027,1.041,1.026,0.137,0.243,1.768,1.366,0.864,2.435,1.632,1.027,1.041,1.026,0.137,0.243,1,I
1.768,1.366,0.864,2.435,1.632,1.027,1.041,1.026,0.137,0.243,1.768,1.366,0.864,2.435,1.632,1.027,1.041,1.026,0.137,0.243,1,I
1.768,1.366,0.864,2.435,1.632,1.027,1.041,1.026,0.137,0.243,1.768,1.366,0.864,2.435,1.632,1.027,1.041,1.026,0.137,0.243,1,I
1.768,1.366,0.864,2.435,1.632,1.027,1.041,1.026,0.137,0.243,1.768,1.366,0.864,2.435,1.632,1.027,1.041,1.026,0.137,0.243,1,I
1.768,1.366,0.864,2.435,1.632,1.027,1.041,1.026,0.137,0.243,1.768,1.366,0.864,2.435,1.632,1.027,1.041,1.026,0.137,0.243,1,I
1.768,1.366,0.864,2.435,1.632,1.027,1.041,1.026,0.137,0.243,1.768,1.366,0.864,2.435,1.632,1.027,1.041,1.026,0.137,0.243,1,I
1.768,1.366,0.864,2.435,1.632,1.027,1.041,1.026,0.137,0.243,1.768,1.366,0.864,2.435,1.632,1.027,1.041,1.026,0.137,0.243,1,I
1.768,1.366,0.864,2.435,1.632,1.027,1.041,1.026,0.137,0.243,1.768,1.366,0.864,2.435,1.632,1.027,1.041,1.026,0.137,0.243,1,I
1.768,1.366,0.864,2.435,1.632,1.027,1.041,1.026,0.137,0.243,1.768,1.366,0.864,2.435,1.632,1.027,1.041,1.026,0.137,0.243,1,I
1.768,1.366,0.864,2.435,1.632,1.027,1.041,1.026,0.137,0.243,1.768,1.366,0.864,2.435,1.632,1.027,1.041,1.026,0.137,0.243,1,I
1.768,1.366,0.864,2.435,1.632,1.027,1.041,1.026,0.137,0.243,1.768,1.366,0.864,2.435,1.632,1.027,1.041,1.026,0.137,0.243,1,I
1.768,1.366,0.864,2.435,1.632,1.027,1.041,1.026,0.137,0.243,1.768,1.366,0.864,2.435,1.632,1.027,1.041,1.026,0.137,0.243,1,I
1.768,1.366,0.864,2.435,1.632,1.027,1.041,1.026,0.137,0.243,1.768,1.366,0.864,2.435,1.632,1.027,1.041,1.026,0.137,0.243,1,I
1.768,1.366,0.864,2.435,1.632,1.027,1.041,1.026,0.137,0.243,1.768,1.366,0.864,2.435,1.632,1.027,1.041,1.026,0.137,0.243,1,I
1.768,1.366,0.864,2.435,1.632,1.027,1.041,1.026,0.137,0.243,1.768,1.366,0.864,2.435,1.632,1.027,1.041,1.026,0.137,0.243,1,I
1.768,1.366,0.864,2.435,1.632,1.027,1.041,1.026,0.137,0.243,1.768,1.366,0.864,2.435,1.632,1.027,1.041,1.026,0.137,0.243,1,I
1.768,1.366,0.864,2.435,1.632,1.027,1.041,1.026,0.137,0.243,1.768,1.366,0.864,2.435,1.632,1.027,1.041,1.026,0.137,0.243,1,I
1.768,1.366,0.864,2.435,1.632,1.027,1.041,1.026,0.137,0.243,1.768,1.366,0.864,2.435,1.632,1.027,1.041,1.026,0.137,0.243,1,I
1.768,1.366,0.864,2.435,1.632,1.027,1.041,1.026,0.137,0.243,1.768,1.366,0.864,2.435,1.632,1.027,1.041,1.026,0.137,0.243,1,I
1.768,1.366,0.864,2.435,1.632,1.027,1.041,1.026,0.137,0.243,1.768,1.366,0.864,2.435,1.632,1.027,1.041,1.026,0.137,0.243,1,I
1.768,1.366,0.864,2.435,1.632,1.027,1.041,1.026,0.137,0.243,1.768,1.366,0.864,2.435,1.632,1.027,1.041,1.026,0.137,0.243,1,I
1.768,1.366,0.864,2.435,1.632,1.027,1.041,1.026,0.137,0.243,1.768,1.366,0.864,2.435,1.632,1.027,1.041,1.026,0.137,0.243,1,I
1.768,1.366,0.864,2.435,1.632,1.027,1.041,1.026,0.137,0.243,1.768,1.366,0.864,2.435,1.632,1.027,1.041,1.026,0.137,0.243,1,I
1.768,1.366,0.864,2.435,1.632,1.027,1.041,1.026,0.137,0.243,1.768,1.366,0.864,2.435,1.632,1.027,1.041,1.026,0.137,0.243,1,I
1.768,1.366,0.864,2.435,1.632,1.027,1.041,1.026,0.137,0.243,1.768,1.366,0.864,2.435,1.632,1.027,1.041,1.026,0.137,0.243,1,I
1.768,1.366,0.864,2.435,1.632,1.027,1.041,1.026,0.137,0.243,1.768,1.366,0.864,2.435,1.632,1.027,1.041,1.026,0.137,0.243,1,I
1.768,1.366,0.864,2.435,1.632,1.027,1.041,1.026,0.137,0.243,1.768,1.366,0.864,2.435,1.632,1.027,1.041,1.026,0.137,0.243,1,I
2.508,3.356,0.81,0.85,2.464,1.102,0.313,0.156,0.158,0.969,2.508,3.356,0.81,0.85,2.464,1.102,0.313,0.156,0.158,0.969,2.236,J
2.508,3.356,0.81,0.85,2.464,1.102,0.313,0.156,0.158,0.969,2.508,3.356,0.81,0.85,2.464,1.102,0.313,0.156,0.158,0.969,2.236,J
2.422,3.251,0.813,0.863,2.463,1.075,0.321,0.165,0.157,0.922,2.422,3.251,0.813,0.863,2.463,1.075,0.321,0.165,0.157,0.922,2.236,J
2.422,3.251,0.813,0.863,2.463,1.075,0.321,0.165,0.157,0.922,2.422,3.251,0.813,0.863,2.463,1.075,0.321,0.165,0.157,0.922,2.236,J
2.422,3.251,0.813,0.863,2.463,1.075,0.321,0.165,0.157,0.922,2.422,3.251,0.813,0.863,2.463,1.075,0.321,0.165,0.157,0.922,2.236,J
2.645,3.432,0.738,0.738,2.725,1.089,0.331,0.171,0.16,0.908,2.645,3.432,0.738,0.738,2.725,1.089,0.331,0.171,0.16,0.908,2.236,J
2.645,3.432,0.738,0.738,2.725,1.089,0.331,0.171,0.16,0.908,2.645,3.432,0.738,0.738,2.725,1.089,0.331,0.171,0.16,0.908,2.236,J
2.631,3.622,0.813,0.845,2.655,1.143,0.308,0.16,0.148,0.997,2.631,3.622,0.813,0.845,2.655,1.143,0.308,0.16,0.148,0.997,4.123,J
2.631,3.622,0.813,0.845,2.655,1.143,0.308,0.16,0.148,0.997,2.631,3.622,0.813,0.845,2.655,1.143,0.308,0.16,0.148,0.997,4.123,J
3.099,4.025,0.793,0.895,3.097,1.098,0.294,0.155,0.141,0.993,3.099,4.025,0.793,0.895,3.097,1.098,0.294,0.155,0.141,0.993,2.236,J
3.099,4.025,0.793,0.895,3.097,1.098,0.294,0.155,0.141,0.993,3.099,4.025,0.793,0.895,3.097,1.098,0.294,0.155,0.141,0.993,2.236,J
2.988,4.046,0.787,0.913,3.013,1.129,0.317,0.159,0.159,1.036,2.988,4.046,0.787,0.913,3.013,1.129,0.317,0.159,0.159,1.036,2.236,J
2.988,4.046,0.787,0.913,3.013,1.129,0.317,0.159,0.159,1.036,2.988,4.046,0.787,0.913,3.013,1.129,0.317,0.159,0.159,1.036,2.236,J
2.988,4.046,0.787,0.913,3.013,1.129,0.317,0.159,0.159,1.036,2.988,4.046,0.787,0.913,3.013,1.129,0.317,0.159,0.159,1.036,2.236,J
2.988,4.046,0.787,0.913,3.013,1.129,0.317,0.159,0.159,1.036,2.988,4.046,0.787,0.913,3.013,1.129,0.317,0.159,0.159,1.036,2.236,J
2.527,3.356,0.81,0.817,2.48,1.108,0.312,0.155,0.157,0.963,2.527,3.356,0.81,0.817,2.48,1.108,0.312,0.155,0.157,0.963,2.236,J
2.527,3.356,0.81,0.817,2.48,1.108,0.312,0.155,0.157,0.963,2.527,3.356,0.81,0.817,2.48,1.108,0.312,0.155,0.157,0.963,2.236,J
2.772,3.688,0.83,0.858,2.81,1.103,0.308,0.168,0.14,0.97,2.772,3.688,0.83,0.858,2.81,1.103,0.308,0.168,0.14,0.97,2.236,J
2.772,3.688,0.83,0.858,2.81,1.103,0.308,0.168,0.14,0.97,2.772,3.688,0.83,0.858,2.81,1.103,0.308,0.168,0.14,0.97,2.236,J
2.798,3.75,0.79,0.821,2.754,1.139,0.31,0.155,0.155,1.021,2.798,3.75,0.79,0.821,2.754,1.139,0.31,0.155,0.155,1.021,0,J
2.798,3.75,0.79,0.821,2.754,1.139,0.31,0.155,0.155,1.021,2.798,3.75,0.79,0.821,2.754,1.139,0.31,0.155,0.155,1.021,0,J
2.797,3.825,0.786,0.895,3.003,1.103,0.308,0.166,0.144,0.946,2.797,3.825,0.786,0.895,3.003,1.103,0.308,0.166,0.144,0.946,2,J
2.797,3.825,0.786,0.895,3.003,1.103,0.308,0.166,0.144,0.946,2.797,3.825,0.786,0.895,3.003,1.103,0.308,0.166,0.144,0.946,2,J
2.595,3.609,0.784,0.833,2.648,1.152,0.315,0.155,0.16,0.994,2.595,3.609,0.784,0.833,2.648,1.152,0.315,0.155,0.16,0.994,2.236,J
2.595,3.609,0.784,0.833,2.648,1.152,0.315,0.155,0.16,0.994,2.595,3.609,0.784,0.833,2.648,1.152,0.315,0.155,0.16,0.994,2.236,J
2.445,3.267,0.819,0.805,2.457,1.098,0.322,0.168,0.154,0.933,2.445,3.267,0.819,0.805,2.457,1.098,0.322,0.168,0.154,0.933,0,J
2.445,3.267,0.819,0.805,2.457,1.098,0.322,0.168,0.154,0.933,2.445,3.267,0.819,0.805,2.457,1.098,0.322,0.168,0.154,0.933,0,J
2.648,3.392,0.799,0.809,2.628,1.066,0.304,0.151,0.153,0.924,2.648,3.392,0.799,0.809,2.628,1.066,0.304,0.151,0.153,0.924,1,J
2.648,3.392,0.799,0.809,2.628,1.066,0.304,0.151,0.153,0.924,2.648,3.392,0.799,0.809,2.628,1.066,0.304,0.151,0.153,0.924,1,J
2.741,3.788,0.825,0.969,2.873,1.118,0.329,0.164,0.166,0.977,2.741,3.788,0.825,0.969,2.873,1.118,0.329,0.164,0.166,0.977,2.236,J
2.741,3.788,0.825,0.969,2.873,1.118,0.329,0.164,0.166,0.977,2.741,3.788,0.825,0.969,2.873,1.118,0.329,0.164,0.166,0.977,2.236,J
2.593,3.437,0.798,0.865,2.58,1.096,0.324,0.161,0.164,0.958,2.593,3.437,0.798,0.865,2.58,1.096,0.324,0.161,0.164,0.958,2.828,J
2.593,3.437,0.798,0.865,2.58,1.096,0.324,0.161,0.164,0.958,2.593,3.437,0.798,0.865,2.58,1.096,0.324,0.161,0.164,0.958,2.828,J
2.424,3.073,0.785,0.807,2.453,1.026,0.348,0.173,0.175,0.864,2.424,3.073,0.785,0.807,2.453,1.026,0.348,0.173,0.175,0.864,3.162,J
2.424,3.073,0.785,0.807,2.453,1.026,0.348,0.173,0.175,0.864,2.424,3.073,0.785,0.807,2.453,1.026,0.348,0.173,0.175,0.864,3.162,J
2.424,3.073,0.785,0.807,2.453,1.026,0.348,0.173,0.175,0.864,2.424,3.073,0.785,0.807,2.453,1.026,0.348,0.173,0.175,0.864,3.162,J
2.768,3.527,0.826,0.879,2.715,1.064,0.303,0.144,0.159,0.944,2.768,3.527,0.826,0.879,2.715,1.064,0.303,0.144,0.159,0.944,1.414,J
2.768,3.527,0.826,0.879,2.715,1.064,0.303,0.144,0.159,0.944,2.768,3.527,0.826,0.879,2.715,1.064,0.303,0.144,0.159,0.944,1.414,J
2.472,1.788,0.797,0.891,2.36,0.562,0.333,0.169,0.169,0.335,2.472,1.788,0.797,0.891,2.36,0.562,0.333,0.169,0.169,0.335,2.236,J
2.472,1.788,0.797,0.891,2.36,0.562,0.333,0.169,0.169,0.335,2.472,1.788,0.797,0.891,2.36,0.562,0.333,0.169,0.169,0.335,2.236,J
2.417,3.017,0.828,0.863,2.329,1.011,0.312,0.155,0.158,0.878,2.417,3.017,0.828,0.863,2.329,1.011,0.312,0.155,0.158,0.878,2,J
2.417,3.017,0.828,0.863,2.329,1.011,0.312,0.155,0.158,0.878,2.417,3.017,0.828,0.863,2.329,1.011,0.312,0.155,0.158,0.878,2,J
2.793,3.75,0.801,0.817,2.787,1.132,0.314,0.157,0.157,1.01,2.793,3.75,0.801,0.817,2.787,1.132,0.314,0.157,0.157,1.01,2,J
2.793,3.75,0.801,0.817,2.787,1.132,0.314,0.157,0.157,1.01,2.793,3.75,0.801,0.817,2.787,1.132,0.314,0.157,0.157,1.01,2,J
2.618,3.643,0.729,0.781,2.618,1.178,0.348,0.159,0.19,1.042,2.618,3.643,0.729,0.781,2.618,1.178,0.348,0.159,0.19,1.042,1,J
2.618,3.643,0.729,0.781,2.618,1.178,0.348,0.159,0.19,1.042,2.618,3.643,0.729,0.781,2.618,1.178,0.348,0.159,0.19,1.042,1,J
2.451,3.138,0.722,0.714,2.327,1.1,0.318,0.156,0.166,0.942,2.451,3.138,0.722,0.714,2.327,1.1,0.318,0.156,0.166,0.942,2,J
2.451,3.138,0.722,0.714,2.327,1.1,0.318,0.156,0.166,0.942,2.451,3.138,0.722,0.714,2.327,1.1,0.318,0.156,0.166,0.942,2,J
2.886,3.86,0.811,0.942,2.898,1.106,0.321,0.154,0.168,1.006,2.886,3.86,0.811,0.942,2.898,1.106,0.321,0.154,0.168,1.006,2.236,J
2.886,3.86,0.811,0.942,2.898,1.106,0.321,0.154,0.168,1.006,2.886,3.86,0.811,0.942,2.898,1.106,0.321,0.154,0.168,1.006,2.236,J
2.627,3.49,0.788,0.787,2.551,1.133,0.309,0.146,0.163,0.994,2.627,3.49,0.788,0.787,2.551,1.133,0.309,0.146,0.163,0.994,1,J
0.946,1.153,0.805,0.687,0.273,2.115,1.173,0.437,0.738,1.312,0.946,1.153,0.805,0.687,0.273,2.115,1.173,0.437,0.738,1.312,35.355,K
1.045,1.268,0.863,0.727,0.324,2.044,0.872,0.436,0.436,1.373,1.045,1.268,0.863,0.727,0.324,2.044,0.872,0.436,0.436,1.373,33.302,K
1.027,1.229,0.85,0.712,0.323,1.963,0.907,0.43,0.481,1.346,1.027,1.229,0.85,0.712,0.323,1.963,0.907,0.43,0.481,1.346,29.206,K
1.133,1.351,0.834,0.71,0.454,1.664,0.651,0.291,0.367,1.169,1.133,1.351,0.834,0.71,0.454,1.664,0.651,0.291,0.367,1.169,26.926,K
0.988,1.195,0.862,0.761,0.228,2.28,1.066,0.442,0.644,1.473,0.988,1.195,0.862,0.761,0.228,2.28,1.066,0.442,0.644,1.473,34.828,K
1.154,1.326,0.849,0.74,0.42,1.689,0.643,0.275,0.369,1.17,1.154,1.326,0.849,0.74,0.42,1.689,0.643,0.275,0.369,1.17,31.828,K
1.181,1.356,0.869,0.717,0.468,1.559,0.61,0.323,0.296,1.084,1.181,1.356,0.869,0.717,0.468,1.559,0.61,0.323,0.296,1.084,28.425,K
0.935,1.131,0.807,0.669,0.268,2.026,1.256,0.527,0.729,1.124,0.935,1.131,0.807,0.669,0.268,2.026,1.256,0.527,0.729,1.124,32.016,K
1.084,1.226,0.827,0.691,0.394,1.541,0.789,0.347,0.443,0.95,1.084,1.226,0.827,0.691,0.394,1.541,0.789,0.347,0.443,0.95,31.241,K
0.974,1.301,0.855,0.722,0.253,2.954,1.11,0.526,0.588,2.313,0.974,1.301,0.855,0.722,0.253,2.954,1.11,0.526,0.588,2.313,32.558,K
0.963,1.345,0.838,0.711,0.253,3.238,1.173,0.52,0.653,2.484,0.963,1.345,0.838,0.711,0.253,3.238,1.173,0.52,0.653,2.484,32.558,K
1.032,1.395,0.8,0.662,0.372,2.294,0.919,0.375,0.543,1.636,1.032,1.395,0.8,0.662,0.372,2.294,0.919,0.375,0.543,1.636,31.89,K
1.008,1.25,0.844,0.707,0.302,2.174,0.977,0.455,0.532,1.544,1.008,1.25,0.844,0.707,0.302,2.174,0.977,0.455,0.532,1.544,31.113,K
1.06,1.394,0.843,0.715,0.346,2.35,0.826,0.37,0.458,1.845,1.06,1.394,0.843,0.715,0.346,2.35,0.826,0.37,0.458,1.845,32.558,K
1.001,1.235,0.857,0.714,0.288,2.239,1.004,0.502,0.502,1.605,1.001,1.235,0.857,0.714,0.288,2.239,1.004,0.502,0.502,1.605,29.206,K
1.06,1.345,0.829,0.719,0.347,2.16,0.827,0.34,0.495,1.541,1.06,1.345,0.829,0.719,0.347,2.16,0.827,0.34,0.495,1.541,28.844,K
1.067,1.396,0.823,0.683,0.391,2.133,0.823,0.364,0.458,1.528,1.067,1.396,0.823,0.683,0.391,2.133,0.823,0.364,0.458,1.528,29.698,K
0.926,1.28,0.775,0.733,0.202,3.557,1.34,0.223,1.161,2.786,0.926,1.28,0.775,0.733,0.202,3.557,1.34,0.223,1.161,2.786,34.132,K
0.762,1.183,0.921,0.74,0.103,5.349,2.525,1.783,0.82,4.133,0.762,1.183,0.921,0.74,0.103,5.349,2.525,1.783,0.82,4.133,43.278,K
1.012,1.414,0.721,0.623,0.4,2.339,0.944,0.251,0.702,1.866,1.012,1.414,0.721,0.623,0.4,2.339,0.944,0.251,0.702,1.866,31.765,K
0.899,1.262,0.799,0.698,0.207,3.549,1.516,0.493,1.04,2.527,0.899,1.262,0.799,0.698,0.207,3.549,1.516,0.493,1.04,2.527,34.409,K
0.838,1.208,0.795,0.688,0.151,4.306,2.078,0.704,1.387,3.119,0.838,1.208,0.795,0.688,0.151,4.306,2.078,0.704,1.387,3.119,38.419,K
1.05,1.205,0.823,0.669,0.456,1.426,0.741,0.355,0.389,0.907,1.05,1.205,0.823,0.669,0.456,1.426,0.741,0.355,0.389,0.907,27.295,K
1.042,1.355,0.755,0.648,0.41,2.019,0.864,0.285,0.598,1.45,1.042,1.355,0.755,0.648,0.41,2.019,0.864,0.285,0.598,1.45,28.601,K
1.013,1.319,0.782,0.706,0.33,2.39,0.936,0.244,0.693,1.706,1.013,1.319,0.782,0.706,0.33,2.39,0.936,0.244,0.693,1.706,29.698,K
0.979,1.227,0.822,0.703,0.286,2.119,1.054,0.42,0.635,1.306,0.979,1.227,0.822,0.703,0.286,2.119,1.054,0.42,0.635,1.306,33.302,K
0.865,1.344,0.819,0.692,0.184,4.439,1.766,0.714,1.057,3.073,0.865,1.344,0.819,0.692,0.184,4.439,1.766,0.714,1.057,3.073,38.601,K
0.995,1.297,0.843,0.708,0.288,2.43,1.04,0.481,0.559,1.625,0.995,1.297,0.843,0.708,0.288,2.43,1.04,0.481,0.559,1.625,33.242,K
1.163,1.423,0.788,0.697,0.499,1.753,0.629,0.2,0.431,1.273,1.163,1.423,0.788,0.697,0.499,1.753,0.629,0.2,0.431,1.273,26.401,K
1.076,1.474,0.807,0.695,0.395,2.399,0.791,0.31,0.49,1.844,1.076,1.474,0.807,0.695,0.395,2.399,0.791,0.31,0.49,1.844,31.064,K
0.986,1.345,0.825,0.713,0.28,2.875,1.045,0.405,0.64,2.202,0.986,1.345,0.825,0.713,0.28,2.875,1.045,0.405,0.64,2.202,32.802,K
1.234,1.45,0.846,0.816,0.5,1.611,0.389,0.082,0.315,1.295,1.234,1.45,0.846,0.816,0.5,1.611,0.389,0.082,0.315,1.295,26.306,K
0.986,1.361,0.785,0.667,0.321,2.611,1.043,0.37,0.675,1.994,0.986,1.361,0.785,0.667,0.321,2.611,1.043,0.37,0.675,1.994,29.732,K
1.234,1.449,0.825,0.681,0.567,1.488,0.567,0.254,0.314,1.023,1.234,1.449,0.825,0.681,0.567,1.488,0.567,0.254,0.314,1.023,25.06,K
1.078,1.24,0.769,0.655,0.431,1.533,0.806,0.271,0.538,0.942,1.078,1.24,0.769,0.655,0.431,1.533,0.806,0.271,0.538,0.942,27.019,K
1.078,1.305,0.835,0.712,0.372,1.845,0.777,0.331,0.447,1.31,1.078,1.305,0.835,0.712,0.372,1.845,0.777,0.331,0.447,1.31,30.48,K
1.135,1.382,0.787,0.661,0.492,1.687,0.693,0.256,0.439,1.213,1.135,1.382,0.787,0.661,0.492,1.687,0.693,0.256,0.439,1.213,28.018,K
1.119,1.423,0.846,0.736,0.396,2.088,0.681,0.279,0.411,1.58,1.119,1.423,0.846,0.736,0.396,2.088,0.681,0.279,0.411,1.58,30.017,K
1.057,1.247,0.804,0.76,0.299,1.921,0.809,0.159,0.679,1.329,1.057,1.247,0.804,0.76,0.299,1.921,0.809,0.159,0.679,1.329,26.249,K
1.036,1.296,0.813,0.704,0.351,2.028,0.858,0.319,0.539,1.414,1.036,1.296,0.813,0.704,0.351,2.028,0.858,0.319,0.539,1.414,29.547,K
1.021,1.287,0.744,0.646,0.386,1.987,0.928,0.265,0.666,1.366,1.021,1.287,0.744,0.646,0.386,1.987,0.928,0.265,0.666,1.366,28.844,K
0.935,1.265,0.76,0.643,0.296,2.578,1.22,0.398,0.822,1.851,0.935,1.265,0.76,0.643,0.296,2.578,1.22,0.398,0.822,1.851,29.069,K
1.098,1.283,0.782,0.68,0.443,1.589,0.742,0.245,0.498,1,1.098,1.283,0.782,0.68,0.443,1.589,0.742,0.245,0.498,1,24.839,K
1.026,1.16,0.804,0.682,0.368,1.584,0.877,0.335,0.542,1.006,1.026,1.16,0.804,0.682,0.368,1.584,0.877,0.335,0.542,1.006,23.022,K
0.926,1.24,0.849,0.754,0.181,3.468,1.382,0.525,0.883,2.58,0.926,1.24,0.849,0.754,0.181,3.468,1.382,0.525,0.883,2.58,37.643,K
1.088,1.255,0.802,0.676,0.418,1.578,0.781,0.302,0.484,0.994,1.088,1.255,0.802,0.676,0.418,1.578,0.781,0.302,0.484,0.994,24.207,K
1.127,1.27,0.792,0.696,0.448,1.422,0.682,0.217,0.466,0.875,1.127,1.27,0.792,0.696,0.448,1.422,0.682,0.217,0.466,0.875,24.698,K
0.952,1.147,0.836,0.678,0.289,2.028,1.141,0.55,0.6,1.258,0.952,1.147,0.836,0.678,0.289,2.028,1.141,0.55,0.6,1.258,25.554,K
0.86,1.262,0.807,0.698,0.171,4.27,1.829,0.632,1.235,3.018,0.86,1.262,0.807,0.698,0.171,4.27,1.829,0.632,1.235,3.018,38.601,K
0.973,1.178,0.814,0.68,0.3,2.025,1.082,0.447,0.64,1.315,0.973,1.178,0.814,0.68,0.3,2.025,1.082,0.447,0.64,1.315,29.206,K
1.062,1.277,0.747,0.641,0.431,1.71,0.839,0.247,0.593,1.14,1.062,1.277,0.747,0.641,0.431,1.71,0.839,0.247,0.593,1.14,27.019,K
1.09,1.118,0.619,0.626,0.73,1.092,0.869,0.415,0.552,0.226,1.09,1.118,0.619,0.626,0.73,1.092,0.869,0.415,0.552,0.226,65,L
0.827,1.368,0.724,0.732,1.034,1.253,0.845,0.385,0.461,0.412,0.827,1.368,0.724,0.732,1.034,1.253,0.845,0.385,0.461,0.412,62.394,L
0.827,1.368,0.724,0.732,1.034,1.253,0.845,0.385,0.461,0.412,0.827,1.368,0.724,0.732,1.034,1.253,0.845,0.385,0.461,0.412,62.394,L
0.827,1.368,0.724,0.732,1.034,1.253,0.845,0.385,0.461,0.412,0.827,1.368,0.724,0.732,1.034,1.253,0.845,0.385,0.461,0.412,62.394,L
1.092,1.642,0.652,0.643,0.993,1.406,0.865,0.462,0.423,0.647,1.092,1.642,0.652,0.643,0.993,1.406,0.865,0.462,0.423,0.647,63.781,L
2.04,4.715,0.439,0.834,2.481,1.804,0.577,0.261,0.326,1.581,2.04,4.715,0.439,0.834,2.481,1.804,0.577,0.261,0.326,1.581,48.466,L
1.692,3.828,0.485,0.858,1.682,2.153,0.759,0.379,0.413,1.716,1.692,3.828,0.485,0.858,1.682,2.153,0.759,0.379,0.413,1.716,66.03,L
1.927,4.857,0.393,0.698,1.949,2.344,0.671,0.354,0.346,2.108,1.927,4.857,0.393,0.698,1.949,2.344,0.671,0.354,0.346,2.108,59.908,L
2.045,3.734,0.659,0.632,2.391,1.408,0.412,0.204,0.207,1.177,2.045,3.734,0.659,0.632,2.391,1.408,0.412,0.204,0.207,1.177,22.023,L
2.045,3.734,0.659,0.632,2.391,1.408,0.412,0.204,0.207,1.177,2.045,3.734,0.659,0.632,2.391,1.408,0.412,0.204,0.207,1.177,22.023,L
2.551,3.798,0.718,0.705,2.692,1.21,0.313,0.171,0.145,1.069,2.551,3.798,0.718,0.705,2.692,1.21,0.313,0.171,0.145,1.069,12.53,L
2.551,3.798,0.718,0.705,2.692,1.21,0.313,0.171,0.145,1.069,2.551,3.798,0.718,0.705,2.692,1.21,0.313,0.171,0.145,1.069,12.53,L
2.3,5.066,0.583,1.094,2.476,1.975,0.621,0.277,0.355,1.671,2.3,5.066,0.583,1.094,2.476,1.975,0.621,0.277,0.355,1.671,61.221,L
1.92,4.397,0.611,0.673,1.965,2.038,0.527,0.264,0.268,1.779,1.92,4.397,0.611,0.673,1.965,2.038,0.527,0.264,0.268,1.779,49.244,L
1.92,4.397,0.611,0.673,1.965,2.038,0.527,0.264,0.268,1.779,1.92,4.397,0.611,0.673,1.965,2.038,0.527,0.264,0.268,1.779,49.244,L
2.404,3.626,0.663,0.726,2.758,1.182,0.359,0.186,0.176,0.965,2.404,3.626,0.663,0.726,2.758,1.182,0.359,0.186,0.176,0.965,20.248,L
2.404,3.626,0.663,0.726,2.758,1.182,0.359,0.186,0.176,0.965,2.404,3.626,0.663,0.726,2.758,1.182,0.359,0.186,0.176,0.965,20.248,L
2.404,3.626,0.663,0.726,2.758,1.182,0.359,0.186,0.176,0.965,2.404,3.626,0.663,0.726,2.758,1.182,0.359,0.186,0.176,0.965,20.248,L
2.404,3.626,0.663,0.726,2.758,1.182,0.359,0.186,0.176,0.965,2.404,3.626,0.663,0.726,2.758,1.182,0.359,0.186,0.176,0.965,20.248,L
1.996,3.155,0.695,0.676,2.158,1.241,0.383,0.182,0.203,1.02,1.996,3.155,0.695,0.676,2.158,1.241,0.383,0.182,0.203,1.02,20.616,L
1.996,3.155,0.695,0.676,2.158,1.241,0.383,0.182,0.203,1.02,1.996,3.155,0.695,0.676,2.158,1.241,0.383,0.182,0.203,1.02,20.616,L
1.684,2.337,0.523,0.515,1.872,1.065,0.407,0.195,0.259,0.718,1.684,2.337,0.523,0.515,1.872,1.065,0.407,0.195,0.259,0.718,6.708,L
1.684,2.337,0.523,0.515,1.872,1.065,0.407,0.195,0.259,0.718,1.684,2.337,0.523,0.515,1.872,1.065,0.407,0.195,0.259,0.718,6.708,L
1.837,4.144,0.684,0.885,1.82,2.189,0.652,0.319,0.334,1.73,1.837,4.144,0.684,0.885,1.82,2.189,0.652,0.319,0.334,1.73,68.6,L
1.869,3.751,0.525,0.613,2.236,1.535,0.468,0.205,0.27,1.274,1.869,3.751,0.525,0.613,2.236,1.535,0.468,0.205,0.27,1.274,29.275,L
1.869,3.751,0.525,0.613,2.236,1.535,0.468,0.205,0.27,1.274,1.869,3.751,0.525,0.613,2.236,1.535,0.468,0.205,0.27,1.274,29.275,L
2.053,4.413,0.692,1.257,2.408,1.842,0.629,0.333,0.309,1.417,2.053,4.413,0.692,1.257,2.408,1.842,0.629,0.333,0.309,1.417,63.127,L
1.855,4.435,0.502,0.77,2.484,1.719,0.571,0.264,0.307,1.463,1.855,4.435,0.502,0.77,2.484,1.719,0.571,0.264,0.307,1.463,37.656,L
1.724,3.868,0.653,0.808,1.844,1.922,0.573,0.283,0.298,1.566,1.724,3.868,0.653,0.808,1.844,1.922,0.573,0.283,0.298,1.566,52.802,L
2.161,3.777,0.722,0.781,2.552,1.301,0.394,0.189,0.204,1.115,2.161,3.777,0.722,0.781,2.552,1.301,0.394,0.189,0.204,1.115,18.111,L
2.161,3.777,0.722,0.781,2.552,1.301,0.394,0.189,0.204,1.115,2.161,3.777,0.722,0.781,2.552,1.301,0.394,0.189,0.204,1.115,18.111,L
2.054,3.529,0.578,0.595,2.243,1.429,0.448,0.204,0.247,1.166,2.054,3.529,0.578,0.595,2.243,1.429,0.448,0.204,0.247,1.166,30.887,L
2.443,3.851,0.723,0.771,2.765,1.216,0.331,0.18,0.154,1.047,2.443,3.851,0.723,0.771,2.765,1.216,0.331,0.18,0.154,1.047,14.142,L
2.443,3.851,0.723,0.771,2.765,1.216,0.331,0.18,0.154,1.047,2.443,3.851,0.723,0.771,2.765,1.216,0.331,0.18,0.154,1.047,14.142,L
2.443,3.851,0.723,0.771,2.765,1.216,0.331,0.18,0.154,1.047,2.443,3.851,0.723,0.771,2.765,1.216,0.331,0.18,0.154,1.047,14.142,L
2.419,3.699,0.675,0.7,2.689,1.214,0.343,0.17,0.175,1.022,2.419,3.699,0.675,0.7,2.689,1.214,0.343,0.17,0.175,1.022,15.232,L
2.419,3.699,0.675,0.7,2.689,1.214,0.343,0.17,0.175,1.022,2.419,3.699,0.675,0.7,2.689,1.214,0.343,0.17,0.175,1.022,15.232,L
2.325,3.332,0.708,0.799,2.589,1.087,0.355,0.167,0.192,0.922,2.325,3.332,0.708,0.799,2.589,1.087,0.355,0.167,0.192,0.922,9.849,L
2.325,3.332,0.708,0.799,2.589,1.087,0.355,0.167,0.192,0.922,2.325,3.332,0.708,0.799,2.589,1.087,0.355,0.167,0.192,0.922,9.849,L
2.325,3.332,0.708,0.799,2.589,1.087,0.355,0.167,0.192,0.922,2.325,3.332,0.708,0.799,2.589,1.087,0.355,0.167,0.192,0.922,9.849,L
3.077,4.794,0.601,0.926,3.757,1.234,0.378,0.203,0.176,1.03,3.077,4.794,0.601,0.926,3.757,1.234,0.378,0.203,0.176,1.03,20.809,L
3.077,4.794,0.601,0.926,3.757,1.234,0.378,0.203,0.176,1.03,3.077,4.794,0.601,0.926,3.757,1.234,0.378,0.203,0.176,1.03,20.809,L
2.511,3.776,0.66,0.773,2.937,1.161,0.339,0.167,0.176,0.953,2.511,3.776,0.66,0.773,2.937,1.161,0.339,0.167,0.176,0.953,13.601,L
2.511,3.776,0.66,0.773,2.937,1.161,0.339,0.167,0.176,0.953,2.511,3.776,0.66,0.773,2.937,1.161,0.339,0.167,0.176,0.953,13.601,L
2.194,3.812,0.6,0.669,2.49,1.377,0.392,0.195,0.205,1.154,2.194,3.812,0.6,0.669,2.49,1.377,0.392,0.195,0.205,1.154,22.204,L
2.194,3.812,0.6,0.669,2.49,1.377,0.392,0.195,0.205,1.154,2.194,3.812,0.6,0.669,2.49,1.377,0.392,0.195,0.205,1.154,22.204,L
2.127,3.283,0.803,0.756,2.353,1.178,0.325,0.169,0.156,0.974,2.127,3.283,0.803,0.756,2.353,1.178,0.325,0.169,0.156,0.974,15.524,L
2.127,3.283,0.803,0.756,2.353,1.178,0.325,0.169,0.156,0.974,2.127,3.283,0.803,0.756,2.353,1.178,0.325,0.169,0.156,0.974,15.524,L
2.127,3.283,0.803,0.756,2.353,1.178,0.325,0.169,0.156,0.974,2.127,3.283,0.803,0.756,2.353,1.178,0.325,0.169,0.156,0.974,15.524,L
2.207,3.411,0.67,0.682,2.462,1.214,0.375,0.186,0.191,1.002,2.207,3.411,0.67,0.682,2.462,1.214,0.375,0.186,0.191,1.002,16.279,L
2.207,3.411,0.67,0.682,2.462,1.214,0.375,0.186,0.191,1.002,2.207,3.411,0.67,0.682,2.462,1.214,0.375,0.186,0.191,1.002,16.279,L
0.568,1.015,0.918,0.711,0.161,3.288,2.274,1.387,1.104,1.55,0.568,1.015,0.918,0.711,0.161,3.288,2.274,1.387,1.104,1.55,70.576,M
0.557,1.074,0.902,0.606,0.062,10.538,7.115,4.817,3.29,5.378,0.557,1.074,0.902,0.606,0.062,10.538,7.115,4.817,3.29,5.378,74.465,M
0.566,1.079,0.95,0.673,0.107,5.253,3.329,2.61,1.307,2.894,0.566,1.079,0.95,0.673,0.107,5.253,3.329,2.61,1.307,2.894,71.868,M
0.562,1.078,0.919,0.63,0.07,8.728,5.8,4.205,2.236,4.554,0.562,1.078,0.919,0.63,0.07,8.728,5.8,4.205,2.236,4.554,74.465,M
0.568,1.131,0.897,0.658,0.103,6.53,3.793,2.347,2.021,3.615,0.568,1.131,0.897,0.658,0.103,6.53,3.793,2.347,2.021,3.615,72.236,M
0.575,1.035,0.933,0.692,0.141,3.932,2.687,1.767,1.383,1.856,0.575,1.035,0.933,0.692,0.141,3.932,2.687,1.767,1.383,1.856,70.007,M
0.57,0.995,0.959,0.701,0.14,3.357,2.472,1.894,0.947,1.656,0.57,0.995,0.959,0.701,0.14,3.357,2.472,1.894,0.947,1.656,70.937,M
0.573,1.117,0.941,0.622,0.05,13.238,8.21,6.462,2.973,7.343,0.573,1.117,0.941,0.622,0.05,13.238,8.21,6.462,2.973,7.343,73.926,M
0.55,1.033,0.937,0.632,0.093,6.023,4.346,3.272,1.949,3.017,0.55,1.033,0.937,0.632,0.093,6.023,4.346,3.272,1.949,3.017,72.236,M
0.567,1.097,0.951,0.697,0.146,4.567,2.696,1.916,1.103,2.363,0.567,1.097,0.951,0.697,0.146,4.567,2.696,1.916,1.103,2.363,72.615,M
0.568,1.103,0.927,0.71,0.156,4,2.228,1.421,1.166,2.292,0.568,1.103,0.927,0.71,0.156,4,2.228,1.421,1.166,2.292,70.937,M
0.551,1.119,0.931,0.722,0.181,3.796,2.127,1.399,0.84,1.974,0.551,1.119,0.931,0.722,0.181,3.796,2.127,1.399,0.84,1.974,75.769,M
0.54,1.013,0.933,0.569,0.031,18.617,14.947,11.769,6.488,8.602,0.54,1.013,0.933,0.569,0.031,18.617,14.947,11.769,6.488,8.602,77.621,M
0.567,0.993,0.933,0.607,0.042,11.731,9.735,7.696,3.682,5.778,0.567,0.993,0.933,0.607,0.042,11.731,9.735,7.696,3.682,5.778,72.236,M
0.579,1.098,0.955,0.652,0.077,7.961,4.993,3.971,1.903,4.241,0.579,1.098,0.955,0.652,0.077,7.961,4.993,3.971,1.903,4.241,71.309,M
0.557,0.987,0.932,0.672,0.128,3.568,2.915,2.065,1.306,1.489,0.557,0.987,0.932,0.672,0.128,3.568,2.915,2.065,1.306,1.489,72.45,M
0.571,1.044,0.945,0.621,0.071,7.925,5.771,4.547,2.43,3.826,0.571,1.044,0.945,0.621,0.071,7.925,5.771,4.547,2.43,3.826,69.289,M
0.573,1.098,0.985,0.653,0.08,7.603,4.715,4.129,2.446,4.217,0.573,1.098,0.985,0.653,0.08,7.603,4.715,4.129,2.446,4.217,74.465,M
0.55,1.003,0.923,0.682,0.139,3.596,2.682,1.765,1.397,1.672,0.55,1.003,0.923,0.682,0.139,3.596,2.682,1.765,1.397,1.672,72.801,M
0.548,1.107,0.819,0.557,0.031,23.345,15.815,8.485,8.927,11.459,0.548,1.107,0.819,0.557,0.031,23.345,15.815,8.485,8.927,11.459,77.078,M
0.561,1.009,0.929,0.689,0.158,3.281,2.365,1.566,1.141,1.547,0.561,1.009,0.929,0.689,0.158,3.281,2.365,1.566,1.141,1.547,69.642,M
0.575,1.121,0.967,0.633,0.067,10.137,6.268,5.14,2.236,5.215,0.575,1.121,0.967,0.633,0.067,10.137,6.268,5.14,2.236,5.215,72.615,M
0.555,1.038,0.93,0.648,0.097,5.377,3.851,2.894,1.72,2.814,0.555,1.038,0.93,0.648,0.097,5.377,3.851,2.894,1.72,2.814,70.576,M
0.562,1.06,0.942,0.607,0.049,11.819,8.602,6.803,3.538,5.463,0.562,1.06,0.942,0.607,0.049,11.819,8.602,6.803,3.538,5.463,71.868,M
0.546,1.096,0.907,0.557,0.022,30.653,21.19,16,8.062,16.401,0.546,1.096,0.907,0.557,0.022,30.653,21.19,16,8.062,16.401,76.694,M
0.54,0.975,0.919,0.64,0.117,4.256,3.563,2.49,1.424,1.756,0.54,0.975,0.919,0.64,0.117,4.256,3.563,2.49,1.424,1.756,75.027,M
0.553,1.1,0.937,0.537,0.03,22.784,16.169,13.437,6.128,11.629,0.553,1.1,0.937,0.537,0.03,22.784,16.169,13.437,6.128,11.629,77.621,M
0.56,1.084,0.904,0.638,0.11,6.091,3.952,2.492,2.04,3,0.56,1.084,0.904,0.638,0.11,6.091,3.952,2.492,2.04,3,73.164,M
0.558,1.062,0.849,0.621,0.108,5.752,3.988,2.177,2.068,2.758,0.558,1.062,0.849,0.621,0.108,5.752,3.988,2.177,2.068,2.758,71.512,M
0.603,1.033,0.957,0.69,0.116,4.621,3.086,2.383,1.149,2.432,0.603,1.033,0.957,0.69,0.116,4.621,3.086,2.383,1.149,2.432,65.924,M
0.554,1.088,0.935,0.614,0.063,10.127,6.717,5.099,3.092,5.238,0.554,1.088,0.935,0.614,0.063,10.127,6.717,5.099,3.092,5.238,74.095,M
0.546,1.062,0.92,0.578,0.035,17.629,12.785,9.676,5.505,8.705,0.546,1.062,0.92,0.578,0.035,17.629,12.785,9.676,5.505,8.705,74.095,M
0.535,1.046,0.923,0.636,0.105,5.683,3.952,2.78,1.867,2.83,0.535,1.046,0.923,0.636,0.105,5.683,3.952,2.78,1.867,2.83,77.253,M
0.614,1.097,0.946,0.694,0.139,4.704,2.852,1.956,1.314,2.326,0.614,1.097,0.946,0.694,0.139,4.704,2.852,1.956,1.314,2.326,68.154,M
0.544,1.002,0.942,0.597,0.053,9.586,7.878,6.497,3.151,4.774,0.544,1.002,0.942,0.597,0.053,9.586,7.878,6.497,3.151,4.774,75.027,M
0.533,1.085,0.94,0.607,0.075,8.457,5.777,4.466,2.509,4.111,0.533,1.085,0.94,0.607,0.075,8.457,5.777,4.466,2.509,4.111,77.253,M
0.555,1.065,0.952,0.604,0.049,12.348,8.637,7.155,3.256,6.539,0.555,1.065,0.952,0.604,0.049,12.348,8.637,7.155,3.256,6.539,75.392,M
0.556,1.047,0.934,0.709,0.174,3.203,2.097,1.391,0.931,1.539,0.556,1.047,0.934,0.709,0.174,3.203,2.097,1.391,0.931,1.539,73.389,M
0.544,0.977,0.972,0.666,0.123,3.606,2.954,2.524,0.91,1.772,0.544,0.977,0.972,0.666,0.123,3.606,2.954,2.524,0.91,1.772,75.961,M
0.531,1.074,0.973,0.664,0.145,3.813,2.453,2.128,0.899,2.188,0.531,1.074,0.973,0.664,0.145,3.813,2.453,2.128,0.899,2.188,80.411,M
0.555,1.105,0.946,0.589,0.038,16.155,10.934,9.304,3.889,9.059,0.555,1.105,0.946,0.589,0.038,16.155,10.934,9.304,3.889,9.059,75.027,M
0.608,1.116,0.951,0.738,0.167,3.804,2.044,1.366,0.953,2.098,0.608,1.116,0.951,0.738,0.167,3.804,2.044,1.366,0.953,2.098,69.08,M
0.586,1.09,0.953,0.699,0.116,4.771,2.824,2.192,1.235,2.785,0.586,1.09,0.953,0.699,0.116,4.771,2.824,2.192,1.235,2.785,68.71,M
0.584,1.044,0.936,0.713,0.161,3.301,2.136,1.414,1.111,1.683,0.584,1.044,0.936,0.713,0.161,3.301,2.136,1.414,1.111,1.683,68.352,M
0.524,1.013,0.947,0.601,0.081,6.576,5.237,4.287,2.145,3.148,0.524,1.013,0.947,0.601,0.081,6.576,5.237,4.287,2.145,3.148,78.186,M
0.556,1.03,0.946,0.706,0.161,3.402,2.216,1.568,0.948,1.793,0.556,1.03,0.946,0.706,0.161,3.402,2.216,1.568,0.948,1.793,72.801,M
0.545,1.034,0.945,0.681,0.147,3.717,2.547,1.834,1.179,1.834,0.545,1.034,0.945,0.681,0.147,3.717,2.547,1.834,1.179,1.834,73.389,M
0.554,1.041,0.955,0.63,0.08,6.835,4.978,4.067,2.065,3.378,0.554,1.041,0.955,0.63,0.08,6.835,4.978,4.067,2.065,3.378,76.694,M
0.553,1.053,0.949,0.601,0.057,10.066,7.406,6.136,2.792,5,0.553,1.053,0.949,0.601,0.057,10.066,7.406,6.136,2.792,5,72.45,M
0.563,1.087,0.937,0.64,0.082,7.063,4.62,3.638,1.675,3.953,0.563,1.087,0.937,0.64,0.082,7.063,4.62,3.638,1.675,3.953,70.228,M
0.558,0.991,0.514,0.478,0.172,3.884,3.504,0.54,3.036,1.114,0.558,0.991,0.514,0.478,0.172,3.884,3.504,0.54,3.036,1.114,75.611,N
0.554,0.977,0.492,0.473,0.177,3.807,3.493,0.573,3.061,1.101,0.554,0.977,0.492,0.473,0.177,3.807,3.493,0.573,3.061,1.101,77.253,N
0.544,0.964,0.492,0.454,0.142,4.618,4.398,0.696,3.801,1.281,0.544,0.964,0.492,0.454,0.142,4.618,4.398,0.696,3.801,1.281,81.707,N
0.562,0.971,0.501,0.476,0.184,3.602,3.372,0.588,2.901,0.931,0.562,0.971,0.501,0.476,0.184,3.602,3.372,0.588,2.901,0.931,79.12,N
0.555,1.006,0.482,0.444,0.157,4.696,3.961,0.614,3.451,1.954,0.555,1.006,0.482,0.444,0.157,4.696,3.961,0.614,3.451,1.954,80.777,N
0.557,0.978,0.478,0.455,0.148,4.567,4.204,0.628,3.719,1.357,0.557,0.978,0.478,0.455,0.148,4.567,4.204,0.628,3.719,1.357,83.006,N
0.545,0.963,0.466,0.447,0.138,4.753,4.503,0.613,4.053,1.432,0.545,0.963,0.466,0.447,0.138,4.753,4.503,0.613,4.053,1.432,82.079,N
0.528,1.002,0.478,0.445,0.16,4.526,3.989,0.651,3.453,1.442,0.528,1.002,0.478,0.445,0.16,4.526,3.989,0.651,3.453,1.442,80.994,N
0.532,0.951,0.493,0.465,0.164,3.886,3.758,0.54,3.307,1.089,0.532,0.951,0.493,0.465,0.164,3.886,3.758,0.54,3.307,1.089,80.006,N
0.539,0.979,0.492,0.475,0.127,5.215,4.754,0.68,4.25,1.612,0.539,0.979,0.492,0.475,0.127,5.215,4.754,0.68,4.25,1.612,81.933,N
0.556,0.967,0.489,0.441,0.162,3.966,3.763,0.511,3.296,1.254,0.556,0.967,0.489,0.441,0.162,3.966,3.763,0.511,3.296,1.254,79.712,N
0.534,0.966,0.496,0.457,0.165,3.982,3.784,0.61,3.257,1.06,0.534,0.966,0.496,0.457,0.165,3.982,3.784,0.61,3.257,1.06,80.957,N
0.529,0.958,0.493,0.459,0.16,4.116,3.912,0.61,3.389,1.183,0.529,0.958,0.493,0.459,0.16,4.116,3.912,0.61,3.389,1.183,82.219,N
0.561,0.994,0.494,0.47,0.144,4.687,4.252,0.667,3.732,1.253,0.561,0.994,0.494,0.47,0.144,4.687,4.252,0.667,3.732,1.253,82.28,N
0.56,0.98,0.496,0.456,0.129,4.968,4.643,0.655,4.076,1.414,0.56,0.98,0.496,0.456,0.129,4.968,4.643,0.655,4.076,1.414,83.57,N
0.57,0.969,0.486,0.448,0.179,3.725,3.494,0.544,3.032,1.117,0.57,0.969,0.486,0.448,0.179,3.725,3.494,0.544,3.032,1.117,80.056,N
0.579,0.98,0.501,0.452,0.158,4.211,3.885,0.572,3.357,1.279,0.579,0.98,0.501,0.452,0.158,4.211,3.885,0.572,3.357,1.279,84.309,N
0.526,0.971,0.506,0.469,0.141,4.659,4.339,0.688,3.744,1.343,0.526,0.971,0.506,0.469,0.141,4.659,4.339,0.688,3.744,1.343,83.169,N
0.545,0.976,0.512,0.47,0.123,5.105,4.733,0.691,4.139,1.649,0.545,0.976,0.512,0.47,0.123,5.105,4.733,0.691,4.139,1.649,80.324,N
0.566,0.989,0.526,0.499,0.158,4.091,3.706,0.603,3.217,1.116,0.566,0.989,0.526,0.499,0.158,4.091,3.706,0.603,3.217,1.116,78.109,N
0.532,0.944,0.492,0.449,0.182,3.552,3.492,0.586,2.978,0.979,0.532,0.944,0.492,0.449,0.182,3.552,3.492,0.586,2.978,0.979,79.404,N
0.541,0.967,0.445,0.429,0.172,3.987,3.761,0.584,3.359,1.181,0.541,0.967,0.445,0.429,0.172,3.987,3.761,0.584,3.359,1.181,82.638,N
0.529,0.963,0.479,0.436,0.137,4.837,4.605,0.676,4.011,1.441,0.529,0.963,0.479,0.436,0.137,4.837,4.605,0.676,4.011,1.441,83.815,N
0.54,0.946,0.502,0.452,0.193,3.315,3.218,0.53,2.738,1.017,0.54,0.946,0.502,0.452,0.193,3.315,3.218,0.53,2.738,1.017,78.16,N
0.563,0.997,0.48,0.458,0.163,4.332,3.909,0.585,3.438,1.159,0.563,0.997,0.48,0.458,0.163,4.332,3.909,0.585,3.438,1.159,82.28,N
0.543,0.973,0.493,0.459,0.129,5.055,4.729,0.783,4.101,1.462,0.543,0.973,0.493,0.459,0.129,5.055,4.729,0.783,4.101,1.462,84.155,N
0.541,0.969,0.49,0.446,0.138,4.779,4.516,0.676,3.913,1.37,0.541,0.969,0.49,0.446,0.138,4.779,4.516,0.676,3.913,1.37,84.155,N
0.563,0.953,0.474,0.458,0.158,4.063,3.87,0.533,3.491,1.308,0.563,0.953,0.474,0.458,0.158,4.063,3.87,0.533,3.491,1.308,80.056,N
0.531,0.968,0.49,0.438,0.152,4.397,4.144,0.683,3.526,1.322,0.531,0.968,0.49,0.438,0.152,4.397,4.144,0.683,3.526,1.322,81.908,N
0.546,0.944,0.48,0.441,0.166,3.9,3.834,0.554,3.346,1.112,0.546,0.944,0.48,0.441,0.166,3.9,3.834,0.554,3.346,1.112,82.873,N
0.554,0.978,0.502,0.454,0.139,4.723,4.375,0.676,3.773,1.453,0.554,0.978,0.502,0.454,0.139,4.723,4.375,0.676,3.773,1.453,81.933,N
0.557,0.987,0.49,0.428,0.162,4.246,3.948,0.636,3.343,1.15,0.557,0.987,0.49,0.428,0.162,4.246,3.948,0.636,3.343,1.15,81.597,N
0.539,0.961,0.483,0.455,0.146,4.325,4.149,0.648,3.665,1.244,0.539,0.961,0.483,0.455,0.146,4.325,4.149,0.648,3.665,1.244,80.957,N
0.516,0.966,0.476,0.452,0.119,5.296,5.015,0.735,4.518,1.728,0.516,0.966,0.476,0.452,0.119,5.296,5.015,0.735,4.518,1.728,80.957,N
0.566,0.96,0.498,0.447,0.197,3.354,3.208,0.538,2.718,0.933,0.566,0.96,0.498,0.447,0.197,3.354,3.208,0.538,2.718,0.933,76.844,N
0.513,0.967,0.492,0.445,0.137,4.746,4.488,0.681,3.886,1.452,0.513,0.967,0.492,0.445,0.137,4.746,4.488,0.681,3.886,1.452,82.28,N
0.546,0.971,0.498,0.444,0.16,4.132,3.849,0.641,3.278,1.374,0.546,0.971,0.498,0.444,0.16,4.132,3.849,0.641,3.278,1.374,80.324,N
0.566,0.966,0.474,0.448,0.147,4.409,4.158,0.536,3.745,1.411,0.566,0.966,0.474,0.448,0.147,4.409,4.158,0.536,3.745,1.411,82.638,N
0.541,0.944,0.486,0.457,0.164,3.896,3.781,0.614,3.3,1.195,0.541,0.944,0.486,0.457,0.164,3.896,3.781,0.614,3.3,1.195,80.957,N
0.545,1.015,0.513,0.478,0.151,4.493,3.984,0.625,3.448,1.128,0.545,1.015,0.513,0.478,0.151,4.493,3.984,0.625,3.448,1.128,80.654,N
0.537,0.971,0.483,0.46,0.145,4.567,4.217,0.648,3.732,1.468,0.537,0.971,0.483,0.46,0.145,4.567,4.217,0.648,3.732,1.468,82.219,N
0.541,0.935,0.491,0.451,0.137,4.653,4.534,0.676,3.941,1.569,0.541,0.935,0.491,0.451,0.137,4.653,4.534,0.676,3.941,1.569,84.758,N
0.547,0.993,0.492,0.464,0.152,4.578,4.019,0.576,3.55,1.61,0.547,0.993,0.492,0.464,0.152,4.578,4.019,0.576,3.55,1.61,80.957,N
0.546,0.979,0.482,0.441,0.182,3.808,3.498,0.514,3.042,1.171,0.546,0.979,0.482,0.441,0.182,3.808,3.498,0.514,3.042,1.171,80.362,N
0.522,0.942,0.48,0.453,0.158,4.031,3.931,0.554,3.485,1.24,0.522,0.942,0.48,0.453,0.158,4.031,3.931,0.554,3.485,1.24,80.362,N
0.513,0.952,0.493,0.462,0.133,4.681,4.577,0.667,4.035,1.269,0.513,0.952,0.493,0.462,0.133,4.681,4.577,0.667,4.035,1.269,83.241,N
0.529,0.973,0.511,0.466,0.126,5.163,4.776,0.75,4.109,1.612,0.529,0.973,0.511,0.466,0.126,5.163,4.776,0.75,4.109,1.612,83.815,N
0.566,0.957,0.471,0.422,0.188,3.56,3.449,0.549,2.959,1.004,0.566,0.957,0.471,0.422,0.188,3.56,3.449,0.549,2.959,1.004,81.933,N
0.536,0.969,0.495,0.463,0.137,4.729,4.433,0.658,3.893,1.414,0.536,0.969,0.495,0.463,0.137,4.729,4.433,0.658,3.893,1.414,81.908,N
0.523,0.961,0.495,0.445,0.17,3.926,3.762,0.685,3.156,1.06,0.523,0.961,0.495,0.445,0.17,3.926,3.762,0.685,3.156,1.06,82.006,N
0.552,0.972,0.487,0.447,0.155,4.392,4.031,0.592,3.512,1.468,0.552,0.972,0.487,0.447,0.155,4.392,4.031,0.592,3.512,1.468,83.487,N
1.069,1.027,0.942,0.939,0.262,0.559,0.602,0.559,0.224,0.158,1.069,1.027,0.942,0.939,0.262,0.559,0.602,0.559,0.224,0.158,2.236,O
1.039,0.986,0.971,0.974,0.242,0.549,0.5,0.485,0.121,0.086,1.039,0.986,0.971,0.974,0.242,0.549,0.5,0.485,0.121,0.086,1,O
1.039,0.986,0.971,0.974,0.242,0.549,0.5,0.485,0.121,0.086,1.039,0.986,0.971,0.974,0.242,0.549,0.5,0.485,0.121,0.086,1,O
1.032,1.014,0.97,0.933,0.25,0.513,0.427,0.352,0.121,0.085,1.032,1.014,0.97,0.933,0.25,0.513,0.427,0.352,0.121,0.085,1,O
1.032,1.014,0.97,0.933,0.25,0.513,0.427,0.352,0.121,0.085,1.032,1.014,0.97,0.933,0.25,0.513,0.427,0.352,0.121,0.085,1,O
1.066,1,0.984,0.957,0.207,0.584,0.447,0.485,0.108,0.153,1.066,1,0.984,0.957,0.207,0.584,0.447,0.485,0.108,0.153,2.236,O
1.066,1,0.984,0.957,0.207,0.584,0.447,0.485,0.108,0.153,1.066,1,0.984,0.957,0.207,0.584,0.447,0.485,0.108,0.153,2.236,O
1.032,0.969,0.925,0.932,0.22,0.516,0.479,0.406,0.345,0.192,1.032,0.969,0.925,0.932,0.22,0.516,0.479,0.406,0.345,0.192,1,O
1.032,0.969,0.925,0.932,0.22,0.516,0.479,0.406,0.345,0.192,1.032,0.969,0.925,0.932,0.22,0.516,0.479,0.406,0.345,0.192,1,O
1.017,0.985,0.927,0.889,0.229,0.544,0.566,0.369,0.322,0.089,1.017,0.985,0.927,0.889,0.229,0.544,0.566,0.369,0.322,0.089,1,O
1.017,0.985,0.927,0.889,0.229,0.544,0.566,0.369,0.322,0.089,1.017,0.985,0.927,0.889,0.229,0.544,0.566,0.369,0.322,0.089,1,O
1.053,1,0.938,0.928,0.252,0.533,0.533,0.439,0.248,0,1.053,1,0.938,0.928,0.252,0.533,0.533,0.439,0.248,0,1.414,O
1.053,1,0.938,0.928,0.252,0.533,0.533,0.439,0.248,0,1.053,1,0.938,0.928,0.252,0.533,0.533,0.439,0.248,0,1.414,O
1.018,0.986,0.942,0.919,0.214,0.479,0.575,0.428,0.271,0.096,1.018,0.986,0.942,0.919,0.214,0.479,0.575,0.428,0.271,0.096,1,O
1.018,0.986,0.942,0.919,0.214,0.479,0.575,0.428,0.271,0.096,1.018,0.986,0.942,0.919,0.214,0.479,0.575,0.428,0.271,0.096,1,O
1.07,0.97,0.95,0.959,0.271,0.788,0.689,0.483,0.256,0.171,1.07,0.97,0.95,0.959,0.271,0.788,0.689,0.483,0.256,0.171,1,O
1.07,0.97,0.95,0.959,0.271,0.788,0.689,0.483,0.256,0.171,1.07,0.97,0.95,0.959,0.271,0.788,0.689,0.483,0.256,0.171,1,O
1.034,0.986,0.942,0.887,0.226,0.488,0.573,0.362,0.256,0.091,1.034,0.986,0.942,0.887,0.226,0.488,0.573,0.362,0.256,0.091,1,O
1.034,0.986,0.942,0.887,0.226,0.488,0.573,0.362,0.256,0.091,1.034,0.986,0.942,0.887,0.226,0.488,0.573,0.362,0.256,0.091,1,O
1.009,0.985,0.955,0.884,0.241,0.614,0.62,0.439,0.196,0.088,1.009,0.985,0.955,0.884,0.241,0.614,0.62,0.439,0.196,0.088,1,O
1.009,0.985,0.955,0.884,0.241,0.614,0.62,0.439,0.196,0.088,1.009,0.985,0.955,0.884,0.241,0.614,0.62,0.439,0.196,0.088,1,O
1.07,1,0.954,0.928,0.269,0.492,0.492,0.471,0.181,0,1.07,1,0.954,0.928,0.269,0.492,0.492,0.471,0.181,0,0,O
1.07,1,0.954,0.928,0.269,0.492,0.492,0.471,0.181,0,1.07,1,0.954,0.928,0.269,0.492,0.492,0.471,0.181,0,0,O
1.008,0.986,0.944,0.905,0.233,0.513,0.52,0.352,0.242,0.085,1.008,0.986,0.944,0.905,0.233,0.513,0.52,0.352,0.242,0.085,2,O
1.008,0.986,0.944,0.905,0.233,0.513,0.52,0.352,0.242,0.085,1.008,0.986,0.944,0.905,0.233,0.513,0.52,0.352,0.242,0.085,2,O
1.036,1,0.954,0.88,0.24,0.64,0.64,0.453,0.202,0,1.036,1,0.954,0.88,0.24,0.64,0.64,0.453,0.202,0,1,O
1.036,1,0.954,0.88,0.24,0.64,0.64,0.453,0.202,0,1.036,1,0.954,0.88,0.24,0.64,0.64,0.453,0.202,0,1,O
1.022,1,0.97,0.913,0.22,0.575,0.575,0.488,0.135,0,1.022,1,0.97,0.913,0.22,0.575,0.575,0.488,0.135,0,1,O
1.022,1,0.97,0.913,0.22,0.575,0.575,0.488,0.135,0,1.022,1,0.97,0.913,0.22,0.575,0.575,0.488,0.135,0,1,O
1.045,0.999,0.955,0.886,0.232,0.643,0.575,0.455,0.203,0.129,1.045,0.999,0.955,0.886,0.232,0.643,0.575,0.455,0.203,0.129,1.414,O
1.045,0.999,0.955,0.886,0.232,0.643,0.575,0.455,0.203,0.129,1.045,0.999,0.955,0.886,0.232,0.643,0.575,0.455,0.203,0.129,1.414,O
1.022,0.985,0.955,0.903,0.267,0.652,0.637,0.5,0.177,0.079,1.022,0.985,0.955,0.903,0.267,0.652,0.637,0.5,0.177,0.079,1.414,O
1.022,0.985,0.955,0.903,0.267,0.652,0.637,0.5,0.177,0.079,1.022,0.985,0.955,0.903,0.267,0.652,0.637,0.5,0.177,0.079,1.414,O
1.024,1.001,0.97,0.897,0.244,0.707,0.614,0.533,0.124,0.124,1.024,1.001,0.97,0.897,0.244,0.707,0.614,0.533,0.124,0.124,2,O
1.024,1.001,0.97,0.897,0.244,0.707,0.614,0.533,0.124,0.124,1.024,1.001,0.97,0.897,0.244,0.707,0.614,0.533,0.124,0.124,2,O
1.033,1.031,0.939,0.9,0.243,0.651,0.544,0.369,0.253,0.126,1.033,1.031,0.939,0.9,0.243,0.651,0.544,0.369,0.253,0.126,1.414,O
1.033,1.031,0.939,0.9,0.243,0.651,0.544,0.369,0.253,0.126,1.033,1.031,0.939,0.9,0.243,0.651,0.544,0.369,0.253,0.126,1.414,O
1.018,1,0.941,0.904,0.244,0.614,0.614,0.362,0.277,0,1.018,1,0.941,0.904,0.244,0.614,0.614,0.362,0.277,0,1,O
1.018,1,0.941,0.904,0.244,0.614,0.614,0.362,0.277,0,1.018,1,0.941,0.904,0.244,0.614,0.614,0.362,0.277,0,1,O
1.033,1.014,0.941,0.905,0.269,0.732,0.566,0.333,0.256,0.181,1.033,1.014,0.941,0.905,0.269,0.732,0.566,0.333,0.256,0.181,1,O
1.033,1.014,0.941,0.905,0.269,0.732,0.566,0.333,0.256,0.181,1.033,1.014,0.941,0.905,0.269,0.732,0.566,0.333,0.256,0.181,1,O
1.081,1.016,0.969,0.934,0.273,0.678,0.598,0.443,0.164,0.082,1.081,1.016,0.969,0.934,0.273,0.678,0.598,0.443,0.164,0.082,1,O
1.081,1.016,0.969,0.934,0.273,0.678,0.598,0.443,0.164,0.082,1.081,1.016,0.969,0.934,0.273,0.678,0.598,0.443,0.164,0.082,1,O
0.975,0.985,0.914,0.848,0.226,0.738,0.764,0.447,0.379,0.089,0.975,0.985,0.914,0.848,0.226,0.738,0.764,0.447,0.379,0.089,1.414,O
0.975,0.985,0.914,0.848,0.226,0.738,0.764,0.447,0.379,0.089,0.975,0.985,0.914,0.848,0.226,0.738,0.764,0.447,0.379,0.089,1.414,O
0.975,0.985,0.914,0.848,0.226,0.738,0.764,0.447,0.379,0.089,0.975,0.985,0.914,0.848,0.226,0.738,0.764,0.447,0.379,0.089,1.414,O
0.975,0.985,0.914,0.848,0.226,0.738,0.764,0.447,0.379,0.089,0.975,0.985,0.914,0.848,0.226,0.738,0.764,0.447,0.379,0.089,1.414,O
0.975,0.985,0.914,0.848,0.226,0.738,0.764,0.447,0.379,0.089,0.975,0.985,0.914,0.848,0.226,0.738,0.764,0.447,0.379,0.089,1.414,O
0.975,0.985,0.914,0.848,0.226,0.738,0.764,0.447,0.379,0.089,0.975,0.985,0.914,0.848,0.226,0.738,0.764,0.447,0.379,0.089,1.414,O
1.029,0.985,0.957,0.933,0.289,0.613,0.592,0.482,0.161,0.072,1.029,0.985,0.957,0.933,0.289,0.613,0.592,0.482,0.161,0.072,0,O
1.029,0.985,0.957,0.933,0.289,0.613,0.592,0.482,0.161,0.072,1.029,0.985,0.957,0.933,0.289,0.613,0.592,0.482,0.161,0.072,0,O
1.333,2.006,0.816,0.706,0.628,2.448,0.482,0.187,0.296,2.111,1.333,2.006,0.816,0.706,0.628,2.448,0.482,0.187,0.296,2.111,33.615,P
1.3,1.933,0.832,0.684,0.619,2.419,0.527,0.259,0.272,2.064,1.3,1.933,0.832,0.684,0.619,2.419,0.527,0.259,0.272,2.064,35.847,P
1.311,1.936,0.819,0.698,0.613,2.374,0.5,0.215,0.295,2.042,1.311,1.936,0.819,0.698,0.613,2.374,0.5,0.215,0.295,2.042,34.176,P
1.311,1.951,0.834,0.698,0.613,2.408,0.5,0.231,0.272,2.081,1.311,1.951,0.834,0.698,0.613,2.408,0.5,0.231,0.272,2.081,38.949,P
1.283,1.955,0.834,0.726,0.557,2.612,0.5,0.205,0.299,2.278,1.283,1.955,0.834,0.726,0.557,2.612,0.5,0.205,0.299,2.278,37.59,P
1.361,2.002,0.828,0.689,0.673,2.279,0.465,0.216,0.257,2.003,1.361,2.002,0.828,0.689,0.673,2.279,0.465,0.216,0.257,2.003,37.59,P
1.341,2.013,0.84,0.715,0.626,2.458,0.464,0.219,0.255,2.147,1.341,2.013,0.84,0.715,0.626,2.458,0.464,0.219,0.255,2.147,36.715,P
1.305,1.958,0.83,0.693,0.614,2.471,0.512,0.237,0.278,2.141,1.305,1.958,0.83,0.693,0.614,2.471,0.512,0.237,0.278,2.141,38.079,P
1.324,2.012,0.813,0.688,0.638,2.448,0.508,0.215,0.296,2.079,1.324,2.012,0.813,0.688,0.638,2.448,0.508,0.215,0.296,2.079,36.359,P
1.352,1.987,0.845,0.722,0.63,2.411,0.462,0.215,0.25,2.073,1.352,1.987,0.845,0.722,0.63,2.411,0.462,0.215,0.25,2.073,39.115,P
1.353,2.055,0.803,0.689,0.666,2.416,0.482,0.203,0.296,2.079,1.353,2.055,0.803,0.689,0.666,2.416,0.482,0.203,0.296,2.079,38.079,P
1.354,1.973,0.827,0.715,0.639,2.345,0.455,0.187,0.272,2.042,1.354,1.973,0.827,0.715,0.639,2.345,0.455,0.187,0.272,2.042,38.275,P
1.353,2.012,0.826,0.717,0.638,2.419,0.463,0.203,0.272,2.079,1.353,2.012,0.826,0.717,0.638,2.419,0.463,0.203,0.272,2.079,37.59,P
1.351,2.025,0.812,0.703,0.651,2.432,0.471,0.199,0.29,2.111,1.351,2.025,0.812,0.703,0.651,2.432,0.471,0.199,0.29,2.111,37.736,P
1.296,1.927,0.819,0.714,0.583,2.503,0.505,0.213,0.31,2.162,1.296,1.927,0.819,0.714,0.583,2.503,0.505,0.213,0.31,2.162,35.847,P
1.34,1.995,0.831,0.709,0.633,2.398,0.471,0.211,0.267,2.073,1.34,1.995,0.831,0.709,0.633,2.398,0.471,0.211,0.267,2.073,37.736,P
1.34,2.032,0.842,0.729,0.611,2.525,0.456,0.195,0.262,2.203,1.34,2.032,0.842,0.729,0.611,2.525,0.456,0.195,0.262,2.203,39.446,P
1.347,2,0.825,0.701,0.647,2.408,0.48,0.215,0.272,2.073,1.347,2,0.825,0.701,0.647,2.408,0.48,0.215,0.272,2.073,38.588,P
1.327,2.008,0.826,0.717,0.611,2.528,0.483,0.212,0.284,2.179,1.327,2.008,0.826,0.717,0.611,2.528,0.483,0.212,0.284,2.179,39.661,P
1.364,2.064,0.822,0.712,0.656,2.486,0.463,0.203,0.272,2.149,1.364,2.064,0.822,0.712,0.656,2.486,0.463,0.203,0.272,2.149,39.962,P
1.324,2.008,0.826,0.7,0.624,2.471,0.492,0.22,0.278,2.133,1.324,2.008,0.826,0.7,0.624,2.471,0.492,0.22,0.278,2.133,38.588,P
1.325,1.985,0.827,0.687,0.639,2.411,0.5,0.231,0.272,2.089,1.325,1.985,0.827,0.687,0.639,2.411,0.5,0.231,0.272,2.089,39.962,P
1.38,2.093,0.837,0.709,0.672,2.422,0.452,0.21,0.245,2.085,1.38,2.093,0.837,0.709,0.672,2.422,0.452,0.21,0.245,2.085,38.471,P
1.325,2.005,0.827,0.699,0.626,2.461,0.486,0.209,0.277,2.163,1.325,2.005,0.827,0.699,0.626,2.461,0.486,0.209,0.277,2.163,35.355,P
1.338,2.001,0.827,0.703,0.637,2.457,0.482,0.215,0.272,2.135,1.338,2.001,0.827,0.703,0.637,2.457,0.482,0.215,0.272,2.135,39.115,P
1.338,1.985,0.798,0.687,0.652,2.362,0.49,0.183,0.31,2.046,1.338,1.985,0.798,0.687,0.652,2.362,0.49,0.183,0.31,2.046,38.079,P
1.333,1.995,0.795,0.685,0.649,2.411,0.506,0.202,0.317,2.05,1.333,1.995,0.795,0.685,0.649,2.411,0.506,0.202,0.317,2.05,39.446,P
1.343,2.011,0.812,0.701,0.645,2.454,0.482,0.187,0.296,2.126,1.343,2.011,0.812,0.701,0.645,2.454,0.482,0.187,0.296,2.126,39.446,P
1.333,1.994,0.801,0.678,0.657,2.378,0.504,0.206,0.304,2.042,1.333,1.994,0.801,0.678,0.657,2.378,0.504,0.206,0.304,2.042,36.62,P
1.327,2.008,0.813,0.705,0.624,2.507,0.501,0.208,0.302,2.133,1.327,2.008,0.813,0.705,0.624,2.507,0.501,0.208,0.302,2.133,40.311,P
1.353,2.008,0.813,0.717,0.638,2.422,0.463,0.173,0.296,2.087,1.353,2.008,0.813,0.717,0.638,2.422,0.463,0.173,0.296,2.087,38.588,P
1.344,1.953,0.817,0.68,0.664,2.251,0.487,0.216,0.276,1.952,1.344,1.953,0.817,0.68,0.664,2.251,0.487,0.216,0.276,1.952,39.661,P
1.315,1.932,0.803,0.681,0.635,2.331,0.514,0.21,0.31,1.986,1.315,1.932,0.803,0.681,0.635,2.331,0.514,0.21,0.31,1.986,40.719,P
1.336,1.952,0.829,0.69,0.646,2.284,0.488,0.225,0.265,1.955,1.336,1.952,0.829,0.69,0.646,2.284,0.488,0.225,0.265,1.955,39.115,P
1.333,1.958,0.814,0.693,0.642,2.362,0.49,0.21,0.289,2.046,1.333,1.958,0.814,0.693,0.642,2.362,0.49,0.21,0.289,2.046,38.588,P
1.327,1.988,0.813,0.688,0.64,2.411,0.506,0.215,0.295,2.05,1.327,1.988,0.813,0.688,0.64,2.411,0.506,0.215,0.295,2.05,39.357,P
1.341,1.985,0.798,0.687,0.654,2.353,0.488,0.182,0.309,2.038,1.341,1.985,0.798,0.687,0.654,2.353,0.488,0.182,0.309,2.038,40.224,P
1.302,1.95,0.786,0.681,0.626,2.46,0.527,0.203,0.342,2.115,1.302,1.95,0.786,0.681,0.626,2.46,0.527,0.203,0.342,2.115,38.588,P
1.316,1.957,0.804,0.684,0.634,2.391,0.514,0.21,0.31,2.038,1.316,1.957,0.804,0.684,0.634,2.391,0.514,0.21,0.31,2.038,39.115,P
1.343,2.016,0.809,0.684,0.661,2.391,0.49,0.21,0.289,2.069,1.343,2.016,0.809,0.684,0.661,2.391,0.49,0.21,0.289,2.069,36.359,P
1.316,1.957,0.804,0.695,0.621,2.408,0.5,0.187,0.317,2.081,1.316,1.957,0.804,0.695,0.621,2.408,0.5,0.187,0.317,2.081,41.183,P
1.336,1.962,0.801,0.662,0.674,2.249,0.51,0.216,0.296,1.916,1.336,1.962,0.801,0.662,0.674,2.249,0.51,0.216,0.296,1.916,37.216,P
1.333,1.962,0.816,0.694,0.642,2.367,0.497,0.211,0.29,2.012,1.333,1.962,0.816,0.694,0.642,2.367,0.497,0.211,0.29,2.012,36.359,P
1.323,1.943,0.816,0.678,0.646,2.319,0.512,0.225,0.288,1.97,1.323,1.943,0.816,0.678,0.646,2.319,0.512,0.225,0.288,1.97,40.497,P
1.348,2.044,0.806,0.69,0.658,2.408,0.476,0.187,0.295,2.112,1.348,2.044,0.806,0.69,0.658,2.408,0.476,0.187,0.295,2.112,39.962,P
1.314,2.011,0.796,0.672,0.645,2.483,0.527,0.215,0.318,2.126,1.314,2.011,0.796,0.672,0.645,2.483,0.527,0.215,0.318,2.126,37.443,P
1.309,1.98,0.783,0.673,0.637,2.443,0.521,0.187,0.34,2.128,1.309,1.98,0.783,0.673,0.637,2.443,0.521,0.187,0.34,2.128,40.817,P
1.311,1.964,0.826,0.7,0.611,2.462,0.503,0.225,0.284,2.123,1.311,1.964,0.826,0.7,0.611,2.462,0.503,0.225,0.284,2.123,39.115,P
1.302,1.93,0.799,0.66,0.642,2.331,0.532,0.226,0.314,2.033,1.302,1.93,0.799,0.66,0.642,2.331,0.532,0.226,0.314,2.033,39.115,P
1.307,1.978,0.816,0.694,0.615,2.507,0.519,0.22,0.302,2.141,1.307,1.978,0.816,0.694,0.615,2.507,0.519,0.22,0.302,2.141,39.962,P
1.305,1.935,0.773,0.681,0.627,2.422,0.527,0.173,0.363,2.073,1.305,1.935,0.773,0.681,0.627,2.422,0.527,0.173,0.363,2.073,39.962,P
1.296,1.998,0.779,0.705,0.656,1.97,0.551,0.231,0.351,1.652,1.296,1.998,0.779,0.705,0.656,1.97,0.551,0.231,0.351,1.652,30.676,Q
1.336,1.951,0.763,0.692,0.723,1.75,0.551,0.216,0.356,1.367,1.336,1.951,0.763,0.692,0.723,1.75,0.551,0.216,0.356,1.367,26,Q
1.405,2.171,0.774,0.738,0.801,1.799,0.546,0.237,0.335,1.557,1.405,2.171,0.774,0.738,0.801,1.799,0.546,0.237,0.335,1.557,27.893,Q
1.329,1.966,0.766,0.698,0.687,1.844,0.532,0.179,0.366,1.487,1.329,1.966,0.766,0.698,0.687,1.844,0.532,0.179,0.366,1.487,27.857,Q
1.336,1.866,0.792,0.713,0.679,1.706,0.516,0.23,0.316,1.311,1.336,1.866,0.792,0.713,0.679,1.706,0.516,0.23,0.316,1.311,25.632,Q
1.307,1.999,0.77,0.727,0.694,1.835,0.562,0.251,0.356,1.546,1.307,1.999,0.77,0.727,0.694,1.835,0.562,0.251,0.356,1.546,30.083,Q
1.405,1.931,0.761,0.703,0.801,1.558,0.529,0.218,0.333,1.2,1.405,1.931,0.761,0.703,0.801,1.558,0.529,0.218,0.333,1.2,25.632,Q
1.251,1.948,0.788,0.687,0.624,2.023,0.623,0.25,0.378,1.67,1.251,1.948,0.788,0.687,0.624,2.023,0.623,0.25,0.378,1.67,28.636,Q
1.322,1.983,0.766,0.687,0.702,1.852,0.586,0.259,0.355,1.48,1.322,1.983,0.766,0.687,0.702,1.852,0.586,0.259,0.355,1.48,25.495,Q
1.339,1.988,0.762,0.701,0.696,1.851,0.57,0.238,0.365,1.502,1.339,1.988,0.762,0.701,0.696,1.851,0.57,0.238,0.365,1.502,27.313,Q
1.388,2.075,0.769,0.74,0.743,1.803,0.524,0.221,0.344,1.529,1.388,2.075,0.769,0.74,0.743,1.803,0.524,0.221,0.344,1.529,27.857,Q
1.323,2.089,0.767,0.685,0.738,1.904,0.566,0.238,0.345,1.577,1.323,2.089,0.767,0.685,0.738,1.904,0.566,0.238,0.345,1.577,28.46,Q
1.365,2.006,0.803,0.762,0.679,1.833,0.501,0.206,0.322,1.593,1.365,2.006,0.803,0.762,0.679,1.833,0.501,0.206,0.322,1.593,27.857,Q
1.32,2.133,0.782,0.751,0.645,2.145,0.554,0.252,0.359,1.922,1.32,2.133,0.782,0.751,0.645,2.145,0.554,0.252,0.359,1.922,29.547,Q
1.356,1.965,0.746,0.687,0.745,1.72,0.552,0.218,0.364,1.375,1.356,1.965,0.746,0.687,0.745,1.72,0.552,0.218,0.364,1.375,25.08,Q
1.314,1.978,0.766,0.687,0.7,1.849,0.587,0.26,0.356,1.488,1.314,1.978,0.766,0.687,0.7,1.849,0.587,0.26,0.356,1.488,27.295,Q
1.214,1.849,0.706,0.644,0.643,1.875,0.677,0.216,0.487,1.447,1.214,1.849,0.706,0.644,0.643,1.875,0.677,0.216,0.487,1.447,26.077,Q
1.329,1.86,0.784,0.743,0.702,1.6,0.553,0.244,0.343,1.31,1.329,1.86,0.784,0.743,0.702,1.6,0.553,0.244,0.343,1.31,26.571,Q
1.362,2.056,0.779,0.699,0.753,1.805,0.539,0.252,0.314,1.493,1.362,2.056,0.779,0.699,0.753,1.805,0.539,0.252,0.314,1.493,26.833,Q
1.401,2.056,0.79,0.732,0.754,1.759,0.514,0.225,0.312,1.491,1.401,2.056,0.79,0.732,0.754,1.759,0.514,0.225,0.312,1.491,25.08,Q
1.303,1.923,0.777,0.7,0.686,1.782,0.57,0.252,0.345,1.457,1.303,1.923,0.777,0.7,0.686,1.782,0.57,0.252,0.345,1.457,25.08,Q
1.41,2.195,0.79,0.748,0.754,1.92,0.523,0.244,0.312,1.722,1.41,2.195,0.79,0.748,0.754,1.92,0.523,0.244,0.312,1.722,25.06,Q
1.348,1.965,0.8,0.735,0.706,1.744,0.554,0.269,0.312,1.475,1.348,1.965,0.8,0.735,0.706,1.744,0.554,0.269,0.312,1.475,25.495,Q
1.436,2.038,0.807,0.811,0.69,1.78,0.447,0.201,0.31,1.632,1.436,2.038,0.807,0.811,0.69,1.78,0.447,0.201,0.31,1.632,23.77,Q
1.344,2.1,0.754,0.741,0.688,1.976,0.535,0.221,0.381,1.751,1.344,2.1,0.754,0.741,0.688,1.976,0.535,0.221,0.381,1.751,26.926,Q
1.299,1.791,0.774,0.692,0.692,1.587,0.57,0.252,0.345,1.256,1.299,1.791,0.774,0.692,0.692,1.587,0.57,0.252,0.345,1.256,28.862,Q
1.307,1.899,0.79,0.711,0.643,1.846,0.553,0.23,0.345,1.484,1.307,1.899,0.79,0.711,0.643,1.846,0.553,0.23,0.345,1.484,26,Q
1.341,2.114,0.756,0.675,0.759,1.896,0.595,0.26,0.355,1.62,1.341,2.114,0.756,0.675,0.759,1.896,0.595,0.26,0.355,1.62,26.401,Q
1.33,2.019,0.773,0.693,0.727,1.825,0.576,0.252,0.344,1.526,1.33,2.019,0.773,0.693,0.727,1.825,0.576,0.252,0.344,1.526,26,Q
1.392,2.048,0.758,0.716,0.754,1.767,0.508,0.2,0.344,1.514,1.392,2.048,0.758,0.716,0.754,1.767,0.508,0.2,0.344,1.514,25.632,Q
1.388,2.107,0.769,0.723,0.766,1.808,0.537,0.237,0.333,1.572,1.388,2.107,0.769,0.723,0.766,1.808,0.537,0.237,0.333,1.572,26.401,Q
1.309,1.87,0.736,0.698,0.7,1.675,0.57,0.2,0.407,1.344,1.309,1.87,0.736,0.698,0.7,1.675,0.57,0.2,0.407,1.344,26,Q
1.32,1.973,0.77,0.689,0.707,1.816,0.57,0.252,0.345,1.516,1.32,1.973,0.77,0.689,0.707,1.816,0.57,0.252,0.345,1.516,26.926,Q
1.364,1.988,0.766,0.687,0.747,1.744,0.551,0.243,0.333,1.424,1.364,1.988,0.766,0.687,0.747,1.744,0.551,0.243,0.333,1.424,24.352,Q
1.341,1.987,0.78,0.721,0.706,1.793,0.546,0.225,0.344,1.544,1.341,1.987,0.78,0.721,0.706,1.793,0.546,0.225,0.344,1.544,26,Q
1.348,2.044,0.733,0.688,0.706,1.925,0.535,0.166,0.399,1.628,1.348,2.044,0.733,0.688,0.706,1.925,0.535,0.166,0.399,1.628,26.249,Q
1.39,2.136,0.745,0.702,0.773,1.857,0.553,0.265,0.345,1.639,1.39,2.136,0.745,0.702,0.773,1.857,0.553,0.265,0.345,1.639,25.632,Q
1.351,2.046,0.753,0.693,0.75,1.804,0.559,0.219,0.364,1.539,1.351,2.046,0.753,0.693,0.75,1.804,0.559,0.219,0.364,1.539,27.313,Q
1.392,2.013,0.754,0.679,0.817,1.649,0.536,0.237,0.325,1.29,1.392,2.013,0.754,0.679,0.817,1.649,0.536,0.237,0.325,1.29,25.298,Q
1.245,1.774,0.776,0.685,0.632,1.722,0.62,0.304,0.36,1.377,1.245,1.774,0.776,0.685,0.632,1.722,0.62,0.304,0.36,1.377,26.476,Q
1.347,2.001,0.771,0.684,0.72,1.829,0.536,0.223,0.334,1.491,1.347,2.001,0.771,0.684,0.72,1.829,0.536,0.223,0.334,1.491,26.571,Q
1.329,2.003,0.774,0.729,0.701,1.82,0.545,0.244,0.345,1.551,1.329,2.003,0.774,0.729,0.701,1.82,0.545,0.244,0.345,1.551,24.352,Q
1.401,2.015,0.761,0.684,0.769,1.73,0.502,0.224,0.317,1.419,1.401,2.015,0.761,0.684,0.769,1.73,0.502,0.224,0.317,1.419,24.739,Q
1.384,2.043,0.768,0.701,0.756,1.775,0.529,0.218,0.333,1.49,1.384,2.043,0.768,0.701,0.756,1.775,0.529,0.218,0.333,1.49,24.597,Q
1.457,2.131,0.779,0.724,0.822,1.715,0.518,0.237,0.304,1.49,1.457,2.131,0.779,0.724,0.822,1.715,0.518,0.237,0.304,1.49,22.847,Q
1.326,1.972,0.756,0.703,0.703,1.806,0.584,0.244,0.375,1.526,1.326,1.972,0.756,0.703,0.703,1.806,0.584,0.244,0.375,1.526,25.962,Q
1.315,2.07,0.747,0.66,0.721,1.958,0.583,0.26,0.36,1.645,1.315,2.07,0.747,0.66,0.721,1.958,0.583,0.26,0.36,1.645,27.313,Q
1.337,2.063,0.769,0.707,0.72,1.884,0.563,0.233,0.355,1.594,1.337,2.063,0.769,0.707,0.72,1.884,0.563,0.233,0.355,1.594,28.231,Q
1.384,2.016,0.779,0.751,0.71,1.781,0.51,0.252,0.324,1.537,1.384,2.016,0.779,0.751,0.71,1.781,0.51,0.252,0.324,1.537,26.571,Q
1.301,1.903,0.711,0.66,0.727,1.721,0.601,0.244,0.411,1.304,1.301,1.903,0.711,0.66,0.727,1.721,0.601,0.244,0.411,1.304,26.249,Q
1.344,2.04,0.806,0.695,0.734,1.832,0.559,0.259,0.305,1.547,1.344,2.04,0.806,0.695,0.734,1.832,0.559,0.259,0.305,1.547,26.249,Q
1.508,2.053,0.799,0.644,0.915,1.543,0.437,0.204,0.235,1.243,1.508,2.053,0.799,0.644,0.915,1.543,0.437,0.204,0.235,1.243,47.424,R
1.458,1.402,0.763,0.729,0.767,0.914,0.412,0.114,0.323,0.524,1.458,1.402,0.763,0.729,0.767,0.914,0.412,0.114,0.323,0.524,46.098,R
1.451,1.927,0.803,0.653,0.852,1.499,0.464,0.216,0.249,1.114,1.451,1.927,0.803,0.653,0.852,1.499,0.464,0.216,0.249,1.114,46.615,R
1.368,1.71,0.788,0.656,0.737,1.43,0.504,0.2,0.304,1.008,1.368,1.71,0.788,0.656,0.737,1.43,0.504,0.2,0.304,1.008,44.011,R
1.456,1.276,0.771,0.669,0.836,0.793,0.451,0.171,0.287,0.343,1.456,1.276,0.771,0.669,0.836,0.793,0.451,0.171,0.287,0.343,48.754,R
1.561,1.745,0.812,0.661,0.95,1.143,0.396,0.196,0.204,0.814,1.561,1.745,0.812,0.661,0.95,1.143,0.396,0.196,0.204,0.814,44.777,R
1.579,2.115,0.762,0.649,0.974,1.507,0.416,0.168,0.255,1.22,1.579,2.115,0.762,0.649,0.974,1.507,0.416,0.168,0.255,1.22,45.618,R
1.407,1.911,0.759,0.629,0.81,1.586,0.516,0.214,0.309,1.249,1.407,1.911,0.759,0.629,0.81,1.586,0.516,0.214,0.309,1.249,46.065,R
1.434,1.563,0.791,0.687,0.789,1.109,0.448,0.181,0.275,0.769,1.434,1.563,0.791,0.687,0.789,1.109,0.448,0.181,0.275,0.769,49.193,R
1.474,1.914,0.763,0.66,0.893,1.406,0.468,0.2,0.281,1.091,1.474,1.914,0.763,0.66,0.893,1.406,0.468,0.2,0.281,1.091,46.957,R
1.465,1.844,0.788,0.663,0.842,1.402,0.448,0.179,0.27,1.062,1.465,1.844,0.788,0.663,0.842,1.402,0.448,0.179,0.27,1.062,47.539,R
1.485,2.104,0.767,0.671,0.878,1.633,0.449,0.189,0.276,1.338,1.485,2.104,0.767,0.671,0.878,1.633,0.449,0.189,0.276,1.338,48.104,R
1.394,1.486,0.771,0.669,0.782,1.067,0.482,0.183,0.307,0.626,1.394,1.486,0.771,0.669,0.782,1.067,0.482,0.183,0.307,0.626,48.466,R
1.467,2.087,0.787,0.627,0.89,1.647,0.496,0.235,0.262,1.38,1.467,2.087,0.787,0.627,0.89,1.647,0.496,0.235,0.262,1.38,48.466,R
1.382,1.327,0.791,0.687,0.739,0.912,0.479,0.194,0.294,0.444,1.382,1.327,0.791,0.687,0.739,0.912,0.479,0.194,0.294,0.444,47.539,R
1.485,2.178,0.803,0.671,0.878,1.717,0.449,0.212,0.242,1.421,1.485,2.178,0.803,0.671,0.878,1.717,0.449,0.212,0.242,1.421,47.424,R
1.453,1.689,0.788,0.661,0.841,1.228,0.453,0.2,0.261,0.841,1.453,1.689,0.788,0.661,0.841,1.228,0.453,0.2,0.261,0.841,47.424,R
1.382,1.596,0.771,0.636,0.789,1.217,0.51,0.209,0.304,0.811,1.382,1.596,0.771,0.636,0.789,1.217,0.51,0.209,0.304,0.811,46.615,R
1.556,1.356,0.835,0.706,0.922,0.745,0.377,0.19,0.19,0.386,1.556,1.356,0.835,0.706,0.922,0.745,0.377,0.19,0.19,0.386,51.43,R
1.509,2.172,0.795,0.631,0.929,1.66,0.463,0.234,0.234,1.358,1.509,2.172,0.795,0.631,0.929,1.66,0.463,0.234,0.234,1.358,48.466,R
1.349,1.616,0.783,0.698,0.702,1.307,0.498,0.169,0.333,0.949,1.349,1.616,0.783,0.698,0.702,1.307,0.498,0.169,0.333,0.949,48.847,R
1.515,2.061,0.78,0.645,0.923,1.534,0.451,0.199,0.255,1.242,1.515,2.061,0.78,0.645,0.923,1.534,0.451,0.199,0.255,1.242,47.424,R
1.475,1.493,0.788,0.661,0.864,0.972,0.441,0.195,0.254,0.585,1.475,1.493,0.788,0.661,0.864,0.972,0.441,0.195,0.254,0.585,50.567,R
1.446,1.543,0.826,0.698,0.814,1.038,0.424,0.213,0.22,0.712,1.446,1.543,0.826,0.698,0.814,1.038,0.424,0.213,0.22,0.712,49.396,R
1.501,1.318,0.792,0.664,0.893,0.767,0.44,0.195,0.249,0.359,1.501,1.318,0.792,0.664,0.893,0.767,0.44,0.195,0.249,0.359,50.16,R
1.684,1.407,0.815,0.707,1.052,0.7,0.342,0.166,0.186,0.387,1.684,1.407,0.815,0.707,1.052,0.7,0.342,0.166,0.186,0.387,51.478,R
1.56,2.295,0.811,0.65,0.981,1.683,0.41,0.204,0.207,1.437,1.56,2.295,0.811,0.65,0.981,1.683,0.41,0.204,0.207,1.437,49.769,R
1.542,2.274,0.806,0.653,0.961,1.688,0.436,0.204,0.233,1.404,1.542,2.274,0.806,0.653,0.961,1.688,0.436,0.204,0.233,1.404,47.539,R
1.442,1.325,0.778,0.633,0.835,0.832,0.458,0.197,0.267,0.4,1.442,1.325,0.778,0.633,0.835,0.832,0.458,0.197,0.267,0.4,51.078,R
1.479,2.003,0.813,0.656,0.864,1.579,0.425,0.211,0.219,1.292,1.479,2.003,0.813,0.656,0.864,1.579,0.425,0.211,0.219,1.292,51.078,R
1.383,1.72,0.763,0.62,0.802,1.372,0.513,0.21,0.306,0.959,1.383,1.72,0.763,0.62,0.802,1.372,0.513,0.21,0.306,0.959,48.466,R
1.417,1.82,0.799,0.657,0.795,1.542,0.468,0.204,0.265,1.364,1.417,1.82,0.799,0.657,0.795,1.542,0.468,0.204,0.265,1.364,51.078,R
1.437,1.228,0.82,0.713,0.786,0.727,0.423,0.184,0.244,0.304,1.437,1.228,0.82,0.713,0.786,0.727,0.423,0.184,0.244,0.304,51.078,R
1.504,1.94,0.816,0.666,0.911,1.442,0.403,0.2,0.208,1.253,1.504,1.94,0.816,0.666,0.911,1.442,0.403,0.2,0.208,1.253,52,R
1.501,1.227,0.857,0.726,0.846,0.675,0.382,0.208,0.179,0.294,1.501,1.227,0.857,0.726,0.846,0.675,0.382,0.208,0.179,0.294,50.695,R
1.466,1.794,0.809,0.652,0.889,1.285,0.428,0.212,0.221,0.921,1.466,1.794,0.809,0.652,0.889,1.285,0.428,0.212,0.221,0.921,52.555,R
1.44,1.376,0.784,0.638,0.857,0.864,0.458,0.21,0.256,0.474,1.44,1.376,0.784,0.638,0.857,0.864,0.458,0.21,0.256,0.474,49.396,R
1.515,2.166,0.822,0.65,0.911,1.673,0.413,0.207,0.207,1.369,1.515,2.166,0.822,0.65,0.911,1.673,0.413,0.207,0.207,1.369,49.769,R
1.517,1.891,0.776,0.641,0.941,1.33,0.453,0.2,0.256,1.013,1.517,1.891,0.776,0.641,0.941,1.33,0.453,0.2,0.256,1.013,48.466,R
1.453,1.227,0.795,0.676,0.819,0.7,0.435,0.189,0.256,0.277,1.453,1.227,0.795,0.676,0.819,0.7,0.435,0.189,0.256,0.277,49.98,R
1.526,1.343,0.818,0.695,0.927,0.769,0.413,0.214,0.208,0.372,1.526,1.343,0.818,0.695,0.927,0.769,0.413,0.214,0.208,0.372,50.695,R
1.469,1.958,0.791,0.634,0.901,1.473,0.466,0.217,0.25,1.193,1.469,1.958,0.791,0.634,0.901,1.473,0.466,0.217,0.25,1.193,48.104,R
1.506,1.967,0.795,0.673,0.892,1.482,0.423,0.184,0.243,1.298,1.506,1.967,0.795,0.673,0.892,1.482,0.423,0.184,0.243,1.298,50.329,R
1.164,1.538,0.713,0.546,0.682,1.48,0.681,0.274,0.421,0.993,1.164,1.538,0.713,0.546,0.682,1.48,0.681,0.274,0.421,0.993,51.078,R
1.566,1.282,0.791,0.634,0.962,0.709,0.4,0.172,0.228,0.311,1.566,1.282,0.791,0.634,0.962,0.709,0.4,0.172,0.228,0.311,50.16,R
1.49,2.359,0.785,0.585,0.948,1.882,0.494,0.247,0.247,1.602,1.49,2.359,0.785,0.585,0.948,1.882,0.494,0.247,0.247,1.602,48.104,R
1.454,1.405,0.78,0.645,0.885,0.941,0.47,0.208,0.266,0.473,1.454,1.405,0.78,0.645,0.885,0.941,0.47,0.208,0.266,0.473,50.695,R
1.537,1.39,0.822,0.699,0.877,0.823,0.389,0.182,0.212,0.445,1.537,1.39,0.822,0.699,0.877,0.823,0.389,0.182,0.212,0.445,47.76,R
1.562,2.325,0.766,0.607,1.002,1.748,0.458,0.216,0.246,1.593,1.562,2.325,0.766,0.607,1.002,1.748,0.458,0.216,0.246,1.593,46.84,R
1.489,1.943,0.803,0.658,0.896,1.466,0.415,0.179,0.237,1.235,1.489,1.943,0.803,0.658,0.896,1.466,0.415,0.179,0.237,1.235,51.865,R
1.486,1.726,0.806,0.655,0.872,1.228,0.437,0.204,0.235,0.891,1.486,1.726,0.806,0.655,0.872,1.228,0.437,0.204,0.235,0.891,49.336,R
0.963,1,1.137,1.767,0.859,1.423,1.423,1.191,0.251,0,0.963,1,1.137,1.767,0.859,1.423,1.423,1.191,0.251,0,77.833,S
0.982,0.967,1.155,1.81,0.886,1.48,1.46,1.202,0.279,0.039,0.982,0.967,1.155,1.81,0.886,1.48,1.46,1.202,0.279,0.039,78.746,S
1.128,0.988,1.185,1.81,0.728,1.864,1.83,1.519,0.364,0.036,1.128,0.988,1.185,1.81,0.728,1.864,1.83,1.519,0.364,0.036,70.576,S
1.209,1.052,1.234,1.987,0.783,1.938,1.922,1.566,0.412,0.072,1.209,1.052,1.234,1.987,0.783,1.938,1.922,1.566,0.412,0.072,69.921,S
0.898,0.924,1.356,1.648,0.805,1.474,1.344,0.612,0.75,0.145,0.898,0.924,1.356,1.648,0.805,1.474,1.344,0.612,0.75,0.145,76.243,S
0.95,0.972,1.2,1.73,0.834,1.599,1.516,1.15,0.4,0.086,0.95,0.972,1.2,1.73,0.834,1.599,1.516,1.15,0.4,0.086,76.922,S
1.007,0.968,1.176,1.771,0.841,1.531,1.511,1.157,0.371,0.04,1.007,0.968,1.176,1.771,0.841,1.531,1.511,1.157,0.371,0.04,75.769,S
1.05,1,1.225,1.732,0.713,1.673,1.673,1.162,0.533,0,1.05,1,1.225,1.732,0.713,1.673,1.673,1.162,0.533,0,72.422,S
0.9,0.989,1.19,1.734,0.914,1.407,1.382,0.968,0.424,0.026,0.9,0.989,1.19,1.734,0.914,1.407,1.382,0.968,0.424,0.026,77.253,S
0.945,0.978,1.132,1.718,0.871,1.443,1.391,1.103,0.298,0.054,0.945,0.978,1.132,1.718,0.871,1.443,1.391,1.103,0.298,0.054,72.498,S
0.948,0.968,1.166,1.705,0.813,1.455,1.436,1.077,0.372,0.04,0.948,0.968,1.166,1.705,0.813,1.455,1.436,1.077,0.372,0.04,76.217,S
0.906,0.923,1.269,1.711,0.885,1.476,1.414,0.92,0.528,0.1,0.906,0.923,1.269,1.711,0.885,1.476,1.414,0.92,0.528,0.1,79.379,S
0.958,0.977,1.219,1.759,0.851,1.509,1.454,1.049,0.428,0.057,0.958,0.977,1.219,1.759,0.851,1.509,1.454,1.049,0.428,0.057,76.538,S
0.914,0.945,1.208,1.794,0.917,1.45,1.436,1.119,0.352,0.06,0.914,0.945,1.208,1.794,0.917,1.45,1.436,1.119,0.352,0.06,79.404,S
0.946,0.944,1.203,1.776,0.873,1.491,1.478,1.174,0.346,0.064,0.946,0.944,1.203,1.776,0.873,1.491,1.478,1.174,0.346,0.064,76.922,S
0.972,0.934,1.199,1.776,0.87,1.524,1.483,1.14,0.372,0.081,0.972,0.934,1.199,1.776,0.87,1.524,1.483,1.14,0.372,0.081,75.961,S
0.888,0.936,1.456,1.63,0.789,1.489,1.389,0.526,0.92,0.118,0.888,0.936,1.456,1.63,0.789,1.489,1.389,0.526,0.92,0.118,73.389,S
0.963,0.979,1.187,1.673,0.793,1.523,1.533,1.156,0.411,0.029,0.963,0.979,1.187,1.673,0.793,1.523,1.533,1.156,0.411,0.029,75.611,S
1.079,0.953,1.461,1.682,0.632,1.943,1.803,0.763,1.116,0.148,1.079,0.953,1.461,1.682,0.632,1.943,1.803,0.763,1.116,0.148,70.52,S
0.897,0.891,1.173,1.737,0.901,1.434,1.409,1.077,0.351,0.121,0.897,0.891,1.173,1.737,0.901,1.434,1.409,1.077,0.351,0.121,78.16,S
0.994,0.978,1.159,1.824,0.891,1.522,1.467,1.2,0.287,0.057,0.994,0.978,1.159,1.824,0.891,1.522,1.467,1.2,0.287,0.057,77.201,S
0.897,0.968,1.403,1.649,0.843,1.418,1.341,0.638,0.758,0.081,0.897,0.968,1.403,1.649,0.843,1.418,1.341,0.638,0.758,0.081,79.699,S
0.937,0.979,1.157,1.716,0.862,1.463,1.411,1.104,0.324,0.054,0.937,0.979,1.157,1.716,0.862,1.463,1.411,1.104,0.324,0.054,79.712,S
1.106,1,1.165,1.867,0.832,1.652,1.652,1.364,0.314,0,1.106,1,1.165,1.867,0.832,1.652,1.652,1.364,0.314,0,75.027,S
1.148,1,1.191,1.825,0.712,1.897,1.897,1.505,0.43,0,1.148,1,1.191,1.825,0.712,1.897,1.897,1.505,0.43,0,69.289,S
1.135,0.964,1.435,1.797,0.686,1.953,1.847,0.944,0.961,0.111,1.135,0.964,1.435,1.797,0.686,1.953,1.847,0.944,0.961,0.111,69.893,S
1.024,0.945,1.22,1.751,0.779,1.627,1.543,1.016,0.534,0.099,1.024,0.945,1.22,1.751,0.779,1.627,1.543,1.016,0.534,0.099,75.584,S
0.97,0.979,1.221,1.878,0.956,1.481,1.428,1.071,0.377,0.054,0.97,0.979,1.221,1.878,0.956,1.481,1.428,1.071,0.377,0.054,78.16,S
1.052,0.992,1.18,1.79,0.763,1.597,1.636,1.312,0.355,0.045,1.052,0.992,1.18,1.79,0.763,1.597,1.636,1.312,0.355,0.045,73.082,S
0.897,0.927,1.428,1.608,0.825,1.493,1.374,0.625,0.832,0.141,0.897,0.927,1.428,1.608,0.825,1.493,1.374,0.625,0.832,0.141,78.109,S
0.946,0.955,1.188,1.808,0.916,1.487,1.44,1.097,0.361,0.062,0.946,0.955,1.188,1.808,0.916,1.487,1.44,1.097,0.361,0.062,80.081,S
1.03,0.967,1.285,1.673,0.665,1.792,1.69,0.966,0.746,0.106,1.03,0.967,1.285,1.673,0.665,1.792,1.69,0.966,0.746,0.106,71.169,S
0.979,1.012,1.22,1.728,0.802,1.494,1.523,1.138,0.425,0.03,0.979,1.012,1.22,1.728,0.802,1.494,1.523,1.138,0.425,0.03,74.33,S
0.939,0.991,1.127,1.672,0.772,1.48,1.518,1.233,0.302,0.043,0.939,0.991,1.127,1.672,0.772,1.48,1.518,1.233,0.302,0.043,74.726,S
0.949,0.92,1.323,1.595,0.685,1.644,1.497,0.703,0.817,0.17,0.949,0.92,1.323,1.595,0.685,1.644,1.497,0.703,0.817,0.17,72.125,S
0.928,0.979,1.161,1.688,0.818,1.543,1.487,1.158,0.353,0.059,0.928,0.979,1.161,1.688,0.818,1.543,1.487,1.158,0.353,0.059,75.961,S
1.023,0.965,1.475,1.546,0.6,1.838,1.737,0.528,1.315,0.11,1.023,0.965,1.475,1.546,0.6,1.838,1.737,0.528,1.315,0.11,70.838,S
0.978,1.012,1.177,1.826,0.885,1.432,1.46,1.167,0.314,0.028,0.978,1.012,1.177,1.826,0.885,1.432,1.46,1.167,0.314,0.028,76.243,S
1.019,0.966,1.204,1.853,0.901,1.51,1.488,1.137,0.372,0.04,1.019,0.966,1.204,1.853,0.901,1.51,1.488,1.137,0.372,0.04,76.538,S
0.969,0.966,1.335,1.763,0.905,1.467,1.387,0.844,0.582,0.083,0.969,0.966,1.335,1.763,0.905,1.467,1.387,0.844,0.582,0.083,81.744,S
0.972,0.937,1.234,1.792,0.894,1.576,1.477,1.131,0.393,0.115,0.972,0.937,1.234,1.792,0.894,1.576,1.477,1.131,0.393,0.115,80.081,S
1.238,1.048,1.182,1.902,0.694,2.065,2.047,1.698,0.391,0.077,1.238,1.048,1.182,1.902,0.694,2.065,2.047,1.698,0.391,0.077,67.779,S
0.975,0.936,1.493,1.583,0.646,1.744,1.626,0.415,1.271,0.142,0.975,0.936,1.493,1.583,0.646,1.744,1.626,0.415,1.271,0.142,72.125,S
0.902,1.02,1.2,1.657,0.795,1.49,1.419,1.055,0.398,0.08,0.902,1.02,1.2,1.657,0.795,1.49,1.419,1.055,0.398,0.08,78.339,S
1.157,0.99,1.142,1.812,0.703,1.967,1.933,1.514,0.43,0.036,1.157,0.99,1.142,1.812,0.703,1.967,1.933,1.514,0.43,0.036,70.228,S
1.129,1,1.202,1.883,0.806,1.759,1.689,1.366,0.36,0.072,1.129,1,1.202,1.883,0.806,1.759,1.689,1.366,0.36,0.072,72.801,S
1.063,0.977,1.173,1.798,0.812,1.637,1.645,1.255,0.406,0.031,1.063,0.977,1.173,1.798,0.812,1.637,1.645,1.255,0.406,0.031,75.611,S
0.984,0.979,1.272,1.704,0.783,1.555,1.498,0.934,0.589,0.059,0.984,0.979,1.272,1.704,0.783,1.555,1.498,0.934,0.589,0.059,74.947,S
0.978,0.955,1.226,1.811,0.88,1.529,1.481,1.112,0.4,0.064,0.978,0.955,1.226,1.811,0.88,1.529,1.481,1.112,0.4,0.064,77.795,S
1.019,0.989,1.188,1.886,0.928,1.493,1.466,1.148,0.333,0.028,1.019,0.989,1.188,1.886,0.928,1.493,1.466,1.148,0.333,0.028,78.746,S
1.106,0.979,1.238,1.829,0.797,1.767,1.705,1.257,0.485,0.064,1.106,0.979,1.238,1.829,0.797,1.767,1.705,1.257,0.485,0.064,74.947,S
1.004,1.925,0.953,0.904,0.415,3.201,0.941,0.472,0.474,2.386,1.004,1.925,0.953,0.904,0.415,3.201,0.941,0.472,0.474,2.386,41.725,T
1.034,1.979,0.941,0.904,0.447,3.049,0.873,0.4,0.474,2.313,1.034,1.979,0.941,0.904,0.447,3.049,0.873,0.4,0.474,2.313,44.598,T
1.014,1.93,0.938,0.895,0.433,3.019,0.832,0.407,0.426,2.292,1.014,1.93,0.938,0.895,0.433,3.019,0.832,0.407,0.426,2.292,43.278,T
1.018,1.955,0.944,0.907,0.408,3.311,0.9,0.44,0.46,2.524,1.018,1.955,0.944,0.907,0.408,3.311,0.9,0.44,0.46,2.524,43.841,T
1.008,1.927,0.93,0.901,0.451,2.995,0.892,0.446,0.446,2.212,1.008,1.927,0.93,0.901,0.451,2.995,0.892,0.446,0.446,2.212,43.139,T
1.042,1.92,0.934,0.9,0.423,3.113,0.884,0.414,0.47,2.338,1.042,1.92,0.934,0.9,0.423,3.113,0.884,0.414,0.47,2.338,39.623,T
1.017,1.873,0.935,0.893,0.419,3.063,0.908,0.446,0.463,2.253,1.017,1.873,0.935,0.893,0.419,3.063,0.908,0.446,0.463,2.253,38.897,T
1.009,1.965,0.939,0.889,0.431,3.164,0.887,0.454,0.434,2.386,1.009,1.965,0.939,0.889,0.431,3.164,0.887,0.454,0.434,2.386,44.688,T
1.008,1.903,0.928,0.907,0.418,3.123,0.831,0.377,0.454,2.376,1.008,1.903,0.928,0.907,0.418,3.123,0.831,0.377,0.454,2.376,42.426,T
1.033,1.981,0.942,0.894,0.435,3.145,0.87,0.446,0.426,2.395,1.033,1.981,0.942,0.894,0.435,3.145,0.87,0.446,0.426,2.395,41.012,T
1.028,1.971,0.949,0.895,0.429,3.239,0.923,0.439,0.491,2.428,1.028,1.971,0.949,0.895,0.429,3.239,0.923,0.439,0.491,2.428,43.139,T
1.034,1.986,0.965,0.919,0.426,3.225,0.808,0.408,0.406,2.517,1.034,1.986,0.965,0.919,0.426,3.225,0.808,0.408,0.406,2.517,41.725,T
1.016,1.936,0.952,0.92,0.376,3.52,0.894,0.468,0.425,2.732,1.016,1.936,0.952,0.92,0.376,3.52,0.894,0.468,0.425,2.732,45.453,T
1.007,1.873,0.922,0.863,0.412,3.113,0.891,0.439,0.453,2.291,1.007,1.873,0.922,0.863,0.412,3.113,0.891,0.439,0.453,2.291,43.863,T
1.005,1.982,0.966,0.922,0.413,3.33,0.882,0.416,0.474,2.571,1.005,1.982,0.966,0.922,0.413,3.33,0.882,0.416,0.474,2.571,45.255,T
1.028,1.991,0.948,0.917,0.401,3.466,0.918,0.449,0.469,2.67,1.028,1.991,0.948,0.917,0.401,3.466,0.918,0.449,0.469,2.67,46.098,T
1.044,1.994,0.955,0.918,0.429,3.226,0.885,0.423,0.465,2.475,1.044,1.994,0.955,0.918,0.429,3.226,0.885,0.423,0.465,2.475,43.139,T
1.032,1.967,0.948,0.892,0.435,3.198,0.867,0.439,0.433,2.416,1.032,1.967,0.948,0.892,0.435,3.198,0.867,0.439,0.433,2.416,43.186,T
1.008,2.019,0.965,0.91,0.434,3.29,0.831,0.44,0.398,2.553,1.008,2.019,0.965,0.91,0.434,3.29,0.831,0.44,0.398,2.553,41.012,T
1.032,1.963,0.961,0.904,0.436,3.145,0.87,0.432,0.448,2.382,1.032,1.963,0.961,0.904,0.436,3.145,0.87,0.432,0.448,2.382,42.45,T
1.042,1.975,0.937,0.906,0.406,3.382,0.877,0.438,0.438,2.605,1.042,1.975,0.937,0.906,0.406,3.382,0.877,0.438,0.438,2.605,42.45,T
1.021,1.95,0.974,0.917,0.434,3.123,0.849,0.44,0.422,2.381,1.021,1.95,0.974,0.917,0.434,3.123,0.849,0.44,0.422,2.381,42.45,T
1.028,1.947,0.947,0.913,0.396,3.374,0.918,0.449,0.469,2.579,1.028,1.947,0.947,0.913,0.396,3.374,0.918,0.449,0.469,2.579,41.11,T
1.032,1.974,0.948,0.917,0.425,3.225,0.865,0.423,0.443,2.475,1.032,1.974,0.948,0.917,0.425,3.225,0.865,0.423,0.443,2.475,41.037,T
1.057,1.95,0.948,0.908,0.452,3.038,0.851,0.436,0.417,2.285,1.057,1.95,0.948,0.908,0.452,3.038,0.851,0.436,0.417,2.285,43.186,T
1.037,2.03,0.94,0.898,0.466,3.11,0.77,0.378,0.393,2.414,1.037,2.03,0.94,0.898,0.466,3.11,0.77,0.378,0.393,2.414,43.863,T
1.042,1.962,0.945,0.904,0.419,3.289,0.825,0.405,0.421,2.538,1.042,1.962,0.945,0.904,0.419,3.289,0.825,0.405,0.421,2.538,43.278,T
1.096,1.995,0.95,0.91,0.458,3.08,0.788,0.431,0.358,2.377,1.096,1.995,0.95,0.91,0.458,3.08,0.788,0.431,0.358,2.377,37.537,T
1.045,1.938,0.945,0.888,0.436,3.121,0.779,0.379,0.404,2.394,1.045,1.938,0.945,0.888,0.436,3.121,0.779,0.379,0.404,2.394,41.037,T
1.017,1.954,0.93,0.888,0.402,3.426,0.844,0.422,0.422,2.639,1.017,1.954,0.93,0.888,0.402,3.426,0.844,0.422,0.422,2.639,40.311,T
1.031,1.906,0.929,0.885,0.413,3.204,0.811,0.405,0.405,2.444,1.031,1.906,0.929,0.885,0.413,3.204,0.811,0.405,0.405,2.444,43.186,T
1.056,1.938,0.955,0.904,0.436,3.121,0.793,0.429,0.367,2.394,1.056,1.938,0.955,0.904,0.436,3.121,0.793,0.429,0.367,2.394,44.553,T
1.027,1.968,0.965,0.911,0.385,3.575,0.914,0.485,0.438,2.758,1.027,1.968,0.965,0.911,0.385,3.575,0.914,0.485,0.438,2.758,42.521,T
1.005,1.964,0.932,0.892,0.414,3.37,0.83,0.415,0.415,2.596,1.005,1.964,0.932,0.892,0.414,3.37,0.83,0.415,0.415,2.596,43.278,T
1.036,1.964,0.957,0.892,0.527,2.649,0.653,0.351,0.308,2.04,1.036,1.964,0.957,0.892,0.527,2.649,0.653,0.351,0.308,2.04,44.204,T
1.048,1.985,0.955,0.904,0.465,3,0.743,0.402,0.344,2.328,1.048,1.985,0.955,0.904,0.465,3,0.743,0.402,0.344,2.328,41.725,T
1.018,1.963,0.931,0.889,0.48,2.87,0.66,0.354,0.307,2.247,1.018,1.963,0.931,0.889,0.48,2.87,0.66,0.354,0.307,2.247,45.343,T
1.081,1.959,0.943,0.9,0.441,3.08,0.773,0.379,0.394,2.382,1.081,1.959,0.943,0.9,0.441,3.08,0.773,0.379,0.394,2.382,41.037,T
1.054,1.945,0.958,0.909,0.43,3.162,0.793,0.429,0.367,2.44,1.054,1.945,0.958,0.909,0.43,3.162,0.793,0.429,0.367,2.44,42.45,T
1.004,1.93,0.936,0.882,0.392,3.471,0.831,0.41,0.422,2.679,1.004,1.93,0.936,0.882,0.392,3.471,0.831,0.41,0.422,2.679,43.139,T
1.054,1.945,0.933,0.909,0.43,3.162,0.793,0.404,0.39,2.44,1.054,1.945,0.933,0.909,0.43,3.162,0.793,0.404,0.39,2.44,40.311,T
1.073,1.945,0.93,0.888,0.47,2.896,0.723,0.361,0.361,2.226,1.073,1.945,0.93,0.888,0.47,2.896,0.723,0.361,0.361,2.226,38.949,T
1.048,1.979,0.957,0.892,0.465,3.005,0.74,0.398,0.349,2.323,1.048,1.979,0.957,0.892,0.465,3.005,0.74,0.398,0.349,2.323,43.186,T
1.017,1.937,0.919,0.88,0.496,2.742,0.719,0.342,0.376,2.076,1.017,1.937,0.919,0.88,0.496,2.742,0.719,0.342,0.376,2.076,42.45,T
1.045,1.97,0.946,0.908,0.448,3.078,0.782,0.384,0.399,2.376,1.045,1.97,0.946,0.908,0.448,3.078,0.782,0.384,0.399,2.376,43.139,T
1.07,1.98,0.933,0.895,0.459,3.08,0.759,0.379,0.379,2.377,1.07,1.98,0.933,0.895,0.459,3.08,0.759,0.379,0.379,2.377,39.598,T
1.022,1.971,0.946,0.892,0.455,3.07,0.757,0.368,0.393,2.369,1.022,1.971,0.946,0.892,0.455,3.07,0.757,0.368,0.393,2.369,46.69,T
1.038,1.947,0.945,0.897,0.489,2.819,0.695,0.382,0.313,2.171,1.038,1.947,0.945,0.897,0.489,2.819,0.695,0.382,0.313,2.171,42.521,T
1.054,1.978,0.934,0.897,0.43,3.245,0.789,0.395,0.395,2.518,1.054,1.978,0.934,0.897,0.43,3.245,0.789,0.395,0.395,2.518,41.11,T
1.046,2.02,0.955,0.911,0.436,3.241,0.773,0.399,0.376,2.552,1.046,2.02,0.955,0.911,0.436,3.241,0.773,0.399,0.376,2.552,43.863,T
1.023,2.002,0.955,0.912,0.44,3.171,0.747,0.386,0.364,2.501,1.023,2.002,0.955,0.912,0.44,3.171,0.747,0.386,0.364,2.501,46.011,T
1.569,1.967,0.787,0.616,0.967,1.4,0.397,0.181,0.223,1.009,1.569,1.967,0.787,0.616,0.967,1.4,0.397,0.181,0.223,1.009,441.367,U
1.569,1.967,0.787,0.616,0.967,1.4,0.397,0.181,0.223,1.009,1.569,1.967,0.787,0.616,0.967,1.4,0.397,0.181,0.223,1.009,441.367,U
1.569,1.967,0.787,0.616,0.967,1.4,0.397,0.181,0.223,1.009,1.569,1.967,0.787,0.616,0.967,1.4,0.397,0.181,0.223,1.009,441.367,U
1.569,1.967,0.787,0.616,0.967,1.4,0.397,0.181,0.223,1.009,1.569,1.967,0.787,0.616,0.967,1.4,0.397,0.181,0.223,1.009,441.367,U
1.569,1.967,0.787,0.616,0.967,1.4,0.397,0.181,0.223,1.009,1.569,1.967,0.787,0.616,0.967,1.4,0.397,0.181,0.223,1.009,441.367,U
1.569,1.967,0.787,0.616,0.967,1.4,0.397,0.181,0.223,1.009,1.569,1.967,0.787,0.616,0.967,1.4,0.397,0.181,0.223,1.009,441.367,U
1.569,1.967,0.787,0.616,0.967,1.4,0.397,0.181,0.223,1.009,1.569,1.967,0.787,0.616,0.967,1.4,0.397,0.181,0.223,1.009,441.367,U
1.569,1.967,0.787,0.616,0.967,1.4,0.397,0.181,0.223,1.009,1.569,1.967,0.787,0.616,0.967,1.4,0.397,0.181,0.223,1.009,441.367,U
1.569,1.967,0.787,0.616,0.967,1.4,0.397,0.181,0.223,1.009,1.569,1.967,0.787,0.616,0.967,1.4,0.397,0.181,0.223,1.009,441.367,U
1.569,1.967,0.787,0.616,0.967,1.4,0.397,0.181,0.223,1.009,1.569,1.967,0.787,0.616,0.967,1.4,0.397,0.181,0.223,1.009,441.367,U
1.569,1.967,0.787,0.616,0.967,1.4,0.397,0.181,0.223,1.009,1.569,1.967,0.787,0.616,0.967,1.4,0.397,0.181,0.223,1.009,441.367,U
1.569,1.967,0.787,0.616,0.967,1.4,0.397,0.181,0.223,1.009,1.569,1.967,0.787,0.616,0.967,1.4,0.397,0.181,0.223,1.009,441.367,U
1.569,1.967,0.787,0.616,0.967,1.4,0.397,0.181,0.223,1.009,1.569,1.967,0.787,0.616,0.967,1.4,0.397,0.181,0.223,1.009,441.367,U
1.569,1.967,0.787,0.616,0.967,1.4,0.397,0.181,0.223,1.009,1.569,1.967,0.787,0.616,0.967,1.4,0.397,0.181,0.223,1.009,441.367,U
1.569,1.967,0.787,0.616,0.967,1.4,0.397,0.181,0.223,1.009,1.569,1.967,0.787,0.616,0.967,1.4,0.397,0.181,0.223,1.009,441.367,U
1.569,1.967,0.787,0.616,0.967,1.4,0.397,0.181,0.223,1.009,1.569,1.967,0.787,0.616,0.967,1.4,0.397,0.181,0.223,1.009,441.367,U
1.569,1.967,0.787,0.616,0.967,1.4,0.397,0.181,0.223,1.009,1.569,1.967,0.787,0.616,0.967,1.4,0.397,0.181,0.223,1.009,441.367,U
1.569,1.967,0.787,0.616,0.967,1.4,0.397,0.181,0.223,1.009,1.569,1.967,0.787,0.616,0.967,1.4,0.397,0.181,0.223,1.009,441.367,U
1.569,1.967,0.787,0.616,0.967,1.4,0.397,0.181,0.223,1.009,1.569,1.967,0.787,0.616,0.967,1.4,0.397,0.181,0.223,1.009,441.367,U
1.569,1.967,0.787,0.616,0.967,1.4,0.397,0.181,0.223,1.009,1.569,1.967,0.787,0.616,0.967,1.4,0.397,0.181,0.223,1.009,441.367,U
1.569,1.967,0.787,0.616,0.967,1.4,0.397,0.181,0.223,1.009,1.569,1.967,0.787,0.616,0.967,1.4,0.397,0.181,0.223,1.009,441.367,U
1.569,1.967,0.787,0.616,0.967,1.4,0.397,0.181,0.223,1.009,1.569,1.967,0.787,0.616,0.967,1.4,0.397,0.181,0.223,1.009,441.367,U
1.569,1.967,0.787,0.616,0.967,1.4,0.397,0.181,0.223,1.009,1.569,1.967,0.787,0.616,0.967,1.4,0.397,0.181,0.223,1.009,441.367,U
1.569,1.967,0.787,0.616,0.967,1.4,0.397,0.181,0.223,1.009,1.569,1.967,0.787,0.616,0.967,1.4,0.397,0.181,0.223,1.009,441.367,U
1.569,1.967,0.787,0.616,0.967,1.4,0.397,0.181,0.223,1.009,1.569,1.967,0.787,0.616,0.967,1.4,0.397,0.181,0.223,1.009,441.367,U
1.569,1.967,0.787,0.616,0.967,1.4,0.397,0.181,0.223,1.009,1.569,1.967,0.787,0.616,0.967,1.4,0.397,0.181,0.223,1.009,441.367,U
1.569,1.967,0.787,0.616,0.967,1.4,0.397,0.181,0.223,1.009,1.569,1.967,0.787,0.616,0.967,1.4,0.397,0.181,0.223,1.009,441.367,U
1.569,1.967,0.787,0.616,0.967,1.4,0.397,0.181,0.223,1.009,1.569,1.967,0.787,0.616,0.967,1.4,0.397,0.181,0.223,1.009,441.367,U
1.569,1.967,0.787,0.616,0.967,1.4,0.397,0.181,0.223,1.009,1.569,1.967,0.787,0.616,0.967,1.4,0.397,0.181,0.223,1.009,441.367,U
1.569,1.967,0.787,0.616,0.967,1.4,0.397,0.181,0.223,1.009,1.569,1.967,0.787,0.616,0.967,1.4,0.397,0.181,0.223,1.009,441.367,U
1.569,1.967,0.787,0.616,0.967,1.4,0.397,0.181,0.223,1.009,1.569,1.967,0.787,0.616,0.967,1.4,0.397,0.181,0.223,1.009,441.367,U
1.569,1.967,0.787,0.616,0.967,1.4,0.397,0.181,0.223,1.009,1.569,1.967,0.787,0.616,0.967,1.4,0.397,0.181,0.223,1.009,441.367,U
1.569,1.967,0.787,0.616,0.967,1.4,0.397,0.181,0.223,1.009,1.569,1.967,0.787,0.616,0.967,1.4,0.397,0.181,0.223,1.009,441.367,U
1.569,1.967,0.787,0.616,0.967,1.4,0.397,0.181,0.223,1.009,1.569,1.967,0.787,0.616,0.967,1.4,0.397,0.181,0.223,1.009,441.367,U
1.569,1.967,0.787,0.616,0.967,1.4,0.397,0.181,0.223,1.009,1.569,1.967,0.787,0.616,0.967,1.4,0.397,0.181,0.223,1.009,441.367,U
1.569,1.967,0.787,0.616,0.967,1.4,0.397,0.181,0.223,1.009,1.569,1.967,0.787,0.616,0.967,1.4,0.397,0.181,0.223,1.009,441.367,U
1.569,1.967,0.787,0.616,0.967,1.4,0.397,0.181,0.223,1.009,1.569,1.967,0.787,0.616,0.967,1.4,0.397,0.181,0.223,1.009,441.367,U
1.569,1.967,0.787,0.616,0.967,1.4,0.397,0.181,0.223,1.009,1.569,1.967,0.787,0.616,0.967,1.4,0.397,0.181,0.223,1.009,441.367,U
1.569,1.967,0.787,0.616,0.967,1.4,0.397,0.181,0.223,1.009,1.569,1.967,0.787,0.616,0.967,1.4,0.397,0.181,0.223,1.009,441.367,U
1.569,1.967,0.787,0.616,0.967,1.4,0.397,0.181,0.223,1.009,1.569,1.967,0.787,0.616,0.967,1.4,0.397,0.181,0.223,1.009,441.367,U
1.569,1.967,0.787,0.616,0.967,1.4,0.397,0.181,0.223,1.009,1.569,1.967,0.787,0.616,0.967,1.4,0.397,0.181,0.223,1.009,441.367,U
1.569,1.967,0.787,0.616,0.967,1.4,0.397,0.181,0.223,1.009,1.569,1.967,0.787,0.616,0.967,1.4,0.397,0.181,0.223,1.009,441.367,U
1.569,1.967,0.787,0.616,0.967,1.4,0.397,0.181,0.223,1.009,1.569,1.967,0.787,0.616,0.967,1.4,0.397,0.181,0.223,1.009,441.367,U
1.569,1.967,0.787,0.616,0.967,1.4,0.397,0.181,0.223,1.009,1.569,1.967,0.787,0.616,0.967,1.4,0.397,0.181,0.223,1.009,441.367,U
1.569,1.967,0.787,0.616,0.967,1.4,0.397,0.181,0.223,1.009,1.569,1.967,0.787,0.616,0.967,1.4,0.397,0.181,0.223,1.009,441.367,U
1.569,1.967,0.787,0.616,0.967,1.4,0.397,0.181,0.223,1.009,1.569,1.967,0.787,0.616,0.967,1.4,0.397,0.181,0.223,1.009,441.367,U
1.569,1.967,0.787,0.616,0.967,1.4,0.397,0.181,0.223,1.009,1.569,1.967,0.787,0.616,0.967,1.4,0.397,0.181,0.223,1.009,441.367,U
1.569,1.967,0.787,0.616,0.967,1.4,0.397,0.181,0.223,1.009,1.569,1.967,0.787,0.616,0.967,1.4,0.397,0.181,0.223,1.009,441.367,U
1.569,1.967,0.787,0.616,0.967,1.4,0.397,0.181,0.223,1.009,1.569,1.967,0.787,0.616,0.967,1.4,0.397,0.181,0.223,1.009,441.367,U
1.569,1.967,0.787,0.616,0.967,1.4,0.397,0.181,0.223,1.009,1.569,1.967,0.787,0.616,0.967,1.4,0.397,0.181,0.223,1.009,441.367,U
1.569,1.967,0.787,0.616,0.967,1.4,0.397,0.181,0.223,1.009,1.569,1.967,0.787,0.616,0.967,1.4,0.397,0.181,0.223,1.009,441.367,U
0.345,0.909,0.333,0.255,0.204,3.362,3.657,0.606,3.331,1.606,0.345,0.909,0.333,0.255,0.204,3.362,3.657,0.606,3.331,1.606,2.236,V
0.345,0.922,0.322,0.247,0.218,3.234,3.462,0.55,3.16,1.434,0.345,0.922,0.322,0.247,0.218,3.234,3.462,0.55,3.16,1.434,3,V
0.345,0.922,0.322,0.247,0.218,3.234,3.462,0.55,3.16,1.434,0.345,0.922,0.322,0.247,0.218,3.234,3.462,0.55,3.16,1.434,3,V
0.345,0.922,0.322,0.247,0.218,3.234,3.462,0.55,3.16,1.434,0.345,0.922,0.322,0.247,0.218,3.234,3.462,0.55,3.16,1.434,3,V
0.346,0.954,0.334,0.249,0.198,3.662,3.798,0.61,3.455,1.547,0.346,0.954,0.334,0.249,0.198,3.662,3.798,0.61,3.455,1.547,2,V
0.346,0.954,0.334,0.249,0.198,3.662,3.798,0.61,3.455,1.547,0.346,0.954,0.334,0.249,0.198,3.662,3.798,0.61,3.455,1.547,2,V
0.346,0.954,0.334,0.249,0.198,3.662,3.798,0.61,3.455,1.547,0.346,0.954,0.334,0.249,0.198,3.662,3.798,0.61,3.455,1.547,2,V
0.346,0.954,0.334,0.249,0.198,3.662,3.798,0.61,3.455,1.547,0.346,0.954,0.334,0.249,0.198,3.662,3.798,0.61,3.455,1.547,2,V
0.346,0.954,0.334,0.249,0.198,3.662,3.798,0.61,3.455,1.547,0.346,0.954,0.334,0.249,0.198,3.662,3.798,0.61,3.455,1.547,2,V
0.346,0.954,0.334,0.249,0.198,3.662,3.798,0.61,3.455,1.547,0.346,0.954,0.334,0.249,0.198,3.662,3.798,0.61,3.455,1.547,2,V
0.346,0.954,0.334,0.249,0.198,3.662,3.798,0.61,3.455,1.547,0.346,0.954,0.334,0.249,0.198,3.662,3.798,0.61,3.455,1.547,2,V
0.346,0.954,0.334,0.249,0.198,3.662,3.798,0.61,3.455,1.547,0.346,0.954,0.334,0.249,0.198,3.662,3.798,0.61,3.455,1.547,2,V
0.336,0.979,0.322,0.248,0.176,4.234,4.284,0.601,3.974,1.663,0.336,0.979,0.322,0.248,0.176,4.234,4.284,0.601,3.974,1.663,2,V
0.336,0.979,0.322,0.248,0.176,4.234,4.284,0.601,3.974,1.663,0.336,0.979,0.322,0.248,0.176,4.234,4.284,0.601,3.974,1.663,2,V
0.336,0.979,0.322,0.248,0.176,4.234,4.284,0.601,3.974,1.663,0.336,0.979,0.322,0.248,0.176,4.234,4.284,0.601,3.974,1.663,2,V
0.336,0.979,0.322,0.248,0.176,4.234,4.284,0.601,3.974,1.663,0.336,0.979,0.322,0.248,0.176,4.234,4.284,0.601,3.974,1.663,2,V
0.336,0.979,0.322,0.248,0.176,4.234,4.284,0.601,3.974,1.663,0.336,0.979,0.322,0.248,0.176,4.234,4.284,0.601,3.974,1.663,2,V
0.336,0.979,0.322,0.248,0.176,4.234,4.284,0.601,3.974,1.663,0.336,0.979,0.322,0.248,0.176,4.234,4.284,0.601,3.974,1.663,2,V
0.336,0.979,0.322,0.248,0.176,4.234,4.284,0.601,3.974,1.663,0.336,0.979,0.322,0.248,0.176,4.234,4.284,0.601,3.974,1.663,2,V
0.336,0.979,0.322,0.248,0.176,4.234,4.284,0.601,3.974,1.663,0.336,0.979,0.322,0.248,0.176,4.234,4.284,0.601,3.974,1.663,2,V
0.336,0.979,0.322,0.248,0.176,4.234,4.284,0.601,3.974,1.663,0.336,0.979,0.322,0.248,0.176,4.234,4.284,0.601,3.974,1.663,2,V
0.336,0.979,0.322,0.248,0.176,4.234,4.284,0.601,3.974,1.663,0.336,0.979,0.322,0.248,0.176,4.234,4.284,0.601,3.974,1.663,2,V
0.336,0.979,0.322,0.248,0.176,4.234,4.284,0.601,3.974,1.663,0.336,0.979,0.322,0.248,0.176,4.234,4.284,0.601,3.974,1.663,2,V
0.336,0.979,0.322,0.248,0.176,4.234,4.284,0.601,3.974,1.663,0.336,0.979,0.322,0.248,0.176,4.234,4.284,0.601,3.974,1.663,2,V
0.336,0.979,0.322,0.248,0.176,4.234,4.284,0.601,3.974,1.663,0.336,0.979,0.322,0.248,0.176,4.234,4.284,0.601,3.974,1.663,2,V
0.336,0.979,0.322,0.248,0.176,4.234,4.284,0.601,3.974,1.663,0.336,0.979,0.322,0.248,0.176,4.234,4.284,0.601,3.974,1.663,2,V
0.336,0.979,0.322,0.248,0.176,4.234,4.284,0.601,3.974,1.663,0.336,0.979,0.322,0.248,0.176,4.234,4.284,0.601,3.974,1.663,2,V
0.336,0.979,0.322,0.248,0.176,4.234,4.284,0.601,3.974,1.663,0.336,0.979,0.322,0.248,0.176,4.234,4.284,0.601,3.974,1.663,2,V
0.336,0.979,0.322,0.248,0.176,4.234,4.284,0.601,3.974,1.663,0.336,0.979,0.322,0.248,0.176,4.234,4.284,0.601,3.974,1.663,2,V
0.336,0.979,0.322,0.248,0.176,4.234,4.284,0.601,3.974,1.663,0.336,0.979,0.322,0.248,0.176,4.234,4.284,0.601,3.974,1.663,2,V
0.336,0.979,0.322,0.248,0.176,4.234,4.284,0.601,3.974,1.663,0.336,0.979,0.322,0.248,0.176,4.234,4.284,0.601,3.974,1.663,2,V
0.336,0.979,0.322,0.248,0.176,4.234,4.284,0.601,3.974,1.663,0.336,0.979,0.322,0.248,0.176,4.234,4.284,0.601,3.974,1.663,2,V
0.336,0.979,0.322,0.248,0.176,4.234,4.284,0.601,3.974,1.663,0.336,0.979,0.322,0.248,0.176,4.234,4.284,0.601,3.974,1.663,2,V
0.336,0.979,0.322,0.248,0.176,4.234,4.284,0.601,3.974,1.663,0.336,0.979,0.322,0.248,0.176,4.234,4.284,0.601,3.974,1.663,2,V
0.336,0.979,0.322,0.248,0.176,4.234,4.284,0.601,3.974,1.663,0.336,0.979,0.322,0.248,0.176,4.234,4.284,0.601,3.974,1.663,2,V
0.336,0.979,0.322,0.248,0.176,4.234,4.284,0.601,3.974,1.663,0.336,0.979,0.322,0.248,0.176,4.234,4.284,0.601,3.974,1.663,2,V
0.336,0.979,0.322,0.248,0.176,4.234,4.284,0.601,3.974,1.663,0.336,0.979,0.322,0.248,0.176,4.234,4.284,0.601,3.974,1.663,2,V
0.336,0.979,0.322,0.248,0.176,4.234,4.284,0.601,3.974,1.663,0.336,0.979,0.322,0.248,0.176,4.234,4.284,0.601,3.974,1.663,2,V
0.336,0.979,0.322,0.248,0.176,4.234,4.284,0.601,3.974,1.663,0.336,0.979,0.322,0.248,0.176,4.234,4.284,0.601,3.974,1.663,2,V
0.336,0.979,0.322,0.248,0.176,4.234,4.284,0.601,3.974,1.663,0.336,0.979,0.322,0.248,0.176,4.234,4.284,0.601,3.974,1.663,2,V
0.336,0.979,0.322,0.248,0.176,4.234,4.284,0.601,3.974,1.663,0.336,0.979,0.322,0.248,0.176,4.234,4.284,0.601,3.974,1.663,2,V
0.368,0.938,0.344,0.253,0.188,3.712,3.974,0.61,3.59,1.604,0.368,0.938,0.344,0.253,0.188,3.712,3.974,0.61,3.59,1.604,2,V
0.368,0.938,0.344,0.253,0.188,3.712,3.974,0.61,3.59,1.604,0.368,0.938,0.344,0.253,0.188,3.712,3.974,0.61,3.59,1.604,2,V
0.368,0.938,0.344,0.253,0.188,3.712,3.974,0.61,3.59,1.604,0.368,0.938,0.344,0.253,0.188,3.712,3.974,0.61,3.59,1.604,2,V
0.368,0.938,0.344,0.253,0.188,3.712,3.974,0.61,3.59,1.604,0.368,0.938,0.344,0.253,0.188,3.712,3.974,0.61,3.59,1.604,2,V
0.368,0.938,0.344,0.253,0.188,3.712,3.974,0.61,3.59,1.604,0.368,0.938,0.344,0.253,0.188,3.712,3.974,0.61,3.59,1.604,2,V
0.368,0.938,0.344,0.253,0.188,3.712,3.974,0.61,3.59,1.604,0.368,0.938,0.344,0.253,0.188,3.712,3.974,0.61,3.59,1.604,2,V
0.368,0.938,0.344,0.253,0.188,3.712,3.974,0.61,3.59,1.604,0.368,0.938,0.344,0.253,0.188,3.712,3.974,0.61,3.59,1.604,2,V
0.368,0.938,0.344,0.253,0.188,3.712,3.974,0.61,3.59,1.604,0.368,0.938,0.344,0.253,0.188,3.712,3.974,0.61,3.59,1.604,2,V
0.368,0.938,0.344,0.253,0.188,3.712,3.974,0.61,3.59,1.604,0.368,0.938,0.344,0.253,0.188,3.712,3.974,0.61,3.59,1.604,2,V
0.368,0.938,0.344,0.253,0.188,3.712,3.974,0.61,3.59,1.604,0.368,0.938,0.344,0.253,0.188,3.712,3.974,0.61,3.59,1.604,2,V
1.591,2.201,0.805,0.726,1.169,1.262,0.371,0.178,0.2,1.148,1.591,2.201,0.805,0.726,1.169,1.262,0.371,0.178,0.2,1.148,7,W
1.648,2.304,0.812,0.728,1.2,1.314,0.326,0.162,0.175,1.187,1.648,2.304,0.812,0.728,1.2,1.314,0.326,0.162,0.175,1.187,6,W
1.603,2.193,0.852,0.804,1.155,1.203,0.345,0.155,0.193,1.139,1.603,2.193,0.852,0.804,1.155,1.203,0.345,0.155,0.193,1.139,6.325,W
1.568,2.227,0.834,0.742,1.132,1.311,0.357,0.16,0.198,1.183,1.568,2.227,0.834,0.742,1.132,1.311,0.357,0.16,0.198,1.183,8.062,W
1.651,2.264,0.824,0.769,1.213,1.232,0.333,0.154,0.186,1.148,1.651,2.264,0.824,0.769,1.213,1.232,0.333,0.154,0.186,1.148,6.083,W
1.589,2.232,0.812,0.758,1.125,1.31,0.346,0.163,0.196,1.195,1.589,2.232,0.812,0.758,1.125,1.31,0.346,0.163,0.196,1.195,10.198,W
1.599,2.211,0.809,0.762,1.196,1.212,0.358,0.172,0.198,1.113,1.599,2.211,0.809,0.762,1.196,1.212,0.358,0.172,0.198,1.113,7.071,W
1.575,2.198,0.819,0.772,1.169,1.221,0.344,0.173,0.186,1.109,1.575,2.198,0.819,0.772,1.169,1.221,0.344,0.173,0.186,1.109,7.071,W
1.556,2.163,0.792,0.744,1.121,1.266,0.367,0.16,0.22,1.138,1.556,2.163,0.792,0.744,1.121,1.266,0.367,0.16,0.22,1.138,9.055,W
1.634,2.284,0.822,0.77,1.218,1.243,0.341,0.157,0.191,1.153,1.634,2.284,0.822,0.77,1.218,1.243,0.341,0.157,0.191,1.153,7.071,W
1.67,2.307,0.799,0.747,1.248,1.251,0.342,0.154,0.198,1.143,1.67,2.307,0.799,0.747,1.248,1.251,0.342,0.154,0.198,1.143,7.28,W
1.6,2.173,0.782,0.711,1.217,1.201,0.368,0.155,0.219,1.07,1.6,2.173,0.782,0.711,1.217,1.201,0.368,0.155,0.219,1.07,6.325,W
1.622,2.199,0.822,0.741,1.204,1.211,0.358,0.177,0.186,1.101,1.622,2.199,0.822,0.741,1.204,1.211,0.358,0.177,0.186,1.101,8.246,W
1.629,2.237,0.829,0.775,1.211,1.207,0.327,0.151,0.183,1.12,1.629,2.237,0.829,0.775,1.211,1.207,0.327,0.151,0.183,1.12,5.099,W
1.613,2.208,0.787,0.738,1.205,1.221,0.349,0.152,0.209,1.092,1.613,2.208,0.787,0.738,1.205,1.221,0.349,0.152,0.209,1.092,7.28,W
1.605,2.198,0.848,0.813,1.134,1.222,0.331,0.156,0.183,1.164,1.605,2.198,0.848,0.813,1.134,1.222,0.331,0.156,0.183,1.164,7.28,W
1.606,2.213,0.851,0.775,1.148,1.253,0.345,0.165,0.182,1.152,1.606,2.213,0.851,0.775,1.148,1.253,0.345,0.165,0.182,1.152,9.22,W
1.544,2.109,0.794,0.718,1.122,1.24,0.38,0.178,0.213,1.082,1.544,2.109,0.794,0.718,1.122,1.24,0.38,0.178,0.213,1.082,8.062,W
1.573,2.168,0.83,0.763,1.163,1.21,0.375,0.177,0.201,1.101,1.573,2.168,0.83,0.763,1.163,1.21,0.375,0.177,0.201,1.101,9.055,W
1.6,2.212,0.829,0.733,1.208,1.227,0.361,0.18,0.183,1.089,1.6,2.212,0.829,0.733,1.208,1.227,0.361,0.18,0.183,1.089,7.071,W
1.586,2.167,0.816,0.737,1.133,1.262,0.345,0.163,0.189,1.118,1.586,2.167,0.816,0.737,1.133,1.262,0.345,0.163,0.189,1.118,8.544,W
1.61,2.202,0.86,0.764,1.171,1.229,0.326,0.167,0.16,1.102,1.61,2.202,0.86,0.764,1.171,1.229,0.326,0.167,0.16,1.102,7.071,W
1.514,2.068,0.816,0.745,1.083,1.222,0.376,0.163,0.218,1.086,1.514,2.068,0.816,0.745,1.083,1.222,0.376,0.163,0.218,1.086,7.071,W
1.651,2.237,0.828,0.747,1.223,1.219,0.339,0.175,0.17,1.099,1.651,2.237,0.828,0.747,1.223,1.219,0.339,0.175,0.17,1.099,6.083,W
1.54,2.088,0.819,0.744,1.102,1.219,0.354,0.16,0.199,1.08,1.54,2.088,0.819,0.744,1.102,1.219,0.354,0.16,0.199,1.08,6.083,W
1.573,2.13,0.831,0.753,1.127,1.222,0.35,0.163,0.191,1.099,1.573,2.13,0.831,0.753,1.127,1.222,0.35,0.163,0.191,1.099,8.246,W
1.569,2.109,0.835,0.759,1.135,1.189,0.341,0.159,0.186,1.069,1.569,2.109,0.835,0.759,1.135,1.189,0.341,0.159,0.186,1.069,6.083,W
1.557,2.074,0.858,0.801,1.091,1.167,0.329,0.155,0.178,1.089,1.557,2.074,0.858,0.801,1.091,1.167,0.329,0.155,0.178,1.089,5.099,W
1.514,2.054,0.842,0.76,1.041,1.244,0.345,0.169,0.182,1.123,1.514,2.054,0.842,0.76,1.041,1.244,0.345,0.169,0.182,1.123,6.083,W
1.562,2.136,0.829,0.749,1.061,1.31,0.335,0.135,0.201,1.179,1.562,2.136,0.829,0.749,1.061,1.31,0.335,0.135,0.201,1.179,8.246,W
1.637,2.22,0.844,0.762,1.175,1.241,0.324,0.145,0.18,1.13,1.637,2.22,0.844,0.762,1.175,1.241,0.324,0.145,0.18,1.13,7.071,W
1.421,1.94,0.814,0.718,0.973,1.257,0.399,0.196,0.212,1.078,1.421,1.94,0.814,0.718,0.973,1.257,0.399,0.196,0.212,1.078,8.246,W
1.583,2.145,0.833,0.759,1.155,1.201,0.344,0.16,0.188,1.074,1.583,2.145,0.833,0.759,1.155,1.201,0.344,0.16,0.188,1.074,6.083,W
1.573,2.152,0.81,0.71,1.145,1.259,0.365,0.168,0.2,1.105,1.573,2.152,0.81,0.71,1.145,1.259,0.365,0.168,0.2,1.105,5.099,W
1.514,2.068,0.819,0.723,1.054,1.276,0.365,0.158,0.208,1.116,1.514,2.068,0.819,0.723,1.054,1.276,0.365,0.158,0.208,1.116,7.616,W
1.541,2.088,0.815,0.738,1.105,1.222,0.36,0.163,0.203,1.086,1.541,2.088,0.815,0.738,1.105,1.222,0.36,0.163,0.203,1.086,7.071,W
1.523,2.1,0.848,0.894,0.98,1.231,0.342,0.162,0.218,1.248,1.523,2.1,0.848,0.894,0.98,1.231,0.342,0.162,0.218,1.248,8.062,W
1.605,2.158,0.804,0.727,1.176,1.218,0.358,0.155,0.207,1.086,1.605,2.158,0.804,0.727,1.176,1.218,0.358,0.155,0.207,1.086,5,W
1.589,2.152,0.814,0.71,1.154,1.249,0.362,0.184,0.184,1.096,1.589,2.152,0.814,0.71,1.154,1.249,0.362,0.184,0.184,1.096,7.071,W
1.544,2.109,0.839,0.738,1.075,1.276,0.354,0.175,0.181,1.135,1.544,2.109,0.839,0.738,1.075,1.276,0.354,0.175,0.181,1.135,8.062,W
1.616,2.255,0.83,0.774,1.15,1.288,0.319,0.144,0.182,1.182,1.616,2.255,0.83,0.774,1.15,1.288,0.319,0.144,0.182,1.182,7.071,W
1.608,2.158,0.851,0.742,1.111,1.277,0.326,0.158,0.169,1.154,1.608,2.158,0.851,0.742,1.111,1.277,0.326,0.158,0.169,1.154,8.544,W
1.589,2.152,0.831,0.731,1.126,1.263,0.345,0.154,0.191,1.124,1.589,2.152,0.831,0.731,1.126,1.263,0.345,0.154,0.191,1.124,7.28,W
1.62,2.197,0.827,0.747,1.179,1.229,0.342,0.159,0.186,1.113,1.62,2.197,0.827,0.747,1.179,1.229,0.342,0.159,0.186,1.113,6.083,W
1.602,2.233,0.83,0.751,1.139,1.301,0.332,0.152,0.184,1.181,1.602,2.233,0.83,0.751,1.139,1.301,0.332,0.152,0.184,1.181,7.28,W
1.6,2.167,0.816,0.758,1.144,1.232,0.331,0.156,0.187,1.114,1.6,2.167,0.816,0.758,1.144,1.232,0.331,0.156,0.187,1.114,6.325,W
1.553,2.145,0.816,0.738,1.135,1.241,0.36,0.181,0.189,1.099,1.553,2.145,0.816,0.738,1.135,1.241,0.36,0.181,0.189,1.099,8.062,W
1.494,2.007,0.858,0.815,1.024,1.164,0.368,0.195,0.183,1.111,1.494,2.007,0.858,0.815,1.024,1.164,0.368,0.195,0.183,1.111,6.083,W
1.539,2.088,0.835,0.759,1.108,1.199,0.349,0.163,0.19,1.083,1.539,2.088,0.835,0.759,1.108,1.199,0.349,0.163,0.19,1.083,5,W
1.627,2.268,0.809,0.733,1.177,1.304,0.319,0.13,0.192,1.151,1.627,2.268,0.809,0.733,1.177,1.304,0.319,0.13,0.192,1.151,7.28,W
1.589,2.174,0.852,0.796,1.119,1.231,0.336,0.159,0.181,1.15,1.589,2.174,0.852,0.796,1.119,1.231,0.336,0.159,0.181,1.15,6.083,W
1.252,2.133,0.847,0.707,0.553,2.834,0.567,0.284,0.284,2.306,1.252,2.133,0.847,0.707,0.553,2.834,0.567,0.284,0.284,2.306,19.849,X
1.252,2.133,0.847,0.707,0.553,2.834,0.567,0.284,0.284,2.306,1.252,2.133,0.847,0.707,0.553,2.834,0.567,0.284,0.284,2.306,19.849,X
1.252,2.133,0.847,0.707,0.553,2.834,0.567,0.284,0.284,2.306,1.252,2.133,0.847,0.707,0.553,2.834,0.567,0.284,0.284,2.306,19.849,X
1.252,2.133,0.847,0.707,0.553,2.834,0.567,0.284,0.284,2.306,1.252,2.133,0.847,0.707,0.553,2.834,0.567,0.284,0.284,2.306,19.849,X
1.252,2.133,0.847,0.707,0.553,2.834,0.567,0.284,0.284,2.306,1.252,2.133,0.847,0.707,0.553,2.834,0.567,0.284,0.284,2.306,19.849,X
1.252,2.133,0.847,0.707,0.553,2.834,0.567,0.284,0.284,2.306,1.252,2.133,0.847,0.707,0.553,2.834,0.567,0.284,0.284,2.306,19.849,X
1.222,2.134,0.824,0.674,0.563,2.861,0.624,0.316,0.316,2.28,1.222,2.134,0.824,0.674,0.563,2.861,0.624,0.316,0.316,2.28,18.868,X
1.226,2.071,0.818,0.67,0.572,2.722,0.625,0.321,0.321,2.141,1.226,2.071,0.818,0.67,0.572,2.722,0.625,0.321,0.321,2.141,14.866,X
1.226,2.071,0.818,0.67,0.572,2.722,0.625,0.321,0.321,2.141,1.226,2.071,0.818,0.67,0.572,2.722,0.625,0.321,0.321,2.141,14.866,X
1.226,2.071,0.818,0.67,0.572,2.722,0.625,0.321,0.321,2.141,1.226,2.071,0.818,0.67,0.572,2.722,0.625,0.321,0.321,2.141,14.866,X
1.226,2.071,0.818,0.67,0.572,2.722,0.625,0.321,0.321,2.141,1.226,2.071,0.818,0.67,0.572,2.722,0.625,0.321,0.321,2.141,14.866,X
1.158,2.107,0.777,0.654,0.533,3.151,0.773,0.338,0.446,2.414,1.158,2.107,0.777,0.654,0.533,3.151,0.773,0.338,0.446,2.414,20.248,X
1.202,2.111,0.822,0.67,0.55,2.968,0.678,0.362,0.33,2.329,1.202,2.111,0.822,0.67,0.55,2.968,0.678,0.362,0.33,2.329,19.799,X
1.249,2.124,0.836,0.701,0.555,2.868,0.596,0.328,0.295,2.307,1.249,2.124,0.836,0.701,0.555,2.868,0.596,0.328,0.295,2.307,19.105,X
1.249,2.124,0.836,0.701,0.555,2.868,0.596,0.328,0.295,2.307,1.249,2.124,0.836,0.701,0.555,2.868,0.596,0.328,0.295,2.307,19.105,X
1.249,2.124,0.836,0.701,0.555,2.868,0.596,0.328,0.295,2.307,1.249,2.124,0.836,0.701,0.555,2.868,0.596,0.328,0.295,2.307,19.105,X
1.249,2.124,0.836,0.701,0.555,2.868,0.596,0.328,0.295,2.307,1.249,2.124,0.836,0.701,0.555,2.868,0.596,0.328,0.295,2.307,19.105,X
1.249,2.124,0.836,0.701,0.555,2.868,0.596,0.328,0.295,2.307,1.249,2.124,0.836,0.701,0.555,2.868,0.596,0.328,0.295,2.307,19.105,X
1.328,2.187,0.84,0.707,0.623,2.634,0.529,0.273,0.264,2.124,1.328,2.187,0.84,0.707,0.623,2.634,0.529,0.273,0.264,2.124,14.213,X
1.257,2.108,0.832,0.688,0.582,2.691,0.577,0.292,0.292,2.153,1.257,2.108,0.832,0.688,0.582,2.691,0.577,0.292,0.292,2.153,15.232,X
1.257,2.108,0.832,0.688,0.582,2.691,0.577,0.292,0.292,2.153,1.257,2.108,0.832,0.688,0.582,2.691,0.577,0.292,0.292,2.153,15.232,X
1.257,2.108,0.832,0.688,0.582,2.691,0.577,0.292,0.292,2.153,1.257,2.108,0.832,0.688,0.582,2.691,0.577,0.292,0.292,2.153,15.232,X
1.257,2.108,0.832,0.688,0.582,2.691,0.577,0.292,0.292,2.153,1.257,2.108,0.832,0.688,0.582,2.691,0.577,0.292,0.292,2.153,15.232,X
1.257,2.108,0.832,0.688,0.582,2.691,0.577,0.292,0.292,2.153,1.257,2.108,0.832,0.688,0.582,2.691,0.577,0.292,0.292,2.153,15.232,X
1.236,2.202,0.834,0.683,0.571,3.01,0.637,0.337,0.306,2.405,1.236,2.202,0.834,0.683,0.571,3.01,0.637,0.337,0.306,2.405,18.439,X
1.204,2.086,0.83,0.689,0.522,3,0.654,0.332,0.332,2.391,1.204,2.086,0.83,0.689,0.522,3,0.654,0.332,0.332,2.391,15.62,X
1.272,2.111,0.839,0.694,0.58,2.692,0.56,0.296,0.277,2.178,1.272,2.111,0.839,0.694,0.58,2.692,0.56,0.296,0.277,2.178,18.439,X
1.272,2.111,0.839,0.694,0.58,2.692,0.56,0.296,0.277,2.178,1.272,2.111,0.839,0.694,0.58,2.692,0.56,0.296,0.277,2.178,18.439,X
1.272,2.111,0.839,0.694,0.58,2.692,0.56,0.296,0.277,2.178,1.272,2.111,0.839,0.694,0.58,2.692,0.56,0.296,0.277,2.178,18.439,X
1.272,2.111,0.839,0.694,0.58,2.692,0.56,0.296,0.277,2.178,1.272,2.111,0.839,0.694,0.58,2.692,0.56,0.296,0.277,2.178,18.439,X
1.272,2.111,0.839,0.694,0.58,2.692,0.56,0.296,0.277,2.178,1.272,2.111,0.839,0.694,0.58,2.692,0.56,0.296,0.277,2.178,18.439,X
1.283,2.189,0.818,0.668,0.621,2.749,0.593,0.3,0.3,2.199,1.283,2.189,0.818,0.668,0.621,2.749,0.593,0.3,0.3,2.199,14.866,X
1.259,2.121,0.819,0.69,0.635,2.549,0.57,0.286,0.295,1.997,1.259,2.121,0.819,0.69,0.635,2.549,0.57,0.286,0.295,1.997,16.155,X
1.259,2.121,0.819,0.69,0.635,2.549,0.57,0.286,0.295,1.997,1.259,2.121,0.819,0.69,0.635,2.549,0.57,0.286,0.295,1.997,16.155,X
1.259,2.121,0.819,0.69,0.635,2.549,0.57,0.286,0.295,1.997,1.259,2.121,0.819,0.69,0.635,2.549,0.57,0.286,0.295,1.997,16.155,X
1.259,2.121,0.819,0.69,0.635,2.549,0.57,0.286,0.295,1.997,1.259,2.121,0.819,0.69,0.635,2.549,0.57,0.286,0.295,1.997,16.155,X
1.259,2.121,0.819,0.69,0.635,2.549,0.57,0.286,0.295,1.997,1.259,2.121,0.819,0.69,0.635,2.549,0.57,0.286,0.295,1.997,16.155,X
1.25,2.199,0.819,0.688,0.595,2.846,0.589,0.291,0.311,2.29,1.25,2.199,0.819,0.688,0.595,2.846,0.589,0.291,0.311,2.29,19.723,X
1.301,2.101,0.804,0.684,0.632,2.537,0.564,0.257,0.319,2.006,1.301,2.101,0.804,0.684,0.632,2.537,0.564,0.257,0.319,2.006,16.643,X
1.301,2.101,0.804,0.684,0.632,2.537,0.564,0.257,0.319,2.006,1.301,2.101,0.804,0.684,0.632,2.537,0.564,0.257,0.319,2.006,16.643,X
1.301,2.101,0.804,0.684,0.632,2.537,0.564,0.257,0.319,2.006,1.301,2.101,0.804,0.684,0.632,2.537,0.564,0.257,0.319,2.006,16.643,X
1.301,2.101,0.804,0.684,0.632,2.537,0.564,0.257,0.319,2.006,1.301,2.101,0.804,0.684,0.632,2.537,0.564,0.257,0.319,2.006,16.643,X
1.301,2.101,0.804,0.684,0.632,2.537,0.564,0.257,0.319,2.006,1.301,2.101,0.804,0.684,0.632,2.537,0.564,0.257,0.319,2.006,16.643,X
1.306,2.199,0.847,0.694,0.616,2.718,0.543,0.3,0.252,2.211,1.306,2.199,0.847,0.694,0.616,2.718,0.543,0.3,0.252,2.211,14.866,X
1.303,2.137,0.846,0.72,0.593,2.685,0.536,0.277,0.268,2.172,1.303,2.137,0.846,0.72,0.593,2.685,0.536,0.277,0.268,2.172,19.209,X
1.303,2.137,0.846,0.72,0.593,2.685,0.536,0.277,0.268,2.172,1.303,2.137,0.846,0.72,0.593,2.685,0.536,0.277,0.268,2.172,19.209,X
1.303,2.137,0.846,0.72,0.593,2.685,0.536,0.277,0.268,2.172,1.303,2.137,0.846,0.72,0.593,2.685,0.536,0.277,0.268,2.172,19.209,X
1.303,2.137,0.846,0.72,0.593,2.685,0.536,0.277,0.268,2.172,1.303,2.137,0.846,0.72,0.593,2.685,0.536,0.277,0.268,2.172,19.209,X
1.303,2.137,0.846,0.72,0.593,2.685,0.536,0.277,0.268,2.172,1.303,2.137,0.846,0.72,0.593,2.685,0.536,0.277,0.268,2.172,19.209,X
1.303,2.137,0.846,0.72,0.593,2.685,0.536,0.277,0.268,2.172,1.303,2.137,0.846,0.72,0.593,2.685,0.536,0.277,0.268,2.172,19.209,X
1.318,2.137,0.828,0.701,0.619,2.584,0.534,0.265,0.282,2.079,1.318,2.137,0.828,0.701,0.619,2.584,0.534,0.265,0.282,2.079,20.809,X
1.216,1.714,0.863,0.824,0.432,2.612,0.41,0.197,0.348,2.475,1.216,1.714,0.863,0.824,0.432,2.612,0.41,0.197,0.348,2.475,111.544,Y
1.285,1.768,0.892,0.87,0.476,2.512,0.274,0.108,0.261,2.378,1.285,1.768,0.892,0.87,0.476,2.512,0.274,0.108,0.261,2.378,112.446,Y
1.233,1.724,0.879,0.852,0.432,2.638,0.352,0.226,0.317,2.576,1.233,1.724,0.879,0.852,0.432,2.638,0.352,0.226,0.317,2.576,111.544,Y
1.268,1.742,0.859,0.885,0.404,2.676,0.343,0.29,0.368,2.71,1.268,1.742,0.859,0.885,0.404,2.676,0.343,0.29,0.368,2.71,111.364,Y
1.275,1.823,0.891,0.867,0.462,2.675,0.288,0.148,0.29,2.528,1.275,1.823,0.891,0.867,0.462,2.675,0.288,0.148,0.29,2.528,113.635,Y
1.276,1.828,0.872,0.834,0.507,2.541,0.335,0.094,0.285,2.34,1.276,1.828,0.872,0.834,0.507,2.541,0.335,0.094,0.285,2.34,112.539,Y
1.291,1.818,0.889,0.836,0.514,2.478,0.325,0.117,0.247,2.288,1.291,1.818,0.889,0.836,0.514,2.478,0.325,0.117,0.247,2.288,113.442,Y
1.252,1.741,0.876,0.899,0.373,2.89,0.371,0.404,0.374,2.996,1.252,1.741,0.876,0.899,0.373,2.89,0.371,0.404,0.374,2.996,111.45,Y
1.252,1.768,0.865,0.798,0.553,2.344,0.402,0.122,0.304,2.049,1.252,1.768,0.865,0.798,0.553,2.344,0.402,0.122,0.304,2.049,111.45,Y
1.254,1.748,0.875,0.837,0.469,2.517,0.349,0.126,0.298,2.341,1.254,1.748,0.875,0.837,0.469,2.517,0.349,0.126,0.298,2.341,112.539,Y
1.234,1.742,0.881,0.829,0.487,2.514,0.377,0.119,0.312,2.249,1.234,1.742,0.881,0.829,0.487,2.514,0.377,0.119,0.312,2.249,112.446,Y
1.294,1.829,0.89,0.85,0.507,2.48,0.297,0.146,0.249,2.359,1.294,1.829,0.89,0.85,0.507,2.48,0.297,0.146,0.249,2.359,110.454,Y
1.263,1.781,0.861,0.809,0.559,2.328,0.376,0.094,0.306,2.05,1.263,1.781,0.861,0.809,0.559,2.328,0.376,0.094,0.306,2.05,111.544,Y
1.282,1.839,0.89,0.856,0.531,2.491,0.314,0.064,0.257,2.237,1.282,1.839,0.89,0.856,0.531,2.491,0.314,0.064,0.257,2.237,111.544,Y
1.295,1.787,0.892,0.843,0.55,2.328,0.339,0.091,0.261,2.046,1.295,1.787,0.892,0.843,0.55,2.328,0.339,0.091,0.261,2.046,111.544,Y
1.257,1.78,0.877,0.839,0.502,2.477,0.337,0.094,0.296,2.249,1.257,1.78,0.877,0.839,0.502,2.477,0.337,0.094,0.296,2.249,111.647,Y
1.272,1.765,0.877,0.842,0.517,2.414,0.33,0.071,0.283,2.178,1.272,1.765,0.877,0.842,0.517,2.414,0.33,0.071,0.283,2.178,111.45,Y
1.261,1.795,0.858,0.807,0.54,2.402,0.381,0.097,0.304,2.136,1.261,1.795,0.858,0.807,0.54,2.402,0.381,0.097,0.304,2.136,111.544,Y
1.269,1.78,0.877,0.824,0.529,2.376,0.34,0.111,0.263,2.178,1.269,1.78,0.877,0.824,0.529,2.376,0.34,0.111,0.263,2.178,110.454,Y
1.29,1.825,0.89,0.837,0.538,2.443,0.32,0.099,0.239,2.229,1.29,1.825,0.89,0.837,0.538,2.443,0.32,0.099,0.239,2.229,112.539,Y
1.257,1.809,0.894,0.843,0.531,2.46,0.326,0.099,0.252,2.221,1.257,1.809,0.894,0.843,0.531,2.46,0.326,0.099,0.252,2.221,109.554,Y
1.28,1.786,0.873,0.851,0.494,2.458,0.303,0.107,0.288,2.305,1.28,1.786,0.873,0.851,0.494,2.458,0.303,0.107,0.288,2.305,110.653,Y
1.229,1.713,0.88,0.821,0.467,2.502,0.383,0.2,0.293,2.379,1.229,1.713,0.88,0.821,0.467,2.502,0.383,0.2,0.293,2.379,111.647,Y
1.237,1.713,0.862,0.778,0.535,2.275,0.422,0.162,0.285,2.044,1.237,1.713,0.862,0.778,0.535,2.275,0.422,0.162,0.285,2.044,110.454,Y
1.292,1.84,0.875,0.848,0.523,2.491,0.292,0.133,0.275,2.375,1.292,1.84,0.875,0.848,0.523,2.491,0.292,0.133,0.275,2.375,111.45,Y
1.29,1.81,0.876,0.829,0.554,2.392,0.376,0.095,0.283,2.069,1.29,1.81,0.876,0.829,0.554,2.392,0.376,0.095,0.283,2.069,112.446,Y
1.282,1.814,0.872,0.827,0.559,2.395,0.395,0.109,0.286,2.046,1.282,1.814,0.872,0.827,0.559,2.395,0.395,0.109,0.286,2.046,111.544,Y
1.267,1.774,0.861,0.789,0.54,2.345,0.393,0.151,0.286,2.147,1.267,1.774,0.861,0.789,0.54,2.345,0.393,0.151,0.286,2.147,111.45,Y
1.293,1.811,0.873,0.821,0.561,2.341,0.336,0.095,0.257,2.123,1.293,1.811,0.873,0.821,0.561,2.341,0.336,0.095,0.257,2.123,111.45,Y
1.319,1.809,0.888,0.837,0.573,2.283,0.324,0.09,0.242,2.029,1.319,1.809,0.888,0.837,0.573,2.283,0.324,0.09,0.242,2.029,110.454,Y
1.257,1.783,0.877,0.808,0.539,2.402,0.381,0.127,0.276,2.136,1.257,1.783,0.877,0.808,0.539,2.402,0.381,0.127,0.276,2.136,111.544,Y
1.336,1.847,0.888,0.851,0.563,2.337,0.29,0.068,0.246,2.117,1.336,1.847,0.888,0.851,0.563,2.337,0.29,0.068,0.246,2.117,112.446,Y
1.297,1.837,0.872,0.834,0.539,2.417,0.315,0.089,0.268,2.229,1.297,1.837,0.872,0.834,0.539,2.417,0.315,0.089,0.268,2.229,110.549,Y
1.278,1.805,0.859,0.84,0.526,2.457,0.341,0.045,0.326,2.192,1.278,1.805,0.859,0.84,0.526,2.457,0.341,0.045,0.326,2.192,111.544,Y
1.27,1.779,0.875,0.853,0.469,2.575,0.314,0.11,0.298,2.419,1.27,1.779,0.875,0.853,0.469,2.575,0.314,0.11,0.298,2.419,111.45,Y
1.29,1.832,0.892,0.88,0.461,2.645,0.274,0.216,0.274,2.608,1.29,1.832,0.892,0.88,0.461,2.645,0.274,0.216,0.274,2.608,111.647,Y
1.257,1.768,0.86,0.807,0.53,2.351,0.371,0.111,0.292,2.136,1.257,1.768,0.86,0.807,0.53,2.351,0.371,0.111,0.292,2.136,109.659,Y
1.271,1.82,0.877,0.822,0.521,2.501,0.356,0.115,0.285,2.266,1.271,1.82,0.877,0.822,0.521,2.501,0.356,0.115,0.285,2.266,111.45,Y
1.292,1.829,0.871,0.836,0.53,2.443,0.315,0.07,0.258,2.257,1.292,1.829,0.871,0.836,0.53,2.443,0.315,0.07,0.258,2.257,110.454,Y
1.333,1.846,0.889,0.864,0.53,2.395,0.257,0.131,0.243,2.294,1.333,1.846,0.889,0.864,0.53,2.395,0.257,0.131,0.243,2.294,111.364,Y
1.255,1.772,0.861,0.829,0.518,2.447,0.382,0.063,0.326,2.136,1.255,1.772,0.861,0.829,0.518,2.447,0.382,0.063,0.326,2.136,111.647,Y
1.262,1.795,0.875,0.806,0.531,2.368,0.375,0.138,0.276,2.123,1.262,1.795,0.875,0.806,0.531,2.368,0.375,0.138,0.276,2.123,108.665,Y
1.288,1.786,0.889,0.879,0.438,2.616,0.326,0.265,0.276,2.643,1.288,1.786,0.889,0.879,0.438,2.616,0.326,0.265,0.276,2.643,110.549,Y
1.261,1.809,0.858,0.79,0.554,2.375,0.401,0.124,0.296,2.096,1.261,1.809,0.858,0.79,0.554,2.375,0.401,0.124,0.296,2.096,110.549,Y
1.308,1.814,0.891,0.87,0.508,2.462,0.27,0.073,0.264,2.272,1.308,1.814,0.891,0.87,0.508,2.462,0.27,0.073,0.264,2.272,111.544,Y
1.255,1.772,0.875,0.833,0.484,2.521,0.345,0.153,0.293,2.378,1.255,1.772,0.875,0.833,0.484,2.521,0.345,0.153,0.293,2.378,110.549,Y
1.255,1.775,0.877,0.811,0.539,2.402,0.39,0.123,0.276,2.109,1.255,1.775,0.877,0.811,0.539,2.402,0.39,0.123,0.276,2.109,111.647,Y
1.269,1.818,0.875,0.85,0.475,2.643,0.316,0.144,0.298,2.513,1.269,1.818,0.875,0.85,0.475,2.643,0.316,0.144,0.298,2.513,112.641,Y
1.251,1.771,0.88,0.824,0.507,2.455,0.356,0.137,0.288,2.246,1.251,1.771,0.88,0.824,0.507,2.455,0.356,0.137,0.288,2.246,109.659,Y
1.2,1.688,0.834,0.785,0.493,2.394,0.447,0.1,0.361,2.122,1.2,1.688,0.834,0.785,0.493,2.394,0.447,0.1,0.361,2.122,109.659,Y
1.26,1.768,0.86,0.805,0.53,2.325,0.37,0.131,0.292,2.136,1.26,1.768,0.86,0.805,0.53,2.325,0.37,0.131,0.292,2.136,108.559,Y
0.664,0.971,0.932,0.777,0.159,1.292,1.466,1.065,0.427,0.183,0.664,0.971,0.932,0.777,0.159,1.292,1.466,1.065,0.427,0.183,68.622,Z
0.69,0.962,0.915,0.727,0.097,2.497,2.876,2.002,0.88,0.389,0.69,0.962,0.915,0.727,0.097,2.497,2.876,2.002,0.88,0.389,67.209,Z
0.684,0.97,0.891,0.726,0.07,3.712,4.118,2.657,1.556,0.424,0.684,0.97,0.891,0.726,0.07,3.712,4.118,2.657,1.556,0.424,69.311,Z
0.667,0.961,0.894,0.724,0.095,2.652,3.067,1.99,1.116,0.416,0.667,0.961,0.894,0.724,0.095,2.652,3.067,1.99,1.116,0.416,69.354,Z
0.691,0.963,0.907,0.73,0.088,2.752,3.162,2.146,1.06,0.424,0.691,0.963,0.907,0.73,0.088,2.752,3.162,2.146,1.06,0.424,65.947,Z
0.694,0.971,0.913,0.732,0.091,2.752,3.059,2.112,0.96,0.318,0.694,0.971,0.913,0.732,0.091,2.752,3.059,2.112,0.96,0.318,68.68,Z
0.683,0.98,0.912,0.732,0.082,3.243,3.504,2.43,1.087,0.264,0.683,0.98,0.912,0.732,0.082,3.243,3.504,2.43,1.087,0.264,66.528,Z
0.694,0.971,0.923,0.716,0.056,4.881,5.371,4.015,1.383,0.514,0.694,0.971,0.923,0.716,0.056,4.881,5.371,4.015,1.383,0.514,68.593,Z
0.698,0.971,0.905,0.718,0.072,3.662,4.077,2.782,1.32,0.415,0.698,0.971,0.905,0.718,0.072,3.662,4.077,2.782,1.32,0.415,66.528,Z
0.684,0.971,0.933,0.741,0.11,2.15,2.426,1.831,0.614,0.277,0.684,0.971,0.933,0.741,0.11,2.15,2.426,1.831,0.614,0.277,68.622,Z
0.681,0.962,0.924,0.729,0.087,2.816,3.236,2.369,0.874,0.434,0.681,0.962,0.924,0.729,0.087,2.816,3.236,2.369,0.874,0.434,67.357,Z
0.697,0.962,0.914,0.728,0.061,4.15,4.791,3.364,1.44,0.644,0.697,0.962,0.914,0.728,0.061,4.15,4.791,3.364,1.44,0.644,67.209,Z
0.688,0.98,0.912,0.739,0.077,3.402,3.644,2.522,1.159,0.256,0.688,0.98,0.912,0.739,0.077,3.402,3.644,2.522,1.159,0.256,67.941,Z
0.688,0.971,0.941,0.72,0.062,4.248,4.742,3.755,0.988,0.494,0.688,0.971,0.941,0.72,0.062,4.248,4.742,3.755,0.988,0.494,69.354,Z
0.705,0.971,0.904,0.723,0.091,2.813,3.145,2.1,1.059,0.333,0.705,0.971,0.904,0.723,0.091,2.813,3.145,2.1,1.059,0.333,66.483,Z
0.694,0.962,0.913,0.741,0.112,2.038,2.372,1.602,0.776,0.343,0.694,0.962,0.913,0.741,0.112,2.038,2.372,1.602,0.776,0.343,67.941,Z
0.688,0.961,0.912,0.747,0.097,2.332,2.72,1.857,0.909,0.404,0.688,0.961,0.912,0.747,0.097,2.332,2.72,1.857,0.909,0.404,68.593,Z
0.678,0.97,0.921,0.728,0.083,3.131,3.504,2.539,0.972,0.373,0.678,0.97,0.921,0.728,0.083,3.131,3.504,2.539,0.972,0.373,65.947,Z
0.697,0.971,0.914,0.726,0.077,3.413,3.766,2.672,1.123,0.372,0.697,0.971,0.914,0.726,0.077,3.413,3.766,2.672,1.123,0.372,67.268,Z
0.68,0.98,0.903,0.72,0.076,3.606,3.888,2.593,1.306,0.286,0.68,0.98,0.903,0.72,0.076,3.606,3.888,2.593,1.306,0.286,70.767,Z
0.688,0.97,0.921,0.737,0.098,2.5,2.816,1.992,0.825,0.316,0.688,0.97,0.921,0.737,0.098,2.5,2.816,1.992,0.825,0.316,66.068,Z
0.684,0.981,0.904,0.723,0.083,3.274,3.497,2.354,1.168,0.232,0.684,0.981,0.904,0.723,0.083,3.274,3.497,2.354,1.168,0.232,73.553,Z
0.684,0.972,0.895,0.716,0.069,3.947,4.306,2.859,1.525,0.439,0.684,0.972,0.895,0.716,0.069,3.947,4.306,2.859,1.525,0.439,70.178,Z
0.691,0.971,0.893,0.71,0.083,3.296,3.666,2.37,1.309,0.37,0.691,0.971,0.893,0.71,0.083,3.296,3.666,2.37,1.309,0.37,66.483,Z
0.689,0.981,0.893,0.721,0.07,3.905,4.172,2.678,1.532,0.277,0.689,0.981,0.893,0.721,0.07,3.905,4.172,2.678,1.532,0.277,66.708,Z
0.702,0.971,0.894,0.715,0.052,5.285,5.816,3.76,2.076,0.557,0.702,0.971,0.894,0.715,0.052,5.285,5.816,3.76,2.076,0.557,66.528,Z
0.686,0.971,0.913,0.743,0.095,2.556,2.875,1.99,0.915,0.319,0.686,0.971,0.913,0.743,0.095,2.556,2.875,1.99,0.915,0.319,70.725,Z
0.686,0.98,0.921,0.738,0.077,3.402,3.644,2.64,1.032,0.256,0.686,0.98,0.921,0.738,0.077,3.402,3.644,2.64,1.032,0.256,64.351,Z
0.68,0.961,0.903,0.74,0.089,2.641,3.054,1.994,1.09,0.434,0.68,0.961,0.903,0.74,0.089,2.641,3.054,1.994,1.09,0.434,70.007,Z
0.686,0.971,0.902,0.727,0.084,3.018,3.355,2.172,1.185,0.349,0.686,0.971,0.902,0.727,0.084,3.018,3.355,2.172,1.185,0.349,68.68,Z
0.687,0.98,0.912,0.729,0.069,3.847,4.118,2.818,1.304,0.283,0.687,0.98,0.912,0.729,0.069,3.847,4.118,2.818,1.304,0.283,65.299,Z
0.672,0.971,0.893,0.74,0.103,2.38,2.649,1.608,1.052,0.282,0.672,0.971,0.893,0.74,0.103,2.38,2.649,1.608,1.052,0.282,67.179,Z
0.666,0.962,0.904,0.754,0.107,2.161,2.492,1.6,0.912,0.358,0.666,0.962,0.904,0.754,0.107,2.161,2.492,1.6,0.912,0.358,70.178,Z
0.664,0.962,0.884,0.726,0.073,3.586,4.073,2.526,1.597,0.525,0.664,0.962,0.884,0.726,0.073,3.586,4.073,2.526,1.597,0.525,68.68,Z
0.688,0.971,0.882,0.719,0.071,3.815,4.172,2.55,1.67,0.439,0.688,0.971,0.882,0.719,0.071,3.815,4.172,2.55,1.67,0.439,67.209,Z
0.679,0.98,0.921,0.756,0.118,1.997,2.156,1.497,0.67,0.166,0.679,0.98,0.921,0.756,0.118,1.997,2.156,1.497,0.67,0.166,66.708,Z
0.67,0.971,0.913,0.743,0.122,1.964,2.191,1.491,0.711,0.236,0.67,0.971,0.913,0.743,0.122,1.964,2.191,1.491,0.711,0.236,67.268,Z
0.686,0.98,0.912,0.756,0.111,2.125,2.295,1.51,0.8,0.177,0.686,0.98,0.912,0.756,0.111,2.125,2.295,1.51,0.8,0.177,68.68,Z
0.647,0.952,0.933,0.781,0.196,0.894,1.132,0.8,0.34,0.243,0.647,0.952,0.933,0.781,0.196,0.894,1.132,0.8,0.34,0.243,70.767,Z
0.681,0.971,0.922,0.758,0.124,1.814,2.04,1.416,0.633,0.236,0.681,0.971,0.922,0.758,0.124,1.814,2.04,1.416,0.633,0.236,67.179,Z
0.664,0.961,0.913,0.748,0.152,1.431,1.684,1.118,0.576,0.256,0.664,0.961,0.913,0.748,0.152,1.431,1.684,1.118,0.576,0.256,70.036,Z
0.671,0.971,0.941,0.785,0.161,1.215,1.376,1.022,0.366,0.193,0.671,0.971,0.941,0.785,0.161,1.215,1.376,1.022,0.366,0.193,68.68,Z
0.686,0.98,0.94,0.772,0.135,1.67,1.81,1.367,0.452,0.149,0.686,0.98,0.94,0.772,0.135,1.67,1.81,1.367,0.452,0.149,66.708,Z
0.671,0.971,0.902,0.738,0.111,2.236,2.489,1.625,0.888,0.265,0.671,0.971,0.902,0.738,0.111,2.236,2.489,1.625,0.888,0.265,69.354,Z
0.68,0.971,0.903,0.728,0.105,2.357,2.647,1.727,0.929,0.292,0.68,0.971,0.903,0.728,0.105,2.357,2.647,1.727,0.929,0.292,67.941,Z
0.677,0.971,0.894,0.725,0.082,3.243,3.578,2.321,1.302,0.354,0.677,0.971,0.894,0.725,0.082,3.243,3.578,2.321,1.302,0.354,70.007,Z
0.681,0.971,0.912,0.738,0.111,2.193,2.47,1.664,0.809,0.277,0.681,0.971,0.912,0.738,0.111,2.193,2.47,1.664,0.809,0.277,66.068,Z
0.682,0.971,0.903,0.748,0.117,1.974,2.216,1.392,0.835,0.249,0.682,0.971,0.903,0.748,0.117,1.974,2.216,1.392,0.835,0.249,67.897,Z
0.657,0.961,0.893,0.741,0.124,1.902,2.222,1.397,0.862,0.322,0.657,0.961,0.893,0.741,0.124,1.902,2.222,1.397,0.862,0.322,72.863,Z
0.68,0.971,0.912,0.749,0.103,2.291,2.533,1.667,0.867,0.297,0.68,0.971,0.912,0.749,0.103,2.291,2.533,1.667,0.867,0.297,67.268,Z
0.673,0.98,0.94,0.771,0.142,1.537,1.672,1.247,0.428,0.141,0.673,0.98,0.94,0.771,0.142,1.537,1.672,1.247,0.428,0.141,65.856,Z