F1,F2,F3,F4,F5,F6,F7,F8,F9,F10,F11,F12,F13,F14,F15,F16,F17,F18,F19,F20,F21,Alphabet
2.122,1.155,0.945,0.975,2.166,0.433,0.3,0.146,0.154,0.134,2.122,1.155,0.945,0.975,2.166,0.433,0.3,0.146,0.154,0.134,15.524,A
2.127,1.149,0.95,0.982,2.168,0.431,0.292,0.139,0.153,0.139,2.127,1.149,0.95,0.982,2.168,0.431,0.292,0.139,0.153,0.139,15.811,A
2.132,1.149,0.95,0.985,2.179,0.435,0.296,0.144,0.152,0.139,2.132,1.149,0.95,0.985,2.179,0.435,0.296,0.144,0.152,0.139,16.492,A
1.996,1.13,0.936,0.95,2.011,0.444,0.302,0.141,0.161,0.142,1.996,1.13,0.936,0.95,2.011,0.444,0.302,0.141,0.161,0.142,18.439,A
2.115,1.156,0.954,1.016,2.17,0.441,0.295,0.141,0.153,0.146,2.115,1.156,0.954,1.016,2.17,0.441,0.295,0.141,0.153,0.146,19.313,A
2.11,1.156,0.931,0.952,2.118,0.428,0.292,0.143,0.149,0.136,2.11,1.156,0.931,0.952,2.118,0.428,0.292,0.143,0.149,0.136,14.56,A
2.107,1.147,0.949,0.976,2.13,0.431,0.292,0.139,0.153,0.139,2.107,1.147,0.949,0.976,2.13,0.431,0.292,0.139,0.153,0.139,17.72,A
2.135,1.149,0.945,0.97,2.154,0.43,0.293,0.143,0.15,0.137,2.135,1.149,0.945,0.97,2.154,0.43,0.293,0.143,0.15,0.137,15.524,A
2.138,1.152,0.945,0.952,2.14,0.425,0.285,0.139,0.147,0.139,2.138,1.152,0.945,0.952,2.14,0.425,0.285,0.139,0.147,0.139,14.866,A
2.119,1.159,0.962,0.987,2.142,0.44,0.294,0.146,0.149,0.146,2.119,1.159,0.962,0.987,2.142,0.44,0.294,0.146,0.149,0.146,19.416,A
2.107,1.151,0.945,0.992,2.155,0.444,0.305,0.146,0.159,0.139,2.107,1.151,0.945,0.992,2.155,0.444,0.305,0.146,0.159,0.139,17.464,A
2.081,1.142,0.954,0.973,2.103,0.433,0.293,0.14,0.154,0.14,2.081,1.142,0.954,0.973,2.103,0.433,0.293,0.14,0.154,0.14,18.439,A
2.124,1.139,0.951,0.961,2.128,0.419,0.285,0.139,0.147,0.133,2.124,1.139,0.951,0.961,2.128,0.419,0.285,0.139,0.147,0.133,18.682,A
2.105,1.164,0.952,0.971,2.126,0.439,0.293,0.14,0.154,0.146,2.105,1.164,0.952,0.971,2.126,0.439,0.293,0.14,0.154,0.146,18.682,A
2.116,1.147,0.949,0.976,2.128,0.431,0.292,0.139,0.153,0.139,2.116,1.147,0.949,0.976,2.128,0.431,0.292,0.139,0.153,0.139,19.647,A
2.062,1.14,0.952,0.981,2.081,0.437,0.298,0.145,0.153,0.139,2.062,1.14,0.952,0.981,2.081,0.437,0.298,0.145,0.153,0.139,20.248,A
2.055,1.139,0.95,0.963,2.058,0.434,0.296,0.144,0.152,0.139,2.055,1.139,0.95,0.963,2.058,0.434,0.296,0.144,0.152,0.139,18.439,A
2.09,1.158,0.952,0.971,2.117,0.441,0.298,0.148,0.15,0.143,2.09,1.158,0.952,0.971,2.117,0.441,0.298,0.148,0.15,0.143,15.811,A
2.049,1.148,0.95,0.977,2.058,0.44,0.302,0.151,0.152,0.138,2.049,1.148,0.95,0.977,2.058,0.44,0.302,0.151,0.152,0.138,19.416,A
2.093,1.152,0.95,0.98,2.117,0.441,0.296,0.144,0.152,0.144,2.093,1.152,0.95,0.98,2.117,0.441,0.296,0.144,0.152,0.144,18.682,A
0.98,1.036,0.963,0.888,0.211,0.718,0.533,0.362,0.176,0.236,0.98,1.036,0.963,0.888,0.211,0.718,0.533,0.362,0.176,0.236,14.765,B
0.966,1.036,0.963,0.902,0.193,0.71,0.51,0.325,0.194,0.26,0.966,1.036,0.963,0.902,0.193,0.71,0.51,0.325,0.194,0.26,15.524,B
0.975,1.036,0.968,0.903,0.191,0.723,0.51,0.338,0.183,0.235,0.975,1.036,0.968,0.903,0.191,0.723,0.51,0.338,0.183,0.235,13.342,B
0.977,1.036,0.961,0.882,0.21,0.753,0.565,0.377,0.196,0.216,0.977,1.036,0.961,0.882,0.21,0.753,0.565,0.377,0.196,0.216,15.264,B
0.976,1.029,0.961,0.875,0.22,0.72,0.57,0.392,0.188,0.188,0.976,1.029,0.961,0.875,0.22,0.72,0.57,0.392,0.188,0.188,14.765,B
0.962,1.02,0.961,0.863,0.22,0.723,0.625,0.452,0.188,0.144,0.962,1.02,0.961,0.863,0.22,0.723,0.625,0.452,0.188,0.144,12.649,B
0.955,1.027,0.961,0.876,0.201,0.765,0.618,0.425,0.204,0.175,0.955,1.027,0.961,0.876,0.201,0.765,0.618,0.425,0.204,0.175,14.318,B
0.969,1.029,0.96,0.868,0.214,0.769,0.618,0.431,0.212,0.193,0.969,1.029,0.96,0.868,0.214,0.769,0.618,0.431,0.212,0.193,14.318,B
0.969,1.027,0.953,0.86,0.218,0.784,0.647,0.427,0.234,0.162,0.969,1.027,0.953,0.86,0.218,0.784,0.647,0.427,0.234,0.162,14.56,B
0.956,1.02,0.961,0.86,0.204,0.806,0.691,0.496,0.202,0.155,0.956,1.02,0.961,0.86,0.204,0.806,0.691,0.496,0.202,0.155,14.318,B
0.968,1.02,0.969,0.876,0.223,0.657,0.556,0.419,0.142,0.142,0.968,1.02,0.969,0.876,0.223,0.657,0.556,0.419,0.142,0.142,13,B
0.945,1.019,0.959,0.873,0.2,0.746,0.64,0.432,0.227,0.128,0.945,1.019,0.959,0.873,0.2,0.746,0.64,0.432,0.227,0.128,13.928,B
0.966,1.026,0.966,0.872,0.219,0.718,0.591,0.431,0.185,0.139,0.966,1.026,0.966,0.872,0.219,0.718,0.591,0.431,0.185,0.139,13,B
0.968,1.019,0.968,0.888,0.217,0.618,0.52,0.368,0.164,0.119,0.968,1.019,0.968,0.888,0.217,0.618,0.52,0.368,0.164,0.119,14.318,B
0.97,1.02,0.968,0.881,0.214,0.67,0.558,0.405,0.167,0.149,0.97,1.02,0.968,0.881,0.214,0.67,0.558,0.405,0.167,0.149,13.892,B
0.969,1.028,0.967,0.879,0.217,0.7,0.558,0.405,0.167,0.167,0.969,1.028,0.967,0.879,0.217,0.7,0.558,0.405,0.167,0.167,12.083,B
0.98,1.028,0.967,0.892,0.219,0.641,0.495,0.34,0.167,0.167,0.98,1.028,0.967,0.892,0.219,0.641,0.495,0.34,0.167,0.167,11.705,B
0.999,1.038,0.976,0.896,0.233,0.631,0.449,0.346,0.113,0.226,0.999,1.038,0.976,0.896,0.233,0.631,0.449,0.346,0.113,0.226,11.18,B
0.984,1.038,0.969,0.889,0.215,0.708,0.515,0.372,0.151,0.243,0.984,1.038,0.969,0.889,0.215,0.708,0.515,0.372,0.151,0.243,12.083,B
0.981,1.027,0.961,0.881,0.221,0.677,0.54,0.36,0.188,0.161,0.981,1.027,0.961,0.881,0.221,0.677,0.54,0.36,0.188,0.161,10.817,B
0.976,1.029,0.961,0.883,0.216,0.689,0.54,0.362,0.191,0.191,0.976,1.029,0.961,0.883,0.216,0.689,0.54,0.362,0.191,0.191,12.083,B
0.866,0.972,1,0.948,0.336,0.086,0.189,0.189,0,0.103,0.866,0.972,1,0.948,0.336,0.086,0.189,0.189,0,0.103,1.414,C
0.866,0.972,1,0.948,0.336,0.086,0.189,0.189,0,0.103,0.866,0.972,1,0.948,0.336,0.086,0.189,0.189,0,0.103,1.414,C
0.782,1.001,1.002,0.931,0.411,0.176,0.197,0.187,0.037,0.059,0.782,1.001,1.002,0.931,0.411,0.176,0.197,0.187,0.037,0.059,12.042,C
0.782,1.001,1.002,0.931,0.411,0.176,0.197,0.187,0.037,0.059,0.782,1.001,1.002,0.931,0.411,0.176,0.197,0.187,0.037,0.059,12.042,C
0.759,0.993,0.992,0.893,0.24,0.416,0.508,0.501,0.059,0.291,0.759,0.993,0.992,0.893,0.24,0.416,0.508,0.501,0.059,0.291,43.139,C
0.859,0.971,0.997,0.923,0.337,0.151,0.233,0.22,0.019,0.086,0.859,0.971,0.997,0.923,0.337,0.151,0.233,0.22,0.019,0.086,0,C
0.859,0.971,0.997,0.923,0.337,0.151,0.233,0.22,0.019,0.086,0.859,0.971,0.997,0.923,0.337,0.151,0.233,0.22,0.019,0.086,0,C
0.796,0.995,1.003,0.894,0.436,0.297,0.366,0.346,0.037,0.093,0.796,0.995,1.003,0.894,0.436,0.297,0.366,0.346,0.037,0.093,14.318,C
0.861,0.979,0.984,0.928,0.325,0.17,0.242,0.183,0.063,0.071,0.861,0.979,0.984,0.928,0.325,0.17,0.242,0.183,0.063,0.071,2,C
0.861,0.979,0.984,0.928,0.325,0.17,0.242,0.183,0.063,0.071,0.861,0.979,0.984,0.928,0.325,0.17,0.242,0.183,0.063,0.071,2,C
0.719,0.992,0.995,0.87,0.222,0.579,0.652,0.644,0.033,0.12,0.719,0.992,0.995,0.87,0.222,0.579,0.652,0.644,0.033,0.12,53.413,C
0.863,0.979,1,0.946,0.339,0.126,0.171,0.171,0,0.063,0.863,0.979,1,0.946,0.339,0.126,0.171,0.171,0,0.063,1,C
0.863,0.979,1,0.946,0.339,0.126,0.171,0.171,0,0.063,0.863,0.979,1,0.946,0.339,0.126,0.171,0.171,0,0.063,1,C
0.694,0.98,0.985,0.875,0.181,0.621,0.854,0.815,0.095,0.308,0.694,0.98,0.985,0.875,0.181,0.621,0.854,0.815,0.095,0.308,75.166,C
0.855,0.983,0.989,0.899,0.397,0.228,0.278,0.245,0.034,0.051,0.855,0.983,0.989,0.899,0.397,0.228,0.278,0.245,0.034,0.051,2.236,C
0.855,0.983,0.989,0.899,0.397,0.228,0.278,0.245,0.034,0.051,0.855,0.983,0.989,0.899,0.397,0.228,0.278,0.245,0.034,0.051,2.236,C
0.675,0.975,0.993,0.869,0.195,0.626,0.672,0.639,0.177,0.302,0.675,0.975,0.993,0.869,0.195,0.626,0.672,0.639,0.177,0.302,78.102,C
0.878,0.992,0.983,0.894,0.366,0.282,0.314,0.26,0.055,0.041,0.878,0.992,0.983,0.894,0.366,0.282,0.314,0.26,0.055,0.041,2.236,C
0.878,0.992,0.983,0.894,0.366,0.282,0.314,0.26,0.055,0.041,0.878,0.992,0.983,0.894,0.366,0.282,0.314,0.26,0.055,0.041,2.236,C
0.677,0.975,0.99,0.895,0.218,0.566,0.571,0.452,0.19,0.18,0.677,0.975,0.99,0.895,0.218,0.566,0.571,0.452,0.19,0.18,74.404,C
0.83,0.993,0.985,0.924,0.388,0.187,0.218,0.18,0.04,0.04,0.83,0.993,0.985,0.924,0.388,0.187,0.218,0.18,0.04,0.04,7.071,C
1.3,2.183,0.51,0.305,1.009,1.964,0.699,0.209,0.49,1.835,1.3,2.183,0.51,0.305,1.009,1.964,0.699,0.209,0.49,1.835,66.272,D
1.29,2.148,0.518,0.31,1.002,1.96,0.694,0.209,0.484,1.831,1.29,2.148,0.518,0.31,1.002,1.96,0.694,0.209,0.484,1.831,66.37,D
1.301,2.152,0.507,0.291,1.027,1.919,0.696,0.213,0.483,1.781,1.301,2.152,0.507,0.291,1.027,1.919,0.696,0.213,0.483,1.781,65.49,D
1.273,2.136,0.527,0.309,0.984,1.981,0.706,0.223,0.484,1.837,1.273,2.136,0.527,0.309,0.984,1.981,0.706,0.223,0.484,1.837,67.602,D
1.304,2.148,0.509,0.292,1.031,1.908,0.694,0.213,0.481,1.78,1.304,2.148,0.509,0.292,1.031,1.908,0.694,0.213,0.481,1.78,64.777,D
1.329,2.195,0.5,0.269,1.074,1.88,0.689,0.218,0.471,1.753,1.329,2.195,0.5,0.269,1.074,1.88,0.689,0.218,0.471,1.753,61.66,D
1.316,2.176,0.504,0.285,1.048,1.904,0.689,0.212,0.477,1.777,1.316,2.176,0.504,0.285,1.048,1.904,0.689,0.212,0.477,1.777,63.285,D
1.311,2.221,0.543,0.319,1.015,2.005,0.675,0.223,0.453,1.866,1.311,2.221,0.543,0.319,1.015,2.005,0.675,0.223,0.453,1.866,66.272,D
1.298,2.138,0.505,0.291,1.023,1.906,0.7,0.212,0.489,1.767,1.298,2.138,0.505,0.291,1.023,1.906,0.7,0.212,0.489,1.767,63.285,D
1.287,2.13,0.537,0.316,0.991,1.953,0.695,0.226,0.47,1.815,1.287,2.13,0.537,0.316,0.991,1.953,0.695,0.226,0.47,1.815,66.483,D
1.321,2.104,0.509,0.317,1.028,1.865,0.667,0.188,0.479,1.708,1.321,2.104,0.509,0.317,1.028,1.865,0.667,0.188,0.479,1.708,65.765,D
1.315,2.13,0.524,0.315,1.026,1.901,0.67,0.206,0.464,1.745,1.315,2.13,0.524,0.315,1.026,1.901,0.67,0.206,0.464,1.745,66.753,D
1.292,2.117,0.517,0.315,0.995,1.93,0.693,0.205,0.488,1.768,1.292,2.117,0.517,0.315,0.995,1.93,0.693,0.205,0.488,1.768,67.742,D
1.329,2.134,0.52,0.315,1.036,1.876,0.665,0.2,0.465,1.718,1.329,2.134,0.52,0.315,1.036,1.876,0.665,0.2,0.465,1.718,65.924,D
1.3,2.119,0.526,0.313,1.007,1.916,0.687,0.213,0.473,1.766,1.3,2.119,0.526,0.313,1.007,1.916,0.687,0.213,0.473,1.766,67.742,D
1.304,2.112,0.531,0.325,1.01,1.915,0.669,0.204,0.465,1.752,1.304,2.112,0.531,0.325,1.01,1.915,0.669,0.204,0.465,1.752,66.753,D
1.285,2.112,0.508,0.313,0.988,1.941,0.699,0.198,0.501,1.79,1.285,2.112,0.508,0.313,0.988,1.941,0.699,0.198,0.501,1.79,69.584,D
1.281,2.161,0.527,0.315,0.992,1.994,0.693,0.214,0.48,1.825,1.281,2.161,0.527,0.315,0.992,1.994,0.693,0.214,0.48,1.825,67.268,D
1.28,2.145,0.511,0.304,0.991,1.965,0.709,0.211,0.498,1.819,1.28,2.145,0.511,0.304,0.991,1.965,0.709,0.211,0.498,1.819,67.268,D
1.275,2.098,0.515,0.303,0.99,1.932,0.708,0.217,0.492,1.774,1.275,2.098,0.515,0.303,0.99,1.932,0.708,0.217,0.492,1.774,66.91,D
1.292,2.157,0.526,0.317,0.995,1.97,0.693,0.213,0.481,1.834,1.292,2.157,0.526,0.317,0.995,1.97,0.693,0.213,0.481,1.834,65.49,D
0.339,0.921,0.929,0.709,0.376,0.898,0.911,0.63,0.334,0.353,0.339,0.921,0.929,0.709,0.376,0.898,0.911,0.63,0.334,0.353,19.698,E
0.339,0.921,0.929,0.709,0.376,0.898,0.911,0.63,0.334,0.353,0.339,0.921,0.929,0.709,0.376,0.898,0.911,0.63,0.334,0.353,19.698,E
0.339,0.921,0.929,0.709,0.376,0.898,0.911,0.63,0.334,0.353,0.339,0.921,0.929,0.709,0.376,0.898,0.911,0.63,0.334,0.353,19.698,E
0.331,0.93,0.916,0.57,0.253,1.894,1.964,1.471,0.624,0.486,0.331,0.93,0.916,0.57,0.253,1.894,1.964,1.471,0.624,0.486,24.698,E
0.331,0.93,0.916,0.57,0.253,1.894,1.964,1.471,0.624,0.486,0.331,0.93,0.916,0.57,0.253,1.894,1.964,1.471,0.624,0.486,24.698,E
0.331,0.93,0.916,0.57,0.253,1.894,1.964,1.471,0.624,0.486,0.331,0.93,0.916,0.57,0.253,1.894,1.964,1.471,0.624,0.486,24.698,E
0.331,0.93,0.916,0.57,0.253,1.894,1.964,1.471,0.624,0.486,0.331,0.93,0.916,0.57,0.253,1.894,1.964,1.471,0.624,0.486,24.698,E
0.331,0.93,0.916,0.57,0.253,1.894,1.964,1.471,0.624,0.486,0.331,0.93,0.916,0.57,0.253,1.894,1.964,1.471,0.624,0.486,24.698,E
0.332,0.929,0.89,0.475,0.149,3.526,3.734,2.85,1.097,0.987,0.332,0.929,0.89,0.475,0.149,3.526,3.734,2.85,1.097,0.987,21.633,E
0.332,0.929,0.89,0.475,0.149,3.526,3.734,2.85,1.097,0.987,0.332,0.929,0.89,0.475,0.149,3.526,3.734,2.85,1.097,0.987,21.633,E
0.332,0.929,0.89,0.475,0.149,3.526,3.734,2.85,1.097,0.987,0.332,0.929,0.89,0.475,0.149,3.526,3.734,2.85,1.097,0.987,21.633,E
0.328,0.932,0.921,0.673,0.347,0.993,1.009,0.721,0.387,0.423,0.328,0.932,0.921,0.673,0.347,0.993,1.009,0.721,0.387,0.423,26.249,E
0.328,0.932,0.921,0.673,0.347,0.993,1.009,0.721,0.387,0.423,0.328,0.932,0.921,0.673,0.347,0.993,1.009,0.721,0.387,0.423,26.249,E
0.337,0.926,0.904,0.598,0.263,1.522,1.617,1.183,0.523,0.547,0.337,0.926,0.904,0.598,0.263,1.522,1.617,1.183,0.523,0.547,21.587,E
0.337,0.926,0.904,0.598,0.263,1.522,1.617,1.183,0.523,0.547,0.337,0.926,0.904,0.598,0.263,1.522,1.617,1.183,0.523,0.547,21.587,E
0.312,0.942,0.893,0.627,0.32,1.336,1.301,0.879,0.473,0.469,0.312,0.942,0.893,0.627,0.32,1.336,1.301,0.879,0.473,0.469,27.731,E
0.312,0.942,0.893,0.627,0.32,1.336,1.301,0.879,0.473,0.469,0.312,0.942,0.893,0.627,0.32,1.336,1.301,0.879,0.473,0.469,27.731,E
0.337,0.948,0.893,0.513,0.185,2.674,2.737,2.08,0.775,0.805,0.337,0.948,0.893,0.513,0.185,2.674,2.737,2.08,0.775,0.805,23.409,E
0.337,0.948,0.893,0.513,0.185,2.674,2.737,2.08,0.775,0.805,0.337,0.948,0.893,0.513,0.185,2.674,2.737,2.08,0.775,0.805,23.409,E
0.348,0.929,0.924,0.674,0.336,1.097,1.131,0.796,0.405,0.355,0.348,0.929,0.924,0.674,0.336,1.097,1.131,0.796,0.405,0.355,19.925,E
0.348,0.929,0.924,0.674,0.336,1.097,1.131,0.796,0.405,0.355,0.348,0.929,0.924,0.674,0.336,1.097,1.131,0.796,0.405,0.355,19.925,E
0.508,1.137,0.49,0.372,0.195,4.261,3.394,0.914,2.613,1.118,0.508,1.137,0.49,0.372,0.195,4.261,3.394,0.914,2.613,1.118,32.558,F
0.365,1.033,0.303,0.151,0.217,4.113,3.932,0.753,3.215,0.623,0.365,1.033,0.303,0.151,0.217,4.113,3.932,0.753,3.215,0.623,31.145,F
0.325,0.975,0.278,0.139,0.186,4.51,4.629,0.768,3.883,0.598,0.325,0.975,0.278,0.139,0.186,4.51,4.629,0.768,3.883,0.598,42.45,F
0.325,0.975,0.278,0.139,0.186,4.51,4.629,0.768,3.883,0.598,0.325,0.975,0.278,0.139,0.186,4.51,4.629,0.768,3.883,0.598,42.45,F
0.325,0.975,0.278,0.139,0.186,4.51,4.629,0.768,3.883,0.598,0.325,0.975,0.278,0.139,0.186,4.51,4.629,0.768,3.883,0.598,42.45,F
0.325,0.975,0.278,0.139,0.186,4.51,4.629,0.768,3.883,0.598,0.325,0.975,0.278,0.139,0.186,4.51,4.629,0.768,3.883,0.598,42.45,F
0.717,0.991,0.763,0.534,0.218,2.738,2.436,1.222,1.216,0.832,0.717,0.991,0.763,0.534,0.218,2.738,2.436,1.222,1.216,0.832,36.235,F
0.371,1.064,0.348,0.175,0.199,4.536,4.178,0.908,3.28,0.737,0.371,1.064,0.348,0.175,0.199,4.536,4.178,0.908,3.28,0.737,29.069,F
0.371,1.064,0.348,0.175,0.199,4.536,4.178,0.908,3.28,0.737,0.371,1.064,0.348,0.175,0.199,4.536,4.178,0.908,3.28,0.737,29.069,F
0.371,1.064,0.348,0.175,0.199,4.536,4.178,0.908,3.28,0.737,0.371,1.064,0.348,0.175,0.199,4.536,4.178,0.908,3.28,0.737,29.069,F
0.371,1.064,0.348,0.175,0.199,4.536,4.178,0.908,3.28,0.737,0.371,1.064,0.348,0.175,0.199,4.536,4.178,0.908,3.28,0.737,29.069,F
0.371,1.064,0.348,0.175,0.199,4.536,4.178,0.908,3.28,0.737,0.371,1.064,0.348,0.175,0.199,4.536,4.178,0.908,3.28,0.737,29.069,F
0.371,1.064,0.348,0.175,0.199,4.536,4.178,0.908,3.28,0.737,0.371,1.064,0.348,0.175,0.199,4.536,4.178,0.908,3.28,0.737,29.069,F
0.371,1.064,0.348,0.175,0.199,4.536,4.178,0.908,3.28,0.737,0.371,1.064,0.348,0.175,0.199,4.536,4.178,0.908,3.28,0.737,29.069,F
0.371,1.064,0.348,0.175,0.199,4.536,4.178,0.908,3.28,0.737,0.371,1.064,0.348,0.175,0.199,4.536,4.178,0.908,3.28,0.737,29.069,F
0.371,1.064,0.348,0.175,0.199,4.536,4.178,0.908,3.28,0.737,0.371,1.064,0.348,0.175,0.199,4.536,4.178,0.908,3.28,0.737,29.069,F
0.371,1.064,0.348,0.175,0.199,4.536,4.178,0.908,3.28,0.737,0.371,1.064,0.348,0.175,0.199,4.536,4.178,0.908,3.28,0.737,29.069,F
0.371,1.064,0.348,0.175,0.199,4.536,4.178,0.908,3.28,0.737,0.371,1.064,0.348,0.175,0.199,4.536,4.178,0.908,3.28,0.737,29.069,F
0.371,1.064,0.348,0.175,0.199,4.536,4.178,0.908,3.28,0.737,0.371,1.064,0.348,0.175,0.199,4.536,4.178,0.908,3.28,0.737,29.069,F
0.371,1.064,0.348,0.175,0.199,4.536,4.178,0.908,3.28,0.737,0.371,1.064,0.348,0.175,0.199,4.536,4.178,0.908,3.28,0.737,29.069,F
0.371,1.064,0.348,0.175,0.199,4.536,4.178,0.908,3.28,0.737,0.371,1.064,0.348,0.175,0.199,4.536,4.178,0.908,3.28,0.737,29.069,F
1.367,1.053,0.894,0.85,0.582,1.045,0.712,0.341,0.371,0.353,1.367,1.053,0.894,0.85,0.582,1.045,0.712,0.341,0.371,0.353,156.541,G
1.355,1.051,0.897,0.853,0.568,1.045,0.707,0.33,0.377,0.359,1.355,1.051,0.897,0.853,0.568,1.045,0.707,0.33,0.377,0.359,153.418,G
1.374,1.062,0.902,0.85,0.598,1.043,0.723,0.362,0.362,0.334,1.374,1.062,0.902,0.85,0.598,1.043,0.723,0.362,0.362,0.334,153.951,G
1.379,1.042,0.906,0.851,0.593,1.007,0.684,0.342,0.342,0.348,1.379,1.042,0.906,0.851,0.593,1.007,0.684,0.342,0.342,0.348,153.473,G
1.368,1.056,0.902,0.857,0.581,1.068,0.728,0.361,0.368,0.357,1.368,1.056,0.902,0.857,0.581,1.068,0.728,0.361,0.368,0.357,151.238,G
1.381,1.051,0.904,0.861,0.588,1.04,0.721,0.357,0.364,0.335,1.381,1.051,0.904,0.861,0.588,1.04,0.721,0.357,0.364,0.335,152.532,G
1.384,1.066,0.902,0.859,0.598,1.063,0.717,0.347,0.37,0.359,1.384,1.066,0.902,0.859,0.598,1.063,0.717,0.347,0.37,0.359,153.951,G
1.371,1.04,0.887,0.844,0.59,1.023,0.695,0.328,0.368,0.358,1.371,1.04,0.887,0.844,0.59,1.023,0.695,0.328,0.368,0.358,153.951,G
1.39,1.059,0.892,0.859,0.605,1.058,0.7,0.341,0.361,0.377,1.39,1.059,0.892,0.859,0.605,1.058,0.7,0.341,0.361,0.377,154.052,G
1.381,1.047,0.896,0.853,0.59,1.06,0.687,0.336,0.352,0.403,1.381,1.047,0.896,0.853,0.59,1.06,0.687,0.336,0.352,0.403,150.233,G
1.394,1.075,0.904,0.849,0.606,1.093,0.691,0.345,0.345,0.423,1.394,1.075,0.904,0.849,0.606,1.093,0.691,0.345,0.345,0.423,149.893,G
1.396,1.064,0.898,0.852,0.61,1.071,0.709,0.351,0.358,0.382,1.396,1.064,0.898,0.852,0.61,1.071,0.709,0.351,0.358,0.382,151.605,G
1.37,1.045,0.892,0.847,0.588,1.047,0.712,0.349,0.364,0.362,1.37,1.045,0.892,0.847,0.588,1.047,0.712,0.349,0.364,0.362,151.793,G
1.362,1.061,0.887,0.837,0.588,1.063,0.724,0.347,0.377,0.359,1.362,1.061,0.887,0.837,0.588,1.063,0.724,0.347,0.377,0.359,152.856,G
1.367,1.057,0.88,0.846,0.587,1.069,0.728,0.343,0.388,0.361,1.367,1.057,0.88,0.846,0.587,1.069,0.728,0.343,0.388,0.361,152.013,G
1.379,1.056,0.887,0.85,0.592,1.047,0.721,0.36,0.364,0.343,1.379,1.056,0.887,0.85,0.592,1.047,0.721,0.36,0.364,0.343,154.019,G
1.385,1.06,0.89,0.848,0.597,1.088,0.724,0.355,0.37,0.386,1.385,1.06,0.89,0.848,0.597,1.088,0.724,0.355,0.37,0.386,151.476,G
1.389,1.065,0.898,0.839,0.616,1.052,0.7,0.334,0.366,0.373,1.389,1.065,0.898,0.839,0.616,1.052,0.7,0.334,0.366,0.373,153.17,G
1.389,1.057,0.89,0.827,0.627,1.033,0.711,0.348,0.363,0.346,1.389,1.057,0.89,0.827,0.627,1.033,0.711,0.348,0.363,0.346,152.463,G
1.374,1.059,0.892,0.847,0.587,1.075,0.72,0.362,0.36,0.375,1.374,1.059,0.892,0.847,0.587,1.075,0.72,0.362,0.36,0.375,153.496,G
1.374,1.055,0.903,0.848,0.591,1.045,0.716,0.358,0.358,0.347,1.374,1.055,0.903,0.848,0.591,1.045,0.716,0.358,0.358,0.347,154.35,G
0.771,1.001,0.904,0.661,0.452,1.006,0.97,0.669,0.316,0.066,0.771,1.001,0.904,0.661,0.452,1.006,0.97,0.669,0.316,0.066,30.887,H
0.771,1.001,0.904,0.661,0.452,1.006,0.97,0.669,0.316,0.066,0.771,1.001,0.904,0.661,0.452,1.006,0.97,0.669,0.316,0.066,30.887,H
0.771,1.001,0.904,0.661,0.452,1.006,0.97,0.669,0.316,0.066,0.771,1.001,0.904,0.661,0.452,1.006,0.97,0.669,0.316,0.066,30.887,H
0.771,1.001,0.904,0.661,0.452,1.006,0.97,0.669,0.316,0.066,0.771,1.001,0.904,0.661,0.452,1.006,0.97,0.669,0.316,0.066,30.887,H
0.771,1.001,0.904,0.661,0.452,1.006,0.97,0.669,0.316,0.066,0.771,1.001,0.904,0.661,0.452,1.006,0.97,0.669,0.316,0.066,30.887,H
0.771,1.001,0.904,0.661,0.452,1.006,0.97,0.669,0.316,0.066,0.771,1.001,0.904,0.661,0.452,1.006,0.97,0.669,0.316,0.066,30.887,H
0.771,1.001,0.904,0.661,0.452,1.006,0.97,0.669,0.316,0.066,0.771,1.001,0.904,0.661,0.452,1.006,0.97,0.669,0.316,0.066,30.887,H
0.771,1.001,0.904,0.661,0.452,1.006,0.97,0.669,0.316,0.066,0.771,1.001,0.904,0.661,0.452,1.006,0.97,0.669,0.316,0.066,30.887,H
0.771,1.001,0.904,0.661,0.452,1.006,0.97,0.669,0.316,0.066,0.771,1.001,0.904,0.661,0.452,1.006,0.97,0.669,0.316,0.066,30.887,H
0.771,1.001,0.904,0.661,0.452,1.006,0.97,0.669,0.316,0.066,0.771,1.001,0.904,0.661,0.452,1.006,0.97,0.669,0.316,0.066,30.887,H
0.771,1.001,0.904,0.661,0.452,1.006,0.97,0.669,0.316,0.066,0.771,1.001,0.904,0.661,0.452,1.006,0.97,0.669,0.316,0.066,30.887,H
0.771,1.001,0.904,0.661,0.452,1.006,0.97,0.669,0.316,0.066,0.771,1.001,0.904,0.661,0.452,1.006,0.97,0.669,0.316,0.066,30.887,H
0.771,1.001,0.904,0.661,0.452,1.006,0.97,0.669,0.316,0.066,0.771,1.001,0.904,0.661,0.452,1.006,0.97,0.669,0.316,0.066,30.887,H
0.771,1.001,0.904,0.661,0.452,1.006,0.97,0.669,0.316,0.066,0.771,1.001,0.904,0.661,0.452,1.006,0.97,0.669,0.316,0.066,30.887,H
0.771,1.001,0.904,0.661,0.452,1.006,0.97,0.669,0.316,0.066,0.771,1.001,0.904,0.661,0.452,1.006,0.97,0.669,0.316,0.066,30.887,H
0.771,1.001,0.904,0.661,0.452,1.006,0.97,0.669,0.316,0.066,0.771,1.001,0.904,0.661,0.452,1.006,0.97,0.669,0.316,0.066,30.887,H
0.771,1.001,0.904,0.661,0.452,1.006,0.97,0.669,0.316,0.066,0.771,1.001,0.904,0.661,0.452,1.006,0.97,0.669,0.316,0.066,30.887,H
0.771,1.001,0.904,0.661,0.452,1.006,0.97,0.669,0.316,0.066,0.771,1.001,0.904,0.661,0.452,1.006,0.97,0.669,0.316,0.066,30.887,H
0.771,1.001,0.904,0.661,0.452,1.006,0.97,0.669,0.316,0.066,0.771,1.001,0.904,0.661,0.452,1.006,0.97,0.669,0.316,0.066,30.887,H
0.771,1.001,0.904,0.661,0.452,1.006,0.97,0.669,0.316,0.066,0.771,1.001,0.904,0.661,0.452,1.006,0.97,0.669,0.316,0.066,30.887,H
0.771,1.001,0.904,0.661,0.452,1.006,0.97,0.669,0.316,0.066,0.771,1.001,0.904,0.661,0.452,1.006,0.97,0.669,0.316,0.066,30.887,H
1.706,1.199,1.016,2.602,1.75,1.198,1.24,1.152,0.09,0.115,1.706,1.199,1.016,2.602,1.75,1.198,1.24,1.152,0.09,0.115,308.359,I
1.706,1.199,1.016,2.602,1.75,1.198,1.24,1.152,0.09,0.115,1.706,1.199,1.016,2.602,1.75,1.198,1.24,1.152,0.09,0.115,308.359,I
1.706,1.199,1.016,2.602,1.75,1.198,1.24,1.152,0.09,0.115,1.706,1.199,1.016,2.602,1.75,1.198,1.24,1.152,0.09,0.115,308.359,I
1.706,1.199,1.016,2.602,1.75,1.198,1.24,1.152,0.09,0.115,1.706,1.199,1.016,2.602,1.75,1.198,1.24,1.152,0.09,0.115,308.359,I
1.706,1.199,1.016,2.602,1.75,1.198,1.24,1.152,0.09,0.115,1.706,1.199,1.016,2.602,1.75,1.198,1.24,1.152,0.09,0.115,308.359,I
1.706,1.199,1.016,2.602,1.75,1.198,1.24,1.152,0.09,0.115,1.706,1.199,1.016,2.602,1.75,1.198,1.24,1.152,0.09,0.115,308.359,I
1.706,1.199,1.016,2.602,1.75,1.198,1.24,1.152,0.09,0.115,1.706,1.199,1.016,2.602,1.75,1.198,1.24,1.152,0.09,0.115,308.359,I
1.706,1.199,1.016,2.602,1.75,1.198,1.24,1.152,0.09,0.115,1.706,1.199,1.016,2.602,1.75,1.198,1.24,1.152,0.09,0.115,308.359,I
1.706,1.199,1.016,2.602,1.75,1.198,1.24,1.152,0.09,0.115,1.706,1.199,1.016,2.602,1.75,1.198,1.24,1.152,0.09,0.115,308.359,I
1.706,1.199,1.016,2.602,1.75,1.198,1.24,1.152,0.09,0.115,1.706,1.199,1.016,2.602,1.75,1.198,1.24,1.152,0.09,0.115,308.359,I
1.706,1.199,1.016,2.602,1.75,1.198,1.24,1.152,0.09,0.115,1.706,1.199,1.016,2.602,1.75,1.198,1.24,1.152,0.09,0.115,308.359,I
1.706,1.199,1.016,2.602,1.75,1.198,1.24,1.152,0.09,0.115,1.706,1.199,1.016,2.602,1.75,1.198,1.24,1.152,0.09,0.115,308.359,I
1.706,1.199,1.016,2.602,1.75,1.198,1.24,1.152,0.09,0.115,1.706,1.199,1.016,2.602,1.75,1.198,1.24,1.152,0.09,0.115,308.359,I
1.706,1.199,1.016,2.602,1.75,1.198,1.24,1.152,0.09,0.115,1.706,1.199,1.016,2.602,1.75,1.198,1.24,1.152,0.09,0.115,308.359,I
1.706,1.199,1.016,2.602,1.75,1.198,1.24,1.152,0.09,0.115,1.706,1.199,1.016,2.602,1.75,1.198,1.24,1.152,0.09,0.115,308.359,I
1.706,1.199,1.016,2.602,1.75,1.198,1.24,1.152,0.09,0.115,1.706,1.199,1.016,2.602,1.75,1.198,1.24,1.152,0.09,0.115,308.359,I
1.706,1.199,1.016,2.602,1.75,1.198,1.24,1.152,0.09,0.115,1.706,1.199,1.016,2.602,1.75,1.198,1.24,1.152,0.09,0.115,308.359,I
1.706,1.199,1.016,2.602,1.75,1.198,1.24,1.152,0.09,0.115,1.706,1.199,1.016,2.602,1.75,1.198,1.24,1.152,0.09,0.115,308.359,I
1.706,1.199,1.016,2.602,1.75,1.198,1.24,1.152,0.09,0.115,1.706,1.199,1.016,2.602,1.75,1.198,1.24,1.152,0.09,0.115,308.359,I
1.706,1.199,1.016,2.602,1.75,1.198,1.24,1.152,0.09,0.115,1.706,1.199,1.016,2.602,1.75,1.198,1.24,1.152,0.09,0.115,308.359,I
1.706,1.199,1.016,2.602,1.75,1.198,1.24,1.152,0.09,0.115,1.706,1.199,1.016,2.602,1.75,1.198,1.24,1.152,0.09,0.115,308.359,I
0.777,1.114,0.777,0.751,0.398,1.462,0.943,0.332,0.658,0.549,0.777,1.114,0.777,0.751,0.398,1.462,0.943,0.332,0.658,0.549,30.364,J
0.777,1.114,0.777,0.751,0.398,1.462,0.943,0.332,0.658,0.549,0.777,1.114,0.777,0.751,0.398,1.462,0.943,0.332,0.658,0.549,30.364,J
0.777,1.114,0.777,0.751,0.398,1.462,0.943,0.332,0.658,0.549,0.777,1.114,0.777,0.751,0.398,1.462,0.943,0.332,0.658,0.549,30.364,J
0.777,1.114,0.777,0.751,0.398,1.462,0.943,0.332,0.658,0.549,0.777,1.114,0.777,0.751,0.398,1.462,0.943,0.332,0.658,0.549,30.364,J
0.777,1.114,0.777,0.751,0.398,1.462,0.943,0.332,0.658,0.549,0.777,1.114,0.777,0.751,0.398,1.462,0.943,0.332,0.658,0.549,30.364,J
0.777,1.114,0.777,0.751,0.398,1.462,0.943,0.332,0.658,0.549,0.777,1.114,0.777,0.751,0.398,1.462,0.943,0.332,0.658,0.549,30.364,J
0.777,1.114,0.777,0.751,0.398,1.462,0.943,0.332,0.658,0.549,0.777,1.114,0.777,0.751,0.398,1.462,0.943,0.332,0.658,0.549,30.364,J
0.777,1.114,0.777,0.751,0.398,1.462,0.943,0.332,0.658,0.549,0.777,1.114,0.777,0.751,0.398,1.462,0.943,0.332,0.658,0.549,30.364,J
0.777,1.114,0.777,0.751,0.398,1.462,0.943,0.332,0.658,0.549,0.777,1.114,0.777,0.751,0.398,1.462,0.943,0.332,0.658,0.549,30.364,J
0.777,1.114,0.777,0.751,0.398,1.462,0.943,0.332,0.658,0.549,0.777,1.114,0.777,0.751,0.398,1.462,0.943,0.332,0.658,0.549,30.364,J
0.777,1.114,0.777,0.751,0.398,1.462,0.943,0.332,0.658,0.549,0.777,1.114,0.777,0.751,0.398,1.462,0.943,0.332,0.658,0.549,30.364,J
0.777,1.114,0.777,0.751,0.398,1.462,0.943,0.332,0.658,0.549,0.777,1.114,0.777,0.751,0.398,1.462,0.943,0.332,0.658,0.549,30.364,J
0.777,1.114,0.777,0.751,0.398,1.462,0.943,0.332,0.658,0.549,0.777,1.114,0.777,0.751,0.398,1.462,0.943,0.332,0.658,0.549,30.364,J
0.777,1.114,0.777,0.751,0.398,1.462,0.943,0.332,0.658,0.549,0.777,1.114,0.777,0.751,0.398,1.462,0.943,0.332,0.658,0.549,30.364,J
0.777,1.114,0.777,0.751,0.398,1.462,0.943,0.332,0.658,0.549,0.777,1.114,0.777,0.751,0.398,1.462,0.943,0.332,0.658,0.549,30.364,J
0.777,1.114,0.777,0.751,0.398,1.462,0.943,0.332,0.658,0.549,0.777,1.114,0.777,0.751,0.398,1.462,0.943,0.332,0.658,0.549,30.364,J
0.777,1.114,0.777,0.751,0.398,1.462,0.943,0.332,0.658,0.549,0.777,1.114,0.777,0.751,0.398,1.462,0.943,0.332,0.658,0.549,30.364,J
0.777,1.114,0.777,0.751,0.398,1.462,0.943,0.332,0.658,0.549,0.777,1.114,0.777,0.751,0.398,1.462,0.943,0.332,0.658,0.549,30.364,J
0.777,1.114,0.777,0.751,0.398,1.462,0.943,0.332,0.658,0.549,0.777,1.114,0.777,0.751,0.398,1.462,0.943,0.332,0.658,0.549,30.364,J
0.777,1.114,0.777,0.751,0.398,1.462,0.943,0.332,0.658,0.549,0.777,1.114,0.777,0.751,0.398,1.462,0.943,0.332,0.658,0.549,30.364,J
0.777,1.114,0.777,0.751,0.398,1.462,0.943,0.332,0.658,0.549,0.777,1.114,0.777,0.751,0.398,1.462,0.943,0.332,0.658,0.549,30.364,J
1.426,1.648,0.777,0.555,0.873,1.274,0.516,0.258,0.258,0.763,1.426,1.648,0.777,0.555,0.873,1.274,0.516,0.258,0.258,0.763,90.973,K
1.409,1.696,0.78,0.568,0.842,1.371,0.519,0.256,0.264,0.864,1.409,1.696,0.78,0.568,0.842,1.371,0.519,0.256,0.264,0.864,95.131,K
1.413,1.599,0.772,0.56,0.859,1.225,0.514,0.249,0.266,0.721,1.413,1.599,0.772,0.56,0.859,1.225,0.514,0.249,0.266,0.721,95.425,K
1.414,1.609,0.775,0.552,0.872,1.217,0.513,0.255,0.26,0.717,1.414,1.609,0.775,0.552,0.872,1.217,0.513,0.255,0.26,0.717,91.608,K
1.419,1.685,0.76,0.558,0.865,1.326,0.513,0.237,0.277,0.829,1.419,1.685,0.76,0.558,0.865,1.326,0.513,0.237,0.277,0.829,90.427,K
1.436,1.862,0.775,0.552,0.89,1.491,0.506,0.253,0.253,0.995,1.436,1.862,0.775,0.552,0.89,1.491,0.506,0.253,0.253,0.995,92.801,K
1.425,1.705,0.765,0.56,0.87,1.333,0.506,0.238,0.271,0.845,1.425,1.705,0.765,0.56,0.87,1.333,0.506,0.238,0.271,0.845,91.831,K
1.467,1.833,0.762,0.549,0.923,1.409,0.49,0.234,0.258,0.935,1.467,1.833,0.762,0.549,0.923,1.409,0.49,0.234,0.258,0.935,91.4,K
1.413,1.635,0.765,0.525,0.904,1.234,0.525,0.266,0.262,0.725,1.413,1.635,0.765,0.525,0.904,1.234,0.525,0.266,0.262,0.725,91.526,K
1.436,1.603,0.731,0.506,0.94,1.174,0.525,0.24,0.288,0.676,1.436,1.603,0.731,0.506,0.94,1.174,0.525,0.24,0.288,0.676,79.057,K
1.504,1.764,0.733,0.488,1.022,1.258,0.502,0.24,0.262,0.763,1.504,1.764,0.733,0.488,1.022,1.258,0.502,0.24,0.262,0.763,74.947,K
1.489,1.779,0.734,0.501,1.008,1.273,0.496,0.234,0.264,0.801,1.489,1.779,0.734,0.501,1.008,1.273,0.496,0.234,0.264,0.801,74.706,K
1.478,1.578,0.714,0.493,0.997,1.096,0.509,0.222,0.287,0.605,1.478,1.578,0.714,0.493,0.997,1.096,0.509,0.222,0.287,0.605,75.664,K
1.489,1.592,0.737,0.489,1.017,1.088,0.502,0.244,0.259,0.592,1.489,1.592,0.737,0.489,1.017,1.088,0.502,0.244,0.259,0.592,76.942,K
1.455,1.624,0.725,0.466,0.998,1.172,0.535,0.26,0.275,0.661,1.455,1.624,0.725,0.466,0.998,1.172,0.535,0.26,0.275,0.661,82.735,K
1.464,1.576,0.717,0.474,0.999,1.116,0.528,0.244,0.284,0.6,1.464,1.576,0.717,0.474,0.999,1.116,0.528,0.244,0.284,0.6,81.884,K
1.483,1.552,0.72,0.487,1.005,1.072,0.513,0.233,0.279,0.572,1.483,1.552,0.72,0.487,1.005,1.072,0.513,0.233,0.279,0.572,82.492,K
1.471,1.56,0.724,0.468,1.016,1.083,0.524,0.253,0.272,0.572,1.471,1.56,0.724,0.468,1.016,1.083,0.524,0.253,0.272,0.572,83.528,K
1.432,1.58,0.711,0.467,0.972,1.154,0.55,0.253,0.298,0.611,1.432,1.58,0.711,0.467,0.972,1.154,0.55,0.253,0.298,0.611,85.088,K
1.449,1.581,0.725,0.479,0.98,1.134,0.534,0.254,0.28,0.604,1.449,1.581,0.725,0.479,0.98,1.134,0.534,0.254,0.28,0.604,84.38,K
1.488,1.609,0.719,0.469,1.028,1.118,0.518,0.246,0.273,0.609,1.488,1.609,0.719,0.469,1.028,1.118,0.518,0.246,0.273,0.609,83.528,K
2.385,3.683,0.846,1.085,2.379,1.199,0.32,0.168,0.168,1.134,2.385,3.683,0.846,1.085,2.379,1.199,0.32,0.168,0.168,1.134,339.706,L
2.385,3.683,0.846,1.085,2.379,1.199,0.32,0.168,0.168,1.134,2.385,3.683,0.846,1.085,2.379,1.199,0.32,0.168,0.168,1.134,339.706,L
2.385,3.683,0.846,1.085,2.379,1.199,0.32,0.168,0.168,1.134,2.385,3.683,0.846,1.085,2.379,1.199,0.32,0.168,0.168,1.134,339.706,L
2.385,3.683,0.846,1.085,2.379,1.199,0.32,0.168,0.168,1.134,2.385,3.683,0.846,1.085,2.379,1.199,0.32,0.168,0.168,1.134,339.706,L
2.385,3.683,0.846,1.085,2.379,1.199,0.32,0.168,0.168,1.134,2.385,3.683,0.846,1.085,2.379,1.199,0.32,0.168,0.168,1.134,339.706,L
2.385,3.683,0.846,1.085,2.379,1.199,0.32,0.168,0.168,1.134,2.385,3.683,0.846,1.085,2.379,1.199,0.32,0.168,0.168,1.134,339.706,L
2.385,3.683,0.846,1.085,2.379,1.199,0.32,0.168,0.168,1.134,2.385,3.683,0.846,1.085,2.379,1.199,0.32,0.168,0.168,1.134,339.706,L
2.385,3.683,0.846,1.085,2.379,1.199,0.32,0.168,0.168,1.134,2.385,3.683,0.846,1.085,2.379,1.199,0.32,0.168,0.168,1.134,339.706,L
2.385,3.683,0.846,1.085,2.379,1.199,0.32,0.168,0.168,1.134,2.385,3.683,0.846,1.085,2.379,1.199,0.32,0.168,0.168,1.134,339.706,L
2.385,3.683,0.846,1.085,2.379,1.199,0.32,0.168,0.168,1.134,2.385,3.683,0.846,1.085,2.379,1.199,0.32,0.168,0.168,1.134,339.706,L
2.385,3.683,0.846,1.085,2.379,1.199,0.32,0.168,0.168,1.134,2.385,3.683,0.846,1.085,2.379,1.199,0.32,0.168,0.168,1.134,339.706,L
2.385,3.683,0.846,1.085,2.379,1.199,0.32,0.168,0.168,1.134,2.385,3.683,0.846,1.085,2.379,1.199,0.32,0.168,0.168,1.134,339.706,L
2.385,3.683,0.846,1.085,2.379,1.199,0.32,0.168,0.168,1.134,2.385,3.683,0.846,1.085,2.379,1.199,0.32,0.168,0.168,1.134,339.706,L
2.385,3.683,0.846,1.085,2.379,1.199,0.32,0.168,0.168,1.134,2.385,3.683,0.846,1.085,2.379,1.199,0.32,0.168,0.168,1.134,339.706,L
2.385,3.683,0.846,1.085,2.379,1.199,0.32,0.168,0.168,1.134,2.385,3.683,0.846,1.085,2.379,1.199,0.32,0.168,0.168,1.134,339.706,L
2.385,3.683,0.846,1.085,2.379,1.199,0.32,0.168,0.168,1.134,2.385,3.683,0.846,1.085,2.379,1.199,0.32,0.168,0.168,1.134,339.706,L
2.385,3.683,0.846,1.085,2.379,1.199,0.32,0.168,0.168,1.134,2.385,3.683,0.846,1.085,2.379,1.199,0.32,0.168,0.168,1.134,339.706,L
2.385,3.683,0.846,1.085,2.379,1.199,0.32,0.168,0.168,1.134,2.385,3.683,0.846,1.085,2.379,1.199,0.32,0.168,0.168,1.134,339.706,L
2.385,3.683,0.846,1.085,2.379,1.199,0.32,0.168,0.168,1.134,2.385,3.683,0.846,1.085,2.379,1.199,0.32,0.168,0.168,1.134,339.706,L
2.385,3.683,0.846,1.085,2.379,1.199,0.32,0.168,0.168,1.134,2.385,3.683,0.846,1.085,2.379,1.199,0.32,0.168,0.168,1.134,339.706,L
2.385,3.683,0.846,1.085,2.379,1.199,0.32,0.168,0.168,1.134,2.385,3.683,0.846,1.085,2.379,1.199,0.32,0.168,0.168,1.134,339.706,L
0.6,0.953,0.942,0.82,0.696,0.578,0.492,0.321,0.174,0.168,0.6,0.953,0.942,0.82,0.696,0.578,0.492,0.321,0.174,0.168,97.124,M
0.605,0.96,0.947,0.822,0.686,0.58,0.486,0.312,0.18,0.169,0.605,0.96,0.947,0.822,0.686,0.58,0.486,0.312,0.18,0.169,82.219,M
0.6,0.951,0.958,0.827,0.7,0.585,0.499,0.337,0.172,0.167,0.6,0.951,0.958,0.827,0.7,0.585,0.499,0.337,0.172,0.167,90.758,M
0.601,0.958,0.96,0.823,0.69,0.588,0.496,0.333,0.174,0.167,0.601,0.958,0.96,0.823,0.69,0.588,0.496,0.333,0.174,0.167,97.124,M
0.601,0.95,0.955,0.821,0.697,0.586,0.492,0.33,0.172,0.179,0.601,0.95,0.955,0.821,0.697,0.586,0.492,0.33,0.172,0.179,102.616,M
0.589,0.946,0.953,0.824,0.691,0.591,0.495,0.33,0.172,0.186,0.589,0.946,0.953,0.824,0.691,0.591,0.495,0.33,0.172,0.186,89.269,M
0.593,0.945,0.954,0.821,0.688,0.59,0.486,0.318,0.178,0.2,0.593,0.945,0.954,0.821,0.688,0.59,0.486,0.318,0.178,0.2,90.956,M
0.596,0.949,0.95,0.816,0.689,0.594,0.482,0.321,0.169,0.206,0.596,0.949,0.95,0.816,0.689,0.594,0.482,0.321,0.169,0.206,104.048,M
0.591,0.947,0.958,0.83,0.691,0.586,0.481,0.321,0.169,0.193,0.591,0.947,0.958,0.83,0.691,0.586,0.481,0.321,0.169,0.193,100.424,M
0.603,0.939,0.939,0.807,0.687,0.574,0.486,0.321,0.168,0.198,0.603,0.939,0.939,0.807,0.687,0.574,0.486,0.321,0.168,0.198,100.424,M
0.599,0.954,0.943,0.816,0.687,0.578,0.489,0.319,0.175,0.174,0.599,0.954,0.943,0.816,0.687,0.578,0.489,0.319,0.175,0.174,101.242,M
0.601,0.944,0.951,0.82,0.686,0.585,0.487,0.333,0.159,0.194,0.601,0.944,0.951,0.82,0.686,0.585,0.487,0.333,0.159,0.194,79.12,M
0.596,0.944,0.963,0.831,0.673,0.562,0.475,0.324,0.161,0.181,0.596,0.944,0.963,0.831,0.673,0.562,0.475,0.324,0.161,0.181,86.649,M
0.604,0.94,0.953,0.824,0.68,0.562,0.479,0.31,0.178,0.184,0.604,0.94,0.953,0.824,0.68,0.562,0.479,0.31,0.178,0.184,75.027,M
0.607,0.945,0.949,0.82,0.67,0.578,0.487,0.315,0.179,0.19,0.607,0.945,0.949,0.82,0.67,0.578,0.487,0.315,0.179,0.19,72.732,M
0.625,0.948,0.955,0.823,0.683,0.574,0.487,0.325,0.17,0.176,0.625,0.948,0.955,0.823,0.683,0.574,0.487,0.325,0.17,0.176,66.098,M
0.609,0.945,0.956,0.826,0.685,0.583,0.495,0.33,0.173,0.179,0.609,0.945,0.956,0.826,0.685,0.583,0.495,0.33,0.173,0.179,87.281,M
0.602,0.948,0.952,0.827,0.674,0.59,0.491,0.317,0.182,0.189,0.602,0.948,0.952,0.827,0.674,0.59,0.491,0.317,0.182,0.189,67.357,M
0.588,0.95,0.955,0.84,0.679,0.585,0.5,0.321,0.187,0.164,0.588,0.95,0.955,0.84,0.679,0.585,0.5,0.321,0.187,0.164,64.56,M
0.596,0.948,0.945,0.812,0.674,0.588,0.495,0.32,0.182,0.189,0.596,0.948,0.945,0.812,0.674,0.588,0.495,0.32,0.182,0.189,57.974,M
0.604,0.948,0.954,0.828,0.675,0.572,0.474,0.316,0.165,0.189,0.604,0.948,0.954,0.828,0.675,0.572,0.474,0.316,0.165,0.189,68.007,M
0.585,0.945,0.949,0.826,0.664,0.622,0.516,0.328,0.195,0.201,0.585,0.945,0.949,0.826,0.664,0.622,0.516,0.328,0.195,0.201,132.197,N
0.575,0.943,0.949,0.823,0.658,0.637,0.533,0.348,0.192,0.203,0.575,0.943,0.949,0.823,0.658,0.637,0.533,0.348,0.192,0.203,132.563,N
0.577,0.947,0.943,0.831,0.664,0.615,0.501,0.315,0.19,0.206,0.577,0.947,0.943,0.831,0.664,0.615,0.501,0.315,0.19,0.206,129.692,N
0.583,0.953,0.951,0.832,0.664,0.614,0.499,0.324,0.181,0.199,0.583,0.953,0.951,0.832,0.664,0.614,0.499,0.324,0.181,0.199,129.035,N
0.59,0.952,0.953,0.828,0.659,0.626,0.506,0.328,0.187,0.207,0.59,0.952,0.953,0.828,0.659,0.626,0.506,0.328,0.187,0.207,133.15,N
0.586,0.958,0.948,0.821,0.659,0.641,0.523,0.338,0.192,0.199,0.586,0.958,0.948,0.821,0.659,0.641,0.523,0.338,0.192,0.199,132.004,N
0.589,0.954,0.951,0.829,0.656,0.624,0.506,0.312,0.205,0.203,0.589,0.954,0.951,0.829,0.656,0.624,0.506,0.312,0.205,0.203,135.059,N
0.579,0.953,0.943,0.814,0.653,0.643,0.521,0.329,0.199,0.217,0.579,0.953,0.943,0.814,0.653,0.643,0.521,0.329,0.199,0.217,131.898,N
0.592,0.949,0.947,0.829,0.66,0.614,0.491,0.306,0.192,0.216,0.592,0.949,0.947,0.829,0.66,0.614,0.491,0.306,0.192,0.216,129.973,N
0.585,0.945,0.948,0.826,0.652,0.623,0.509,0.317,0.201,0.213,0.585,0.945,0.948,0.826,0.652,0.623,0.509,0.317,0.201,0.213,133.454,N
0.587,0.948,0.948,0.834,0.651,0.618,0.491,0.317,0.179,0.219,0.587,0.948,0.948,0.834,0.651,0.618,0.491,0.317,0.179,0.219,130.602,N
0.589,0.955,0.959,0.84,0.654,0.616,0.486,0.314,0.181,0.211,0.589,0.955,0.959,0.84,0.654,0.616,0.486,0.314,0.181,0.211,126.811,N
0.587,0.955,0.954,0.84,0.649,0.614,0.489,0.31,0.187,0.205,0.587,0.955,0.954,0.84,0.649,0.614,0.489,0.31,0.187,0.205,135.68,N
0.585,0.95,0.948,0.826,0.647,0.626,0.5,0.321,0.185,0.22,0.585,0.95,0.948,0.826,0.647,0.626,0.5,0.321,0.185,0.22,130.3,N
0.579,0.949,0.953,0.834,0.643,0.63,0.506,0.33,0.183,0.216,0.579,0.949,0.953,0.834,0.643,0.63,0.506,0.33,0.183,0.216,129.988,N
0.595,0.95,0.957,0.841,0.65,0.619,0.486,0.318,0.175,0.22,0.595,0.95,0.957,0.841,0.65,0.619,0.486,0.318,0.175,0.22,130.292,N
0.588,0.954,0.954,0.835,0.636,0.624,0.491,0.316,0.183,0.222,0.588,0.954,0.954,0.835,0.636,0.624,0.491,0.316,0.183,0.222,130.602,N
0.584,0.956,0.956,0.833,0.634,0.639,0.506,0.334,0.18,0.218,0.584,0.956,0.956,0.833,0.634,0.639,0.506,0.334,0.18,0.218,125.96,N
0.592,0.959,0.957,0.831,0.637,0.635,0.495,0.326,0.18,0.223,0.592,0.959,0.957,0.831,0.637,0.635,0.495,0.326,0.18,0.223,123.016,N
0.575,0.948,0.952,0.838,0.63,0.627,0.494,0.319,0.181,0.228,0.575,0.948,0.952,0.838,0.63,0.627,0.494,0.319,0.181,0.228,124.326,N
0.585,0.949,0.957,0.836,0.627,0.624,0.499,0.332,0.175,0.22,0.585,0.949,0.957,0.836,0.627,0.624,0.499,0.332,0.175,0.22,127.487,N
0.87,0.967,0.989,0.976,0.196,0.046,0.229,0.369,0.183,0.267,0.87,0.967,0.989,0.976,0.196,0.046,0.229,0.369,0.183,0.267,1,O
0.87,0.967,0.989,0.976,0.196,0.046,0.229,0.369,0.183,0.267,0.87,0.967,0.989,0.976,0.196,0.046,0.229,0.369,0.183,0.267,1,O
0.848,0.968,0.993,0.956,0.157,0.34,0.375,0.28,0.112,0.224,0.848,0.968,0.993,0.956,0.157,0.34,0.375,0.28,0.112,0.224,3,O
0.848,0.968,0.993,0.956,0.157,0.34,0.375,0.28,0.112,0.224,0.848,0.968,0.993,0.956,0.157,0.34,0.375,0.28,0.112,0.224,3,O
0.848,0.968,0.993,0.956,0.157,0.34,0.375,0.28,0.112,0.224,0.848,0.968,0.993,0.956,0.157,0.34,0.375,0.28,0.112,0.224,3,O
0.848,0.968,0.993,0.956,0.157,0.34,0.375,0.28,0.112,0.224,0.848,0.968,0.993,0.956,0.157,0.34,0.375,0.28,0.112,0.224,3,O
0.848,0.968,0.993,0.956,0.157,0.34,0.375,0.28,0.112,0.224,0.848,0.968,0.993,0.956,0.157,0.34,0.375,0.28,0.112,0.224,3,O
0.848,0.968,0.993,0.956,0.157,0.34,0.375,0.28,0.112,0.224,0.848,0.968,0.993,0.956,0.157,0.34,0.375,0.28,0.112,0.224,3,O
0.848,0.968,0.993,0.956,0.157,0.34,0.375,0.28,0.112,0.224,0.848,0.968,0.993,0.956,0.157,0.34,0.375,0.28,0.112,0.224,3,O
0.848,0.968,0.993,0.956,0.157,0.34,0.375,0.28,0.112,0.224,0.848,0.968,0.993,0.956,0.157,0.34,0.375,0.28,0.112,0.224,3,O
0.848,0.968,0.993,0.956,0.157,0.34,0.375,0.28,0.112,0.224,0.848,0.968,0.993,0.956,0.157,0.34,0.375,0.28,0.112,0.224,3,O
0.848,0.968,0.993,0.956,0.157,0.34,0.375,0.28,0.112,0.224,0.848,0.968,0.993,0.956,0.157,0.34,0.375,0.28,0.112,0.224,3,O
0.848,0.968,0.993,0.956,0.157,0.34,0.375,0.28,0.112,0.224,0.848,0.968,0.993,0.956,0.157,0.34,0.375,0.28,0.112,0.224,3,O
0.848,0.968,0.993,0.956,0.157,0.34,0.375,0.28,0.112,0.224,0.848,0.968,0.993,0.956,0.157,0.34,0.375,0.28,0.112,0.224,3,O
0.848,0.968,0.993,0.956,0.157,0.34,0.375,0.28,0.112,0.224,0.848,0.968,0.993,0.956,0.157,0.34,0.375,0.28,0.112,0.224,3,O
0.848,0.968,0.993,0.956,0.157,0.34,0.375,0.28,0.112,0.224,0.848,0.968,0.993,0.956,0.157,0.34,0.375,0.28,0.112,0.224,3,O
0.848,0.968,0.993,0.956,0.157,0.34,0.375,0.28,0.112,0.224,0.848,0.968,0.993,0.956,0.157,0.34,0.375,0.28,0.112,0.224,3,O
0.848,0.968,0.993,0.956,0.157,0.34,0.375,0.28,0.112,0.224,0.848,0.968,0.993,0.956,0.157,0.34,0.375,0.28,0.112,0.224,3,O
0.848,0.968,0.993,0.956,0.157,0.34,0.375,0.28,0.112,0.224,0.848,0.968,0.993,0.956,0.157,0.34,0.375,0.28,0.112,0.224,3,O
0.848,0.968,0.993,0.956,0.157,0.34,0.375,0.28,0.112,0.224,0.848,0.968,0.993,0.956,0.157,0.34,0.375,0.28,0.112,0.224,3,O
0.848,0.968,0.993,0.956,0.157,0.34,0.375,0.28,0.112,0.224,0.848,0.968,0.993,0.956,0.157,0.34,0.375,0.28,0.112,0.224,3,O
1.232,1.99,0.561,0.404,0.857,2.148,0.7,0.191,0.513,1.939,1.232,1.99,0.561,0.404,0.857,2.148,0.7,0.191,0.513,1.939,126.921,P
1.224,1.98,0.579,0.414,0.836,2.182,0.705,0.202,0.504,1.978,1.224,1.98,0.579,0.414,0.836,2.182,0.705,0.202,0.504,1.978,128.725,P
1.248,2.001,0.592,0.423,0.854,2.163,0.681,0.206,0.478,1.963,1.248,2.001,0.592,0.423,0.854,2.163,0.681,0.206,0.478,1.963,128.725,P
1.239,1.972,0.607,0.434,0.841,2.17,0.681,0.213,0.469,1.96,1.239,1.972,0.607,0.434,0.841,2.17,0.681,0.213,0.469,1.96,128.269,P
1.256,1.975,0.581,0.407,0.875,2.08,0.68,0.205,0.478,1.909,1.256,1.975,0.581,0.407,0.875,2.08,0.68,0.205,0.478,1.909,126.436,P
1.22,1.9,0.604,0.447,0.812,2.165,0.689,0.202,0.489,1.974,1.22,1.9,0.604,0.447,0.812,2.165,0.689,0.202,0.489,1.974,127.142,P
1.288,2.001,0.611,0.423,0.901,2.054,0.645,0.216,0.432,1.864,1.288,2.001,0.611,0.423,0.901,2.054,0.645,0.216,0.432,1.864,123.471,P
1.226,1.958,0.599,0.425,0.834,2.173,0.694,0.215,0.481,1.995,1.226,1.958,0.599,0.425,0.834,2.173,0.694,0.215,0.481,1.995,127.424,P
1.273,2.046,0.621,0.442,0.873,2.179,0.645,0.21,0.435,1.999,1.273,2.046,0.621,0.442,0.873,2.179,0.645,0.21,0.435,1.999,125.3,P
1.225,1.95,0.592,0.421,0.842,2.152,0.695,0.211,0.486,1.954,1.225,1.95,0.592,0.421,0.842,2.152,0.695,0.211,0.486,1.954,127.279,P
1.259,2.028,0.598,0.419,0.871,2.153,0.67,0.212,0.461,1.985,1.259,2.028,0.598,0.419,0.871,2.153,0.67,0.212,0.461,1.985,127.577,P
1.216,1.928,0.592,0.423,0.832,2.146,0.7,0.213,0.49,1.953,1.216,1.928,0.592,0.423,0.832,2.146,0.7,0.213,0.49,1.953,127.424,P
1.271,1.983,0.599,0.415,0.894,2.045,0.657,0.21,0.449,1.864,1.271,1.983,0.599,0.415,0.894,2.045,0.657,0.21,0.449,1.864,121.824,P
1.277,2.037,0.616,0.438,0.876,2.159,0.647,0.211,0.438,1.985,1.277,2.037,0.616,0.438,0.876,2.159,0.647,0.211,0.438,1.985,127.738,P
1.229,1.932,0.587,0.426,0.849,2.119,0.686,0.205,0.486,1.909,1.229,1.932,0.587,0.426,0.849,2.119,0.686,0.205,0.486,1.909,123.321,P
1.231,1.968,0.595,0.42,0.841,2.166,0.694,0.215,0.481,1.984,1.231,1.968,0.595,0.42,0.841,2.166,0.694,0.215,0.481,1.984,129.553,P
1.234,1.981,0.604,0.429,0.841,2.187,0.685,0.215,0.472,1.993,1.234,1.981,0.604,0.429,0.841,2.187,0.685,0.215,0.472,1.993,129.402,P
1.249,1.982,0.61,0.425,0.865,2.143,0.672,0.222,0.452,1.962,1.249,1.982,0.61,0.425,0.865,2.143,0.672,0.222,0.452,1.962,126.59,P
1.226,1.943,0.601,0.431,0.845,2.151,0.686,0.214,0.474,1.937,1.226,1.943,0.601,0.431,0.845,2.151,0.686,0.214,0.474,1.937,124.036,P
1.249,2.019,0.597,0.418,0.866,2.17,0.678,0.217,0.465,1.971,1.249,2.019,0.597,0.418,0.866,2.17,0.678,0.217,0.465,1.971,126.02,P
1.241,1.943,0.592,0.431,0.856,2.117,0.677,0.201,0.478,1.899,1.241,1.943,0.592,0.431,0.856,2.117,0.677,0.201,0.478,1.899,126.151,P
0.567,0.504,0.936,0.772,0.772,0.912,0.369,0.252,0.122,1.029,0.567,0.504,0.936,0.772,0.772,0.912,0.369,0.252,0.122,1.029,70.859,Q
0.572,0.499,0.937,0.77,0.771,0.886,0.37,0.254,0.121,1.008,0.572,0.499,0.937,0.77,0.771,0.886,0.37,0.254,0.121,1.008,70.214,Q
0.573,0.485,0.938,0.771,0.77,0.898,0.363,0.252,0.117,1.032,0.573,0.485,0.938,0.771,0.77,0.898,0.363,0.252,0.117,1.032,71.701,Q
0.578,0.506,0.94,0.779,0.77,0.9,0.356,0.242,0.122,1.015,0.578,0.506,0.94,0.779,0.77,0.9,0.356,0.242,0.122,1.015,68.066,Q
0.576,0.524,0.938,0.782,0.76,0.914,0.349,0.239,0.113,1.028,0.576,0.524,0.938,0.782,0.76,0.914,0.349,0.239,0.113,1.028,70.214,Q
0.556,0.52,0.941,0.787,0.756,0.916,0.354,0.239,0.121,1.018,0.556,0.52,0.941,0.787,0.756,0.916,0.354,0.239,0.121,1.018,71.805,Q
0.575,0.502,0.941,0.778,0.768,0.9,0.355,0.244,0.118,1.021,0.575,0.502,0.941,0.778,0.768,0.9,0.355,0.244,0.118,1.021,68.25,Q
0.565,0.508,0.945,0.783,0.757,0.916,0.359,0.25,0.117,1.028,0.565,0.508,0.945,0.783,0.757,0.916,0.359,0.25,0.117,1.028,72.567,Q
0.566,0.506,0.946,0.78,0.756,0.913,0.362,0.257,0.112,1.03,0.566,0.506,0.946,0.78,0.756,0.913,0.362,0.257,0.112,1.03,72.18,Q
0.564,0.498,0.936,0.774,0.754,0.903,0.36,0.246,0.118,1.038,0.564,0.498,0.936,0.774,0.754,0.903,0.36,0.246,0.118,1.038,71.701,Q
0.576,0.5,0.942,0.782,0.772,0.914,0.35,0.24,0.117,1.031,0.576,0.5,0.942,0.782,0.772,0.914,0.35,0.24,0.117,1.031,71.568,Q
0.578,0.513,0.942,0.779,0.776,0.9,0.356,0.248,0.115,1.009,0.578,0.513,0.942,0.779,0.776,0.9,0.356,0.248,0.115,1.009,70.711,Q
0.574,0.514,0.944,0.779,0.769,0.914,0.354,0.25,0.111,1.029,0.574,0.514,0.944,0.779,0.769,0.914,0.354,0.25,0.111,1.029,72.691,Q
0.555,0.505,0.945,0.775,0.761,0.905,0.364,0.259,0.111,1.026,0.555,0.505,0.945,0.775,0.761,0.905,0.364,0.259,0.111,1.026,72.18,Q
0.577,0.511,0.941,0.776,0.774,0.903,0.362,0.247,0.125,1.015,0.577,0.511,0.941,0.776,0.774,0.903,0.362,0.247,0.125,1.015,72.25,Q
0.566,0.513,0.947,0.776,0.763,0.924,0.367,0.261,0.115,1.037,0.566,0.513,0.947,0.776,0.763,0.924,0.367,0.261,0.115,1.037,73.437,Q
0.562,0.513,0.948,0.781,0.763,0.916,0.362,0.259,0.109,1.022,0.562,0.513,0.948,0.781,0.763,0.916,0.362,0.259,0.109,1.022,72.56,Q
0.576,0.506,0.939,0.776,0.773,0.901,0.36,0.248,0.118,1.018,0.576,0.506,0.939,0.776,0.773,0.901,0.36,0.248,0.118,1.018,69.354,Q
0.573,0.522,0.944,0.772,0.758,0.904,0.363,0.261,0.108,1.026,0.573,0.522,0.944,0.772,0.758,0.904,0.363,0.261,0.108,1.026,72.443,Q
0.577,0.524,0.947,0.771,0.766,0.909,0.37,0.266,0.114,1.02,0.577,0.524,0.947,0.771,0.766,0.909,0.37,0.266,0.114,1.02,72.56,Q
0.569,0.508,0.943,0.772,0.759,0.907,0.374,0.265,0.116,1.024,0.569,0.508,0.943,0.772,0.759,0.907,0.374,0.265,0.116,1.024,72.443,Q
0.971,4.015,1.22,1.641,2.164,2.363,0.735,0.538,0.237,2.309,0.971,4.015,1.22,1.641,2.164,2.363,0.735,0.538,0.237,2.309,119.436,R
1.378,5.468,0.949,1.475,2.534,2.601,0.677,0.483,0.198,2.472,1.378,5.468,0.949,1.475,2.534,2.601,0.677,0.483,0.198,2.472,122,R
1.14,1.812,0.996,1.342,1.887,1.646,0.798,0.573,0.237,1.317,1.14,1.812,0.996,1.342,1.887,1.646,0.798,0.573,0.237,1.317,118.68,R
3.736,14.708,1.456,5.099,8.802,1.942,0.691,0.468,0.251,1.659,3.736,14.708,1.456,5.099,8.802,1.942,0.691,0.468,0.251,1.659,117.903,R
1.439,5.446,0.977,1.7,2.991,2.267,0.738,0.541,0.218,1.993,1.439,5.446,0.977,1.7,2.991,2.267,0.738,0.541,0.218,1.993,116.417,R
1.551,5.274,0.108,1.749,3.193,1.839,0.86,0.514,0.346,1.591,1.551,5.274,0.108,1.749,3.193,1.839,0.86,0.514,0.346,1.591,114.237,R
2.01,6.476,0.415,2.096,4.103,1.784,0.749,0.515,0.245,1.594,2.01,6.476,0.415,2.096,4.103,1.784,0.749,0.515,0.245,1.594,119.101,R
2.509,12.161,0.394,3.572,5.88,2.176,0.774,0.555,0.233,2.032,2.509,12.161,0.394,3.572,5.88,2.176,0.774,0.555,0.233,2.032,118.068,R
2.918,16.46,1.22,3.991,6.85,2.5,0.727,0.408,0.324,2.421,2.918,16.46,1.22,3.991,6.85,2.5,0.727,0.408,0.324,2.421,119.365,R
1.502,3.841,0.295,1.379,2.795,1.72,0.832,0.474,0.358,1.343,1.502,3.841,0.295,1.379,2.795,1.72,0.832,0.474,0.358,1.343,116.902,R
1.857,6.329,0.371,2.211,4.059,1.801,0.786,0.564,0.229,1.564,1.857,6.329,0.371,2.211,4.059,1.801,0.786,0.564,0.229,1.564,119.854,R
1.559,4.288,0.608,1.487,2.997,1.788,0.732,0.487,0.245,1.565,1.559,4.288,0.608,1.487,2.997,1.788,0.732,0.487,0.245,1.565,117.546,R
1.794,4.154,0.236,1.031,2.812,1.65,0.722,0.446,0.276,1.367,1.794,4.154,0.236,1.031,2.812,1.65,0.722,0.446,0.276,1.367,114.272,R
1.854,4.62,0.622,1.663,3.166,1.465,0.708,0.409,0.302,1.203,1.854,4.62,0.622,1.663,3.166,1.465,0.708,0.409,0.302,1.203,113.78,R
1.654,4.105,0.122,0.981,2.631,1.747,0.749,0.398,0.351,1.374,1.654,4.105,0.122,0.981,2.631,1.747,0.749,0.398,0.351,1.374,123.794,R
2.476,6.629,0.412,2.64,5.048,1.648,0.703,0.443,0.267,1.318,2.476,6.629,0.412,2.64,5.048,1.648,0.703,0.443,0.267,1.318,117.239,R
1.67,4.18,0.146,1.674,3.328,1.552,0.803,0.459,0.344,1.155,1.67,4.18,0.146,1.674,3.328,1.552,0.803,0.459,0.344,1.155,118.878,R
2.152,3.28,0.308,1.159,3.31,1.122,0.65,0.345,0.319,0.921,2.152,3.28,0.308,1.159,3.31,1.122,0.65,0.345,0.319,0.921,115.732,R
1.928,2.511,0.425,0.735,2.632,1.063,0.631,0.306,0.339,0.71,1.928,2.511,0.425,0.735,2.632,1.063,0.631,0.306,0.339,0.71,114.63,R
1.761,2.856,0.41,0.81,2.553,1.195,0.69,0.403,0.294,0.963,1.761,2.856,0.41,0.81,2.553,1.195,0.69,0.403,0.294,0.963,116.966,R
1.805,3.657,0.311,0.868,2.671,1.603,0.699,0.388,0.335,1.134,1.805,3.657,0.311,0.868,2.671,1.603,0.699,0.388,0.335,1.134,118.089,R
1.879,1.364,0.816,2.083,1.999,1.043,0.962,0.742,0.269,0.187,1.879,1.364,0.816,2.083,1.999,1.043,0.962,0.742,0.269,0.187,307.08,S
1.921,1.408,0.815,2.12,1.968,1.032,0.968,0.754,0.275,0.21,1.921,1.408,0.815,2.12,1.968,1.032,0.968,0.754,0.275,0.21,308.131,S
1.877,1.381,0.809,2.103,1.942,1.045,0.986,0.76,0.286,0.198,1.877,1.381,0.809,2.103,1.942,1.045,0.986,0.76,0.286,0.198,307.08,S
1.888,1.334,0.838,2.127,1.941,1.05,0.978,0.745,0.294,0.178,1.888,1.334,0.838,2.127,1.941,1.05,0.978,0.745,0.294,0.178,307.104,S
1.957,1.414,0.836,2.267,2.075,1.04,0.978,0.771,0.266,0.203,1.957,1.414,0.836,2.267,2.075,1.04,0.978,0.771,0.266,0.203,307.197,S
1.874,1.371,0.82,2.124,1.919,1.049,0.983,0.769,0.278,0.197,1.874,1.371,0.82,2.124,1.919,1.049,0.983,0.769,0.278,0.197,306.235,S
1.896,1.363,0.86,2.102,1.93,1.048,0.98,0.743,0.284,0.192,1.896,1.363,0.86,2.102,1.93,1.048,0.98,0.743,0.284,0.192,306.235,S
1.905,1.373,0.815,2.131,2.03,1.03,0.953,0.731,0.282,0.189,1.905,1.373,0.815,2.131,2.03,1.03,0.953,0.731,0.282,0.189,307.234,S
1.961,1.411,0.808,2.193,2.061,1.022,0.949,0.756,0.259,0.204,1.961,1.411,0.808,2.193,2.061,1.022,0.949,0.756,0.259,0.204,308.469,S
1.93,1.392,0.845,2.208,2.083,1.044,0.969,0.762,0.249,0.193,1.93,1.392,0.845,2.208,2.083,1.044,0.969,0.762,0.249,0.193,304.475,S
1.91,1.373,0.836,2.163,2.017,1.038,0.978,0.763,0.262,0.187,1.91,1.373,0.836,2.163,2.017,1.038,0.978,0.763,0.262,0.187,305.531,S
1.944,1.403,0.851,2.244,2.089,1.032,0.969,0.762,0.254,0.196,1.944,1.403,0.851,2.244,2.089,1.032,0.969,0.762,0.254,0.196,307.527,S
1.931,1.386,0.821,2.184,1.94,1.059,0.991,0.789,0.27,0.204,1.931,1.386,0.821,2.184,1.94,1.059,0.991,0.789,0.27,0.204,305.473,S
1.941,1.376,0.837,2.282,2.08,1.046,0.988,0.78,0.263,0.184,1.941,1.376,0.837,2.282,2.08,1.046,0.988,0.78,0.263,0.184,309.467,S
1.925,1.384,0.818,2.135,1.925,1.05,0.987,0.77,0.283,0.203,1.925,1.384,0.818,2.135,1.925,1.05,0.987,0.77,0.283,0.203,307.417,S
1.904,1.333,0.839,2.255,2.077,1.048,0.981,0.766,0.269,0.167,1.904,1.333,0.839,2.255,2.077,1.048,0.981,0.766,0.269,0.167,304.475,S
1.926,1.392,0.864,2.195,2.048,1.041,0.977,0.768,0.246,0.194,1.926,1.392,0.864,2.195,2.048,1.041,0.977,0.768,0.246,0.194,303.727,S
1.889,1.379,0.833,2.166,1.961,1.047,0.984,0.764,0.281,0.197,1.889,1.379,0.833,2.166,1.961,1.047,0.984,0.764,0.281,0.197,304.593,S
1.874,1.371,0.838,2.135,1.919,1.056,0.99,0.767,0.282,0.197,1.874,1.371,0.838,2.135,1.919,1.056,0.99,0.767,0.282,0.197,302.478,S
1.841,1.343,0.841,2.092,1.903,1.044,0.979,0.759,0.273,0.185,1.841,1.343,0.841,2.092,1.903,1.044,0.979,0.759,0.273,0.185,303.595,S
1.957,1.409,0.856,2.294,2.108,1.043,0.982,0.769,0.261,0.197,1.957,1.409,0.856,2.294,2.108,1.043,0.982,0.769,0.261,0.197,303.659,S
1.055,1.905,0.88,0.884,0.474,2.739,1,0.503,0.507,1.95,1.055,1.905,0.88,0.884,0.474,2.739,1,0.503,0.507,1.95,113.864,T
1.063,1.902,0.887,0.897,0.46,2.761,0.987,0.505,0.495,2,1.063,1.902,0.887,0.897,0.46,2.761,0.987,0.505,0.495,2,105.361,T
1.076,1.909,0.889,0.895,0.483,2.665,0.95,0.473,0.486,1.923,1.076,1.909,0.889,0.895,0.483,2.665,0.95,0.473,0.486,1.923,106.066,T
1.061,1.904,0.884,0.89,0.458,2.786,1.022,0.496,0.535,2.005,1.061,1.904,0.884,0.89,0.458,2.786,1.022,0.496,0.535,2.005,110.309,T
1.051,1.909,0.893,0.907,0.457,2.79,1.03,0.514,0.525,2.022,1.051,1.909,0.893,0.907,0.457,2.79,1.03,0.514,0.525,2.022,105.38,T
1.056,1.94,0.896,0.902,0.467,2.799,1.003,0.518,0.493,2.047,1.056,1.94,0.896,0.902,0.467,2.799,1.003,0.518,0.493,2.047,106.775,T
1.06,1.907,0.892,0.906,0.477,2.677,0.977,0.474,0.512,1.936,1.06,1.907,0.892,0.906,0.477,2.677,0.977,0.474,0.512,1.936,102.533,T
1.074,1.926,0.882,0.897,0.494,2.647,0.984,0.503,0.493,1.904,1.074,1.926,0.882,0.897,0.494,2.647,0.984,0.503,0.493,1.904,105.361,T
1.074,1.921,0.88,0.888,0.502,2.611,0.983,0.506,0.486,1.861,1.074,1.921,0.88,0.888,0.502,2.611,0.983,0.506,0.486,1.861,99.725,T
1.082,1.918,0.893,0.903,0.494,2.614,0.972,0.49,0.49,1.887,1.082,1.918,0.893,0.903,0.494,2.614,0.972,0.49,0.49,1.887,98.995,T
1.083,1.934,0.898,0.902,0.503,2.634,0.971,0.517,0.46,1.891,1.083,1.934,0.898,0.902,0.503,2.634,0.971,0.517,0.46,1.891,108.904,T
1.057,1.91,0.888,0.893,0.493,2.667,0.997,0.511,0.493,1.884,1.057,1.91,0.888,0.893,0.493,2.667,0.997,0.511,0.493,1.884,101.139,T
1.068,1.914,0.886,0.894,0.49,2.676,0.994,0.505,0.498,1.902,1.068,1.914,0.886,0.894,0.49,2.676,0.994,0.505,0.498,1.902,103.947,T
1.079,1.897,0.895,0.907,0.489,2.598,0.96,0.49,0.48,1.869,1.079,1.897,0.895,0.907,0.489,2.598,0.96,0.49,0.48,1.869,99.005,T
1.062,1.898,0.874,0.884,0.505,2.575,0.972,0.493,0.491,1.81,1.062,1.898,0.874,0.884,0.505,2.575,0.972,0.493,0.491,1.81,100.409,T
1.078,1.897,0.882,0.881,0.491,2.634,0.987,0.494,0.5,1.859,1.078,1.897,0.882,0.881,0.491,2.634,0.987,0.494,0.5,1.859,96.876,T
1.104,1.933,0.884,0.882,0.538,2.497,0.947,0.474,0.478,1.761,1.104,1.933,0.884,0.882,0.538,2.497,0.947,0.474,0.478,1.761,108.245,T
1.085,1.934,0.886,0.881,0.497,2.662,0.96,0.486,0.481,1.913,1.085,1.934,0.886,0.881,0.497,2.662,0.96,0.486,0.481,1.913,99.247,T
1.092,1.916,0.876,0.886,0.502,2.567,0.953,0.505,0.463,1.847,1.092,1.916,0.876,0.886,0.502,2.567,0.953,0.505,0.463,1.847,97.673,T
1.088,1.904,0.886,0.891,0.498,2.567,0.942,0.479,0.472,1.845,1.088,1.904,0.886,0.891,0.498,2.567,0.942,0.479,0.472,1.845,104.005,T
1.139,1.955,0.896,0.91,0.557,2.39,0.875,0.452,0.43,1.742,1.139,1.955,0.896,0.91,0.557,2.39,0.875,0.452,0.43,1.742,93.509,T
1.612,1.912,0.849,0.833,1.091,1.03,0.246,0.104,0.16,0.837,1.612,1.912,0.849,0.833,1.091,1.03,0.246,0.104,0.16,0.837,293.736,U
1.612,1.912,0.849,0.833,1.091,1.03,0.246,0.104,0.16,0.837,1.612,1.912,0.849,0.833,1.091,1.03,0.246,0.104,0.16,0.837,293.736,U
1.612,1.912,0.849,0.833,1.091,1.03,0.246,0.104,0.16,0.837,1.612,1.912,0.849,0.833,1.091,1.03,0.246,0.104,0.16,0.837,293.736,U
1.612,1.912,0.849,0.833,1.091,1.03,0.246,0.104,0.16,0.837,1.612,1.912,0.849,0.833,1.091,1.03,0.246,0.104,0.16,0.837,293.736,U
1.612,1.912,0.849,0.833,1.091,1.03,0.246,0.104,0.16,0.837,1.612,1.912,0.849,0.833,1.091,1.03,0.246,0.104,0.16,0.837,293.736,U
1.612,1.912,0.849,0.833,1.091,1.03,0.246,0.104,0.16,0.837,1.612,1.912,0.849,0.833,1.091,1.03,0.246,0.104,0.16,0.837,293.736,U
1.612,1.912,0.849,0.833,1.091,1.03,0.246,0.104,0.16,0.837,1.612,1.912,0.849,0.833,1.091,1.03,0.246,0.104,0.16,0.837,293.736,U
1.612,1.912,0.849,0.833,1.091,1.03,0.246,0.104,0.16,0.837,1.612,1.912,0.849,0.833,1.091,1.03,0.246,0.104,0.16,0.837,293.736,U
1.612,1.912,0.849,0.833,1.091,1.03,0.246,0.104,0.16,0.837,1.612,1.912,0.849,0.833,1.091,1.03,0.246,0.104,0.16,0.837,293.736,U
1.612,1.912,0.849,0.833,1.091,1.03,0.246,0.104,0.16,0.837,1.612,1.912,0.849,0.833,1.091,1.03,0.246,0.104,0.16,0.837,293.736,U
1.612,1.912,0.849,0.833,1.091,1.03,0.246,0.104,0.16,0.837,1.612,1.912,0.849,0.833,1.091,1.03,0.246,0.104,0.16,0.837,293.736,U
1.612,1.912,0.849,0.833,1.091,1.03,0.246,0.104,0.16,0.837,1.612,1.912,0.849,0.833,1.091,1.03,0.246,0.104,0.16,0.837,293.736,U
1.612,1.912,0.849,0.833,1.091,1.03,0.246,0.104,0.16,0.837,1.612,1.912,0.849,0.833,1.091,1.03,0.246,0.104,0.16,0.837,293.736,U
1.612,1.912,0.849,0.833,1.091,1.03,0.246,0.104,0.16,0.837,1.612,1.912,0.849,0.833,1.091,1.03,0.246,0.104,0.16,0.837,293.736,U
1.612,1.912,0.849,0.833,1.091,1.03,0.246,0.104,0.16,0.837,1.612,1.912,0.849,0.833,1.091,1.03,0.246,0.104,0.16,0.837,293.736,U
1.612,1.912,0.849,0.833,1.091,1.03,0.246,0.104,0.16,0.837,1.612,1.912,0.849,0.833,1.091,1.03,0.246,0.104,0.16,0.837,293.736,U
1.612,1.912,0.849,0.833,1.091,1.03,0.246,0.104,0.16,0.837,1.612,1.912,0.849,0.833,1.091,1.03,0.246,0.104,0.16,0.837,293.736,U
1.612,1.912,0.849,0.833,1.091,1.03,0.246,0.104,0.16,0.837,1.612,1.912,0.849,0.833,1.091,1.03,0.246,0.104,0.16,0.837,293.736,U
1.612,1.912,0.849,0.833,1.091,1.03,0.246,0.104,0.16,0.837,1.612,1.912,0.849,0.833,1.091,1.03,0.246,0.104,0.16,0.837,293.736,U
1.612,1.912,0.849,0.833,1.091,1.03,0.246,0.104,0.16,0.837,1.612,1.912,0.849,0.833,1.091,1.03,0.246,0.104,0.16,0.837,293.736,U
1.612,1.912,0.849,0.833,1.091,1.03,0.246,0.104,0.16,0.837,1.612,1.912,0.849,0.833,1.091,1.03,0.246,0.104,0.16,0.837,293.736,U
1.612,1.912,0.849,0.833,1.091,1.03,0.246,0.104,0.16,0.837,1.612,1.912,0.849,0.833,1.091,1.03,0.246,0.104,0.16,0.837,293.736,V
1.612,1.912,0.849,0.833,1.091,1.03,0.246,0.104,0.16,0.837,1.612,1.912,0.849,0.833,1.091,1.03,0.246,0.104,0.16,0.837,293.736,V
1.612,1.912,0.849,0.833,1.091,1.03,0.246,0.104,0.16,0.837,1.612,1.912,0.849,0.833,1.091,1.03,0.246,0.104,0.16,0.837,293.736,V
1.612,1.912,0.849,0.833,1.091,1.03,0.246,0.104,0.16,0.837,1.612,1.912,0.849,0.833,1.091,1.03,0.246,0.104,0.16,0.837,293.736,V
1.612,1.912,0.849,0.833,1.091,1.03,0.246,0.104,0.16,0.837,1.612,1.912,0.849,0.833,1.091,1.03,0.246,0.104,0.16,0.837,293.736,V
1.612,1.912,0.849,0.833,1.091,1.03,0.246,0.104,0.16,0.837,1.612,1.912,0.849,0.833,1.091,1.03,0.246,0.104,0.16,0.837,293.736,V
1.612,1.912,0.849,0.833,1.091,1.03,0.246,0.104,0.16,0.837,1.612,1.912,0.849,0.833,1.091,1.03,0.246,0.104,0.16,0.837,293.736,V
1.612,1.912,0.849,0.833,1.091,1.03,0.246,0.104,0.16,0.837,1.612,1.912,0.849,0.833,1.091,1.03,0.246,0.104,0.16,0.837,293.736,V
1.612,1.912,0.849,0.833,1.091,1.03,0.246,0.104,0.16,0.837,1.612,1.912,0.849,0.833,1.091,1.03,0.246,0.104,0.16,0.837,293.736,V
1.612,1.912,0.849,0.833,1.091,1.03,0.246,0.104,0.16,0.837,1.612,1.912,0.849,0.833,1.091,1.03,0.246,0.104,0.16,0.837,293.736,V
1.612,1.912,0.849,0.833,1.091,1.03,0.246,0.104,0.16,0.837,1.612,1.912,0.849,0.833,1.091,1.03,0.246,0.104,0.16,0.837,293.736,V
1.612,1.912,0.849,0.833,1.091,1.03,0.246,0.104,0.16,0.837,1.612,1.912,0.849,0.833,1.091,1.03,0.246,0.104,0.16,0.837,293.736,V
1.612,1.912,0.849,0.833,1.091,1.03,0.246,0.104,0.16,0.837,1.612,1.912,0.849,0.833,1.091,1.03,0.246,0.104,0.16,0.837,293.736,V
1.612,1.912,0.849,0.833,1.091,1.03,0.246,0.104,0.16,0.837,1.612,1.912,0.849,0.833,1.091,1.03,0.246,0.104,0.16,0.837,293.736,V
1.612,1.912,0.849,0.833,1.091,1.03,0.246,0.104,0.16,0.837,1.612,1.912,0.849,0.833,1.091,1.03,0.246,0.104,0.16,0.837,293.736,V
1.612,1.912,0.849,0.833,1.091,1.03,0.246,0.104,0.16,0.837,1.612,1.912,0.849,0.833,1.091,1.03,0.246,0.104,0.16,0.837,293.736,V
1.612,1.912,0.849,0.833,1.091,1.03,0.246,0.104,0.16,0.837,1.612,1.912,0.849,0.833,1.091,1.03,0.246,0.104,0.16,0.837,293.736,V
1.612,1.912,0.849,0.833,1.091,1.03,0.246,0.104,0.16,0.837,1.612,1.912,0.849,0.833,1.091,1.03,0.246,0.104,0.16,0.837,293.736,V
1.612,1.912,0.849,0.833,1.091,1.03,0.246,0.104,0.16,0.837,1.612,1.912,0.849,0.833,1.091,1.03,0.246,0.104,0.16,0.837,293.736,V
1.612,1.912,0.849,0.833,1.091,1.03,0.246,0.104,0.16,0.837,1.612,1.912,0.849,0.833,1.091,1.03,0.246,0.104,0.16,0.837,293.736,V
1.612,1.912,0.849,0.833,1.091,1.03,0.246,0.104,0.16,0.837,1.612,1.912,0.849,0.833,1.091,1.03,0.246,0.104,0.16,0.837,293.736,V
43.904,59.775,4.773,15.766,53.255,1.003,0.278,0.219,0.071,1.117,43.904,59.775,4.773,15.766,53.255,1.003,0.278,0.219,0.071,1.117,19.026,W
96.512,125.3,8.276,28.302,113.748,1.003,0.244,0.192,0.065,1.106,96.512,125.3,8.276,28.302,113.748,1.003,0.244,0.192,0.065,1.106,17.117,W
33.242,43.966,3.132,10.689,40.078,1,0.272,0.212,0.07,1.121,33.242,43.966,3.132,10.689,40.078,1,0.272,0.212,0.07,1.121,22.091,W
37.673,49.918,3.971,11.767,45.467,1.015,0.25,0.191,0.07,1.112,37.673,49.918,3.971,11.767,45.467,1.015,0.25,0.191,0.07,1.112,20.224,W
45.52,60.312,3.902,14.391,54.083,1.007,0.271,0.21,0.068,1.133,45.52,60.312,3.902,14.391,54.083,1.007,0.271,0.21,0.068,1.133,19.105,W
32.992,44.564,3.473,11.417,39.823,1.007,0.287,0.223,0.074,1.14,32.992,44.564,3.473,11.417,39.823,1.007,0.287,0.223,0.074,1.14,21.213,W
14.766,18.929,1.091,4.139,17.287,1.001,0.284,0.23,0.062,1.151,14.766,18.929,1.091,4.139,17.287,1.001,0.284,0.23,0.062,1.151,22.204,W
49.301,64.106,3.808,13.314,57.421,1.032,0.246,0.18,0.075,1.132,49.301,64.106,3.808,13.314,57.421,1.032,0.246,0.18,0.075,1.132,24.021,W
31.168,41.037,2.608,9.823,37.211,1.005,0.281,0.218,0.073,1.129,31.168,41.037,2.608,9.823,37.211,1.005,0.281,0.218,0.073,1.129,22.023,W
26.939,36.048,2.828,9.192,32.636,1.004,0.295,0.228,0.08,1.135,26.939,36.048,2.828,9.192,32.636,1.004,0.295,0.228,0.08,1.135,22.023,W
12.188,15.56,0.978,3.246,14.199,1.011,0.282,0.235,0.055,1.164,12.188,15.56,0.978,3.246,14.199,1.011,0.282,0.235,0.055,1.164,20.1,W
16.854,22.597,1.844,5.233,20.446,1.034,0.271,0.206,0.074,1.153,16.854,22.597,1.844,5.233,20.446,1.034,0.271,0.206,0.074,1.153,23.087,W
13.681,17.684,1.331,3.795,16.152,1.016,0.269,0.221,0.06,1.157,13.681,17.684,1.331,3.795,16.152,1.016,0.269,0.221,0.06,1.157,18.028,W
13.584,18.099,1.554,3.882,16.439,1.051,0.239,0.192,0.056,1.157,13.584,18.099,1.554,3.882,16.439,1.051,0.239,0.192,0.056,1.157,22,W
10.647,13.324,0.922,2.552,12.408,1.017,0.259,0.21,0.054,1.153,10.647,13.324,0.922,2.552,12.408,1.017,0.259,0.21,0.054,1.153,22.091,W
16.56,21.898,1.974,4.973,20.204,1.03,0.24,0.188,0.063,1.126,16.56,21.898,1.974,4.973,20.204,1.03,0.24,0.188,0.063,1.126,21.024,W
9.361,12.08,1.131,2.74,11.275,1.005,0.272,0.225,0.053,1.158,9.361,12.08,1.131,2.74,11.275,1.005,0.272,0.225,0.053,1.158,20.025,W
12.905,16.475,1.29,3.339,15.118,1.021,0.249,0.199,0.059,1.156,12.905,16.475,1.29,3.339,15.118,1.021,0.249,0.199,0.059,1.156,20.1,W
9.953,12.856,1.348,2.714,11.986,1.029,0.241,0.192,0.061,1.153,9.953,12.856,1.348,2.714,11.986,1.029,0.241,0.192,0.061,1.153,21.024,W
10.153,13.177,1.182,2.789,12.173,1.03,0.247,0.213,0.041,1.162,10.153,13.177,1.182,2.789,12.173,1.03,0.247,0.213,0.041,1.162,21.024,W
11.068,14.171,1.258,3.222,13.438,1.006,0.258,0.199,0.063,1.127,11.068,14.171,1.258,3.222,13.438,1.006,0.258,0.199,0.063,1.127,17.263,W
1.435,3.889,0.666,0.112,1.345,2.808,0.686,0.468,0.338,2.48,1.435,3.889,0.666,0.112,1.345,2.808,0.686,0.468,0.338,2.48,117.835,X
1.424,3.701,0.703,0.149,1.276,2.803,0.673,0.468,0.348,2.479,1.424,3.701,0.703,0.149,1.276,2.803,0.673,0.468,0.348,2.479,114.529,X
1.392,3.594,0.666,0.124,1.28,2.716,0.704,0.472,0.343,2.399,1.392,3.594,0.666,0.124,1.28,2.716,0.704,0.472,0.343,2.399,114.529,X
1.417,3.649,0.749,0.134,1.285,2.749,0.684,0.515,0.315,2.475,1.417,3.649,0.749,0.134,1.285,2.749,0.684,0.515,0.315,2.475,112.752,X
1.4,3.486,0.729,0.138,1.282,2.613,0.702,0.529,0.334,2.33,1.4,3.486,0.729,0.138,1.282,2.613,0.702,0.529,0.334,2.33,113.635,X
1.421,3.591,0.702,0.125,1.33,2.607,0.701,0.515,0.336,2.345,1.421,3.591,0.702,0.125,1.33,2.607,0.701,0.515,0.336,2.345,113.635,X
1.459,3.755,0.726,0.137,1.346,2.69,0.675,0.509,0.316,2.446,1.459,3.755,0.726,0.137,1.346,2.69,0.675,0.509,0.316,2.446,114.63,X
1.466,3.764,0.739,0.111,1.418,2.581,0.688,0.538,0.31,2.316,1.466,3.764,0.739,0.111,1.418,2.581,0.688,0.538,0.31,2.316,113.635,X
1.47,4.035,0.746,0.133,1.47,2.682,0.702,0.565,0.316,2.423,1.47,4.035,0.746,0.133,1.47,2.682,0.702,0.565,0.316,2.423,114.355,X
1.476,3.864,0.745,0.135,1.373,2.716,0.668,0.528,0.349,2.431,1.476,3.864,0.745,0.135,1.373,2.716,0.668,0.528,0.349,2.431,112.446,X
1.443,3.889,0.666,0.124,1.352,2.784,0.69,0.482,0.349,2.494,1.443,3.889,0.666,0.124,1.352,2.784,0.69,0.482,0.349,2.494,113.283,X
1.483,3.894,0.691,0.113,1.41,2.683,0.671,0.488,0.334,2.384,1.483,3.894,0.691,0.113,1.41,2.683,0.671,0.488,0.334,2.384,112.285,X
1.482,3.879,0.691,0.115,1.426,2.644,0.678,0.498,0.33,2.352,1.482,3.879,0.691,0.115,1.426,2.644,0.678,0.498,0.33,2.352,112.361,X
1.474,3.933,0.715,0.108,1.38,2.772,0.667,0.489,0.325,2.464,1.474,3.933,0.715,0.108,1.38,2.772,0.667,0.489,0.325,2.464,115.278,X
1.469,3.985,0.66,0.059,1.422,2.761,0.676,0.452,0.334,2.424,1.469,3.985,0.66,0.059,1.422,2.761,0.676,0.452,0.334,2.424,116.155,X
1.491,4.011,0.636,0.099,1.498,2.637,0.689,0.469,0.319,2.347,1.491,4.011,0.636,0.099,1.498,2.637,0.689,0.469,0.319,2.347,114.158,X
1.519,4.018,0.647,0.149,1.551,2.541,0.683,0.489,0.316,2.245,1.519,4.018,0.647,0.149,1.551,2.541,0.683,0.489,0.316,2.245,112.219,X
1.483,3.931,0.657,0.036,1.452,2.684,0.671,0.442,0.312,2.363,1.483,3.931,0.657,0.036,1.452,2.684,0.671,0.442,0.312,2.363,112.161,X
1.477,3.917,0.656,0.083,1.468,2.626,0.689,0.476,0.322,2.342,1.477,3.917,0.656,0.083,1.468,2.626,0.689,0.476,0.322,2.342,112.112,X
1.48,3.837,0.673,0.085,1.404,2.675,0.666,0.452,0.315,2.383,1.48,3.837,0.673,0.085,1.404,2.675,0.666,0.452,0.315,2.383,113.159,X
1.49,3.926,0.647,0.091,1.43,2.681,0.669,0.448,0.332,2.368,1.49,3.926,0.647,0.091,1.43,2.681,0.669,0.448,0.332,2.368,113.217,X
2.136,3.258,0.967,1.078,1.876,1.286,0.32,0.159,0.163,1.204,2.136,3.258,0.967,1.078,1.876,1.286,0.32,0.159,0.163,1.204,239.767,Y
2.144,3.26,0.968,1.085,1.844,1.299,0.304,0.151,0.156,1.226,2.144,3.26,0.968,1.085,1.844,1.299,0.304,0.151,0.156,1.226,242.471,Y
2.156,3.282,0.959,1.079,1.855,1.308,0.301,0.152,0.152,1.23,2.156,3.282,0.959,1.079,1.855,1.308,0.301,0.152,0.152,1.23,244.659,Y
2.13,3.258,0.951,1.058,1.822,1.318,0.309,0.158,0.154,1.239,2.13,3.258,0.951,1.058,1.822,1.318,0.309,0.158,0.154,1.239,241.118,Y
2.164,3.322,0.95,1.083,1.852,1.322,0.303,0.154,0.154,1.254,2.164,3.322,0.95,1.083,1.852,1.322,0.303,0.154,0.154,1.254,232.243,Y
2.162,3.309,0.945,1.069,1.846,1.324,0.309,0.159,0.154,1.251,2.162,3.309,0.945,1.069,1.846,1.324,0.309,0.159,0.154,1.251,234.412,Y
2.115,3.198,0.937,1.043,1.795,1.31,0.3,0.154,0.151,1.225,2.115,3.198,0.937,1.043,1.795,1.31,0.3,0.154,0.151,1.225,233.529,Y
2.101,3.17,0.938,1.074,1.813,1.277,0.319,0.165,0.161,1.197,2.101,3.17,0.938,1.074,1.813,1.277,0.319,0.165,0.161,1.197,235.765,Y
2.108,3.145,0.939,1.062,1.832,1.259,0.325,0.167,0.162,1.171,2.108,3.145,0.939,1.062,1.832,1.259,0.325,0.167,0.162,1.171,238.816,Y
2.08,3.135,0.931,1.053,1.8,1.275,0.324,0.169,0.16,1.187,2.08,3.135,0.931,1.053,1.8,1.275,0.324,0.169,0.16,1.187,236.58,Y
2.093,3.149,0.943,1.033,1.77,1.302,0.304,0.15,0.156,1.214,2.093,3.149,0.943,1.033,1.77,1.302,0.304,0.15,0.156,1.214,239.27,Y
2.057,3.126,0.908,1.018,1.746,1.315,0.314,0.163,0.158,1.218,2.057,3.126,0.908,1.018,1.746,1.315,0.314,0.163,0.158,1.218,233.019,Y
2.104,3.215,0.926,1.047,1.817,1.304,0.316,0.171,0.151,1.219,2.104,3.215,0.926,1.047,1.817,1.304,0.316,0.171,0.151,1.219,234.787,Y
2.1,3.191,0.951,1.023,1.793,1.313,0.315,0.162,0.154,1.223,2.1,3.191,0.951,1.023,1.793,1.313,0.315,0.162,0.154,1.223,233.026,Y
2.122,3.209,0.958,1.045,1.808,1.305,0.311,0.157,0.155,1.222,2.122,3.209,0.958,1.045,1.808,1.305,0.311,0.157,0.155,1.222,237.924,Y
2.081,3.143,0.924,1.002,1.747,1.327,0.312,0.159,0.156,1.228,2.081,3.143,0.924,1.002,1.747,1.327,0.312,0.159,0.156,1.228,234.344,Y
2.132,3.203,0.964,1.042,1.816,1.301,0.305,0.151,0.154,1.213,2.132,3.203,0.964,1.042,1.816,1.301,0.305,0.151,0.154,1.213,235.296,Y
2.121,3.241,0.922,1.017,1.829,1.325,0.313,0.157,0.161,1.226,2.121,3.241,0.922,1.017,1.829,1.325,0.313,0.157,0.161,1.226,233.019,Y
2.16,3.256,0.925,1.033,1.846,1.306,0.316,0.156,0.164,1.223,2.16,3.256,0.925,1.033,1.846,1.306,0.316,0.156,0.164,1.223,237.034,Y
2.167,3.306,0.921,1.051,1.866,1.319,0.316,0.162,0.161,1.236,2.167,3.306,0.921,1.051,1.866,1.319,0.316,0.162,0.161,1.236,230.783,Y
2.085,3.168,0.894,1.033,1.804,1.301,0.33,0.169,0.172,1.203,2.085,3.168,0.894,1.033,1.804,1.301,0.33,0.169,0.172,1.203,233.019,Y
0.654,0.952,0.988,0.864,0.244,0.45,0.586,0.519,0.086,0.22,0.654,0.952,0.988,0.864,0.244,0.45,0.586,0.519,0.086,0.22,82.492,Z
0.649,0.95,0.976,0.862,0.249,0.442,0.594,0.475,0.137,0.209,0.649,0.95,0.976,0.862,0.249,0.442,0.594,0.475,0.137,0.209,83.355,Z
0.646,0.952,0.981,0.86,0.248,0.474,0.609,0.508,0.125,0.208,0.646,0.952,0.981,0.86,0.248,0.474,0.609,0.508,0.125,0.208,82.492,Z
0.656,0.956,0.981,0.855,0.234,0.504,0.655,0.551,0.133,0.199,0.656,0.956,0.981,0.855,0.234,0.504,0.655,0.551,0.133,0.199,82.298,Z
0.648,0.957,0.982,0.864,0.246,0.48,0.6,0.505,0.11,0.192,0.648,0.957,0.982,0.864,0.246,0.48,0.6,0.505,0.11,0.192,85.422,Z
0.641,0.952,0.981,0.86,0.249,0.457,0.605,0.505,0.124,0.204,0.641,0.952,0.981,0.86,0.249,0.457,0.605,0.505,0.124,0.204,87.71,Z
0.639,0.951,0.977,0.854,0.245,0.492,0.642,0.53,0.12,0.208,0.639,0.951,0.977,0.854,0.245,0.492,0.642,0.53,0.12,0.208,89.944,Z
0.645,0.948,0.977,0.855,0.235,0.482,0.654,0.539,0.125,0.234,0.645,0.948,0.977,0.855,0.235,0.482,0.654,0.539,0.125,0.234,89.9,Z
0.639,0.954,0.977,0.865,0.256,0.445,0.563,0.457,0.115,0.204,0.639,0.954,0.977,0.865,0.256,0.445,0.563,0.457,0.115,0.204,91.302,Z
0.638,0.953,0.972,0.862,0.258,0.457,0.579,0.447,0.139,0.199,0.638,0.953,0.972,0.862,0.258,0.457,0.579,0.447,0.139,0.199,91.788,Z
0.648,0.958,0.975,0.86,0.244,0.511,0.624,0.491,0.152,0.193,0.648,0.958,0.975,0.86,0.244,0.511,0.624,0.491,0.152,0.193,92.59,Z
0.619,0.947,0.98,0.86,0.255,0.445,0.598,0.494,0.119,0.213,0.619,0.947,0.98,0.86,0.255,0.445,0.598,0.494,0.119,0.213,101.533,Z
0.648,0.955,0.981,0.861,0.246,0.505,0.613,0.516,0.108,0.212,0.648,0.955,0.981,0.861,0.246,0.505,0.613,0.516,0.108,0.212,92.661,Z
0.645,0.948,0.982,0.862,0.248,0.444,0.595,0.509,0.092,0.221,0.645,0.948,0.982,0.862,0.248,0.444,0.595,0.509,0.092,0.221,94.021,Z
0.643,0.953,0.98,0.856,0.244,0.504,0.642,0.535,0.125,0.206,0.643,0.953,0.98,0.856,0.244,0.504,0.642,0.535,0.125,0.206,94.895,Z
0.621,0.948,0.98,0.862,0.271,0.428,0.556,0.456,0.114,0.204,0.621,0.948,0.98,0.862,0.271,0.428,0.556,0.456,0.114,0.204,98.615,Z
0.633,0.948,0.964,0.84,0.242,0.55,0.708,0.533,0.189,0.228,0.633,0.948,0.964,0.84,0.242,0.55,0.708,0.533,0.189,0.228,96.649,Z
0.643,0.947,0.96,0.844,0.236,0.516,0.69,0.503,0.195,0.238,0.643,0.947,0.96,0.844,0.236,0.516,0.69,0.503,0.195,0.238,93.536,Z
0.634,0.959,0.973,0.856,0.265,0.515,0.596,0.465,0.144,0.186,0.634,0.959,0.973,0.856,0.265,0.515,0.596,0.465,0.144,0.186,94.154,Z
0.627,0.959,0.983,0.862,0.277,0.48,0.554,0.466,0.107,0.177,0.627,0.959,0.983,0.862,0.277,0.48,0.554,0.466,0.107,0.177,96.897,Z
0.625,0.954,0.972,0.854,0.267,0.487,0.595,0.46,0.156,0.194,0.625,0.954,0.972,0.854,0.267,0.487,0.595,0.46,0.156,0.194,96.897,Z
1.85,1.152,0.839,0.798,1.504,0.478,0.324,0.152,0.174,0.154,1.85,1.152,0.839,0.798,1.504,0.478,0.324,0.152,0.174,0.154,29.017,A
1.843,1.144,0.817,0.773,1.5,0.478,0.327,0.152,0.179,0.152,1.843,1.144,0.817,0.773,1.5,0.478,0.327,0.152,0.179,0.152,28,A
1.861,1.145,0.829,0.806,1.516,0.476,0.323,0.159,0.17,0.153,1.861,1.145,0.829,0.806,1.516,0.476,0.323,0.159,0.17,0.153,30.017,A
1.858,1.138,0.815,0.784,1.52,0.471,0.327,0.149,0.183,0.144,1.858,1.138,0.815,0.784,1.52,0.471,0.327,0.149,0.183,0.144,32.062,A
1.86,1.141,0.834,0.797,1.502,0.469,0.323,0.152,0.174,0.146,1.86,1.141,0.834,0.797,1.502,0.469,0.323,0.152,0.174,0.146,30.017,A
1.875,1.149,0.825,0.791,1.524,0.467,0.321,0.15,0.175,0.146,1.875,1.149,0.825,0.791,1.524,0.467,0.321,0.15,0.175,0.146,30,A
1.88,1.164,0.836,0.796,1.54,0.472,0.317,0.145,0.174,0.155,1.88,1.164,0.836,0.796,1.54,0.472,0.317,0.145,0.174,0.155,29.017,A
1.837,1.145,0.82,0.802,1.496,0.469,0.32,0.146,0.181,0.149,1.837,1.145,0.82,0.802,1.496,0.469,0.32,0.146,0.181,0.149,30,A
1.846,1.148,0.816,0.784,1.498,0.472,0.323,0.147,0.181,0.149,1.846,1.148,0.816,0.784,1.498,0.472,0.323,0.147,0.181,0.149,32,A
1.847,1.147,0.828,0.799,1.502,0.471,0.322,0.147,0.179,0.149,1.847,1.147,0.828,0.799,1.502,0.471,0.322,0.147,0.179,0.149,33.015,A
1.843,1.145,0.817,0.799,1.515,0.473,0.319,0.146,0.18,0.154,1.843,1.145,0.817,0.799,1.515,0.473,0.319,0.146,0.18,0.154,31.145,A
1.834,1.138,0.815,0.79,1.527,0.477,0.332,0.151,0.185,0.146,1.834,1.138,0.815,0.79,1.527,0.477,0.332,0.151,0.185,0.146,30.067,A
1.841,1.145,0.828,0.8,1.527,0.482,0.33,0.158,0.176,0.153,1.841,1.145,0.828,0.8,1.527,0.482,0.33,0.158,0.176,0.153,31.257,A
1.856,1.138,0.827,0.804,1.537,0.468,0.323,0.144,0.182,0.146,1.856,1.138,0.827,0.804,1.537,0.468,0.323,0.144,0.182,0.146,30.15,A
1.836,1.125,0.826,0.798,1.508,0.461,0.318,0.151,0.172,0.145,1.836,1.125,0.826,0.798,1.508,0.461,0.318,0.151,0.172,0.145,31.016,A
1.847,1.135,0.833,0.789,1.532,0.463,0.319,0.145,0.176,0.145,1.847,1.135,0.833,0.789,1.532,0.463,0.319,0.145,0.176,0.145,32.14,A
1.848,1.127,0.832,0.784,1.522,0.456,0.313,0.139,0.176,0.145,1.848,1.127,0.832,0.784,1.522,0.456,0.313,0.139,0.176,0.145,30.15,A
1.84,1.141,0.821,0.785,1.522,0.471,0.319,0.145,0.178,0.152,1.84,1.141,0.821,0.785,1.522,0.471,0.319,0.145,0.178,0.152,30.067,A
1.867,1.145,0.81,0.786,1.564,0.46,0.315,0.142,0.179,0.145,1.867,1.145,0.81,0.786,1.564,0.46,0.315,0.142,0.179,0.145,29.275,A
1.837,1.12,0.822,0.795,1.519,0.456,0.321,0.149,0.176,0.136,1.837,1.12,0.822,0.795,1.519,0.456,0.321,0.149,0.176,0.136,31.145,A
0.927,1.043,0.995,1.003,0.098,2.081,1.656,0.862,0.795,0.562,0.927,1.043,0.995,1.003,0.098,2.081,1.656,0.862,0.795,0.562,70,B
0.967,1.035,0.988,1.006,0.064,3.012,2.568,1.37,1.223,0.665,0.967,1.035,0.988,1.006,0.064,3.012,2.568,1.37,1.223,0.665,63.655,B
0.961,1.049,0.994,1.007,0.078,2.665,2.209,1.194,1.018,0.72,0.961,1.049,0.994,1.007,0.078,2.665,2.209,1.194,1.018,0.72,66.843,B
0.94,1.042,0.996,1.008,0.106,1.925,1.599,0.92,0.681,0.48,0.94,1.042,0.996,1.008,0.106,1.925,1.599,0.92,0.681,0.48,68.6,B
0.948,1.035,0.994,1.019,0.099,2.09,1.879,1.089,0.801,0.393,0.948,1.035,0.994,1.019,0.099,2.09,1.879,1.089,0.801,0.393,70.434,B
0.931,1.033,0.988,1.007,0.103,1.88,1.719,0.912,0.822,0.342,0.931,1.033,0.988,1.007,0.103,1.88,1.719,0.912,0.822,0.342,67.624,B
0.94,1.035,0.989,1.002,0.103,1.883,1.595,0.841,0.763,0.415,0.94,1.035,0.989,1.002,0.103,1.883,1.595,0.841,0.763,0.415,62.482,B
0.942,1.029,0.992,1.005,0.094,2.186,1.946,0.983,0.966,0.364,0.942,1.029,0.992,1.005,0.094,2.186,1.946,0.983,0.966,0.364,62.626,B
0.932,1.027,0.987,1.019,0.124,1.611,1.491,0.787,0.731,0.244,0.932,1.027,0.987,1.019,0.124,1.611,1.491,0.787,0.731,0.244,71.84,B
0.922,1.034,0.993,1.013,0.142,1.456,1.303,0.665,0.644,0.274,0.922,1.034,0.993,1.013,0.142,1.456,1.303,0.665,0.644,0.274,73.007,B
0.901,1.029,0.987,1.001,0.147,1.374,1.178,0.578,0.606,0.259,0.901,1.029,0.987,1.001,0.147,1.374,1.178,0.578,0.606,0.259,71.561,B
0.889,1.048,0.988,1.012,0.162,1.252,1.046,0.546,0.515,0.339,0.889,1.048,0.988,1.012,0.162,1.252,1.046,0.546,0.515,0.339,75.452,B
0.911,1.028,0.975,1,0.138,1.5,1.334,0.677,0.691,0.242,0.911,1.028,0.975,1,0.138,1.5,1.334,0.677,0.691,0.242,66.888,B
0.878,1.028,0.981,1,0.164,1.187,1.049,0.524,0.541,0.203,0.878,1.028,0.981,1,0.164,1.187,1.049,0.524,0.541,0.203,71.868,B
0.894,1.034,0.98,0.999,0.152,1.297,1.144,0.571,0.59,0.251,0.894,1.034,0.98,0.999,0.152,1.297,1.144,0.571,0.59,0.251,64.885,B
0.892,1.034,0.981,1,0.136,1.436,1.266,0.632,0.653,0.278,0.892,1.034,0.981,1,0.136,1.436,1.266,0.632,0.653,0.278,71.281,B
0.923,1.041,0.981,1.006,0.127,1.558,1.333,0.701,0.662,0.368,0.923,1.041,0.981,1.006,0.127,1.558,1.333,0.701,0.662,0.368,65.803,B
0.897,1.041,0.987,1.012,0.139,1.458,1.262,0.637,0.643,0.335,0.897,1.041,0.987,1.012,0.139,1.458,1.262,0.637,0.643,0.335,67.417,B
0.933,1.035,0.98,0.999,0.114,1.825,1.57,0.758,0.835,0.368,0.933,1.035,0.98,0.999,0.114,1.825,1.57,0.758,0.835,0.368,63.411,B
0.898,1.035,0.984,0.99,0.142,1.544,1.334,0.629,0.707,0.294,0.898,1.035,0.984,0.99,0.142,1.544,1.334,0.629,0.707,0.294,75.166,B
0.908,1.032,0.979,0.995,0.128,1.598,1.465,0.752,0.731,0.266,0.908,1.032,0.979,0.995,0.128,1.598,1.465,0.752,0.731,0.266,74.887,B
0.702,1.007,0.938,0.806,0.482,0.574,0.502,0.306,0.213,0.107,0.702,1.007,0.938,0.806,0.482,0.574,0.502,0.306,0.213,0.107,1,C
0.702,1.007,0.938,0.806,0.482,0.574,0.502,0.306,0.213,0.107,0.702,1.007,0.938,0.806,0.482,0.574,0.502,0.306,0.213,0.107,1,C
0.724,1.012,0.924,0.81,0.493,0.545,0.463,0.248,0.234,0.116,0.724,1.012,0.924,0.81,0.493,0.545,0.463,0.248,0.234,0.116,3.606,C
0.724,1.012,0.924,0.81,0.493,0.545,0.463,0.248,0.234,0.116,0.724,1.012,0.924,0.81,0.493,0.545,0.463,0.248,0.234,0.116,3.606,C
0.719,1.016,0.929,0.805,0.501,0.591,0.493,0.279,0.232,0.127,0.719,1.016,0.929,0.805,0.501,0.591,0.493,0.279,0.232,0.127,2.236,C
0.719,1.016,0.929,0.805,0.501,0.591,0.493,0.279,0.232,0.127,0.719,1.016,0.929,0.805,0.501,0.591,0.493,0.279,0.232,0.127,2.236,C
0.711,1.002,0.934,0.8,0.495,0.608,0.514,0.302,0.236,0.149,0.711,1.002,0.934,0.8,0.495,0.608,0.514,0.302,0.236,0.149,2.236,C
0.711,1.002,0.934,0.8,0.495,0.608,0.514,0.302,0.236,0.149,0.711,1.002,0.934,0.8,0.495,0.608,0.514,0.302,0.236,0.149,2.236,C
0.711,1.002,0.934,0.8,0.495,0.608,0.514,0.302,0.236,0.149,0.711,1.002,0.934,0.8,0.495,0.608,0.514,0.302,0.236,0.149,2.236,C
0.711,1.002,0.934,0.8,0.495,0.608,0.514,0.302,0.236,0.149,0.711,1.002,0.934,0.8,0.495,0.608,0.514,0.302,0.236,0.149,2.236,C
0.711,1.002,0.934,0.8,0.495,0.608,0.514,0.302,0.236,0.149,0.711,1.002,0.934,0.8,0.495,0.608,0.514,0.302,0.236,0.149,2.236,C
0.703,1.006,0.945,0.807,0.486,0.597,0.511,0.315,0.227,0.126,0.703,1.006,0.945,0.807,0.486,0.597,0.511,0.315,0.227,0.126,1.414,C
0.703,1.006,0.945,0.807,0.486,0.597,0.511,0.315,0.227,0.126,0.703,1.006,0.945,0.807,0.486,0.597,0.511,0.315,0.227,0.126,1.414,C
0.703,1.006,0.945,0.807,0.486,0.597,0.511,0.315,0.227,0.126,0.703,1.006,0.945,0.807,0.486,0.597,0.511,0.315,0.227,0.126,1.414,C
0.698,1.018,0.932,0.796,0.47,0.644,0.524,0.308,0.245,0.164,0.698,1.018,0.932,0.796,0.47,0.644,0.524,0.308,0.245,0.164,1,C
0.698,1.018,0.932,0.796,0.47,0.644,0.524,0.308,0.245,0.164,0.698,1.018,0.932,0.796,0.47,0.644,0.524,0.308,0.245,0.164,1,C
0.716,1.024,0.929,0.796,0.48,0.668,0.53,0.308,0.242,0.174,0.716,1.024,0.929,0.796,0.48,0.668,0.53,0.308,0.242,0.174,1,C
0.716,1.024,0.929,0.796,0.48,0.668,0.53,0.308,0.242,0.174,0.716,1.024,0.929,0.796,0.48,0.668,0.53,0.308,0.242,0.174,1,C
0.716,1.024,0.929,0.796,0.48,0.668,0.53,0.308,0.242,0.174,0.716,1.024,0.929,0.796,0.48,0.668,0.53,0.308,0.242,0.174,1,C
0.716,1.024,0.929,0.796,0.48,0.668,0.53,0.308,0.242,0.174,0.716,1.024,0.929,0.796,0.48,0.668,0.53,0.308,0.242,0.174,1,C
0.716,1.024,0.929,0.796,0.48,0.668,0.53,0.308,0.242,0.174,0.716,1.024,0.929,0.796,0.48,0.668,0.53,0.308,0.242,0.174,1,C
1.695,2.132,0.804,0.692,1.111,1.308,0.318,0.111,0.21,1.019,1.695,2.132,0.804,0.692,1.111,1.308,0.318,0.111,0.21,1.019,122.197,D
1.687,2.111,0.792,0.687,1.111,1.296,0.324,0.106,0.218,1.001,1.687,2.111,0.792,0.687,1.111,1.296,0.324,0.106,0.218,1.001,124.064,D
1.689,2.144,0.804,0.691,1.114,1.32,0.323,0.11,0.216,1.028,1.689,2.144,0.804,0.691,1.114,1.32,0.323,0.11,0.216,1.028,122.776,D
1.721,2.18,0.792,0.678,1.164,1.308,0.325,0.108,0.22,1.016,1.721,2.18,0.792,0.678,1.164,1.308,0.325,0.108,0.22,1.016,124.652,D
1.695,2.122,0.789,0.671,1.134,1.294,0.334,0.115,0.221,0.991,1.695,2.122,0.789,0.671,1.134,1.294,0.334,0.115,0.221,0.991,125.591,D
1.694,2.116,0.798,0.674,1.135,1.285,0.332,0.118,0.218,0.985,1.694,2.116,0.798,0.674,1.135,1.285,0.332,0.118,0.218,0.985,125.252,D
1.724,2.156,0.791,0.678,1.162,1.289,0.326,0.111,0.217,0.996,1.724,2.156,0.791,0.678,1.162,1.289,0.326,0.111,0.217,0.996,123.033,D
1.677,2.11,0.785,0.661,1.127,1.302,0.344,0.119,0.229,0.986,1.677,2.11,0.785,0.661,1.127,1.302,0.344,0.119,0.229,0.986,123.665,D
1.727,2.176,0.791,0.683,1.155,1.306,0.322,0.105,0.22,1.02,1.727,2.176,0.791,0.683,1.155,1.306,0.322,0.105,0.22,1.02,123.033,D
1.721,2.16,0.792,0.685,1.156,1.294,0.325,0.106,0.222,1.005,1.721,2.16,0.792,0.685,1.156,1.294,0.325,0.106,0.222,1.005,123.976,D
1.729,2.172,0.789,0.67,1.189,1.284,0.331,0.114,0.219,0.986,1.729,2.172,0.789,0.67,1.189,1.284,0.331,0.114,0.219,0.986,124.31,D
1.731,2.17,0.793,0.676,1.224,1.252,0.334,0.124,0.21,0.956,1.731,2.17,0.793,0.676,1.224,1.252,0.334,0.124,0.21,0.956,123.968,D
1.739,2.194,0.779,0.68,1.242,1.25,0.337,0.119,0.217,0.962,1.739,2.194,0.779,0.68,1.242,1.25,0.337,0.119,0.217,0.962,122.703,D
1.675,2.092,0.795,0.69,1.179,1.231,0.352,0.135,0.217,0.926,1.675,2.092,0.795,0.69,1.179,1.231,0.352,0.135,0.217,0.926,122.09,D
1.666,2.109,0.784,0.678,1.153,1.274,0.351,0.13,0.222,0.963,1.666,2.109,0.784,0.678,1.153,1.274,0.351,0.13,0.222,0.963,119.541,D
1.686,2.127,0.778,0.673,1.138,1.299,0.351,0.122,0.229,0.993,1.686,2.127,0.778,0.673,1.138,1.299,0.351,0.122,0.229,0.993,118.929,D
1.695,2.152,0.785,0.68,1.159,1.293,0.342,0.122,0.22,0.995,1.695,2.152,0.785,0.68,1.159,1.293,0.342,0.122,0.22,0.995,118.474,D
1.679,2.137,0.777,0.669,1.133,1.311,0.352,0.117,0.236,1.008,1.679,2.137,0.777,0.669,1.133,1.311,0.352,0.117,0.236,1.008,121.264,D
1.699,2.156,0.787,0.681,1.162,1.29,0.341,0.129,0.213,0.998,1.699,2.156,0.787,0.681,1.162,1.29,0.341,0.129,0.213,0.998,121.631,D
1.703,2.186,0.778,0.669,1.169,1.317,0.348,0.122,0.226,1.019,1.703,2.186,0.778,0.669,1.169,1.317,0.348,0.122,0.226,1.019,120.333,D
1.674,2.136,0.785,0.668,1.125,1.318,0.35,0.127,0.224,1.015,1.674,2.136,0.785,0.668,1.125,1.318,0.35,0.127,0.224,1.015,118.474,D
1.002,1.919,0.948,0.841,0.503,3.259,0.806,0.456,0.366,2.457,1.002,1.919,0.948,0.841,0.503,3.259,0.806,0.456,0.366,2.457,93.15,E
1.031,1.936,0.958,0.862,0.474,3.484,0.846,0.459,0.407,2.639,1.031,1.936,0.958,0.862,0.474,3.484,0.846,0.459,0.407,2.639,99.479,E
1.031,1.936,0.958,0.862,0.474,3.484,0.846,0.459,0.407,2.639,1.031,1.936,0.958,0.862,0.474,3.484,0.846,0.459,0.407,2.639,99.479,E
1.148,2.149,0.961,0.873,0.621,2.987,0.705,0.395,0.323,2.284,1.148,2.149,0.961,0.873,0.621,2.987,0.705,0.395,0.323,2.284,98.813,E
1.046,1.971,0.96,0.883,0.48,3.531,0.852,0.487,0.375,2.679,1.046,1.971,0.96,0.883,0.48,3.531,0.852,0.487,0.375,2.679,100.344,E
1.044,2.02,0.976,0.887,0.546,3.144,0.757,0.426,0.353,2.388,1.044,2.02,0.976,0.887,0.546,3.144,0.757,0.426,0.353,2.388,91.302,E
1.044,2.02,0.976,0.887,0.546,3.144,0.757,0.426,0.353,2.388,1.044,2.02,0.976,0.887,0.546,3.144,0.757,0.426,0.353,2.388,91.302,E
1.044,2.02,0.976,0.887,0.546,3.144,0.757,0.426,0.353,2.388,1.044,2.02,0.976,0.887,0.546,3.144,0.757,0.426,0.353,2.388,91.302,E
1.044,2.02,0.976,0.887,0.546,3.144,0.757,0.426,0.353,2.388,1.044,2.02,0.976,0.887,0.546,3.144,0.757,0.426,0.353,2.388,91.302,E
1.044,2.02,0.976,0.887,0.546,3.144,0.757,0.426,0.353,2.388,1.044,2.02,0.976,0.887,0.546,3.144,0.757,0.426,0.353,2.388,91.302,E
1.044,2.02,0.976,0.887,0.546,3.144,0.757,0.426,0.353,2.388,1.044,2.02,0.976,0.887,0.546,3.144,0.757,0.426,0.353,2.388,91.302,E
1.044,2.02,0.976,0.887,0.546,3.144,0.757,0.426,0.353,2.388,1.044,2.02,0.976,0.887,0.546,3.144,0.757,0.426,0.353,2.388,91.302,E
1.044,2.02,0.976,0.887,0.546,3.144,0.757,0.426,0.353,2.388,1.044,2.02,0.976,0.887,0.546,3.144,0.757,0.426,0.353,2.388,91.302,E
1.044,2.02,0.976,0.887,0.546,3.144,0.757,0.426,0.353,2.388,1.044,2.02,0.976,0.887,0.546,3.144,0.757,0.426,0.353,2.388,91.302,E
1.044,2.02,0.976,0.887,0.546,3.144,0.757,0.426,0.353,2.388,1.044,2.02,0.976,0.887,0.546,3.144,0.757,0.426,0.353,2.388,91.302,E
1.044,2.02,0.976,0.887,0.546,3.144,0.757,0.426,0.353,2.388,1.044,2.02,0.976,0.887,0.546,3.144,0.757,0.426,0.353,2.388,91.302,E
1.044,2.02,0.976,0.887,0.546,3.144,0.757,0.426,0.353,2.388,1.044,2.02,0.976,0.887,0.546,3.144,0.757,0.426,0.353,2.388,91.302,E
1.044,2.02,0.976,0.887,0.546,3.144,0.757,0.426,0.353,2.388,1.044,2.02,0.976,0.887,0.546,3.144,0.757,0.426,0.353,2.388,91.302,E
1.044,2.02,0.976,0.887,0.546,3.144,0.757,0.426,0.353,2.388,1.044,2.02,0.976,0.887,0.546,3.144,0.757,0.426,0.353,2.388,91.302,E
1.044,2.02,0.976,0.887,0.546,3.144,0.757,0.426,0.353,2.388,1.044,2.02,0.976,0.887,0.546,3.144,0.757,0.426,0.353,2.388,91.302,E
1.044,2.02,0.976,0.887,0.546,3.144,0.757,0.426,0.353,2.388,1.044,2.02,0.976,0.887,0.546,3.144,0.757,0.426,0.353,2.388,91.302,E
1.035,1.908,0.959,0.882,0.46,3.736,0.882,0.461,0.436,2.861,1.035,1.908,0.959,0.882,0.46,3.736,0.882,0.461,0.436,2.861,118.258,F
1.047,1.904,0.959,0.891,0.498,3.493,0.87,0.475,0.406,2.627,1.047,1.904,0.959,0.891,0.498,3.493,0.87,0.475,0.406,2.627,118.14,F
1.043,1.889,0.96,0.885,0.474,3.608,0.883,0.478,0.419,2.731,1.043,1.889,0.96,0.885,0.474,3.608,0.883,0.478,0.419,2.731,118.828,F
1.016,1.884,0.956,0.89,0.481,3.58,0.859,0.469,0.398,2.729,1.016,1.884,0.956,0.89,0.481,3.58,0.859,0.469,0.398,2.729,116.778,F
1.031,1.883,0.959,0.9,0.499,3.511,0.86,0.468,0.4,2.658,1.031,1.883,0.959,0.9,0.499,3.511,0.86,0.468,0.4,2.658,118.106,F
1.031,1.876,0.946,0.877,0.483,3.604,0.906,0.485,0.428,2.71,1.031,1.876,0.946,0.877,0.483,3.604,0.906,0.485,0.428,2.71,121.828,F
1.044,1.91,0.964,0.899,0.504,3.493,0.84,0.468,0.383,2.658,1.044,1.91,0.964,0.899,0.504,3.493,0.84,0.468,0.383,2.658,117.38,F
1.027,1.893,0.956,0.895,0.5,3.485,0.845,0.452,0.4,2.647,1.027,1.893,0.956,0.895,0.5,3.485,0.845,0.452,0.4,2.647,116,F
1.042,1.9,0.963,0.895,0.491,3.597,0.885,0.47,0.43,2.719,1.042,1.9,0.963,0.895,0.491,3.597,0.885,0.47,0.43,2.719,121.631,F
1.02,1.886,0.947,0.896,0.529,3.389,0.886,0.477,0.413,2.511,1.02,1.886,0.947,0.896,0.529,3.389,0.886,0.477,0.413,2.511,116,F
1.036,1.88,0.959,0.898,0.511,3.468,0.877,0.478,0.408,2.6,1.036,1.88,0.959,0.898,0.511,3.468,0.877,0.478,0.408,2.6,118.87,F
1.029,1.92,0.964,0.897,0.514,3.503,0.879,0.497,0.393,2.63,1.029,1.92,0.964,0.897,0.514,3.503,0.879,0.497,0.393,2.63,116.675,F
1.033,1.897,0.97,0.916,0.484,3.672,0.888,0.467,0.432,2.789,1.033,1.897,0.97,0.916,0.484,3.672,0.888,0.467,0.432,2.789,120.241,F
1.047,1.9,0.964,0.91,0.521,3.436,0.813,0.451,0.369,2.631,1.047,1.9,0.964,0.91,0.521,3.436,0.813,0.451,0.369,2.631,117.388,F
1.054,1.931,0.959,0.898,0.54,3.395,0.83,0.43,0.41,2.574,1.054,1.931,0.959,0.898,0.54,3.395,0.83,0.43,0.41,2.574,117.38,F
1.052,1.886,0.961,0.91,0.505,3.508,0.808,0.456,0.356,2.71,1.052,1.886,0.961,0.91,0.505,3.508,0.808,0.456,0.356,2.71,118.802,F
1.046,1.942,0.958,0.913,0.552,3.304,0.746,0.396,0.353,2.564,1.046,1.942,0.958,0.913,0.552,3.304,0.746,0.396,0.353,2.564,111.018,F
1.051,1.891,0.967,0.926,0.515,3.477,0.824,0.438,0.392,2.658,1.051,1.891,0.967,0.926,0.515,3.477,0.824,0.438,0.392,2.658,115.261,F
1.021,1.873,0.954,0.897,0.497,3.605,0.91,0.495,0.422,2.708,1.021,1.873,0.954,0.897,0.497,3.605,0.91,0.495,0.422,2.708,118.87,F
1.038,1.915,0.95,0.9,0.525,3.446,0.816,0.45,0.369,2.64,1.038,1.915,0.95,0.9,0.525,3.446,0.816,0.45,0.369,2.64,113.864,F
1.025,1.923,0.952,0.913,0.553,3.31,0.765,0.413,0.355,2.553,1.025,1.923,0.952,0.913,0.553,3.31,0.765,0.413,0.355,2.553,111.018,F
1.361,1.058,0.945,0.898,0.983,0.75,0.487,0.233,0.257,0.276,1.361,1.058,0.945,0.898,0.983,0.75,0.487,0.233,0.257,0.276,166.027,G
1.355,1.053,0.945,0.91,0.95,0.786,0.506,0.244,0.264,0.294,1.355,1.053,0.945,0.91,0.95,0.786,0.506,0.244,0.264,0.294,170.414,G
1.354,1.042,0.948,0.903,0.947,0.762,0.501,0.24,0.265,0.275,1.354,1.042,0.948,0.903,0.947,0.762,0.501,0.24,0.265,0.275,165.858,G
1.349,1.056,0.957,0.93,0.942,0.781,0.502,0.236,0.268,0.288,1.349,1.056,0.957,0.93,0.942,0.781,0.502,0.236,0.268,0.288,160.312,G
1.335,1.048,0.95,0.914,0.929,0.76,0.495,0.239,0.258,0.277,1.335,1.048,0.95,0.914,0.929,0.76,0.495,0.239,0.258,0.277,165.557,G
1.38,1.062,0.96,0.926,0.968,0.762,0.487,0.236,0.254,0.283,1.38,1.062,0.96,0.926,0.968,0.762,0.487,0.236,0.254,0.283,167.431,G
1.32,1.033,0.947,0.898,0.916,0.759,0.494,0.246,0.251,0.284,1.32,1.033,0.947,0.898,0.916,0.759,0.494,0.246,0.251,0.284,162.8,G
1.309,1.018,0.95,0.899,0.905,0.747,0.49,0.23,0.265,0.279,1.309,1.018,0.95,0.899,0.905,0.747,0.49,0.23,0.265,0.279,160.705,G
1.362,1.05,0.955,0.917,0.964,0.768,0.492,0.239,0.257,0.288,1.362,1.05,0.955,0.917,0.964,0.768,0.492,0.239,0.257,0.288,162.61,G
1.332,1.034,0.95,0.914,0.936,0.768,0.491,0.242,0.251,0.294,1.332,1.034,0.95,0.914,0.936,0.768,0.491,0.242,0.251,0.294,156.646,G
1.347,1.049,0.962,0.916,0.95,0.75,0.475,0.233,0.247,0.287,1.347,1.049,0.962,0.916,0.95,0.75,0.475,0.233,0.247,0.287,159.013,G
1.326,1.036,0.949,0.913,0.926,0.759,0.501,0.242,0.262,0.272,1.326,1.036,0.949,0.913,0.926,0.759,0.501,0.242,0.262,0.272,159.455,G
1.339,1.05,0.958,0.922,0.95,0.757,0.491,0.238,0.256,0.276,1.339,1.05,0.958,0.922,0.95,0.757,0.491,0.238,0.256,0.276,158.836,G
1.343,1.051,0.958,0.925,0.953,0.772,0.504,0.24,0.268,0.278,1.343,1.051,0.958,0.925,0.953,0.772,0.504,0.24,0.268,0.278,159.806,G
1.354,1.05,0.959,0.926,0.958,0.766,0.497,0.251,0.249,0.28,1.354,1.05,0.959,0.926,0.958,0.766,0.497,0.251,0.249,0.28,157.892,G
1.322,1.048,0.953,0.91,0.953,0.752,0.481,0.239,0.245,0.284,1.322,1.048,0.953,0.91,0.953,0.752,0.481,0.239,0.245,0.284,161.012,G
1.36,1.061,0.961,0.931,0.978,0.763,0.487,0.246,0.244,0.283,1.36,1.061,0.961,0.931,0.978,0.763,0.487,0.246,0.244,0.283,162.2,G
1.349,1.044,0.95,0.926,0.948,0.775,0.497,0.247,0.25,0.291,1.349,1.044,0.95,0.926,0.948,0.775,0.497,0.247,0.25,0.291,162.2,G
1.33,1.068,0.949,0.916,0.944,0.776,0.506,0.249,0.259,0.276,1.33,1.068,0.949,0.916,0.944,0.776,0.506,0.249,0.259,0.276,160,G
1.349,1.044,0.96,0.926,0.963,0.763,0.489,0.237,0.255,0.287,1.349,1.044,0.96,0.926,0.963,0.763,0.489,0.237,0.255,0.287,159.806,G
1.311,1.035,0.956,0.908,0.933,0.768,0.501,0.246,0.26,0.284,1.311,1.035,0.956,0.908,0.933,0.768,0.501,0.246,0.26,0.284,159.028,G
0.633,0.8,1.016,0.939,1.24,0.163,0.049,0.062,0.013,0.203,0.633,0.8,1.016,0.939,1.24,0.163,0.049,0.062,0.013,0.203,135.351,H
0.633,0.8,1.016,0.939,1.24,0.163,0.049,0.062,0.013,0.203,0.633,0.8,1.016,0.939,1.24,0.163,0.049,0.062,0.013,0.203,135.351,H
0.633,0.8,1.016,0.939,1.24,0.163,0.049,0.062,0.013,0.203,0.633,0.8,1.016,0.939,1.24,0.163,0.049,0.062,0.013,0.203,135.351,H
0.633,0.8,1.016,0.939,1.24,0.163,0.049,0.062,0.013,0.203,0.633,0.8,1.016,0.939,1.24,0.163,0.049,0.062,0.013,0.203,135.351,H
0.633,0.8,1.016,0.939,1.24,0.163,0.049,0.062,0.013,0.203,0.633,0.8,1.016,0.939,1.24,0.163,0.049,0.062,0.013,0.203,135.351,H
0.633,0.8,1.016,0.939,1.24,0.163,0.049,0.062,0.013,0.203,0.633,0.8,1.016,0.939,1.24,0.163,0.049,0.062,0.013,0.203,135.351,H
0.633,0.8,1.016,0.939,1.24,0.163,0.049,0.062,0.013,0.203,0.633,0.8,1.016,0.939,1.24,0.163,0.049,0.062,0.013,0.203,135.351,H
0.633,0.8,1.016,0.939,1.24,0.163,0.049,0.062,0.013,0.203,0.633,0.8,1.016,0.939,1.24,0.163,0.049,0.062,0.013,0.203,135.351,H
0.633,0.8,1.016,0.939,1.24,0.163,0.049,0.062,0.013,0.203,0.633,0.8,1.016,0.939,1.24,0.163,0.049,0.062,0.013,0.203,135.351,H
0.633,0.8,1.016,0.939,1.24,0.163,0.049,0.062,0.013,0.203,0.633,0.8,1.016,0.939,1.24,0.163,0.049,0.062,0.013,0.203,135.351,H
0.633,0.8,1.016,0.939,1.24,0.163,0.049,0.062,0.013,0.203,0.633,0.8,1.016,0.939,1.24,0.163,0.049,0.062,0.013,0.203,135.351,H
0.633,0.8,1.016,0.939,1.24,0.163,0.049,0.062,0.013,0.203,0.633,0.8,1.016,0.939,1.24,0.163,0.049,0.062,0.013,0.203,135.351,H
0.633,0.8,1.016,0.939,1.24,0.163,0.049,0.062,0.013,0.203,0.633,0.8,1.016,0.939,1.24,0.163,0.049,0.062,0.013,0.203,135.351,H
0.633,0.8,1.016,0.939,1.24,0.163,0.049,0.062,0.013,0.203,0.633,0.8,1.016,0.939,1.24,0.163,0.049,0.062,0.013,0.203,135.351,H
0.633,0.8,1.016,0.939,1.24,0.163,0.049,0.062,0.013,0.203,0.633,0.8,1.016,0.939,1.24,0.163,0.049,0.062,0.013,0.203,135.351,H
0.633,0.8,1.016,0.939,1.24,0.163,0.049,0.062,0.013,0.203,0.633,0.8,1.016,0.939,1.24,0.163,0.049,0.062,0.013,0.203,135.351,H
0.633,0.8,1.016,0.939,1.24,0.163,0.049,0.062,0.013,0.203,0.633,0.8,1.016,0.939,1.24,0.163,0.049,0.062,0.013,0.203,135.351,H
0.633,0.8,1.016,0.939,1.24,0.163,0.049,0.062,0.013,0.203,0.633,0.8,1.016,0.939,1.24,0.163,0.049,0.062,0.013,0.203,135.351,H
0.633,0.8,1.016,0.939,1.24,0.163,0.049,0.062,0.013,0.203,0.633,0.8,1.016,0.939,1.24,0.163,0.049,0.062,0.013,0.203,135.351,H
0.633,0.8,1.016,0.939,1.24,0.163,0.049,0.062,0.013,0.203,0.633,0.8,1.016,0.939,1.24,0.163,0.049,0.062,0.013,0.203,135.351,H
1.5,1.137,0.966,0.924,1.737,0.754,0.382,0.171,0.219,0.408,1.5,1.137,0.966,0.924,1.737,0.754,0.382,0.171,0.219,0.408,336.964,I
1.5,1.137,0.966,0.924,1.737,0.754,0.382,0.171,0.219,0.408,1.5,1.137,0.966,0.924,1.737,0.754,0.382,0.171,0.219,0.408,336.964,I
1.5,1.137,0.966,0.924,1.737,0.754,0.382,0.171,0.219,0.408,1.5,1.137,0.966,0.924,1.737,0.754,0.382,0.171,0.219,0.408,336.964,I
1.5,1.137,0.966,0.924,1.737,0.754,0.382,0.171,0.219,0.408,1.5,1.137,0.966,0.924,1.737,0.754,0.382,0.171,0.219,0.408,336.964,I
1.5,1.137,0.966,0.924,1.737,0.754,0.382,0.171,0.219,0.408,1.5,1.137,0.966,0.924,1.737,0.754,0.382,0.171,0.219,0.408,336.964,I
1.5,1.137,0.966,0.924,1.737,0.754,0.382,0.171,0.219,0.408,1.5,1.137,0.966,0.924,1.737,0.754,0.382,0.171,0.219,0.408,336.964,I
1.5,1.137,0.966,0.924,1.737,0.754,0.382,0.171,0.219,0.408,1.5,1.137,0.966,0.924,1.737,0.754,0.382,0.171,0.219,0.408,336.964,I
1.5,1.137,0.966,0.924,1.737,0.754,0.382,0.171,0.219,0.408,1.5,1.137,0.966,0.924,1.737,0.754,0.382,0.171,0.219,0.408,336.964,I
1.5,1.137,0.966,0.924,1.737,0.754,0.382,0.171,0.219,0.408,1.5,1.137,0.966,0.924,1.737,0.754,0.382,0.171,0.219,0.408,336.964,I
1.5,1.137,0.966,0.924,1.737,0.754,0.382,0.171,0.219,0.408,1.5,1.137,0.966,0.924,1.737,0.754,0.382,0.171,0.219,0.408,336.964,I
1.5,1.137,0.966,0.924,1.737,0.754,0.382,0.171,0.219,0.408,1.5,1.137,0.966,0.924,1.737,0.754,0.382,0.171,0.219,0.408,336.964,I
1.5,1.137,0.966,0.924,1.737,0.754,0.382,0.171,0.219,0.408,1.5,1.137,0.966,0.924,1.737,0.754,0.382,0.171,0.219,0.408,336.964,I
1.5,1.137,0.966,0.924,1.737,0.754,0.382,0.171,0.219,0.408,1.5,1.137,0.966,0.924,1.737,0.754,0.382,0.171,0.219,0.408,336.964,I
1.5,1.137,0.966,0.924,1.737,0.754,0.382,0.171,0.219,0.408,1.5,1.137,0.966,0.924,1.737,0.754,0.382,0.171,0.219,0.408,336.964,I
1.5,1.137,0.966,0.924,1.737,0.754,0.382,0.171,0.219,0.408,1.5,1.137,0.966,0.924,1.737,0.754,0.382,0.171,0.219,0.408,336.964,I
1.5,1.137,0.966,0.924,1.737,0.754,0.382,0.171,0.219,0.408,1.5,1.137,0.966,0.924,1.737,0.754,0.382,0.171,0.219,0.408,336.964,I
1.5,1.137,0.966,0.924,1.737,0.754,0.382,0.171,0.219,0.408,1.5,1.137,0.966,0.924,1.737,0.754,0.382,0.171,0.219,0.408,336.964,I
1.5,1.137,0.966,0.924,1.737,0.754,0.382,0.171,0.219,0.408,1.5,1.137,0.966,0.924,1.737,0.754,0.382,0.171,0.219,0.408,336.964,I
1.5,1.137,0.966,0.924,1.737,0.754,0.382,0.171,0.219,0.408,1.5,1.137,0.966,0.924,1.737,0.754,0.382,0.171,0.219,0.408,336.964,I
1.5,1.137,0.966,0.924,1.737,0.754,0.382,0.171,0.219,0.408,1.5,1.137,0.966,0.924,1.737,0.754,0.382,0.171,0.219,0.408,336.964,I
1.5,1.137,0.966,0.924,1.737,0.754,0.382,0.171,0.219,0.408,1.5,1.137,0.966,0.924,1.737,0.754,0.382,0.171,0.219,0.408,336.964,I
0.875,1.006,0.953,0.835,1.13,0.393,0.301,0.178,0.131,0.11,0.875,1.006,0.953,0.835,1.13,0.393,0.301,0.178,0.131,0.11,290.291,J
0.875,1.006,0.953,0.835,1.13,0.393,0.301,0.178,0.131,0.11,0.875,1.006,0.953,0.835,1.13,0.393,0.301,0.178,0.131,0.11,290.291,J
0.875,1.006,0.953,0.835,1.13,0.393,0.301,0.178,0.131,0.11,0.875,1.006,0.953,0.835,1.13,0.393,0.301,0.178,0.131,0.11,290.291,J
0.875,1.006,0.953,0.835,1.13,0.393,0.301,0.178,0.131,0.11,0.875,1.006,0.953,0.835,1.13,0.393,0.301,0.178,0.131,0.11,290.291,J
0.875,1.006,0.953,0.835,1.13,0.393,0.301,0.178,0.131,0.11,0.875,1.006,0.953,0.835,1.13,0.393,0.301,0.178,0.131,0.11,290.291,J
0.875,1.006,0.953,0.835,1.13,0.393,0.301,0.178,0.131,0.11,0.875,1.006,0.953,0.835,1.13,0.393,0.301,0.178,0.131,0.11,290.291,J
0.875,1.006,0.953,0.835,1.13,0.393,0.301,0.178,0.131,0.11,0.875,1.006,0.953,0.835,1.13,0.393,0.301,0.178,0.131,0.11,290.291,J
0.875,1.006,0.953,0.835,1.13,0.393,0.301,0.178,0.131,0.11,0.875,1.006,0.953,0.835,1.13,0.393,0.301,0.178,0.131,0.11,290.291,J
0.875,1.006,0.953,0.835,1.13,0.393,0.301,0.178,0.131,0.11,0.875,1.006,0.953,0.835,1.13,0.393,0.301,0.178,0.131,0.11,290.291,J
0.875,1.006,0.953,0.835,1.13,0.393,0.301,0.178,0.131,0.11,0.875,1.006,0.953,0.835,1.13,0.393,0.301,0.178,0.131,0.11,290.291,J
0.875,1.006,0.953,0.835,1.13,0.393,0.301,0.178,0.131,0.11,0.875,1.006,0.953,0.835,1.13,0.393,0.301,0.178,0.131,0.11,290.291,J
0.875,1.006,0.953,0.835,1.13,0.393,0.301,0.178,0.131,0.11,0.875,1.006,0.953,0.835,1.13,0.393,0.301,0.178,0.131,0.11,290.291,J
0.875,1.006,0.953,0.835,1.13,0.393,0.301,0.178,0.131,0.11,0.875,1.006,0.953,0.835,1.13,0.393,0.301,0.178,0.131,0.11,290.291,J
0.875,1.006,0.953,0.835,1.13,0.393,0.301,0.178,0.131,0.11,0.875,1.006,0.953,0.835,1.13,0.393,0.301,0.178,0.131,0.11,290.291,J
0.875,1.006,0.953,0.835,1.13,0.393,0.301,0.178,0.131,0.11,0.875,1.006,0.953,0.835,1.13,0.393,0.301,0.178,0.131,0.11,290.291,J
0.875,1.006,0.953,0.835,1.13,0.393,0.301,0.178,0.131,0.11,0.875,1.006,0.953,0.835,1.13,0.393,0.301,0.178,0.131,0.11,290.291,J
0.875,1.006,0.953,0.835,1.13,0.393,0.301,0.178,0.131,0.11,0.875,1.006,0.953,0.835,1.13,0.393,0.301,0.178,0.131,0.11,290.291,J
0.875,1.006,0.953,0.835,1.13,0.393,0.301,0.178,0.131,0.11,0.875,1.006,0.953,0.835,1.13,0.393,0.301,0.178,0.131,0.11,290.291,J
0.875,1.006,0.953,0.835,1.13,0.393,0.301,0.178,0.131,0.11,0.875,1.006,0.953,0.835,1.13,0.393,0.301,0.178,0.131,0.11,290.291,J
0.875,1.006,0.953,0.835,1.13,0.393,0.301,0.178,0.131,0.11,0.875,1.006,0.953,0.835,1.13,0.393,0.301,0.178,0.131,0.11,290.291,J
0.875,1.006,0.953,0.835,1.13,0.393,0.301,0.178,0.131,0.11,0.875,1.006,0.953,0.835,1.13,0.393,0.301,0.178,0.131,0.11,290.291,J
1.386,1.518,0.744,0.563,0.824,1.245,0.54,0.223,0.319,0.766,1.386,1.518,0.744,0.563,0.824,1.245,0.54,0.223,0.319,0.766,14.56,K
1.349,1.547,0.731,0.56,0.79,1.351,0.571,0.221,0.351,0.842,1.349,1.547,0.731,0.56,0.79,1.351,0.571,0.221,0.351,0.842,18,K
1.365,1.587,0.752,0.564,0.801,1.386,0.56,0.239,0.324,0.887,1.365,1.587,0.752,0.564,0.801,1.386,0.56,0.239,0.324,0.887,18,K
1.322,1.52,0.73,0.543,0.779,1.367,0.594,0.242,0.353,0.886,1.322,1.52,0.73,0.543,0.779,1.367,0.594,0.242,0.353,0.886,12.166,K
1.322,1.546,0.743,0.558,0.763,1.411,0.586,0.243,0.344,0.932,1.322,1.546,0.743,0.558,0.763,1.411,0.586,0.243,0.344,0.932,14,K
1.35,1.524,0.739,0.565,0.785,1.316,0.564,0.225,0.34,0.822,1.35,1.524,0.739,0.565,0.785,1.316,0.564,0.225,0.34,0.822,16.125,K
1.29,1.494,0.734,0.541,0.75,1.368,0.617,0.257,0.363,0.87,1.29,1.494,0.734,0.541,0.75,1.368,0.617,0.257,0.363,0.87,19,K
1.298,1.517,0.721,0.536,0.762,1.364,0.61,0.242,0.371,0.867,1.298,1.517,0.721,0.536,0.762,1.364,0.61,0.242,0.371,0.867,18.028,K
1.361,1.562,0.751,0.564,0.797,1.35,0.564,0.237,0.331,0.833,1.361,1.562,0.751,0.564,0.797,1.35,0.564,0.237,0.331,0.833,18.028,K
1.34,1.585,0.747,0.57,0.77,1.431,0.573,0.233,0.343,0.926,1.34,1.585,0.747,0.57,0.77,1.431,0.573,0.233,0.343,0.926,21.024,K
1.33,1.543,0.761,0.579,0.751,1.41,0.591,0.247,0.353,0.859,1.33,1.543,0.761,0.579,0.751,1.41,0.591,0.247,0.353,0.859,21.378,K
1.353,1.588,0.745,0.563,0.79,1.39,0.575,0.233,0.349,0.847,1.353,1.588,0.745,0.563,0.79,1.39,0.575,0.233,0.349,0.847,21.84,K
1.346,1.533,0.734,0.569,0.777,1.354,0.573,0.216,0.36,0.841,1.346,1.533,0.734,0.569,0.777,1.354,0.573,0.216,0.36,0.841,18,K
1.358,1.525,0.745,0.574,0.784,1.321,0.559,0.221,0.34,0.824,1.358,1.525,0.745,0.574,0.784,1.321,0.559,0.221,0.34,0.824,14.142,K
1.399,1.594,0.749,0.564,0.836,1.308,0.531,0.223,0.312,0.826,1.399,1.594,0.749,0.564,0.836,1.308,0.531,0.223,0.312,0.826,15.133,K
1.322,1.537,0.749,0.567,0.756,1.376,0.584,0.243,0.343,0.857,1.322,1.537,0.749,0.567,0.756,1.376,0.584,0.243,0.343,0.857,21.213,K
1.381,1.596,0.753,0.565,0.816,1.357,0.545,0.231,0.324,0.868,1.381,1.596,0.753,0.565,0.816,1.357,0.545,0.231,0.324,0.868,18.248,K
1.357,1.542,0.745,0.57,0.787,1.345,0.561,0.224,0.341,0.854,1.357,1.542,0.745,0.57,0.787,1.345,0.561,0.224,0.341,0.854,16.763,K
1.361,1.597,0.742,0.551,0.811,1.379,0.569,0.237,0.338,0.857,1.361,1.597,0.742,0.551,0.811,1.379,0.569,0.237,0.338,0.857,21.587,K
1.287,1.505,0.726,0.554,0.733,1.402,0.616,0.236,0.382,0.886,1.287,1.505,0.726,0.554,0.733,1.402,0.616,0.236,0.382,0.886,23.409,K
1.347,1.562,0.74,0.551,0.796,1.362,0.575,0.238,0.345,0.851,1.347,1.562,0.74,0.551,0.796,1.362,0.575,0.238,0.345,0.851,18.682,K
1.501,2.593,0.97,1.025,2.006,1.03,0.308,0.143,0.165,0.815,1.501,2.593,0.97,1.025,2.006,1.03,0.308,0.143,0.165,0.815,63.64,L
1.501,2.593,0.97,1.025,2.006,1.03,0.308,0.143,0.165,0.815,1.501,2.593,0.97,1.025,2.006,1.03,0.308,0.143,0.165,0.815,63.64,L
1.501,2.593,0.97,1.025,2.006,1.03,0.308,0.143,0.165,0.815,1.501,2.593,0.97,1.025,2.006,1.03,0.308,0.143,0.165,0.815,63.64,L
1.501,2.593,0.97,1.025,2.006,1.03,0.308,0.143,0.165,0.815,1.501,2.593,0.97,1.025,2.006,1.03,0.308,0.143,0.165,0.815,63.64,L
1.501,2.593,0.97,1.025,2.006,1.03,0.308,0.143,0.165,0.815,1.501,2.593,0.97,1.025,2.006,1.03,0.308,0.143,0.165,0.815,63.64,L
1.501,2.593,0.97,1.025,2.006,1.03,0.308,0.143,0.165,0.815,1.501,2.593,0.97,1.025,2.006,1.03,0.308,0.143,0.165,0.815,63.64,L
1.501,2.593,0.97,1.025,2.006,1.03,0.308,0.143,0.165,0.815,1.501,2.593,0.97,1.025,2.006,1.03,0.308,0.143,0.165,0.815,63.64,L
1.501,2.593,0.97,1.025,2.006,1.03,0.308,0.143,0.165,0.815,1.501,2.593,0.97,1.025,2.006,1.03,0.308,0.143,0.165,0.815,63.64,L
1.501,2.593,0.97,1.025,2.006,1.03,0.308,0.143,0.165,0.815,1.501,2.593,0.97,1.025,2.006,1.03,0.308,0.143,0.165,0.815,63.64,L
1.501,2.593,0.97,1.025,2.006,1.03,0.308,0.143,0.165,0.815,1.501,2.593,0.97,1.025,2.006,1.03,0.308,0.143,0.165,0.815,63.64,L
1.501,2.593,0.97,1.025,2.006,1.03,0.308,0.143,0.165,0.815,1.501,2.593,0.97,1.025,2.006,1.03,0.308,0.143,0.165,0.815,63.64,L
1.501,2.593,0.97,1.025,2.006,1.03,0.308,0.143,0.165,0.815,1.501,2.593,0.97,1.025,2.006,1.03,0.308,0.143,0.165,0.815,63.64,L
1.501,2.593,0.97,1.025,2.006,1.03,0.308,0.143,0.165,0.815,1.501,2.593,0.97,1.025,2.006,1.03,0.308,0.143,0.165,0.815,63.64,L
1.501,2.593,0.97,1.025,2.006,1.03,0.308,0.143,0.165,0.815,1.501,2.593,0.97,1.025,2.006,1.03,0.308,0.143,0.165,0.815,63.64,L
1.501,2.593,0.97,1.025,2.006,1.03,0.308,0.143,0.165,0.815,1.501,2.593,0.97,1.025,2.006,1.03,0.308,0.143,0.165,0.815,63.64,L
1.501,2.593,0.97,1.025,2.006,1.03,0.308,0.143,0.165,0.815,1.501,2.593,0.97,1.025,2.006,1.03,0.308,0.143,0.165,0.815,63.64,L
1.501,2.593,0.97,1.025,2.006,1.03,0.308,0.143,0.165,0.815,1.501,2.593,0.97,1.025,2.006,1.03,0.308,0.143,0.165,0.815,63.64,L
1.501,2.593,0.97,1.025,2.006,1.03,0.308,0.143,0.165,0.815,1.501,2.593,0.97,1.025,2.006,1.03,0.308,0.143,0.165,0.815,63.64,L
1.501,2.593,0.97,1.025,2.006,1.03,0.308,0.143,0.165,0.815,1.501,2.593,0.97,1.025,2.006,1.03,0.308,0.143,0.165,0.815,63.64,L
1.501,2.593,0.97,1.025,2.006,1.03,0.308,0.143,0.165,0.815,1.501,2.593,0.97,1.025,2.006,1.03,0.308,0.143,0.165,0.815,63.64,L
1.501,2.593,0.97,1.025,2.006,1.03,0.308,0.143,0.165,0.815,1.501,2.593,0.97,1.025,2.006,1.03,0.308,0.143,0.165,0.815,63.64,L
0.655,0.928,0.94,0.571,0.488,1.223,1.178,0.904,0.381,0.343,0.655,0.928,0.94,0.571,0.488,1.223,1.178,0.904,0.381,0.343,19.416,M
0.665,0.928,0.946,0.57,0.476,1.212,1.186,0.916,0.401,0.327,0.665,0.928,0.946,0.57,0.476,1.212,1.186,0.916,0.401,0.327,20.518,M
0.654,0.932,0.942,0.543,0.474,1.288,1.258,0.978,0.415,0.331,0.654,0.932,0.942,0.543,0.474,1.288,1.258,0.978,0.415,0.331,24.083,M
0.663,0.938,0.9,0.57,0.487,1.26,1.197,0.798,0.507,0.337,0.663,0.938,0.9,0.57,0.487,1.26,1.197,0.798,0.507,0.337,22.672,M
0.65,0.918,0.935,0.55,0.468,1.246,1.238,0.954,0.396,0.355,0.65,0.918,0.935,0.55,0.468,1.246,1.238,0.954,0.396,0.355,22.627,M
0.664,0.928,0.943,0.556,0.494,1.209,1.191,0.918,0.4,0.309,0.664,0.928,0.943,0.556,0.494,1.209,1.191,0.918,0.4,0.309,19.416,M
0.62,0.925,0.945,0.55,0.446,1.355,1.333,1.038,0.436,0.36,0.62,0.925,0.945,0.55,0.446,1.355,1.333,1.038,0.436,0.36,31.401,M
0.632,0.929,0.947,0.571,0.471,1.306,1.259,0.964,0.426,0.345,0.632,0.929,0.947,0.571,0.471,1.306,1.259,0.964,0.426,0.345,27.459,M
0.609,0.92,0.933,0.548,0.417,1.423,1.414,1.075,0.479,0.386,0.609,0.92,0.933,0.548,0.417,1.423,1.414,1.075,0.479,0.386,33.601,M
0.662,0.923,0.944,0.569,0.497,1.183,1.152,0.882,0.394,0.336,0.662,0.923,0.944,0.569,0.497,1.183,1.152,0.882,0.394,0.336,19.209,M
0.595,0.921,0.952,0.543,0.393,1.538,1.546,1.207,0.542,0.374,0.595,0.921,0.952,0.543,0.393,1.538,1.546,1.207,0.542,0.374,39.051,M
0.641,0.919,0.943,0.556,0.466,1.3,1.28,0.983,0.435,0.358,0.641,0.919,0.943,0.556,0.466,1.3,1.28,0.983,0.435,0.358,23.601,M
0.604,0.918,0.95,0.575,0.384,1.469,1.453,1.116,0.52,0.423,0.604,0.918,0.95,0.575,0.384,1.469,1.453,1.116,0.52,0.423,36.401,M
0.667,0.926,0.954,0.565,0.512,1.174,1.138,0.895,0.37,0.328,0.667,0.926,0.954,0.565,0.512,1.174,1.138,0.895,0.37,0.328,16.401,M
0.632,0.914,0.946,0.572,0.474,1.275,1.249,0.951,0.431,0.366,0.632,0.914,0.946,0.572,0.474,1.275,1.249,0.951,0.431,0.366,25.612,M
0.647,0.923,0.948,0.563,0.469,1.293,1.26,0.981,0.407,0.354,0.647,0.923,0.948,0.563,0.469,1.293,1.26,0.981,0.407,0.354,24.759,M
0.657,0.917,0.948,0.551,0.504,1.211,1.195,0.931,0.398,0.334,0.657,0.917,0.948,0.551,0.504,1.211,1.195,0.931,0.398,0.334,19.209,M
0.577,0.912,0.949,0.547,0.351,1.729,1.726,1.351,0.57,0.48,0.577,0.912,0.949,0.547,0.351,1.729,1.726,1.351,0.57,0.48,48.166,M
0.62,0.912,0.944,0.573,0.434,1.372,1.355,1.021,0.485,0.386,0.62,0.912,0.944,0.573,0.434,1.372,1.355,1.021,0.485,0.386,31.241,M
0.538,0.909,0.953,0.557,0.275,2.195,2.204,1.724,0.734,0.592,0.538,0.909,0.953,0.557,0.275,2.195,2.204,1.724,0.734,0.592,62.801,M
0.608,0.914,0.945,0.57,0.431,1.379,1.353,1.024,0.489,0.4,0.608,0.914,0.945,0.57,0.431,1.379,1.353,1.024,0.489,0.4,32.202,M
0.547,0.953,0.506,0.427,0.382,1.969,1.856,0.274,1.591,0.575,0.547,0.953,0.506,0.427,0.382,1.969,1.856,0.274,1.591,0.575,58.6,N
0.51,0.96,0.509,0.42,0.257,2.909,2.752,0.426,2.349,0.791,0.51,0.96,0.509,0.42,0.257,2.909,2.752,0.426,2.349,0.791,81.841,N
0.539,0.968,0.52,0.438,0.346,2.185,2.042,0.297,1.765,0.562,0.539,0.968,0.52,0.438,0.346,2.185,2.042,0.297,1.765,0.562,67.201,N
0.528,0.955,0.52,0.443,0.312,2.387,2.256,0.332,1.937,0.643,0.528,0.955,0.52,0.443,0.312,2.387,2.256,0.332,1.937,0.643,72.422,N
0.563,0.952,0.514,0.431,0.411,1.828,1.743,0.262,1.493,0.48,0.563,0.952,0.514,0.431,0.411,1.828,1.743,0.262,1.493,0.48,53.6,N
0.531,0.959,0.52,0.441,0.293,2.539,2.399,0.335,2.088,0.655,0.531,0.959,0.52,0.441,0.293,2.539,2.399,0.335,2.088,0.655,77.621,N
0.488,0.949,0.52,0.435,0.214,3.44,3.294,0.488,2.839,0.926,0.488,0.949,0.52,0.435,0.214,3.44,3.294,0.488,2.839,0.926,89.588,N
0.535,0.947,0.525,0.45,0.29,2.521,2.404,0.34,2.079,0.683,0.535,0.947,0.525,0.45,0.29,2.521,2.404,0.34,2.079,0.683,77.006,N
0.598,0.96,0.52,0.44,0.439,1.701,1.596,0.223,1.389,0.463,0.598,0.96,0.52,0.44,0.439,1.701,1.596,0.223,1.389,0.463,48.836,N
0.529,0.941,0.518,0.437,0.344,2.154,2.059,0.282,1.805,0.623,0.529,0.941,0.518,0.437,0.344,2.154,2.059,0.282,1.805,0.623,64.405,N
0.54,0.941,0.509,0.424,0.375,1.977,1.897,0.271,1.647,0.576,0.54,0.941,0.509,0.424,0.375,1.977,1.897,0.271,1.647,0.576,58.6,N
0.52,0.955,0.508,0.42,0.27,2.799,2.654,0.386,2.304,0.768,0.52,0.955,0.508,0.42,0.27,2.799,2.654,0.386,2.304,0.768,81.216,N
0.52,0.954,0.523,0.436,0.277,2.714,2.575,0.368,2.25,0.718,0.52,0.954,0.523,0.436,0.277,2.714,2.575,0.368,2.25,0.718,80.604,N
0.561,0.948,0.524,0.437,0.391,1.908,1.82,0.26,1.591,0.517,0.561,0.948,0.524,0.437,0.391,1.908,1.82,0.26,1.591,0.517,58.138,N
0.528,0.943,0.516,0.433,0.299,2.464,2.369,0.321,2.088,0.679,0.528,0.943,0.516,0.433,0.299,2.464,2.369,0.321,2.088,0.679,75,N
0.547,0.948,0.522,0.436,0.309,2.397,2.284,0.325,1.995,0.666,0.547,0.948,0.522,0.436,0.309,2.397,2.284,0.325,1.995,0.666,75.822,N
0.526,0.954,0.524,0.441,0.278,2.672,2.511,0.361,2.177,0.769,0.526,0.954,0.524,0.441,0.278,2.672,2.511,0.361,2.177,0.769,79.404,N
0.535,0.952,0.52,0.437,0.271,2.74,2.592,0.373,2.247,0.768,0.535,0.952,0.52,0.437,0.271,2.74,2.592,0.373,2.247,0.768,83.409,N
0.516,0.955,0.508,0.431,0.192,3.913,3.701,0.494,3.243,1.071,0.516,0.955,0.508,0.431,0.192,3.913,3.701,0.494,3.243,1.071,98.005,N
0.551,0.957,0.509,0.426,0.154,4.804,4.549,0.653,3.937,1.326,0.551,0.957,0.509,0.426,0.154,4.804,4.549,0.653,3.937,1.326,116.825,N
0.565,0.956,0.523,0.433,0.396,1.913,1.814,0.279,1.559,0.493,0.565,0.956,0.523,0.433,0.396,1.913,1.814,0.279,1.559,0.493,61.555,N
0.98,1.001,0.974,0.945,0.253,0.598,0.458,0.316,0.148,0.157,0.98,1.001,0.974,0.945,0.253,0.598,0.458,0.316,0.148,0.157,331.604,O
0.98,1.001,0.974,0.945,0.253,0.598,0.458,0.316,0.148,0.157,0.98,1.001,0.974,0.945,0.253,0.598,0.458,0.316,0.148,0.157,331.604,O
0.98,1.001,0.974,0.945,0.253,0.598,0.458,0.316,0.148,0.157,0.98,1.001,0.974,0.945,0.253,0.598,0.458,0.316,0.148,0.157,331.604,O
0.98,1.001,0.974,0.945,0.253,0.598,0.458,0.316,0.148,0.157,0.98,1.001,0.974,0.945,0.253,0.598,0.458,0.316,0.148,0.157,331.604,O
0.98,1.001,0.974,0.945,0.253,0.598,0.458,0.316,0.148,0.157,0.98,1.001,0.974,0.945,0.253,0.598,0.458,0.316,0.148,0.157,331.604,O
0.98,1.001,0.974,0.945,0.253,0.598,0.458,0.316,0.148,0.157,0.98,1.001,0.974,0.945,0.253,0.598,0.458,0.316,0.148,0.157,331.604,O
0.98,1.001,0.974,0.945,0.253,0.598,0.458,0.316,0.148,0.157,0.98,1.001,0.974,0.945,0.253,0.598,0.458,0.316,0.148,0.157,331.604,O
0.98,1.001,0.974,0.945,0.253,0.598,0.458,0.316,0.148,0.157,0.98,1.001,0.974,0.945,0.253,0.598,0.458,0.316,0.148,0.157,331.604,O
0.98,1.001,0.974,0.945,0.253,0.598,0.458,0.316,0.148,0.157,0.98,1.001,0.974,0.945,0.253,0.598,0.458,0.316,0.148,0.157,331.604,O
0.98,1.001,0.974,0.945,0.253,0.598,0.458,0.316,0.148,0.157,0.98,1.001,0.974,0.945,0.253,0.598,0.458,0.316,0.148,0.157,331.604,O
0.98,1.001,0.974,0.945,0.253,0.598,0.458,0.316,0.148,0.157,0.98,1.001,0.974,0.945,0.253,0.598,0.458,0.316,0.148,0.157,331.604,O
0.98,1.001,0.974,0.945,0.253,0.598,0.458,0.316,0.148,0.157,0.98,1.001,0.974,0.945,0.253,0.598,0.458,0.316,0.148,0.157,331.604,O
0.98,1.001,0.974,0.945,0.253,0.598,0.458,0.316,0.148,0.157,0.98,1.001,0.974,0.945,0.253,0.598,0.458,0.316,0.148,0.157,331.604,O
0.98,1.001,0.974,0.945,0.253,0.598,0.458,0.316,0.148,0.157,0.98,1.001,0.974,0.945,0.253,0.598,0.458,0.316,0.148,0.157,331.604,O
0.98,1.001,0.974,0.945,0.253,0.598,0.458,0.316,0.148,0.157,0.98,1.001,0.974,0.945,0.253,0.598,0.458,0.316,0.148,0.157,331.604,O
0.98,1.001,0.974,0.945,0.253,0.598,0.458,0.316,0.148,0.157,0.98,1.001,0.974,0.945,0.253,0.598,0.458,0.316,0.148,0.157,331.604,O
0.98,1.001,0.974,0.945,0.253,0.598,0.458,0.316,0.148,0.157,0.98,1.001,0.974,0.945,0.253,0.598,0.458,0.316,0.148,0.157,331.604,O
0.98,1.001,0.974,0.945,0.253,0.598,0.458,0.316,0.148,0.157,0.98,1.001,0.974,0.945,0.253,0.598,0.458,0.316,0.148,0.157,331.604,O
0.98,1.001,0.974,0.945,0.253,0.598,0.458,0.316,0.148,0.157,0.98,1.001,0.974,0.945,0.253,0.598,0.458,0.316,0.148,0.157,331.604,O
0.98,1.001,0.974,0.945,0.253,0.598,0.458,0.316,0.148,0.157,0.98,1.001,0.974,0.945,0.253,0.598,0.458,0.316,0.148,0.157,331.604,O
0.98,1.001,0.974,0.945,0.253,0.598,0.458,0.316,0.148,0.157,0.98,1.001,0.974,0.945,0.253,0.598,0.458,0.316,0.148,0.157,331.604,O
1.486,1.566,0.916,0.882,0.766,0.929,0.267,0.156,0.127,0.74,1.486,1.566,0.916,0.882,0.766,0.929,0.267,0.156,0.127,0.74,63.411,P
1.552,1.346,0.924,0.932,0.788,0.563,0.237,0.157,0.113,0.444,1.552,1.346,0.924,0.932,0.788,0.563,0.237,0.157,0.113,0.444,64.203,P
1.509,1.3,0.92,0.903,0.782,0.564,0.269,0.156,0.129,0.385,1.509,1.3,0.92,0.903,0.782,0.564,0.269,0.156,0.129,0.385,63.6,P
1.495,1.534,0.915,0.909,0.764,0.854,0.255,0.152,0.13,0.699,1.495,1.534,0.915,0.909,0.764,0.854,0.255,0.152,0.13,0.699,62.201,P
1.532,1.51,0.93,0.931,0.793,0.78,0.257,0.163,0.115,0.643,1.532,1.51,0.93,0.931,0.793,0.78,0.257,0.163,0.115,0.643,64.203,P
1.49,1.359,0.914,0.896,0.764,0.652,0.27,0.162,0.131,0.471,1.49,1.359,0.914,0.896,0.764,0.652,0.27,0.162,0.131,0.471,63.82,P
1.485,1.298,0.931,0.903,0.744,0.58,0.253,0.14,0.121,0.4,1.485,1.298,0.931,0.903,0.744,0.58,0.253,0.14,0.121,0.4,63.246,P
1.497,1.675,0.931,0.896,0.766,1.055,0.266,0.158,0.116,0.881,1.497,1.675,0.931,0.896,0.766,1.055,0.266,0.158,0.116,0.881,63.008,P
1.516,1.745,0.925,0.913,0.775,1.118,0.262,0.173,0.113,0.961,1.516,1.745,0.925,0.913,0.775,1.118,0.262,0.173,0.113,0.961,62.201,P
1.502,1.733,0.914,0.894,0.77,1.124,0.266,0.16,0.129,0.952,1.502,1.733,0.914,0.894,0.77,1.124,0.266,0.16,0.129,0.952,63.82,P
1.569,1.273,0.937,0.954,0.795,0.463,0.203,0.136,0.097,0.344,1.569,1.273,0.937,0.954,0.795,0.463,0.203,0.136,0.097,0.344,63.6,P
1.529,1.761,0.925,0.911,0.767,1.139,0.233,0.139,0.114,0.992,1.529,1.761,0.925,0.911,0.767,1.139,0.233,0.139,0.114,0.992,62.201,P
1.527,1.783,0.912,0.904,0.784,1.153,0.254,0.151,0.129,0.999,1.527,1.783,0.912,0.904,0.784,1.153,0.254,0.151,0.129,0.999,63.82,P
1.516,1.445,0.914,0.909,0.776,0.731,0.254,0.151,0.129,0.574,1.516,1.445,0.914,0.909,0.776,0.731,0.254,0.151,0.129,0.574,62.201,P
1.529,1.697,0.918,0.914,0.789,1.033,0.263,0.151,0.132,0.883,1.529,1.697,0.918,0.914,0.789,1.033,0.263,0.151,0.132,0.883,62.426,P
1.553,1.557,0.928,0.943,0.8,0.818,0.252,0.16,0.118,0.696,1.553,1.557,0.928,0.943,0.8,0.818,0.252,0.16,0.118,0.696,61.612,P
1.506,1.72,0.919,0.91,0.775,1.09,0.284,0.173,0.132,0.929,1.506,1.72,0.919,0.91,0.775,1.09,0.284,0.173,0.132,0.929,62.201,P
1.504,1.731,0.914,0.896,0.771,1.118,0.267,0.161,0.129,0.949,1.504,1.731,0.914,0.896,0.771,1.118,0.267,0.161,0.129,0.949,62.201,P
1.521,1.58,0.914,0.92,0.774,0.886,0.244,0.146,0.131,0.751,1.521,1.58,0.914,0.92,0.774,0.886,0.244,0.146,0.131,0.751,62.201,P
1.509,1.717,0.925,0.914,0.773,1.078,0.266,0.175,0.115,0.928,1.509,1.717,0.925,0.914,0.773,1.078,0.266,0.175,0.115,0.928,62.201,P
1.511,1.778,0.915,0.889,0.791,1.164,0.272,0.166,0.126,0.984,1.511,1.778,0.915,0.889,0.791,1.164,0.272,0.166,0.126,0.984,62.008,P
1.076,2.255,0.72,0.763,0.534,2.832,0.745,0.476,0.525,2.398,1.076,2.255,0.72,0.763,0.534,2.832,0.745,0.476,0.525,2.398,104.446,Q
1.078,2.25,0.7,0.768,0.536,2.799,0.745,0.471,0.562,2.4,1.078,2.25,0.7,0.768,0.536,2.799,0.745,0.471,0.562,2.4,105.309,Q
1.055,2.247,0.703,0.743,0.526,2.894,0.789,0.476,0.566,2.431,1.055,2.247,0.703,0.743,0.526,2.894,0.789,0.476,0.566,2.431,105.475,Q
1.051,2.192,0.709,0.76,0.528,2.749,0.782,0.504,0.554,2.332,1.051,2.192,0.709,0.76,0.528,2.749,0.782,0.504,0.554,2.332,106.677,Q
1.066,2.272,0.717,0.741,0.528,2.933,0.767,0.442,0.541,2.462,1.066,2.272,0.717,0.741,0.528,2.933,0.767,0.442,0.541,2.462,106.33,Q
1.06,2.163,0.727,0.739,0.524,2.748,0.768,0.442,0.526,2.288,1.06,2.163,0.727,0.739,0.524,2.748,0.768,0.442,0.526,2.288,105.309,Q
1.067,2.27,0.698,0.743,0.549,2.827,0.772,0.466,0.555,2.362,1.067,2.27,0.698,0.743,0.549,2.827,0.772,0.466,0.555,2.362,104.101,Q
1.066,2.181,0.712,0.768,0.529,2.709,0.767,0.478,0.55,2.302,1.066,2.181,0.712,0.768,0.529,2.709,0.767,0.478,0.55,2.302,102.927,Q
1.062,2.253,0.702,0.742,0.538,2.85,0.762,0.476,0.556,2.381,1.062,2.253,0.702,0.742,0.538,2.85,0.762,0.476,0.556,2.381,104.623,Q
1.066,2.27,0.694,0.76,0.536,2.861,0.767,0.501,0.572,2.428,1.066,2.27,0.694,0.76,0.536,2.861,0.767,0.501,0.572,2.428,106.532,Q
1.066,2.23,0.71,0.769,0.534,2.777,0.767,0.478,0.55,2.363,1.066,2.23,0.71,0.769,0.534,2.777,0.767,0.478,0.55,2.363,103.247,Q
1.068,2.285,0.709,0.763,0.527,2.922,0.761,0.492,0.554,2.496,1.068,2.285,0.709,0.763,0.527,2.922,0.761,0.492,0.554,2.496,105.688,Q
1.041,2.186,0.692,0.755,0.519,2.787,0.765,0.474,0.595,2.346,1.041,2.186,0.692,0.755,0.519,2.787,0.765,0.474,0.595,2.346,106,Q
1.059,2.177,0.713,0.732,0.504,2.895,0.76,0.457,0.57,2.383,1.059,2.177,0.713,0.732,0.504,2.895,0.76,0.457,0.57,2.383,101.548,Q
1.086,2.314,0.695,0.739,0.542,2.934,0.75,0.471,0.563,2.478,1.086,2.314,0.695,0.739,0.542,2.934,0.75,0.471,0.563,2.478,102.626,Q
1.057,2.209,0.712,0.719,0.507,2.955,0.786,0.438,0.569,2.453,1.057,2.209,0.712,0.719,0.507,2.955,0.786,0.438,0.569,2.453,102.927,Q
1.057,2.221,0.709,0.754,0.512,2.894,0.778,0.486,0.57,2.46,1.057,2.221,0.709,0.754,0.512,2.894,0.778,0.486,0.57,2.46,104.307,Q
1.046,2.18,0.697,0.732,0.5,2.916,0.77,0.49,0.608,2.425,1.046,2.18,0.697,0.732,0.5,2.916,0.77,0.49,0.608,2.425,102.626,Q
1.069,2.221,0.71,0.775,0.518,2.82,0.756,0.509,0.561,2.435,1.069,2.221,0.71,0.775,0.518,2.82,0.756,0.509,0.561,2.435,104.307,Q
1.08,2.227,0.718,0.757,0.5,2.955,0.732,0.478,0.564,2.524,1.08,2.227,0.718,0.757,0.5,2.955,0.732,0.478,0.564,2.524,103.774,Q
1.069,2.21,0.723,0.74,0.512,2.895,0.762,0.471,0.541,2.435,1.069,2.21,0.723,0.74,0.512,2.895,0.762,0.471,0.541,2.435,101.02,Q
1.14,1.478,0.865,0.704,0.57,1.992,0.585,0.295,0.308,1.609,1.14,1.478,0.865,0.704,0.57,1.992,0.585,0.295,0.308,1.609,62.769,R
1.14,1.478,0.865,0.704,0.57,1.992,0.585,0.295,0.308,1.609,1.14,1.478,0.865,0.704,0.57,1.992,0.585,0.295,0.308,1.609,62.769,R
1.14,1.478,0.865,0.704,0.57,1.992,0.585,0.295,0.308,1.609,1.14,1.478,0.865,0.704,0.57,1.992,0.585,0.295,0.308,1.609,62.769,R
1.14,1.478,0.865,0.704,0.57,1.992,0.585,0.295,0.308,1.609,1.14,1.478,0.865,0.704,0.57,1.992,0.585,0.295,0.308,1.609,62.769,R
1.14,1.478,0.865,0.704,0.57,1.992,0.585,0.295,0.308,1.609,1.14,1.478,0.865,0.704,0.57,1.992,0.585,0.295,0.308,1.609,62.769,R
1.14,1.478,0.865,0.704,0.57,1.992,0.585,0.295,0.308,1.609,1.14,1.478,0.865,0.704,0.57,1.992,0.585,0.295,0.308,1.609,62.769,R
1.14,1.478,0.865,0.704,0.57,1.992,0.585,0.295,0.308,1.609,1.14,1.478,0.865,0.704,0.57,1.992,0.585,0.295,0.308,1.609,62.769,R
1.14,1.478,0.865,0.704,0.57,1.992,0.585,0.295,0.308,1.609,1.14,1.478,0.865,0.704,0.57,1.992,0.585,0.295,0.308,1.609,62.769,R
1.14,1.478,0.865,0.704,0.57,1.992,0.585,0.295,0.308,1.609,1.14,1.478,0.865,0.704,0.57,1.992,0.585,0.295,0.308,1.609,62.769,R
1.14,1.478,0.865,0.704,0.57,1.992,0.585,0.295,0.308,1.609,1.14,1.478,0.865,0.704,0.57,1.992,0.585,0.295,0.308,1.609,62.769,R
1.14,1.478,0.865,0.704,0.57,1.992,0.585,0.295,0.308,1.609,1.14,1.478,0.865,0.704,0.57,1.992,0.585,0.295,0.308,1.609,62.769,R
1.14,1.478,0.865,0.704,0.57,1.992,0.585,0.295,0.308,1.609,1.14,1.478,0.865,0.704,0.57,1.992,0.585,0.295,0.308,1.609,62.769,R
1.14,1.478,0.865,0.704,0.57,1.992,0.585,0.295,0.308,1.609,1.14,1.478,0.865,0.704,0.57,1.992,0.585,0.295,0.308,1.609,62.769,R
1.14,1.478,0.865,0.704,0.57,1.992,0.585,0.295,0.308,1.609,1.14,1.478,0.865,0.704,0.57,1.992,0.585,0.295,0.308,1.609,62.769,R
1.14,1.478,0.865,0.704,0.57,1.992,0.585,0.295,0.308,1.609,1.14,1.478,0.865,0.704,0.57,1.992,0.585,0.295,0.308,1.609,62.769,R
1.14,1.478,0.865,0.704,0.57,1.992,0.585,0.295,0.308,1.609,1.14,1.478,0.865,0.704,0.57,1.992,0.585,0.295,0.308,1.609,62.769,R
1.14,1.478,0.865,0.704,0.57,1.992,0.585,0.295,0.308,1.609,1.14,1.478,0.865,0.704,0.57,1.992,0.585,0.295,0.308,1.609,62.769,R
1.14,1.478,0.865,0.704,0.57,1.992,0.585,0.295,0.308,1.609,1.14,1.478,0.865,0.704,0.57,1.992,0.585,0.295,0.308,1.609,62.769,R
1.14,1.478,0.865,0.704,0.57,1.992,0.585,0.295,0.308,1.609,1.14,1.478,0.865,0.704,0.57,1.992,0.585,0.295,0.308,1.609,62.769,R
1.14,1.478,0.865,0.704,0.57,1.992,0.585,0.295,0.308,1.609,1.14,1.478,0.865,0.704,0.57,1.992,0.585,0.295,0.308,1.609,62.769,R
1.14,1.478,0.865,0.704,0.57,1.992,0.585,0.295,0.308,1.609,1.14,1.478,0.865,0.704,0.57,1.992,0.585,0.295,0.308,1.609,62.769,R
1.491,1.063,1.012,1.406,0.846,1.182,0.896,0.61,0.317,0.304,1.491,1.063,1.012,1.406,0.846,1.182,0.896,0.61,0.317,0.304,182.395,S
1.327,1.078,0.986,1.263,0.762,1.156,0.856,0.555,0.326,0.314,1.327,1.078,0.986,1.263,0.762,1.156,0.856,0.555,0.326,0.314,181.099,S
1.426,1.063,1.018,1.272,0.817,1.17,0.848,0.517,0.34,0.327,1.426,1.063,1.018,1.272,0.817,1.17,0.848,0.517,0.34,0.327,181.276,S
1.409,1.057,1.007,1.333,0.769,1.223,0.901,0.593,0.334,0.334,1.409,1.057,1.007,1.333,0.769,1.223,0.901,0.593,0.334,0.334,183.175,S
1.516,1.082,1.035,1.308,0.826,1.174,0.868,0.538,0.337,0.319,1.516,1.082,1.035,1.308,0.826,1.174,0.868,0.538,0.337,0.319,184.532,S
1.553,1.077,1.041,1.384,0.868,1.163,0.876,0.566,0.321,0.304,1.553,1.077,1.041,1.384,0.868,1.163,0.876,0.566,0.321,0.304,188.449,S
1.6,1.102,1.024,1.405,0.895,1.194,0.877,0.579,0.318,0.34,1.6,1.102,1.024,1.405,0.895,1.194,0.877,0.579,0.318,0.34,188.68,S
1.536,1.071,1.014,1.274,0.874,1.125,0.812,0.491,0.33,0.318,1.536,1.071,1.014,1.274,0.874,1.125,0.812,0.491,0.33,0.318,185.529,S
1.489,1.064,1.014,1.325,0.873,1.164,0.846,0.537,0.324,0.324,1.489,1.064,1.014,1.325,0.873,1.164,0.846,0.537,0.324,0.324,187.451,S
1.543,1.088,1.026,1.333,0.909,1.137,0.825,0.501,0.336,0.323,1.543,1.088,1.026,1.333,0.909,1.137,0.825,0.501,0.336,0.323,186.454,S
1.568,1.071,1.012,1.301,0.907,1.111,0.811,0.524,0.296,0.306,1.568,1.071,1.012,1.301,0.907,1.111,0.811,0.524,0.296,0.306,191.669,S
1.523,1.102,1.003,1.229,0.839,1.102,0.794,0.484,0.318,0.32,1.523,1.102,1.003,1.229,0.839,1.102,0.794,0.484,0.318,0.32,190.672,S
1.538,1.072,1.032,1.341,0.906,1.123,0.83,0.522,0.317,0.303,1.538,1.072,1.032,1.341,0.906,1.123,0.83,0.522,0.317,0.303,190.379,S
1.623,1.074,1.044,1.282,0.956,1.103,0.795,0.47,0.326,0.311,1.623,1.074,1.044,1.282,0.956,1.103,0.795,0.47,0.326,0.311,191.755,S
1.52,1.055,1.043,1.361,0.815,1.232,0.885,0.581,0.312,0.357,1.52,1.055,1.043,1.361,0.815,1.232,0.885,0.581,0.312,0.357,191.588,S
1.632,1.101,1.083,1.455,0.933,1.266,0.935,0.598,0.338,0.349,1.632,1.101,1.083,1.455,0.933,1.266,0.935,0.598,0.338,0.349,190.759,S
1.413,1.052,0.998,1.17,0.801,1.141,0.833,0.515,0.319,0.308,1.413,1.052,0.998,1.17,0.801,1.141,0.833,0.515,0.319,0.308,191.512,S
1.534,1.107,1.029,1.406,0.943,1.073,0.821,0.547,0.291,0.282,1.534,1.107,1.029,1.406,0.943,1.073,0.821,0.547,0.291,0.282,195.256,S
1.583,1.092,1.06,1.31,0.945,1.163,0.82,0.498,0.322,0.348,1.583,1.092,1.06,1.31,0.945,1.163,0.82,0.498,0.322,0.348,192.51,S
1.651,1.103,1.045,1.418,0.943,1.152,0.878,0.574,0.312,0.296,1.651,1.103,1.045,1.418,0.943,1.152,0.878,0.574,0.312,0.296,195.655,S
1.519,1.071,1.029,1.289,0.904,1.167,0.831,0.506,0.328,0.339,1.519,1.071,1.029,1.289,0.904,1.167,0.831,0.506,0.328,0.339,192.666,S
1.186,1.771,0.942,0.942,0.562,1.906,0.739,0.37,0.369,1.393,1.186,1.771,0.942,0.942,0.562,1.906,0.739,0.37,0.369,1.393,57.428,T
1.151,1.734,0.933,0.91,0.548,1.92,0.763,0.382,0.382,1.359,1.151,1.734,0.933,0.91,0.548,1.92,0.763,0.382,0.382,1.359,60.671,T
1.163,1.72,0.933,0.928,0.554,1.861,0.733,0.373,0.361,1.325,1.163,1.72,0.933,0.928,0.554,1.861,0.733,0.373,0.361,1.325,62.201,T
1.182,1.742,0.935,0.922,0.562,1.883,0.735,0.362,0.374,1.345,1.182,1.742,0.935,0.922,0.562,1.883,0.735,0.362,0.374,1.345,60.299,T
1.152,1.72,0.926,0.914,0.532,1.955,0.765,0.376,0.39,1.381,1.152,1.72,0.926,0.914,0.532,1.955,0.765,0.376,0.39,1.381,60.671,T
1.14,1.728,0.936,0.927,0.528,1.98,0.769,0.384,0.385,1.411,1.14,1.728,0.936,0.927,0.528,1.98,0.769,0.384,0.385,1.411,61.984,T
1.207,1.711,0.934,0.926,0.592,1.752,0.685,0.359,0.327,1.233,1.207,1.711,0.934,0.926,0.592,1.752,0.685,0.359,0.327,1.233,62.032,T
1.186,1.751,0.952,0.949,0.586,1.822,0.724,0.374,0.35,1.309,1.186,1.751,0.952,0.949,0.586,1.822,0.724,0.374,0.35,1.309,61.4,T
1.209,1.749,0.942,0.945,0.583,1.793,0.681,0.335,0.347,1.312,1.209,1.749,0.942,0.945,0.583,1.793,0.681,0.335,0.347,1.312,64.125,T
1.186,1.723,0.94,0.941,0.564,1.812,0.725,0.368,0.357,1.304,1.186,1.723,0.94,0.941,0.564,1.812,0.725,0.368,0.357,1.304,63.388,T
1.21,1.739,0.943,0.94,0.584,1.793,0.675,0.325,0.35,1.3,1.21,1.739,0.943,0.94,0.584,1.793,0.675,0.325,0.35,1.3,62.201,T
1.215,1.787,0.949,0.946,0.574,1.893,0.707,0.359,0.348,1.399,1.215,1.787,0.949,0.946,0.574,1.893,0.707,0.359,0.348,1.399,61.4,T
1.167,1.767,0.936,0.924,0.546,1.997,0.749,0.355,0.394,1.438,1.167,1.767,0.936,0.924,0.546,1.997,0.749,0.355,0.394,1.438,60.208,T
1.206,1.785,0.948,0.939,0.585,1.878,0.686,0.331,0.355,1.378,1.206,1.785,0.948,0.939,0.585,1.878,0.686,0.331,0.355,1.378,62.65,T
1.216,1.764,0.933,0.925,0.586,1.857,0.704,0.328,0.377,1.335,1.216,1.764,0.933,0.925,0.586,1.857,0.704,0.328,0.377,1.335,61.205,T
1.196,1.743,0.942,0.929,0.567,1.851,0.69,0.339,0.352,1.342,1.196,1.743,0.942,0.929,0.567,1.851,0.69,0.339,0.352,1.342,62.201,T
1.207,1.746,0.946,0.937,0.584,1.819,0.699,0.326,0.373,1.309,1.207,1.746,0.946,0.937,0.584,1.819,0.699,0.326,0.373,1.309,63.285,T
1.198,1.756,0.95,0.946,0.556,1.899,0.7,0.331,0.368,1.397,1.198,1.756,0.95,0.946,0.556,1.899,0.7,0.331,0.368,1.397,61.66,T
1.216,1.771,0.958,0.948,0.561,1.913,0.699,0.344,0.355,1.412,1.216,1.771,0.958,0.948,0.561,1.913,0.699,0.344,0.355,1.412,59.54,T
1.192,1.77,0.942,0.939,0.546,1.974,0.735,0.367,0.368,1.444,1.192,1.77,0.942,0.939,0.546,1.974,0.735,0.367,0.368,1.444,59.841,T
1.24,1.781,0.951,0.944,0.606,1.802,0.665,0.321,0.344,1.322,1.24,1.781,0.951,0.944,0.606,1.802,0.665,0.321,0.344,1.322,61.205,T
1.469,1.718,0.826,0.822,0.977,1.024,0.342,0.153,0.217,0.74,1.469,1.718,0.826,0.822,0.977,1.024,0.342,0.153,0.217,0.74,282.392,U
1.469,1.718,0.826,0.822,0.977,1.024,0.342,0.153,0.217,0.74,1.469,1.718,0.826,0.822,0.977,1.024,0.342,0.153,0.217,0.74,282.392,U
1.469,1.718,0.826,0.822,0.977,1.024,0.342,0.153,0.217,0.74,1.469,1.718,0.826,0.822,0.977,1.024,0.342,0.153,0.217,0.74,282.392,U
1.469,1.718,0.826,0.822,0.977,1.024,0.342,0.153,0.217,0.74,1.469,1.718,0.826,0.822,0.977,1.024,0.342,0.153,0.217,0.74,282.392,U
1.469,1.718,0.826,0.822,0.977,1.024,0.342,0.153,0.217,0.74,1.469,1.718,0.826,0.822,0.977,1.024,0.342,0.153,0.217,0.74,282.392,U
1.469,1.718,0.826,0.822,0.977,1.024,0.342,0.153,0.217,0.74,1.469,1.718,0.826,0.822,0.977,1.024,0.342,0.153,0.217,0.74,282.392,U
1.469,1.718,0.826,0.822,0.977,1.024,0.342,0.153,0.217,0.74,1.469,1.718,0.826,0.822,0.977,1.024,0.342,0.153,0.217,0.74,282.392,U
1.469,1.718,0.826,0.822,0.977,1.024,0.342,0.153,0.217,0.74,1.469,1.718,0.826,0.822,0.977,1.024,0.342,0.153,0.217,0.74,282.392,U
1.469,1.718,0.826,0.822,0.977,1.024,0.342,0.153,0.217,0.74,1.469,1.718,0.826,0.822,0.977,1.024,0.342,0.153,0.217,0.74,282.392,U
1.469,1.718,0.826,0.822,0.977,1.024,0.342,0.153,0.217,0.74,1.469,1.718,0.826,0.822,0.977,1.024,0.342,0.153,0.217,0.74,282.392,U
1.469,1.718,0.826,0.822,0.977,1.024,0.342,0.153,0.217,0.74,1.469,1.718,0.826,0.822,0.977,1.024,0.342,0.153,0.217,0.74,282.392,U
1.469,1.718,0.826,0.822,0.977,1.024,0.342,0.153,0.217,0.74,1.469,1.718,0.826,0.822,0.977,1.024,0.342,0.153,0.217,0.74,282.392,U
1.469,1.718,0.826,0.822,0.977,1.024,0.342,0.153,0.217,0.74,1.469,1.718,0.826,0.822,0.977,1.024,0.342,0.153,0.217,0.74,282.392,U
1.469,1.718,0.826,0.822,0.977,1.024,0.342,0.153,0.217,0.74,1.469,1.718,0.826,0.822,0.977,1.024,0.342,0.153,0.217,0.74,282.392,U
1.469,1.718,0.826,0.822,0.977,1.024,0.342,0.153,0.217,0.74,1.469,1.718,0.826,0.822,0.977,1.024,0.342,0.153,0.217,0.74,282.392,U
1.469,1.718,0.826,0.822,0.977,1.024,0.342,0.153,0.217,0.74,1.469,1.718,0.826,0.822,0.977,1.024,0.342,0.153,0.217,0.74,282.392,U
1.469,1.718,0.826,0.822,0.977,1.024,0.342,0.153,0.217,0.74,1.469,1.718,0.826,0.822,0.977,1.024,0.342,0.153,0.217,0.74,282.392,U
1.469,1.718,0.826,0.822,0.977,1.024,0.342,0.153,0.217,0.74,1.469,1.718,0.826,0.822,0.977,1.024,0.342,0.153,0.217,0.74,282.392,U
1.469,1.718,0.826,0.822,0.977,1.024,0.342,0.153,0.217,0.74,1.469,1.718,0.826,0.822,0.977,1.024,0.342,0.153,0.217,0.74,282.392,U
1.469,1.718,0.826,0.822,0.977,1.024,0.342,0.153,0.217,0.74,1.469,1.718,0.826,0.822,0.977,1.024,0.342,0.153,0.217,0.74,282.392,U
1.469,1.718,0.826,0.822,0.977,1.024,0.342,0.153,0.217,0.74,1.469,1.718,0.826,0.822,0.977,1.024,0.342,0.153,0.217,0.74,282.392,U
0.246,1.039,0.796,0.601,0.358,2.272,1.56,0.692,0.915,1.101,0.246,1.039,0.796,0.601,0.358,2.272,1.56,0.692,0.915,1.101,13.416,V
0.246,1.039,0.796,0.601,0.358,2.272,1.56,0.692,0.915,1.101,0.246,1.039,0.796,0.601,0.358,2.272,1.56,0.692,0.915,1.101,13.416,V
0.246,1.039,0.796,0.601,0.358,2.272,1.56,0.692,0.915,1.101,0.246,1.039,0.796,0.601,0.358,2.272,1.56,0.692,0.915,1.101,13.416,V
0.246,1.039,0.796,0.601,0.358,2.272,1.56,0.692,0.915,1.101,0.246,1.039,0.796,0.601,0.358,2.272,1.56,0.692,0.915,1.101,13.416,V
0.246,1.039,0.796,0.601,0.358,2.272,1.56,0.692,0.915,1.101,0.246,1.039,0.796,0.601,0.358,2.272,1.56,0.692,0.915,1.101,13.416,V
0.246,1.039,0.796,0.601,0.358,2.272,1.56,0.692,0.915,1.101,0.246,1.039,0.796,0.601,0.358,2.272,1.56,0.692,0.915,1.101,13.416,V
0.246,1.039,0.796,0.601,0.358,2.272,1.56,0.692,0.915,1.101,0.246,1.039,0.796,0.601,0.358,2.272,1.56,0.692,0.915,1.101,13.416,V
0.246,1.039,0.796,0.601,0.358,2.272,1.56,0.692,0.915,1.101,0.246,1.039,0.796,0.601,0.358,2.272,1.56,0.692,0.915,1.101,13.416,V
0.246,1.039,0.796,0.601,0.358,2.272,1.56,0.692,0.915,1.101,0.246,1.039,0.796,0.601,0.358,2.272,1.56,0.692,0.915,1.101,13.416,V
0.246,1.039,0.796,0.601,0.358,2.272,1.56,0.692,0.915,1.101,0.246,1.039,0.796,0.601,0.358,2.272,1.56,0.692,0.915,1.101,13.416,V
0.246,1.039,0.796,0.601,0.358,2.272,1.56,0.692,0.915,1.101,0.246,1.039,0.796,0.601,0.358,2.272,1.56,0.692,0.915,1.101,13.416,V
0.246,1.039,0.796,0.601,0.358,2.272,1.56,0.692,0.915,1.101,0.246,1.039,0.796,0.601,0.358,2.272,1.56,0.692,0.915,1.101,13.416,V
0.246,1.039,0.796,0.601,0.358,2.272,1.56,0.692,0.915,1.101,0.246,1.039,0.796,0.601,0.358,2.272,1.56,0.692,0.915,1.101,13.416,V
0.246,1.039,0.796,0.601,0.358,2.272,1.56,0.692,0.915,1.101,0.246,1.039,0.796,0.601,0.358,2.272,1.56,0.692,0.915,1.101,13.416,V
0.246,1.039,0.796,0.601,0.358,2.272,1.56,0.692,0.915,1.101,0.246,1.039,0.796,0.601,0.358,2.272,1.56,0.692,0.915,1.101,13.416,V
0.246,1.039,0.796,0.601,0.358,2.272,1.56,0.692,0.915,1.101,0.246,1.039,0.796,0.601,0.358,2.272,1.56,0.692,0.915,1.101,13.416,V
0.246,1.039,0.796,0.601,0.358,2.272,1.56,0.692,0.915,1.101,0.246,1.039,0.796,0.601,0.358,2.272,1.56,0.692,0.915,1.101,13.416,V
0.246,1.039,0.796,0.601,0.358,2.272,1.56,0.692,0.915,1.101,0.246,1.039,0.796,0.601,0.358,2.272,1.56,0.692,0.915,1.101,13.416,V
0.246,1.039,0.796,0.601,0.358,2.272,1.56,0.692,0.915,1.101,0.246,1.039,0.796,0.601,0.358,2.272,1.56,0.692,0.915,1.101,13.416,V
0.246,1.039,0.796,0.601,0.358,2.272,1.56,0.692,0.915,1.101,0.246,1.039,0.796,0.601,0.358,2.272,1.56,0.692,0.915,1.101,13.416,V
0.246,1.039,0.796,0.601,0.358,2.272,1.56,0.692,0.915,1.101,0.246,1.039,0.796,0.601,0.358,2.272,1.56,0.692,0.915,1.101,13.416,V
1.658,2.391,0.829,0.807,1.571,1.025,0.314,0.175,0.148,0.932,1.658,2.391,0.829,0.807,1.571,1.025,0.314,0.175,0.148,0.932,20.224,W
1.738,2.421,0.818,0.809,1.67,0.985,0.309,0.171,0.149,0.897,1.738,2.421,0.818,0.809,1.67,0.985,0.309,0.171,0.149,0.897,16.125,W
1.696,2.42,0.812,0.811,1.665,0.992,0.323,0.186,0.15,0.898,1.696,2.42,0.812,0.811,1.665,0.992,0.323,0.186,0.15,0.898,17.117,W
1.683,2.411,0.82,0.821,1.628,0.998,0.322,0.182,0.152,0.915,1.683,2.411,0.82,0.821,1.628,0.998,0.322,0.182,0.152,0.915,18.111,W
1.74,2.433,0.822,0.802,1.677,0.993,0.316,0.183,0.143,0.904,1.74,2.433,0.822,0.802,1.677,0.993,0.316,0.183,0.143,0.904,16.125,W
1.733,2.453,0.824,0.835,1.701,0.977,0.317,0.187,0.142,0.899,1.733,2.453,0.824,0.835,1.701,0.977,0.317,0.187,0.142,0.899,18.248,W
1.706,2.419,0.809,0.796,1.646,1.006,0.319,0.179,0.152,0.912,1.706,2.419,0.809,0.796,1.646,1.006,0.319,0.179,0.152,0.912,20.1,W
1.715,2.402,0.812,0.811,1.662,0.978,0.315,0.179,0.149,0.891,1.715,2.402,0.812,0.811,1.662,0.978,0.315,0.179,0.149,0.891,15.297,W
1.762,2.448,0.816,0.82,1.722,0.968,0.31,0.184,0.14,0.887,1.762,2.448,0.816,0.82,1.722,0.968,0.31,0.184,0.14,0.887,12.042,W
1.758,2.481,0.831,0.833,1.705,0.989,0.313,0.18,0.143,0.916,1.758,2.481,0.831,0.833,1.705,0.989,0.313,0.18,0.143,0.916,16.279,W
1.748,2.446,0.815,0.809,1.674,0.995,0.316,0.179,0.149,0.919,1.748,2.446,0.815,0.809,1.674,0.995,0.316,0.179,0.149,0.919,19,W
1.804,2.494,0.803,0.818,1.743,0.981,0.307,0.174,0.148,0.907,1.804,2.494,0.803,0.818,1.743,0.981,0.307,0.174,0.148,0.907,12.166,W
1.756,2.469,0.812,0.83,1.718,0.977,0.324,0.19,0.148,0.909,1.756,2.469,0.812,0.83,1.718,0.977,0.324,0.19,0.148,0.909,15.133,W
1.805,2.504,0.819,0.815,1.744,0.987,0.313,0.183,0.141,0.915,1.805,2.504,0.819,0.815,1.744,0.987,0.313,0.183,0.141,0.915,12.369,W
1.809,2.519,0.819,0.83,1.763,0.979,0.313,0.185,0.141,0.912,1.809,2.519,0.819,0.83,1.763,0.979,0.313,0.185,0.141,0.912,9.849,W
1.828,2.523,0.815,0.815,1.765,0.986,0.309,0.166,0.151,0.916,1.828,2.523,0.815,0.815,1.765,0.986,0.309,0.166,0.151,0.916,8.544,W
1.813,2.524,0.806,0.834,1.778,0.974,0.313,0.174,0.153,0.906,1.813,2.524,0.806,0.834,1.778,0.974,0.313,0.174,0.153,0.906,13,W
1.779,2.524,0.813,0.81,1.748,1.005,0.322,0.183,0.149,0.922,1.779,2.524,0.813,0.81,1.748,1.005,0.322,0.183,0.149,0.922,17.263,W
1.805,2.518,0.797,0.815,1.744,0.994,0.313,0.174,0.154,0.925,1.805,2.518,0.797,0.815,1.744,0.994,0.313,0.174,0.154,0.925,6.708,W
1.806,2.501,0.813,0.805,1.721,1,0.313,0.181,0.144,0.932,1.806,2.501,0.813,0.805,1.721,1,0.313,0.181,0.144,0.932,14.56,W
1.842,2.514,0.813,0.797,1.76,0.992,0.314,0.175,0.148,0.919,1.842,2.514,0.813,0.797,1.76,0.992,0.314,0.175,0.148,0.919,14.866,W
1.109,1.737,0.958,0.902,0.592,2.001,0.625,0.298,0.333,1.419,1.109,1.737,0.958,0.902,0.592,2.001,0.625,0.298,0.333,1.419,63.151,X
1.077,1.73,0.963,0.898,0.539,2.152,0.637,0.314,0.333,1.553,1.077,1.73,0.963,0.898,0.539,2.152,0.637,0.314,0.333,1.553,64.133,X
1.076,1.676,0.953,0.89,0.561,1.984,0.619,0.305,0.32,1.395,1.076,1.676,0.953,0.89,0.561,1.984,0.619,0.305,0.32,1.395,63.64,X
1.076,1.676,0.953,0.89,0.561,1.984,0.619,0.305,0.32,1.395,1.076,1.676,0.953,0.89,0.561,1.984,0.619,0.305,0.32,1.395,63.64,X
1.076,1.676,0.953,0.89,0.561,1.984,0.619,0.305,0.32,1.395,1.076,1.676,0.953,0.89,0.561,1.984,0.619,0.305,0.32,1.395,63.64,X
1.095,1.91,0.95,0.872,0.589,2.41,0.678,0.346,0.343,1.76,1.095,1.91,0.95,0.872,0.589,2.41,0.678,0.346,0.343,1.76,58.249,X
0.962,1.674,0.966,0.919,0.412,2.652,0.793,0.385,0.415,1.912,0.962,1.674,0.966,0.919,0.412,2.652,0.793,0.385,0.415,1.912,66.761,X
1.046,1.665,0.963,0.898,0.507,2.155,0.673,0.34,0.343,1.519,1.046,1.665,0.963,0.898,0.507,2.155,0.673,0.34,0.343,1.519,71.309,X
1.046,1.665,0.963,0.898,0.507,2.155,0.673,0.34,0.343,1.519,1.046,1.665,0.963,0.898,0.507,2.155,0.673,0.34,0.343,1.519,71.309,X
1.046,1.665,0.963,0.898,0.507,2.155,0.673,0.34,0.343,1.519,1.046,1.665,0.963,0.898,0.507,2.155,0.673,0.34,0.343,1.519,71.309,X
1.043,1.764,0.952,0.882,0.549,2.233,0.684,0.362,0.329,1.585,1.043,1.764,0.952,0.882,0.549,2.233,0.684,0.362,0.329,1.585,74.041,X
1.015,1.686,0.965,0.897,0.442,2.461,0.782,0.385,0.411,1.74,1.015,1.686,0.965,0.897,0.442,2.461,0.782,0.385,0.411,1.74,70.228,X
1.1,1.697,0.955,0.888,0.561,1.981,0.641,0.316,0.333,1.387,1.1,1.697,0.955,0.888,0.561,1.981,0.641,0.316,0.333,1.387,65.924,X
1.1,1.697,0.955,0.888,0.561,1.981,0.641,0.316,0.333,1.387,1.1,1.697,0.955,0.888,0.561,1.981,0.641,0.316,0.333,1.387,65.924,X
1.1,1.697,0.955,0.888,0.561,1.981,0.641,0.316,0.333,1.387,1.1,1.697,0.955,0.888,0.561,1.981,0.641,0.316,0.333,1.387,65.924,X
1.1,1.697,0.955,0.888,0.561,1.981,0.641,0.316,0.333,1.387,1.1,1.697,0.955,0.888,0.561,1.981,0.641,0.316,0.333,1.387,65.924,X
1.1,1.697,0.955,0.888,0.561,1.981,0.641,0.316,0.333,1.387,1.1,1.697,0.955,0.888,0.561,1.981,0.641,0.316,0.333,1.387,65.924,X
1.1,1.697,0.955,0.888,0.561,1.981,0.641,0.316,0.333,1.387,1.1,1.697,0.955,0.888,0.561,1.981,0.641,0.316,0.333,1.387,65.924,X
1.1,1.697,0.955,0.888,0.561,1.981,0.641,0.316,0.333,1.387,1.1,1.697,0.955,0.888,0.561,1.981,0.641,0.316,0.333,1.387,65.924,X
1.1,1.697,0.955,0.888,0.561,1.981,0.641,0.316,0.333,1.387,1.1,1.697,0.955,0.888,0.561,1.981,0.641,0.316,0.333,1.387,65.924,X
1.013,1.742,0.985,0.907,0.488,2.464,0.765,0.398,0.394,1.748,1.013,1.742,0.985,0.907,0.488,2.464,0.765,0.398,0.394,1.748,68.352,X
1.033,1.706,0.95,0.956,0.471,2.289,0.685,0.302,0.385,1.697,1.033,1.706,0.95,0.956,0.471,2.289,0.685,0.302,0.385,1.697,181.648,Y
1.037,1.733,0.951,0.943,0.464,2.42,0.693,0.333,0.36,1.804,1.037,1.733,0.951,0.943,0.464,2.42,0.693,0.333,0.36,1.804,185.181,Y
1.04,1.718,0.944,0.946,0.48,2.298,0.658,0.313,0.348,1.713,1.04,1.718,0.944,0.946,0.48,2.298,0.658,0.313,0.348,1.713,183.003,Y
1.028,1.736,0.958,0.957,0.446,2.478,0.704,0.339,0.365,1.869,1.028,1.736,0.958,0.957,0.446,2.478,0.704,0.339,0.365,1.869,185.715,Y
1.029,1.736,0.951,0.959,0.455,2.413,0.697,0.325,0.375,1.818,1.029,1.736,0.951,0.959,0.455,2.413,0.697,0.325,0.375,1.818,186.118,Y
1.043,1.736,0.958,0.966,0.452,2.44,0.721,0.348,0.375,1.831,1.043,1.736,0.958,0.966,0.452,2.44,0.721,0.348,0.375,1.831,187.417,Y
1.042,1.702,0.952,0.949,0.501,2.145,0.616,0.279,0.338,1.602,1.042,1.702,0.952,0.949,0.501,2.145,0.616,0.279,0.338,1.602,180.369,Y
1.059,1.755,0.95,0.966,0.49,2.277,0.66,0.317,0.348,1.724,1.059,1.755,0.95,0.966,0.49,2.277,0.66,0.317,0.348,1.724,185.181,Y
1.078,1.768,0.951,0.951,0.472,2.421,0.665,0.319,0.348,1.841,1.078,1.768,0.951,0.951,0.472,2.421,0.665,0.319,0.348,1.841,187.83,Y
1.049,1.719,0.951,0.958,0.478,2.284,0.674,0.307,0.37,1.702,1.049,1.719,0.951,0.958,0.478,2.284,0.674,0.307,0.37,1.702,187,Y
1.053,1.761,0.966,0.966,0.465,2.425,0.706,0.325,0.381,1.832,1.053,1.761,0.966,0.966,0.465,2.425,0.706,0.325,0.381,1.832,189.652,Y
1.053,1.737,0.96,0.951,0.465,2.393,0.691,0.309,0.382,1.791,1.053,1.737,0.96,0.951,0.465,2.393,0.691,0.309,0.382,1.791,189.623,Y
1.057,1.752,0.959,0.967,0.443,2.523,0.724,0.321,0.405,1.911,1.057,1.752,0.959,0.967,0.443,2.523,0.724,0.321,0.405,1.911,190.969,Y
1.021,1.724,0.961,0.954,0.464,2.388,0.689,0.325,0.363,1.784,1.021,1.724,0.961,0.954,0.464,2.388,0.689,0.325,0.363,1.784,191.063,Y
1.034,1.758,0.966,0.964,0.474,2.363,0.671,0.317,0.354,1.796,1.034,1.758,0.966,0.964,0.474,2.363,0.671,0.317,0.354,1.796,189.708,Y
1.018,1.715,0.959,0.959,0.439,2.484,0.729,0.352,0.378,1.853,1.018,1.715,0.959,0.959,0.439,2.484,0.729,0.352,0.378,1.853,191.888,Y
1.032,1.724,0.952,0.951,0.469,2.337,0.675,0.315,0.361,1.749,1.032,1.724,0.952,0.951,0.469,2.337,0.675,0.315,0.361,1.749,188.767,Y
1.071,1.784,0.967,0.957,0.467,2.475,0.679,0.313,0.366,1.891,1.071,1.784,0.967,0.957,0.467,2.475,0.679,0.313,0.366,1.891,190.066,Y
1.049,1.752,0.958,0.949,0.476,2.359,0.665,0.322,0.343,1.781,1.049,1.752,0.958,0.949,0.476,2.359,0.665,0.322,0.343,1.781,187.843,Y
1.04,1.729,0.958,0.972,0.466,2.334,0.68,0.319,0.364,1.765,1.04,1.729,0.958,0.972,0.466,2.334,0.68,0.319,0.364,1.765,187.843,Y
1.041,1.739,0.955,0.961,0.47,2.352,0.699,0.319,0.381,1.76,1.041,1.739,0.955,0.961,0.47,2.352,0.699,0.319,0.381,1.76,188.279,Y
0.582,0.933,0.979,0.919,0.468,0.033,0.181,0.14,0.046,0.156,0.582,0.933,0.979,0.919,0.468,0.033,0.181,0.14,0.046,0.156,87.144,Z
0.587,0.943,0.988,0.93,0.468,0.035,0.157,0.133,0.025,0.142,0.587,0.943,0.988,0.93,0.468,0.035,0.157,0.133,0.025,0.142,86.284,Z
0.59,0.933,0.977,0.914,0.461,0.045,0.194,0.144,0.05,0.159,0.59,0.933,0.977,0.914,0.461,0.045,0.194,0.144,0.05,0.159,89.275,Z
0.588,0.939,0.983,0.92,0.467,0.045,0.177,0.143,0.035,0.142,0.588,0.939,0.983,0.92,0.467,0.045,0.177,0.143,0.035,0.142,90.272,Z
0.594,0.948,0.977,0.923,0.473,0.075,0.162,0.115,0.057,0.119,0.594,0.948,0.977,0.923,0.473,0.075,0.162,0.115,0.057,0.119,91.137,Z
0.578,0.938,0.977,0.92,0.474,0.046,0.175,0.126,0.049,0.148,0.578,0.938,0.977,0.92,0.474,0.046,0.175,0.126,0.049,0.148,89.14,Z
0.588,0.945,0.98,0.924,0.474,0.059,0.163,0.126,0.044,0.133,0.588,0.945,0.98,0.924,0.474,0.059,0.163,0.126,0.044,0.133,89.202,Z
0.584,0.933,0.977,0.92,0.475,0.035,0.174,0.126,0.049,0.156,0.584,0.933,0.977,0.92,0.475,0.035,0.174,0.126,0.049,0.156,89.275,Z
0.586,0.938,0.977,0.918,0.47,0.044,0.182,0.133,0.05,0.149,0.586,0.938,0.977,0.918,0.47,0.044,0.182,0.133,0.05,0.149,89.275,Z
0.593,0.953,0.976,0.914,0.463,0.09,0.187,0.138,0.057,0.112,0.593,0.953,0.976,0.914,0.463,0.09,0.187,0.138,0.057,0.112,91.269,Z
0.595,0.944,0.983,0.926,0.47,0.046,0.161,0.127,0.035,0.134,0.595,0.944,0.983,0.926,0.47,0.046,0.161,0.127,0.035,0.134,91.198,Z
0.594,0.941,0.976,0.922,0.465,0.066,0.167,0.116,0.056,0.136,0.594,0.941,0.976,0.922,0.465,0.066,0.167,0.116,0.056,0.136,89.14,Z
0.592,0.939,0.974,0.92,0.469,0.065,0.171,0.116,0.057,0.143,0.592,0.939,0.974,0.92,0.469,0.065,0.171,0.116,0.057,0.143,90.272,Z
0.596,0.946,0.98,0.931,0.473,0.056,0.145,0.106,0.045,0.127,0.596,0.946,0.98,0.931,0.473,0.056,0.145,0.106,0.045,0.127,89.202,Z
0.59,0.942,0.975,0.927,0.482,0.054,0.151,0.102,0.054,0.131,0.59,0.942,0.975,0.927,0.482,0.054,0.151,0.102,0.054,0.131,89.202,Z
0.593,0.942,0.98,0.926,0.469,0.05,0.159,0.12,0.044,0.134,0.593,0.942,0.98,0.926,0.469,0.05,0.159,0.12,0.044,0.134,89.09,Z
0.582,0.942,0.974,0.914,0.473,0.067,0.182,0.128,0.056,0.133,0.582,0.942,0.974,0.914,0.473,0.067,0.182,0.128,0.056,0.133,90.05,Z
0.598,0.94,0.975,0.925,0.481,0.054,0.156,0.109,0.054,0.139,0.598,0.94,0.975,0.925,0.481,0.054,0.156,0.109,0.054,0.139,90.089,Z
0.585,0.937,0.969,0.924,0.481,0.034,0.16,0.1,0.066,0.139,0.585,0.937,0.969,0.924,0.481,0.034,0.16,0.1,0.066,0.139,91.049,Z
0.591,0.94,0.98,0.93,0.479,0.046,0.147,0.109,0.044,0.139,0.591,0.94,0.98,0.93,0.479,0.046,0.147,0.109,0.044,0.139,89.022,Z
0.579,0.938,0.974,0.926,0.489,0.039,0.154,0.106,0.054,0.144,0.579,0.938,0.974,0.926,0.489,0.039,0.154,0.106,0.054,0.144,89.051,Z
2.647,1.282,0.788,0.693,2.605,0.405,0.262,0.124,0.138,0.143,2.647,1.282,0.788,0.693,2.605,0.405,0.262,0.124,0.138,0.143,27.459,A
2.611,1.258,0.849,0.778,2.693,0.408,0.274,0.141,0.134,0.134,2.611,1.258,0.849,0.778,2.693,0.408,0.274,0.141,0.134,0.134,26.306,A
2.571,1.242,0.814,0.74,2.566,0.395,0.259,0.123,0.137,0.136,2.571,1.242,0.814,0.74,2.566,0.395,0.259,0.123,0.137,0.136,24.331,A
2.592,1.26,0.814,0.702,2.563,0.397,0.257,0.121,0.137,0.142,2.592,1.26,0.814,0.702,2.563,0.397,0.257,0.121,0.137,0.142,25.179,A
2.629,1.267,0.831,0.758,2.642,0.401,0.266,0.131,0.135,0.135,2.629,1.267,0.831,0.758,2.642,0.401,0.266,0.131,0.135,0.135,25.495,A
2.536,1.244,0.838,0.764,2.563,0.399,0.262,0.125,0.138,0.138,2.536,1.244,0.838,0.764,2.563,0.399,0.262,0.125,0.138,0.138,26.683,A
2.693,1.267,0.826,0.759,2.724,0.393,0.257,0.118,0.14,0.136,2.693,1.267,0.826,0.759,2.724,0.393,0.257,0.118,0.14,0.136,24.515,A
2.813,1.303,0.841,0.808,2.868,0.398,0.253,0.117,0.136,0.146,2.813,1.303,0.841,0.808,2.868,0.398,0.253,0.117,0.136,0.146,26.306,A
2.692,1.248,0.833,0.803,2.819,0.403,0.275,0.138,0.137,0.128,2.692,1.248,0.833,0.803,2.819,0.403,0.275,0.138,0.137,0.128,24.042,A
2.805,1.277,0.854,0.821,2.887,0.389,0.25,0.125,0.125,0.139,2.805,1.277,0.854,0.821,2.887,0.389,0.25,0.125,0.125,0.139,23.77,A
2.801,1.27,0.845,0.807,2.888,0.384,0.249,0.12,0.129,0.134,2.801,1.27,0.845,0.807,2.888,0.384,0.249,0.12,0.129,0.134,24.515,A
2.627,1.253,0.831,0.76,2.696,0.402,0.264,0.131,0.134,0.138,2.627,1.253,0.831,0.76,2.696,0.402,0.264,0.131,0.134,0.138,25,A
2.777,1.296,0.825,0.796,2.85,0.401,0.264,0.137,0.127,0.137,2.777,1.296,0.825,0.796,2.85,0.401,0.264,0.137,0.127,0.137,23.345,A
2.665,1.29,0.831,0.81,2.721,0.406,0.26,0.127,0.132,0.147,2.665,1.29,0.831,0.81,2.721,0.406,0.26,0.127,0.132,0.147,26.476,A
2.795,1.303,0.827,0.789,2.818,0.397,0.253,0.12,0.134,0.144,2.795,1.303,0.827,0.789,2.818,0.397,0.253,0.12,0.134,0.144,25.318,A
2.62,1.272,0.841,0.805,2.646,0.402,0.258,0.129,0.129,0.144,2.62,1.272,0.841,0.805,2.646,0.402,0.258,0.129,0.129,0.144,24.331,A
2.586,1.274,0.808,0.741,2.582,0.41,0.263,0.134,0.129,0.148,2.586,1.274,0.808,0.741,2.582,0.41,0.263,0.134,0.129,0.148,23.77,A
2.563,1.255,0.835,0.738,2.495,0.394,0.253,0.118,0.136,0.141,2.563,1.255,0.835,0.738,2.495,0.394,0.253,0.118,0.136,0.141,22.361,A
2.572,1.268,0.823,0.757,2.623,0.415,0.266,0.136,0.131,0.149,2.572,1.268,0.823,0.757,2.623,0.415,0.266,0.136,0.131,0.149,23.087,A
2.985,1.329,0.817,0.782,3.095,0.403,0.259,0.13,0.13,0.144,2.985,1.329,0.817,0.782,3.095,0.403,0.259,0.13,0.13,0.144,19.235,A
0.914,1.084,0.946,0.892,0.068,3.683,1.894,0.847,1.106,1.847,0.914,1.084,0.946,0.892,0.068,3.683,1.894,0.847,1.106,1.847,12.806,B
0.895,1.098,0.955,0.901,0.055,4.816,2.327,1.026,1.444,2.509,0.895,1.098,0.955,0.901,0.055,4.816,2.327,1.026,1.444,2.509,15.264,B
0.907,1.094,0.947,0.911,0.023,10.668,5.215,2,3.225,5.459,0.907,1.094,0.947,0.911,0.023,10.668,5.215,2,3.225,5.459,17.692,B
0.913,1.073,0.952,0.907,0.02,11.236,6.519,3.26,3.26,4.717,0.913,1.073,0.952,0.907,0.02,11.236,6.519,3.26,3.26,4.717,15.62,B
0.912,1.059,0.943,0.9,0.041,5.551,3.432,1.458,1.976,2.129,0.912,1.059,0.943,0.9,0.041,5.551,3.432,1.458,1.976,2.129,7.071,B
0.911,1.052,0.952,0.911,0.016,13.535,8.602,3.688,4.94,4.94,0.911,1.052,0.952,0.911,0.016,13.535,8.602,3.688,4.94,4.94,12.53,B
0.924,1.021,0.96,0.924,0.017,11.189,8.497,4.94,3.606,2.72,0.924,1.021,0.96,0.924,0.017,11.189,8.497,4.94,3.606,2.72,13.601,B
0.917,1.031,0.96,0.92,0.01,18.398,13.454,6.403,7.071,4.95,0.917,1.031,0.96,0.92,0.01,18.398,13.454,6.403,7.071,4.95,15.811,B
0.908,1.045,0.952,0.921,0.017,13.416,8.944,4.494,4.494,4.472,0.908,1.045,0.952,0.921,0.017,13.416,8.944,4.494,4.494,4.472,12.207,B
0.917,1.045,0.964,0.928,0.054,3.582,2.339,1.107,1.236,1.244,0.917,1.045,0.964,0.928,0.054,3.582,2.339,1.107,1.236,1.244,8.602,B
0.917,1.043,0.948,0.914,0.01,21.225,13.509,4.472,9.192,7.81,0.917,1.043,0.948,0.914,0.01,21.225,13.509,4.472,9.192,7.81,13.601,B
0.926,1.044,0.949,0.92,0.037,5.415,3.423,1.217,2.209,2,0.926,1.044,0.949,0.92,0.037,5.415,3.423,1.217,2.209,2,12.083,B
0.924,1.041,0.954,0.911,0.027,7.786,5.299,2.287,3.051,2.496,0.924,1.041,0.954,0.911,0.027,7.786,5.299,2.287,3.051,2.496,11.662,B
0.92,1.064,0.958,0.917,0.027,8.638,5.023,1.861,3.34,3.616,0.92,1.064,0.958,0.917,0.027,8.638,5.023,1.861,3.34,3.616,9.849,B
0.956,1.041,0.952,0.915,0.043,4.786,3.202,1.425,1.777,1.591,0.956,1.041,0.952,0.915,0.043,4.786,3.202,1.425,1.777,1.591,17.72,B
0.929,1.054,0.951,0.912,0.017,13.892,8.544,3.256,5.367,5.367,0.929,1.054,0.951,0.912,0.017,13.892,8.544,3.256,5.367,5.367,14.318,B
0.914,1.051,0.954,0.907,0.021,10.66,7.106,3.26,3.889,3.553,0.914,1.051,0.954,0.907,0.021,10.66,7.106,3.26,3.889,3.553,7.211,B
0.917,1.057,0.947,0.903,0.017,14.374,9.434,4.494,4.94,4.94,0.917,1.057,0.947,0.903,0.017,14.374,9.434,4.494,4.94,4.94,13.928,B
0.921,1.075,0.941,0.899,0.045,5.893,3.536,1.374,2.173,2.357,0.921,1.075,0.941,0.899,0.045,5.893,3.536,1.374,2.173,2.357,15.232,B
0.928,1.057,0.948,0.91,0.024,10.139,6.648,3.162,3.493,3.493,0.928,1.057,0.948,0.91,0.024,10.139,6.648,3.162,3.493,3.493,15.652,B
0.926,1.045,0.941,0.915,0.023,10.006,6.675,2.333,4.346,3.333,0.926,1.045,0.941,0.915,0.023,10.006,6.675,2.333,4.346,3.333,12.53,B
0.799,1.052,0.929,0.863,0.652,0.383,0.307,0.184,0.128,0.083,0.799,1.052,0.929,0.863,0.652,0.383,0.307,0.184,0.128,0.083,3.606,C
0.799,1.052,0.929,0.863,0.652,0.383,0.307,0.184,0.128,0.083,0.799,1.052,0.929,0.863,0.652,0.383,0.307,0.184,0.128,0.083,3.606,C
0.791,1.035,0.945,0.76,0.036,7.694,7.134,5.523,1.612,2.915,0.791,1.035,0.945,0.76,0.036,7.694,7.134,5.523,1.612,2.915,124.888,C
0.637,0.94,1.084,1.069,0.437,0.313,0.251,0.168,0.197,0.311,0.637,0.94,1.084,1.069,0.437,0.313,0.251,0.168,0.197,0.311,132.484,C
0.722,0.978,0.962,0.787,0.066,2.883,3.206,2.626,0.587,0.415,0.722,0.978,0.962,0.787,0.066,2.883,3.206,2.626,0.587,0.415,128.351,C
0.593,0.895,1.055,1.005,0.413,0.266,0.064,0.133,0.133,0.258,0.593,0.895,1.055,1.005,0.413,0.266,0.064,0.133,0.133,0.258,131.229,C
0.791,1.075,0.894,0.701,0.091,4.159,3.362,2.214,1.166,0.849,0.791,1.075,0.894,0.701,0.091,4.159,3.362,2.214,1.166,0.849,131.034,C
0.693,0.953,0.995,0.861,0.169,0.645,0.85,0.794,0.152,0.313,0.693,0.953,0.995,0.861,0.169,0.645,0.85,0.794,0.152,0.313,131.529,C
0.688,0.939,0.991,0.887,0.205,0.387,0.651,0.557,0.135,0.302,0.688,0.939,0.991,0.887,0.205,0.387,0.651,0.557,0.135,0.302,132.004,C
0.662,0.937,1.04,0.965,0.304,0.098,0.158,0.277,0.132,0.224,0.662,0.937,1.04,0.965,0.304,0.098,0.158,0.277,0.132,0.224,132.004,C
0.75,0.957,0.982,0.816,0.068,2.267,2.936,2.58,0.415,0.67,0.75,0.957,0.982,0.816,0.068,2.267,2.936,2.58,0.415,0.67,128.825,C
0.69,0.937,0.997,0.859,0.172,0.454,0.819,0.803,0.072,0.366,0.69,0.937,0.997,0.859,0.172,0.454,0.819,0.803,0.072,0.366,131.529,C
0.666,0.91,1.031,0.971,0.307,0.269,0.245,0.227,0.152,0.294,0.666,0.91,1.031,0.971,0.307,0.269,0.245,0.227,0.152,0.294,131.126,C
0.784,0.988,0.958,0.789,0.025,8.078,8.544,6.801,1.803,0.5,0.784,0.988,0.958,0.789,0.025,8.078,8.544,6.801,1.803,0.5,127.012,C
0.621,0.906,1.044,1.012,0.392,0.322,0.279,0.204,0.148,0.254,0.621,0.906,1.044,1.012,0.392,0.322,0.279,0.204,0.148,0.254,126.657,C
0.732,0.984,0.987,0.845,0.117,1.204,1.351,1.25,0.112,0.158,0.732,0.984,0.987,0.845,0.117,1.204,1.351,1.25,0.112,0.158,125.706,C
0.732,0.988,0.975,0.816,0.091,1.886,2.019,1.754,0.277,0.139,0.732,0.988,0.975,0.816,0.091,1.886,2.019,1.754,0.277,0.139,125.706,C
0.707,0.979,1,0.88,0.173,0.576,0.698,0.698,0,0.198,0.707,0.979,1,0.88,0.173,0.576,0.698,0.698,0,0.198,125.706,C
0.704,0.957,1.016,0.944,0.241,0.056,0.233,0.304,0.08,0.178,0.704,0.957,1.016,0.944,0.241,0.056,0.233,0.304,0.08,0.178,127.632,C
0.715,0.919,1.028,0.938,0.228,0.138,0.361,0.471,0.124,0.377,0.715,0.919,1.028,0.938,0.228,0.138,0.361,0.471,0.124,0.377,123.471,C
0.754,0.978,0.957,0.834,0.081,1.93,2.121,1.557,0.57,0.354,0.754,0.978,0.957,0.834,0.081,1.93,2.121,1.557,0.57,0.354,124.354,C
1.453,1.923,0.827,0.704,0.763,1.679,0.408,0.172,0.236,1.277,1.453,1.923,0.827,0.704,0.763,1.679,0.408,0.172,0.236,1.277,77.492,D
1.455,1.957,0.84,0.701,0.77,1.712,0.405,0.193,0.213,1.315,1.455,1.957,0.84,0.701,0.77,1.712,0.405,0.193,0.213,1.315,67.417,D
1.492,2.002,0.847,0.72,0.79,1.697,0.38,0.182,0.2,1.317,1.492,2.002,0.847,0.72,0.79,1.697,0.38,0.182,0.2,1.317,43.081,D
1.469,1.962,0.844,0.701,0.783,1.687,0.408,0.199,0.208,1.282,1.469,1.962,0.844,0.701,0.783,1.687,0.408,0.199,0.208,1.282,48.754,D
1.472,1.989,0.853,0.71,0.779,1.733,0.39,0.199,0.192,1.351,1.472,1.989,0.853,0.71,0.779,1.733,0.39,0.199,0.192,1.351,62.394,D
1.486,1.952,0.857,0.713,0.787,1.722,0.389,0.199,0.19,1.351,1.486,1.952,0.857,0.713,0.787,1.722,0.389,0.199,0.19,1.351,59.237,D
1.467,1.964,0.842,0.695,0.793,1.694,0.395,0.192,0.203,1.323,1.467,1.964,0.842,0.695,0.793,1.694,0.395,0.192,0.203,1.323,41.437,D
1.523,2.025,0.829,0.711,0.832,1.666,0.357,0.15,0.208,1.327,1.523,2.025,0.829,0.711,0.832,1.666,0.357,0.15,0.208,1.327,68.007,D
1.527,1.93,0.827,0.72,0.819,1.661,0.366,0.143,0.223,1.327,1.527,1.93,0.827,0.72,0.819,1.661,0.366,0.143,0.223,1.327,62.968,D
1.486,1.973,0.839,0.704,0.804,1.66,0.382,0.181,0.203,1.288,1.486,1.973,0.839,0.704,0.804,1.66,0.382,0.181,0.203,1.288,69.921,D
1.481,1.976,0.838,0.701,0.794,1.725,0.392,0.182,0.21,1.357,1.481,1.976,0.838,0.701,0.794,1.725,0.392,0.182,0.21,1.357,29.547,D
1.541,2.097,0.859,0.741,0.815,1.775,0.339,0.166,0.176,1.444,1.541,2.097,0.859,0.741,0.815,1.775,0.339,0.166,0.176,1.444,69.57,D
1.513,2.059,0.852,0.721,0.809,1.745,0.362,0.172,0.19,1.391,1.513,2.059,0.852,0.721,0.809,1.745,0.362,0.172,0.19,1.391,70.576,D
1.508,2.01,0.825,0.689,0.837,1.641,0.385,0.174,0.212,1.263,1.508,2.01,0.825,0.689,0.837,1.641,0.385,0.174,0.212,1.263,37.696,D
1.456,1.965,0.819,0.69,0.79,1.683,0.402,0.172,0.231,1.294,1.456,1.965,0.819,0.69,0.79,1.683,0.402,0.172,0.231,1.294,67.417,D
1.508,2.015,0.832,0.708,0.817,1.671,0.372,0.163,0.21,1.306,1.508,2.015,0.832,0.708,0.817,1.671,0.372,0.163,0.21,1.306,66.31,D
1.504,2.009,0.821,0.695,0.826,1.668,0.382,0.16,0.222,1.298,1.504,2.009,0.821,0.695,0.826,1.668,0.382,0.16,0.222,1.298,53.31,D
1.515,2.013,0.819,0.707,0.823,1.673,0.376,0.152,0.225,1.304,1.515,2.013,0.819,0.707,0.823,1.673,0.376,0.152,0.225,1.304,59.506,D
1.539,2.071,0.843,0.707,0.859,1.647,0.351,0.166,0.185,1.305,1.539,2.071,0.843,0.707,0.859,1.647,0.351,0.166,0.185,1.305,65.391,D
1.526,2.028,0.846,0.718,0.825,1.656,0.357,0.17,0.189,1.304,1.526,2.028,0.846,0.718,0.825,1.656,0.357,0.17,0.189,1.304,38.079,D
1.506,2.018,0.842,0.705,0.82,1.666,0.375,0.179,0.197,1.295,1.506,2.018,0.842,0.705,0.82,1.666,0.375,0.179,0.197,1.295,30.463,D
1.321,3.93,0.548,0.438,0.891,3.935,0.649,0.252,0.533,3.435,1.321,3.93,0.548,0.438,0.891,3.935,0.649,0.252,0.533,3.435,129.201,E
1.28,3.864,0.554,0.409,0.876,3.96,0.685,0.242,0.527,3.402,1.28,3.864,0.554,0.409,0.876,3.96,0.685,0.242,0.527,3.402,131.4,E
1.276,3.623,0.659,0.456,0.825,3.865,0.672,0.296,0.423,3.339,1.276,3.623,0.659,0.456,0.825,3.865,0.672,0.296,0.423,3.339,127.004,E
1.253,3.734,0.553,0.304,0.961,3.575,0.742,0.328,0.489,3,1.253,3.734,0.553,0.304,0.961,3.575,0.742,0.328,0.489,3,134.272,E
1.319,3.854,0.585,0.353,0.975,3.602,0.678,0.308,0.453,3.07,1.319,3.854,0.585,0.353,0.975,3.602,0.678,0.308,0.453,3.07,130.43,E
1.208,3.512,0.541,0.341,0.875,3.639,0.766,0.317,0.56,3.051,1.208,3.512,0.541,0.341,0.875,3.639,0.766,0.317,0.56,3.051,129.85,E
1.324,3.714,0.588,0.384,0.944,3.545,0.667,0.295,0.461,3.055,1.324,3.714,0.588,0.384,0.944,3.545,0.667,0.295,0.461,3.055,127.413,E
1.282,3.687,0.573,0.365,0.922,3.626,0.699,0.289,0.487,3.092,1.282,3.687,0.573,0.365,0.922,3.626,0.699,0.289,0.487,3.092,127.64,E
1.296,3.739,0.55,0.372,0.951,3.541,0.697,0.312,0.493,3.009,1.296,3.739,0.55,0.372,0.951,3.541,0.697,0.312,0.493,3.009,128.222,E
1.357,3.851,0.607,0.41,0.959,3.602,0.645,0.312,0.432,3.166,1.357,3.851,0.607,0.41,0.959,3.602,0.645,0.312,0.432,3.166,125.1,E
1.333,3.825,0.538,0.315,1.024,3.44,0.679,0.284,0.483,2.907,1.333,3.825,0.538,0.315,1.024,3.44,0.679,0.284,0.483,2.907,126.606,E
1.246,3.619,0.563,0.309,0.955,3.47,0.749,0.344,0.477,2.892,1.246,3.619,0.563,0.309,0.955,3.47,0.749,0.344,0.477,2.892,128.456,E
1.29,3.576,0.578,0.376,0.933,3.436,0.701,0.301,0.459,2.927,1.29,3.576,0.578,0.376,0.933,3.436,0.701,0.301,0.459,2.927,126.827,E
1.288,3.659,0.531,0.312,1.002,3.342,0.72,0.328,0.495,2.806,1.288,3.659,0.531,0.312,1.002,3.342,0.72,0.328,0.495,2.806,125.67,E
1.285,3.717,0.553,0.339,0.961,3.522,0.711,0.313,0.489,2.989,1.285,3.717,0.553,0.339,0.961,3.522,0.711,0.313,0.489,2.989,129.035,E
1.306,3.703,0.569,0.353,0.973,3.447,0.686,0.315,0.472,2.893,1.306,3.703,0.569,0.353,0.973,3.447,0.686,0.315,0.472,2.893,125.801,E
1.289,3.654,0.557,0.363,0.962,3.421,0.709,0.354,0.491,2.891,1.289,3.654,0.557,0.363,0.962,3.421,0.709,0.354,0.491,2.891,126.016,E
1.264,3.629,0.553,0.348,0.93,3.535,0.723,0.316,0.507,2.979,1.264,3.629,0.553,0.348,0.93,3.535,0.723,0.316,0.507,2.979,128.004,E
1.24,3.541,0.577,0.415,0.833,3.774,0.712,0.293,0.547,3.196,1.24,3.541,0.577,0.415,0.833,3.774,0.712,0.293,0.547,3.196,127.413,E
1.297,3.66,0.579,0.368,0.946,3.486,0.696,0.342,0.482,2.975,1.297,3.66,0.579,0.368,0.946,3.486,0.696,0.342,0.482,2.975,126.016,E
1.34,3.855,0.575,0.365,0.992,3.522,0.678,0.313,0.441,3.041,1.34,3.855,0.575,0.365,0.992,3.522,0.678,0.313,0.441,3.041,127.801,E
3.363,1.388,1.639,1.913,5.185,0.595,0.218,0.095,0.138,0.457,3.363,1.388,1.639,1.913,5.185,0.595,0.218,0.095,0.138,0.457,107.898,F
2.378,1.775,1.24,1.329,3.64,0.844,0.199,0.101,0.11,0.755,2.378,1.775,1.24,1.329,3.64,0.844,0.199,0.101,0.11,0.755,90.609,F
4.983,3.019,1.01,1.607,6.586,0.666,0.316,0.135,0.183,0.35,4.983,3.019,1.01,1.607,6.586,0.666,0.316,0.135,0.183,0.35,113.172,F
12.921,8.339,4.055,5.681,17.961,0.78,0.298,0.108,0.198,0.494,12.921,8.339,4.055,5.681,17.961,0.78,0.298,0.108,0.198,0.494,106.301,F
0.798,2.731,0.701,0.977,1.648,2.249,1.187,0.202,0.999,1.078,0.798,2.731,0.701,0.977,1.648,2.249,1.187,0.202,0.999,1.078,86.833,F
0.798,2.731,0.701,0.977,1.648,2.249,1.187,0.202,0.999,1.078,0.798,2.731,0.701,0.977,1.648,2.249,1.187,0.202,0.999,1.078,86.833,F
0.798,2.731,0.701,0.977,1.648,2.249,1.187,0.202,0.999,1.078,0.798,2.731,0.701,0.977,1.648,2.249,1.187,0.202,0.999,1.078,86.833,F
2.91,3.714,1.87,2.058,4.844,1.192,0.325,0.126,0.235,0.915,2.91,3.714,1.87,2.058,4.844,1.192,0.325,0.126,0.235,0.915,84.054,F
2.91,3.714,1.87,2.058,4.844,1.192,0.325,0.126,0.235,0.915,2.91,3.714,1.87,2.058,4.844,1.192,0.325,0.126,0.235,0.915,84.054,F
2.346,2.428,1.232,1.27,3.603,1.019,0.187,0.095,0.108,0.888,2.346,2.428,1.232,1.27,3.603,1.019,0.187,0.095,0.108,0.888,91.049,F
2.346,2.428,1.232,1.27,3.603,1.019,0.187,0.095,0.108,0.888,2.346,2.428,1.232,1.27,3.603,1.019,0.187,0.095,0.108,0.888,91.049,F
2.346,2.428,1.232,1.27,3.603,1.019,0.187,0.095,0.108,0.888,2.346,2.428,1.232,1.27,3.603,1.019,0.187,0.095,0.108,0.888,91.049,F
3.51,2.52,1.425,1.72,5.007,0.846,0.232,0.11,0.13,0.675,3.51,2.52,1.425,1.72,5.007,0.846,0.232,0.11,0.13,0.675,103.479,F
2.647,1.805,0.714,0.839,3.411,0.648,0.363,0.162,0.201,0.286,2.647,1.805,0.714,0.839,3.411,0.648,0.363,0.162,0.201,0.286,108.904,F
2.647,1.805,0.714,0.839,3.411,0.648,0.363,0.162,0.201,0.286,2.647,1.805,0.714,0.839,3.411,0.648,0.363,0.162,0.201,0.286,108.904,F
2.647,1.805,0.714,0.839,3.411,0.648,0.363,0.162,0.201,0.286,2.647,1.805,0.714,0.839,3.411,0.648,0.363,0.162,0.201,0.286,108.904,F
2.378,1.655,1.267,1.431,3.731,0.827,0.189,0.088,0.106,0.693,2.378,1.655,1.267,1.431,3.731,0.827,0.189,0.088,0.106,0.693,102.069,F
9.822,6.014,1.872,3.735,13.401,0.723,0.348,0.149,0.203,0.376,9.822,6.014,1.872,3.735,13.401,0.723,0.348,0.149,0.203,0.376,107.517,F
9.822,6.014,1.872,3.735,13.401,0.723,0.348,0.149,0.203,0.376,9.822,6.014,1.872,3.735,13.401,0.723,0.348,0.149,0.203,0.376,107.517,F
0.925,2.445,1.007,1.151,0.284,12.237,2.028,1.164,0.869,12.12,0.925,2.445,1.007,1.151,0.284,12.237,2.028,1.164,0.869,12.12,106.231,F
0.868,6.038,1.079,1.393,0.731,9.516,1.851,1.02,0.85,9.603,0.868,6.038,1.079,1.393,0.731,9.516,1.851,1.02,0.85,9.603,106.019,F
1.197,1.067,0.913,0.866,0.754,0.922,0.61,0.304,0.307,0.326,1.197,1.067,0.913,0.866,0.754,0.922,0.61,0.304,0.307,0.326,112.446,G
1.159,1.063,0.912,0.862,0.71,0.988,0.653,0.32,0.334,0.353,1.159,1.063,0.912,0.862,0.71,0.988,0.653,0.32,0.334,0.353,111.396,G
1.143,1.074,0.895,0.846,0.69,1.018,0.688,0.344,0.344,0.344,1.143,1.074,0.895,0.846,0.69,1.018,0.688,0.344,0.344,0.344,109.124,G
1.13,1.071,0.921,0.886,0.662,1.035,0.677,0.327,0.351,0.368,1.13,1.071,0.921,0.886,0.662,1.035,0.677,0.327,0.351,0.368,109.041,G
1.186,1.07,0.923,0.888,0.714,0.996,0.651,0.324,0.327,0.357,1.186,1.07,0.923,0.888,0.714,0.996,0.651,0.324,0.327,0.357,114.865,G
1.139,1.068,0.902,0.857,0.675,1.007,0.671,0.32,0.351,0.351,1.139,1.068,0.902,0.857,0.675,1.007,0.671,0.32,0.351,0.351,110.535,G
1.168,1.07,0.92,0.897,0.69,1.014,0.679,0.339,0.339,0.343,1.168,1.07,0.92,0.897,0.69,1.014,0.679,0.339,0.339,0.343,112.699,G
1.138,1.06,0.913,0.881,0.66,1.076,0.719,0.354,0.366,0.372,1.138,1.06,0.913,0.881,0.66,1.076,0.719,0.354,0.366,0.372,113.864,G
1.177,1.066,0.919,0.883,0.741,0.969,0.658,0.322,0.336,0.322,1.177,1.066,0.919,0.883,0.741,0.969,0.658,0.322,0.336,0.322,112.161,G
1.166,1.058,0.912,0.888,0.694,1.004,0.665,0.328,0.336,0.354,1.166,1.058,0.912,0.888,0.694,1.004,0.665,0.328,0.336,0.354,112.805,G
1.146,1.056,0.918,0.89,0.702,1.009,0.675,0.332,0.343,0.349,1.146,1.056,0.918,0.89,0.702,1.009,0.675,0.332,0.343,0.349,109.877,G
1.164,1.047,0.913,0.881,0.681,0.973,0.653,0.317,0.336,0.338,1.164,1.047,0.913,0.881,0.681,0.973,0.653,0.317,0.336,0.338,112.929,G
1.157,1.066,0.91,0.869,0.695,0.97,0.643,0.321,0.321,0.341,1.157,1.066,0.91,0.869,0.695,0.97,0.643,0.321,0.321,0.341,109.986,G
1.169,1.064,0.91,0.884,0.705,0.996,0.666,0.329,0.337,0.343,1.169,1.064,0.91,0.884,0.705,0.996,0.666,0.329,0.337,0.343,112.929,G
1.176,1.057,0.919,0.89,0.736,0.966,0.649,0.314,0.335,0.33,1.176,1.057,0.919,0.89,0.736,0.966,0.649,0.314,0.335,0.33,112.929,G
1.222,1.053,0.906,0.87,0.757,0.889,0.607,0.295,0.312,0.297,1.222,1.053,0.906,0.87,0.757,0.889,0.607,0.295,0.312,0.297,115.802,G
1.217,1.051,0.926,0.902,0.778,0.913,0.606,0.293,0.313,0.321,1.217,1.051,0.926,0.902,0.778,0.913,0.606,0.293,0.313,0.321,117.004,G
1.158,1.058,0.911,0.878,0.683,0.981,0.665,0.323,0.342,0.329,1.158,1.058,0.911,0.878,0.683,0.981,0.665,0.323,0.342,0.329,116.276,G
1.161,1.063,0.91,0.888,0.671,1.03,0.692,0.333,0.36,0.349,1.161,1.063,0.91,0.888,0.671,1.03,0.692,0.333,0.36,0.349,118.343,G
1.124,1.055,0.896,0.863,0.647,1.054,0.718,0.35,0.368,0.355,1.124,1.055,0.896,0.863,0.647,1.054,0.718,0.35,0.368,0.355,114.691,G
1.184,1.065,0.925,0.894,0.716,0.942,0.624,0.301,0.323,0.327,1.184,1.065,0.925,0.894,0.716,0.942,0.624,0.301,0.323,0.327,114.477,G
0.739,0.982,0.878,0.602,0.481,1.014,1.002,0.706,0.297,0.107,0.739,0.982,0.878,0.602,0.481,1.014,1.002,0.706,0.297,0.107,105.546,H
0.739,0.982,0.878,0.602,0.481,1.014,1.002,0.706,0.297,0.107,0.739,0.982,0.878,0.602,0.481,1.014,1.002,0.706,0.297,0.107,105.546,H
0.739,0.982,0.878,0.602,0.481,1.014,1.002,0.706,0.297,0.107,0.739,0.982,0.878,0.602,0.481,1.014,1.002,0.706,0.297,0.107,105.546,H
0.739,0.982,0.878,0.602,0.481,1.014,1.002,0.706,0.297,0.107,0.739,0.982,0.878,0.602,0.481,1.014,1.002,0.706,0.297,0.107,105.546,H
0.739,0.982,0.878,0.602,0.481,1.014,1.002,0.706,0.297,0.107,0.739,0.982,0.878,0.602,0.481,1.014,1.002,0.706,0.297,0.107,105.546,H
0.739,0.982,0.878,0.602,0.481,1.014,1.002,0.706,0.297,0.107,0.739,0.982,0.878,0.602,0.481,1.014,1.002,0.706,0.297,0.107,105.546,H
0.739,0.982,0.878,0.602,0.481,1.014,1.002,0.706,0.297,0.107,0.739,0.982,0.878,0.602,0.481,1.014,1.002,0.706,0.297,0.107,105.546,H
0.739,0.982,0.878,0.602,0.481,1.014,1.002,0.706,0.297,0.107,0.739,0.982,0.878,0.602,0.481,1.014,1.002,0.706,0.297,0.107,105.546,H
0.739,0.982,0.878,0.602,0.481,1.014,1.002,0.706,0.297,0.107,0.739,0.982,0.878,0.602,0.481,1.014,1.002,0.706,0.297,0.107,105.546,H
0.739,0.982,0.878,0.602,0.481,1.014,1.002,0.706,0.297,0.107,0.739,0.982,0.878,0.602,0.481,1.014,1.002,0.706,0.297,0.107,105.546,H
0.739,0.982,0.878,0.602,0.481,1.014,1.002,0.706,0.297,0.107,0.739,0.982,0.878,0.602,0.481,1.014,1.002,0.706,0.297,0.107,105.546,H
0.739,0.982,0.878,0.602,0.481,1.014,1.002,0.706,0.297,0.107,0.739,0.982,0.878,0.602,0.481,1.014,1.002,0.706,0.297,0.107,105.546,H
0.739,0.982,0.878,0.602,0.481,1.014,1.002,0.706,0.297,0.107,0.739,0.982,0.878,0.602,0.481,1.014,1.002,0.706,0.297,0.107,105.546,H
0.739,0.982,0.878,0.602,0.481,1.014,1.002,0.706,0.297,0.107,0.739,0.982,0.878,0.602,0.481,1.014,1.002,0.706,0.297,0.107,105.546,H
0.739,0.982,0.878,0.602,0.481,1.014,1.002,0.706,0.297,0.107,0.739,0.982,0.878,0.602,0.481,1.014,1.002,0.706,0.297,0.107,105.546,H
0.739,0.982,0.878,0.602,0.481,1.014,1.002,0.706,0.297,0.107,0.739,0.982,0.878,0.602,0.481,1.014,1.002,0.706,0.297,0.107,105.546,H
0.739,0.982,0.878,0.602,0.481,1.014,1.002,0.706,0.297,0.107,0.739,0.982,0.878,0.602,0.481,1.014,1.002,0.706,0.297,0.107,105.546,H
0.739,0.982,0.878,0.602,0.481,1.014,1.002,0.706,0.297,0.107,0.739,0.982,0.878,0.602,0.481,1.014,1.002,0.706,0.297,0.107,105.546,H
0.739,0.982,0.878,0.602,0.481,1.014,1.002,0.706,0.297,0.107,0.739,0.982,0.878,0.602,0.481,1.014,1.002,0.706,0.297,0.107,105.546,H
0.739,0.982,0.878,0.602,0.481,1.014,1.002,0.706,0.297,0.107,0.739,0.982,0.878,0.602,0.481,1.014,1.002,0.706,0.297,0.107,105.546,H
0.739,0.982,0.878,0.602,0.481,1.014,1.002,0.706,0.297,0.107,0.739,0.982,0.878,0.602,0.481,1.014,1.002,0.706,0.297,0.107,105.546,H
1.495,1.194,0.924,2.137,1.198,1.266,1.181,1.107,0.173,0.229,1.495,1.194,0.924,2.137,1.198,1.266,1.181,1.107,0.173,0.229,162.788,I
1.495,1.194,0.924,2.137,1.198,1.266,1.181,1.107,0.173,0.229,1.495,1.194,0.924,2.137,1.198,1.266,1.181,1.107,0.173,0.229,162.788,I
1.495,1.194,0.924,2.137,1.198,1.266,1.181,1.107,0.173,0.229,1.495,1.194,0.924,2.137,1.198,1.266,1.181,1.107,0.173,0.229,162.788,I
1.495,1.194,0.924,2.137,1.198,1.266,1.181,1.107,0.173,0.229,1.495,1.194,0.924,2.137,1.198,1.266,1.181,1.107,0.173,0.229,162.788,I
1.495,1.194,0.924,2.137,1.198,1.266,1.181,1.107,0.173,0.229,1.495,1.194,0.924,2.137,1.198,1.266,1.181,1.107,0.173,0.229,162.788,I
1.495,1.194,0.924,2.137,1.198,1.266,1.181,1.107,0.173,0.229,1.495,1.194,0.924,2.137,1.198,1.266,1.181,1.107,0.173,0.229,162.788,I
1.495,1.194,0.924,2.137,1.198,1.266,1.181,1.107,0.173,0.229,1.495,1.194,0.924,2.137,1.198,1.266,1.181,1.107,0.173,0.229,162.788,I
1.495,1.194,0.924,2.137,1.198,1.266,1.181,1.107,0.173,0.229,1.495,1.194,0.924,2.137,1.198,1.266,1.181,1.107,0.173,0.229,162.788,I
1.495,1.194,0.924,2.137,1.198,1.266,1.181,1.107,0.173,0.229,1.495,1.194,0.924,2.137,1.198,1.266,1.181,1.107,0.173,0.229,162.788,I
1.495,1.194,0.924,2.137,1.198,1.266,1.181,1.107,0.173,0.229,1.495,1.194,0.924,2.137,1.198,1.266,1.181,1.107,0.173,0.229,162.788,I
1.495,1.194,0.924,2.137,1.198,1.266,1.181,1.107,0.173,0.229,1.495,1.194,0.924,2.137,1.198,1.266,1.181,1.107,0.173,0.229,162.788,I
1.495,1.194,0.924,2.137,1.198,1.266,1.181,1.107,0.173,0.229,1.495,1.194,0.924,2.137,1.198,1.266,1.181,1.107,0.173,0.229,162.788,I
1.495,1.194,0.924,2.137,1.198,1.266,1.181,1.107,0.173,0.229,1.495,1.194,0.924,2.137,1.198,1.266,1.181,1.107,0.173,0.229,162.788,I
1.495,1.194,0.924,2.137,1.198,1.266,1.181,1.107,0.173,0.229,1.495,1.194,0.924,2.137,1.198,1.266,1.181,1.107,0.173,0.229,162.788,I
1.495,1.194,0.924,2.137,1.198,1.266,1.181,1.107,0.173,0.229,1.495,1.194,0.924,2.137,1.198,1.266,1.181,1.107,0.173,0.229,162.788,I
1.495,1.194,0.924,2.137,1.198,1.266,1.181,1.107,0.173,0.229,1.495,1.194,0.924,2.137,1.198,1.266,1.181,1.107,0.173,0.229,162.788,I
1.495,1.194,0.924,2.137,1.198,1.266,1.181,1.107,0.173,0.229,1.495,1.194,0.924,2.137,1.198,1.266,1.181,1.107,0.173,0.229,162.788,I
1.495,1.194,0.924,2.137,1.198,1.266,1.181,1.107,0.173,0.229,1.495,1.194,0.924,2.137,1.198,1.266,1.181,1.107,0.173,0.229,162.788,I
1.495,1.194,0.924,2.137,1.198,1.266,1.181,1.107,0.173,0.229,1.495,1.194,0.924,2.137,1.198,1.266,1.181,1.107,0.173,0.229,162.788,I
1.495,1.194,0.924,2.137,1.198,1.266,1.181,1.107,0.173,0.229,1.495,1.194,0.924,2.137,1.198,1.266,1.181,1.107,0.173,0.229,162.788,I
1.495,1.194,0.924,2.137,1.198,1.266,1.181,1.107,0.173,0.229,1.495,1.194,0.924,2.137,1.198,1.266,1.181,1.107,0.173,0.229,162.788,I
2.818,4.272,0.555,0.548,2.924,1.37,0.348,0.16,0.19,1.141,2.818,4.272,0.555,0.548,2.924,1.37,0.348,0.16,0.19,1.141,5,J
1.486,1.276,0.72,0.46,1.133,0.781,0.478,0.248,0.312,0.454,1.486,1.276,0.72,0.46,1.133,0.781,0.478,0.248,0.312,0.454,67.082,J
1.369,1.227,0.716,0.484,1.308,0.857,0.524,0.21,0.341,0.447,1.369,1.227,0.716,0.484,1.308,0.857,0.524,0.21,0.341,0.447,64.777,J
1.404,1.287,0.697,0.439,1.364,0.903,0.535,0.213,0.368,0.501,1.404,1.287,0.697,0.439,1.364,0.903,0.535,0.213,0.368,0.501,69.584,J
1.069,1.297,0.714,0.48,1.022,1.189,0.68,0.28,0.43,0.656,1.069,1.297,0.714,0.48,1.022,1.189,0.68,0.28,0.43,0.656,84.345,J
0.902,1.26,0.671,0.41,0.697,1.481,0.912,0.382,0.567,0.838,0.902,1.26,0.671,0.41,0.697,1.481,0.912,0.382,0.567,0.838,89.805,J
0.902,1.26,0.671,0.41,0.697,1.481,0.912,0.382,0.567,0.838,0.902,1.26,0.671,0.41,0.697,1.481,0.912,0.382,0.567,0.838,89.805,J
0.902,1.26,0.671,0.41,0.697,1.481,0.912,0.382,0.567,0.838,0.902,1.26,0.671,0.41,0.697,1.481,0.912,0.382,0.567,0.838,89.805,J
0.902,1.26,0.671,0.41,0.697,1.481,0.912,0.382,0.567,0.838,0.902,1.26,0.671,0.41,0.697,1.481,0.912,0.382,0.567,0.838,89.805,J
1.68,1.39,0.582,0.206,1.772,0.803,0.521,0.238,0.325,0.434,1.68,1.39,0.582,0.206,1.772,0.803,0.521,0.238,0.325,0.434,72.25,J
1.953,1.603,0.556,0.186,2.131,0.825,0.519,0.263,0.312,0.377,1.953,1.603,0.556,0.186,2.131,0.825,0.519,0.263,0.312,0.377,71.063,J
1.767,1.788,0.559,0.226,1.554,1.015,0.499,0.224,0.3,0.631,1.767,1.788,0.559,0.226,1.554,1.015,0.499,0.224,0.3,0.631,70.612,J
1.515,1.785,0.589,0.346,1.328,1.193,0.519,0.189,0.425,0.77,1.515,1.785,0.589,0.346,1.328,1.193,0.519,0.189,0.425,0.77,71.568,J
1.765,1.802,0.402,0.105,1.704,1.021,0.575,0.232,0.351,0.566,1.765,1.802,0.402,0.105,1.704,1.021,0.575,0.232,0.351,0.566,67.365,J
1.207,2.568,0.513,0.212,1.017,2.316,0.8,0.323,0.479,1.691,1.207,2.568,0.513,0.212,1.017,2.316,0.8,0.323,0.479,1.691,74.33,J
2.337,3.538,0.634,0.602,2.322,1.353,0.369,0.18,0.195,1.11,2.337,3.538,0.634,0.602,2.322,1.353,0.369,0.18,0.195,1.11,19.209,J
2.337,3.538,0.634,0.602,2.322,1.353,0.369,0.18,0.195,1.11,2.337,3.538,0.634,0.602,2.322,1.353,0.369,0.18,0.195,1.11,19.209,J
1.236,1.109,0.784,0.605,1.157,0.828,0.497,0.21,0.298,0.457,1.236,1.109,0.784,0.605,1.157,0.828,0.497,0.21,0.298,0.457,76.118,J
1.25,1.178,0.862,0.691,1.233,0.793,0.395,0.164,0.263,0.476,1.25,1.178,0.862,0.691,1.233,0.793,0.395,0.164,0.263,0.476,73,J
1.187,1.268,0.762,0.571,1.122,0.974,0.541,0.216,0.344,0.514,1.187,1.268,0.762,0.571,1.122,0.974,0.541,0.216,0.344,0.514,76.026,J
1.021,1.187,0.655,0.547,0.984,0.972,0.605,0.185,0.421,0.463,1.021,1.187,0.655,0.547,0.984,0.972,0.605,0.185,0.421,0.463,86.701,J
1.189,1.657,0.672,0.585,0.606,1.815,0.697,0.16,0.544,1.128,1.189,1.657,0.672,0.585,0.606,1.815,0.697,0.16,0.544,1.128,76.844,K
1.165,1.623,0.629,0.514,0.652,1.728,0.748,0.19,0.571,1.006,1.165,1.623,0.629,0.514,0.652,1.728,0.748,0.19,0.571,1.006,74.632,K
1.237,1.724,0.673,0.552,0.685,1.731,0.663,0.196,0.477,1.069,1.237,1.724,0.673,0.552,0.685,1.731,0.663,0.196,0.477,1.069,74.202,K
1.19,1.598,0.625,0.529,0.664,1.644,0.714,0.154,0.565,0.954,1.19,1.598,0.625,0.529,0.664,1.644,0.714,0.154,0.565,0.954,71.561,K
1.169,1.619,0.648,0.555,0.616,1.762,0.733,0.191,0.572,1.037,1.169,1.619,0.648,0.555,0.616,1.762,0.733,0.191,0.572,1.037,74.632,K
1.222,1.643,0.654,0.579,0.655,1.681,0.675,0.159,0.534,1.006,1.222,1.643,0.654,0.579,0.655,1.681,0.675,0.159,0.534,1.006,71.028,K
1.222,1.658,0.635,0.534,0.693,1.668,0.689,0.165,0.529,0.988,1.222,1.658,0.635,0.534,0.693,1.668,0.689,0.165,0.529,0.988,64.637,K
1.299,1.652,0.675,0.586,0.718,1.523,0.608,0.172,0.456,0.916,1.299,1.652,0.675,0.586,0.718,1.523,0.608,0.172,0.456,0.916,70.803,K
1.262,1.595,0.654,0.542,0.723,1.478,0.645,0.189,0.479,0.833,1.262,1.595,0.654,0.542,0.723,1.478,0.645,0.189,0.479,0.833,69.635,K
1.256,1.579,0.653,0.542,0.714,1.47,0.651,0.171,0.487,0.819,1.256,1.579,0.653,0.542,0.714,1.47,0.651,0.171,0.487,0.819,72.622,K
1.256,1.62,0.671,0.567,0.691,1.549,0.64,0.174,0.477,0.91,1.256,1.62,0.671,0.567,0.691,1.549,0.64,0.174,0.477,0.91,71.028,K
1.334,1.642,0.669,0.567,0.777,1.417,0.579,0.158,0.429,0.838,1.334,1.642,0.669,0.567,0.777,1.417,0.579,0.158,0.429,0.838,67.119,K
1.304,1.607,0.647,0.531,0.781,1.403,0.612,0.159,0.455,0.794,1.304,1.607,0.647,0.531,0.781,1.403,0.612,0.159,0.455,0.794,66.37,K
1.328,1.61,0.671,0.541,0.788,1.368,0.593,0.179,0.418,0.776,1.328,1.61,0.671,0.541,0.788,1.368,0.593,0.179,0.418,0.776,64.637,K
1.292,1.619,0.644,0.523,0.779,1.43,0.618,0.16,0.459,0.823,1.292,1.619,0.644,0.523,0.779,1.43,0.618,0.16,0.459,0.823,65,K
1.313,1.626,0.664,0.566,0.751,1.436,0.592,0.149,0.45,0.844,1.313,1.626,0.664,0.566,0.751,1.436,0.592,0.149,0.45,0.844,63.82,K
1.277,1.63,0.68,0.606,0.674,1.556,0.61,0.182,0.475,0.945,1.277,1.63,0.68,0.606,0.674,1.556,0.61,0.182,0.475,0.945,72.801,K
1.286,1.643,0.672,0.561,0.727,1.514,0.621,0.179,0.452,0.893,1.286,1.643,0.672,0.561,0.727,1.514,0.621,0.179,0.452,0.893,70.605,K
1.27,1.603,0.67,0.578,0.694,1.504,0.626,0.16,0.478,0.878,1.27,1.603,0.67,0.578,0.694,1.504,0.626,0.16,0.478,0.878,71.84,K
1.311,1.649,0.689,0.568,0.746,1.475,0.606,0.187,0.423,0.872,1.311,1.649,0.689,0.568,0.746,1.475,0.606,0.187,0.423,0.872,72.201,K
1.328,1.62,0.675,0.573,0.764,1.4,0.577,0.157,0.427,0.823,1.328,1.62,0.675,0.573,0.764,1.4,0.577,0.157,0.427,0.823,68.264,K
2.031,1.253,0.557,0.478,2.199,0.537,0.416,0.175,0.243,0.122,2.031,1.253,0.557,0.478,2.199,0.537,0.416,0.175,0.243,0.122,32.016,L
2.031,1.253,0.557,0.478,2.199,0.537,0.416,0.175,0.243,0.122,2.031,1.253,0.557,0.478,2.199,0.537,0.416,0.175,0.243,0.122,32.016,L
2.031,1.253,0.557,0.478,2.199,0.537,0.416,0.175,0.243,0.122,2.031,1.253,0.557,0.478,2.199,0.537,0.416,0.175,0.243,0.122,32.016,L
2.031,1.253,0.557,0.478,2.199,0.537,0.416,0.175,0.243,0.122,2.031,1.253,0.557,0.478,2.199,0.537,0.416,0.175,0.243,0.122,32.016,L
2.031,1.253,0.557,0.478,2.199,0.537,0.416,0.175,0.243,0.122,2.031,1.253,0.557,0.478,2.199,0.537,0.416,0.175,0.243,0.122,32.016,L
1.87,1.33,0.56,0.536,2.038,0.596,0.451,0.175,0.278,0.162,1.87,1.33,0.56,0.536,2.038,0.596,0.451,0.175,0.278,0.162,40.05,L
2.047,3.273,0.655,0.528,2.145,1.333,0.387,0.18,0.207,1.102,2.047,3.273,0.655,0.528,2.145,1.333,0.387,0.18,0.207,1.102,19.647,L
2.047,3.273,0.655,0.528,2.145,1.333,0.387,0.18,0.207,1.102,2.047,3.273,0.655,0.528,2.145,1.333,0.387,0.18,0.207,1.102,19.647,L
2.047,3.273,0.655,0.528,2.145,1.333,0.387,0.18,0.207,1.102,2.047,3.273,0.655,0.528,2.145,1.333,0.387,0.18,0.207,1.102,19.647,L
1.928,3.212,0.54,0.437,2.104,1.413,0.441,0.189,0.253,1.073,1.928,3.212,0.54,0.437,2.104,1.413,0.441,0.189,0.253,1.073,28.071,L
2.155,3.715,0.596,0.484,2.23,1.492,0.38,0.173,0.21,1.267,2.155,3.715,0.596,0.484,2.23,1.492,0.38,0.173,0.21,1.267,19.026,L
2.155,3.715,0.596,0.484,2.23,1.492,0.38,0.173,0.21,1.267,2.155,3.715,0.596,0.484,2.23,1.492,0.38,0.173,0.21,1.267,19.026,L
2.08,3.921,0.555,0.42,2.258,1.628,0.428,0.2,0.229,1.335,2.08,3.921,0.555,0.42,2.258,1.628,0.428,0.2,0.229,1.335,25,L
2.08,3.921,0.555,0.42,2.258,1.628,0.428,0.2,0.229,1.335,2.08,3.921,0.555,0.42,2.258,1.628,0.428,0.2,0.229,1.335,25,L
1.684,1.579,0.741,0.85,1.841,0.907,0.484,0.204,0.285,0.423,1.684,1.579,0.741,0.85,1.841,0.907,0.484,0.204,0.285,0.423,97.329,L
2.432,1.937,0.491,0.431,2.786,0.788,0.418,0.17,0.251,0.38,2.432,1.937,0.491,0.431,2.786,0.788,0.418,0.17,0.251,0.38,99.202,L
2.127,1.422,0.438,0.267,2.134,0.708,0.513,0.246,0.27,0.198,2.127,1.422,0.438,0.267,2.134,0.708,0.513,0.246,0.27,0.198,104.695,L
1.137,1.502,0.413,0.416,1.39,1.265,0.905,0.407,0.499,0.363,1.137,1.502,0.413,0.416,1.39,1.265,0.905,0.407,0.499,0.363,96.421,L
1.435,1.708,0.603,0.454,1.581,1.035,0.598,0.271,0.327,0.45,1.435,1.708,0.603,0.454,1.581,1.035,0.598,0.271,0.327,0.45,61.612,L
1.988,2.616,0.67,0.581,2.149,1.067,0.397,0.195,0.203,0.758,1.988,2.616,0.67,0.581,2.149,1.067,0.397,0.195,0.203,0.758,25.318,L
1.988,2.616,0.67,0.581,2.149,1.067,0.397,0.195,0.203,0.758,1.988,2.616,0.67,0.581,2.149,1.067,0.397,0.195,0.203,0.758,25.318,L
0.575,0.885,0.944,0.765,0.832,0.685,0.587,0.414,0.184,0.261,0.575,0.885,0.944,0.765,0.832,0.685,0.587,0.414,0.184,0.261,102.825,M
0.585,0.894,0.948,0.756,0.847,0.672,0.578,0.409,0.184,0.248,0.585,0.894,0.948,0.756,0.847,0.672,0.578,0.409,0.184,0.248,100.285,M
0.587,0.907,0.96,0.762,0.831,0.688,0.578,0.412,0.188,0.249,0.587,0.907,0.96,0.762,0.831,0.688,0.578,0.412,0.188,0.249,97.867,M
0.575,0.904,0.956,0.766,0.838,0.693,0.574,0.422,0.166,0.26,0.575,0.904,0.956,0.766,0.838,0.693,0.574,0.422,0.166,0.26,101.272,M
0.577,0.888,0.946,0.762,0.858,0.667,0.567,0.41,0.166,0.257,0.577,0.888,0.946,0.762,0.858,0.667,0.567,0.41,0.166,0.257,101.607,M
0.576,0.889,0.948,0.759,0.847,0.691,0.585,0.422,0.175,0.264,0.576,0.889,0.948,0.759,0.847,0.691,0.585,0.422,0.175,0.264,100.717,M
0.557,0.897,0.947,0.761,0.805,0.72,0.622,0.442,0.194,0.254,0.557,0.897,0.947,0.761,0.805,0.72,0.622,0.442,0.194,0.254,95.131,M
0.586,0.899,0.953,0.762,0.853,0.695,0.599,0.425,0.192,0.24,0.586,0.899,0.953,0.762,0.853,0.695,0.599,0.425,0.192,0.24,105.076,M
0.578,0.901,0.949,0.765,0.844,0.692,0.599,0.423,0.189,0.235,0.578,0.901,0.949,0.765,0.844,0.692,0.599,0.423,0.189,0.235,101.119,M
0.588,0.885,0.949,0.753,0.857,0.679,0.598,0.426,0.188,0.243,0.588,0.885,0.949,0.753,0.857,0.679,0.598,0.426,0.188,0.243,102.956,M
0.579,0.892,0.945,0.763,0.853,0.677,0.586,0.414,0.184,0.242,0.579,0.892,0.945,0.763,0.853,0.677,0.586,0.414,0.184,0.242,100.975,M
0.551,0.893,0.949,0.759,0.798,0.726,0.631,0.447,0.2,0.257,0.551,0.893,0.949,0.759,0.798,0.726,0.631,0.447,0.2,0.257,94.085,M
0.573,0.896,0.951,0.764,0.805,0.713,0.614,0.437,0.193,0.255,0.573,0.896,0.951,0.764,0.805,0.713,0.614,0.437,0.193,0.255,102.396,M
0.583,0.91,0.965,0.763,0.818,0.709,0.606,0.447,0.181,0.24,0.583,0.91,0.965,0.763,0.818,0.709,0.606,0.447,0.181,0.24,97.739,M
0.591,0.896,0.944,0.749,0.838,0.682,0.594,0.43,0.175,0.243,0.591,0.896,0.944,0.749,0.838,0.682,0.594,0.43,0.175,0.243,102.108,M
0.59,0.887,0.946,0.756,0.833,0.69,0.593,0.423,0.182,0.263,0.59,0.887,0.946,0.756,0.833,0.69,0.593,0.423,0.182,0.263,102.703,M
0.578,0.895,0.955,0.77,0.83,0.682,0.577,0.416,0.176,0.255,0.578,0.895,0.955,0.77,0.83,0.682,0.577,0.416,0.176,0.255,101.272,M
0.562,0.89,0.969,0.78,0.807,0.704,0.593,0.416,0.204,0.266,0.562,0.89,0.969,0.78,0.807,0.704,0.593,0.416,0.204,0.266,99.247,M
0.578,0.891,0.97,0.786,0.836,0.653,0.553,0.374,0.21,0.247,0.578,0.891,0.97,0.786,0.836,0.653,0.553,0.374,0.21,0.247,98.995,M
0.563,0.892,0.975,0.777,0.826,0.679,0.56,0.393,0.203,0.272,0.563,0.892,0.975,0.777,0.826,0.679,0.56,0.393,0.203,0.272,98.732,M
0.564,0.897,0.981,0.789,0.803,0.703,0.577,0.403,0.213,0.271,0.564,0.897,0.981,0.789,0.803,0.703,0.577,0.403,0.213,0.271,99.323,M
0.591,0.91,0.955,0.757,0.786,0.73,0.605,0.43,0.195,0.274,0.591,0.91,0.955,0.757,0.786,0.73,0.605,0.43,0.195,0.274,135.148,N
0.583,0.906,0.952,0.757,0.783,0.726,0.611,0.43,0.2,0.267,0.583,0.906,0.952,0.757,0.783,0.726,0.611,0.43,0.2,0.267,133.881,N
0.603,0.906,0.948,0.759,0.792,0.709,0.595,0.418,0.193,0.263,0.603,0.906,0.948,0.759,0.792,0.709,0.595,0.418,0.193,0.263,144.309,N
0.604,0.914,0.952,0.752,0.772,0.725,0.616,0.44,0.196,0.255,0.604,0.914,0.952,0.752,0.772,0.725,0.616,0.44,0.196,0.255,138.741,N
0.593,0.911,0.958,0.762,0.771,0.73,0.613,0.442,0.191,0.263,0.593,0.911,0.958,0.762,0.771,0.73,0.613,0.442,0.191,0.263,136.795,N
0.603,0.907,0.952,0.757,0.782,0.719,0.616,0.43,0.208,0.253,0.603,0.907,0.952,0.757,0.782,0.719,0.616,0.43,0.208,0.253,137.539,N
0.598,0.922,0.959,0.764,0.765,0.732,0.614,0.439,0.197,0.251,0.598,0.922,0.959,0.764,0.765,0.732,0.614,0.439,0.197,0.251,139.714,N
0.6,0.913,0.944,0.752,0.772,0.726,0.608,0.426,0.197,0.268,0.6,0.913,0.944,0.752,0.772,0.726,0.608,0.426,0.197,0.268,135.093,N
0.594,0.912,0.94,0.753,0.752,0.736,0.622,0.438,0.194,0.268,0.594,0.912,0.94,0.753,0.752,0.736,0.622,0.438,0.194,0.268,144.368,N
0.59,0.907,0.95,0.758,0.769,0.721,0.616,0.438,0.194,0.258,0.59,0.907,0.95,0.758,0.769,0.721,0.616,0.438,0.194,0.258,132.22,N
0.599,0.907,0.95,0.751,0.775,0.713,0.611,0.434,0.196,0.256,0.599,0.907,0.95,0.751,0.775,0.713,0.611,0.434,0.196,0.256,138.246,N
0.588,0.911,0.951,0.766,0.75,0.723,0.617,0.437,0.196,0.254,0.588,0.911,0.951,0.766,0.75,0.723,0.617,0.437,0.196,0.254,137.102,N
0.606,0.92,0.949,0.749,0.762,0.719,0.623,0.444,0.197,0.236,0.606,0.92,0.949,0.749,0.762,0.719,0.623,0.444,0.197,0.236,141.4,N
0.584,0.916,0.955,0.766,0.762,0.729,0.623,0.448,0.192,0.244,0.584,0.916,0.955,0.766,0.762,0.729,0.623,0.448,0.192,0.244,135.823,N
0.6,0.915,0.946,0.757,0.785,0.717,0.616,0.432,0.199,0.24,0.6,0.915,0.946,0.757,0.785,0.717,0.616,0.432,0.199,0.24,133.881,N
0.602,0.922,0.953,0.759,0.787,0.722,0.618,0.438,0.198,0.233,0.602,0.922,0.953,0.759,0.787,0.722,0.618,0.438,0.198,0.233,135.366,N
0.603,0.914,0.949,0.765,0.776,0.719,0.621,0.435,0.201,0.235,0.603,0.914,0.949,0.765,0.776,0.719,0.621,0.435,0.201,0.235,141.156,N
0.592,0.92,0.952,0.753,0.752,0.738,0.638,0.457,0.2,0.24,0.592,0.92,0.952,0.753,0.752,0.738,0.638,0.457,0.2,0.24,132.004,N
0.611,0.916,0.964,0.755,0.761,0.715,0.621,0.463,0.182,0.237,0.611,0.916,0.964,0.755,0.761,0.715,0.621,0.463,0.182,0.237,136.062,N
0.592,0.912,0.943,0.753,0.729,0.734,0.631,0.444,0.201,0.258,0.592,0.912,0.943,0.753,0.729,0.734,0.631,0.444,0.201,0.258,133.754,N
0.596,0.901,0.954,0.752,0.747,0.721,0.626,0.455,0.19,0.261,0.596,0.901,0.954,0.752,0.747,0.721,0.626,0.455,0.19,0.261,140.186,N
0.974,0.967,1.011,0.932,0.162,0.23,0.429,0.527,0.143,0.256,0.974,0.967,1.011,0.932,0.162,0.23,0.429,0.527,0.143,0.256,2.236,O
0.974,0.967,1.011,0.932,0.162,0.23,0.429,0.527,0.143,0.256,0.974,0.967,1.011,0.932,0.162,0.23,0.429,0.527,0.143,0.256,2.236,O
0.974,0.967,1.011,0.932,0.162,0.23,0.429,0.527,0.143,0.256,0.974,0.967,1.011,0.932,0.162,0.23,0.429,0.527,0.143,0.256,2.236,O
0.974,0.967,1.011,0.932,0.162,0.23,0.429,0.527,0.143,0.256,0.974,0.967,1.011,0.932,0.162,0.23,0.429,0.527,0.143,0.256,2.236,O
0.974,0.967,1.011,0.932,0.162,0.23,0.429,0.527,0.143,0.256,0.974,0.967,1.011,0.932,0.162,0.23,0.429,0.527,0.143,0.256,2.236,O
0.974,0.967,1.011,0.932,0.162,0.23,0.429,0.527,0.143,0.256,0.974,0.967,1.011,0.932,0.162,0.23,0.429,0.527,0.143,0.256,2.236,O
0.967,0.994,0.994,0.939,0.142,0.438,0.455,0.438,0.072,0.072,0.967,0.994,0.994,0.939,0.142,0.438,0.455,0.438,0.072,0.072,3.606,O
0.967,0.994,0.994,0.939,0.142,0.438,0.455,0.438,0.072,0.072,0.967,0.994,0.994,0.939,0.142,0.438,0.455,0.438,0.072,0.072,3.606,O
0.967,0.994,0.994,0.939,0.142,0.438,0.455,0.438,0.072,0.072,0.967,0.994,0.994,0.939,0.142,0.438,0.455,0.438,0.072,0.072,3.606,O
0.967,0.983,1.009,0.944,0.205,0.221,0.279,0.349,0.21,0.099,0.967,0.983,1.009,0.944,0.205,0.221,0.279,0.349,0.21,0.099,1.414,O
0.967,0.983,1.009,0.944,0.205,0.221,0.279,0.349,0.21,0.099,0.967,0.983,1.009,0.944,0.205,0.221,0.279,0.349,0.21,0.099,1.414,O
0.98,1.015,1.014,0.942,0.191,0.385,0.308,0.397,0.196,0.077,0.98,1.015,1.014,0.942,0.191,0.385,0.308,0.397,0.196,0.077,1.414,O
0.98,1.015,1.014,0.942,0.191,0.385,0.308,0.397,0.196,0.077,0.98,1.015,1.014,0.942,0.191,0.385,0.308,0.397,0.196,0.077,1.414,O
0.98,1.015,1.014,0.942,0.191,0.385,0.308,0.397,0.196,0.077,0.98,1.015,1.014,0.942,0.191,0.385,0.308,0.397,0.196,0.077,1.414,O
0.98,1.015,1.014,0.942,0.191,0.385,0.308,0.397,0.196,0.077,0.98,1.015,1.014,0.942,0.191,0.385,0.308,0.397,0.196,0.077,1.414,O
0.98,1.015,1.014,0.942,0.191,0.385,0.308,0.397,0.196,0.077,0.98,1.015,1.014,0.942,0.191,0.385,0.308,0.397,0.196,0.077,1.414,O
0.973,1.006,0.997,0.942,0.189,0.339,0.309,0.322,0.119,0.053,0.973,1.006,0.997,0.942,0.189,0.339,0.309,0.322,0.119,0.053,1.414,O
0.973,1.006,0.997,0.942,0.189,0.339,0.309,0.322,0.119,0.053,0.973,1.006,0.997,0.942,0.189,0.339,0.309,0.322,0.119,0.053,1.414,O
0.973,1.006,0.997,0.942,0.189,0.339,0.309,0.322,0.119,0.053,0.973,1.006,0.997,0.942,0.189,0.339,0.309,0.322,0.119,0.053,1.414,O
0.973,1.006,0.997,0.942,0.189,0.339,0.309,0.322,0.119,0.053,0.973,1.006,0.997,0.942,0.189,0.339,0.309,0.322,0.119,0.053,1.414,O
0.973,1.006,0.997,0.942,0.189,0.339,0.309,0.322,0.119,0.053,0.973,1.006,0.997,0.942,0.189,0.339,0.309,0.322,0.119,0.053,1.414,O
1.22,2.534,0.722,0.615,0.607,3.314,0.634,0.188,0.466,2.823,1.22,2.534,0.722,0.615,0.607,3.314,0.634,0.188,0.466,2.823,103.586,P
1.246,2.543,0.729,0.598,0.65,3.131,0.618,0.207,0.421,2.655,1.246,2.543,0.729,0.598,0.65,3.131,0.618,0.207,0.421,2.655,103.947,P
1.276,2.584,0.734,0.627,0.654,3.129,0.571,0.168,0.413,2.706,1.276,2.584,0.734,0.627,0.654,3.129,0.571,0.168,0.413,2.706,101.966,P
1.253,2.587,0.714,0.605,0.65,3.196,0.607,0.181,0.446,2.726,1.253,2.587,0.714,0.605,0.65,3.196,0.607,0.181,0.446,2.726,102.703,P
1.25,2.587,0.732,0.589,0.668,3.106,0.616,0.216,0.406,2.629,1.25,2.587,0.732,0.589,0.668,3.106,0.616,0.216,0.406,2.629,105.929,P
1.255,2.629,0.763,0.625,0.643,3.227,0.584,0.218,0.372,2.743,1.255,2.629,0.763,0.625,0.643,3.227,0.584,0.218,0.372,2.743,103.697,P
1.243,2.506,0.713,0.61,0.635,3.139,0.615,0.169,0.453,2.66,1.243,2.506,0.713,0.61,0.635,3.139,0.615,0.169,0.453,2.66,101.71,P
1.262,2.537,0.76,0.624,0.642,3.118,0.587,0.223,0.377,2.629,1.262,2.537,0.76,0.624,0.642,3.118,0.587,0.223,0.377,2.629,103.697,P
1.251,2.604,0.747,0.636,0.619,3.319,0.588,0.191,0.413,2.838,1.251,2.604,0.747,0.636,0.619,3.319,0.588,0.191,0.413,2.838,103.484,P
1.226,2.514,0.749,0.643,0.585,3.385,0.613,0.208,0.435,2.884,1.226,2.514,0.749,0.643,0.585,3.385,0.613,0.208,0.435,2.884,104.69,P
1.235,2.512,0.718,0.609,0.626,3.205,0.629,0.198,0.452,2.676,1.235,2.512,0.718,0.609,0.626,3.205,0.629,0.198,0.452,2.676,102.703,P
1.228,2.551,0.724,0.612,0.621,3.263,0.627,0.202,0.449,2.737,1.228,2.551,0.724,0.612,0.621,3.263,0.627,0.202,0.449,2.737,104.69,P
1.221,2.548,0.725,0.65,0.572,3.519,0.618,0.171,0.485,3.001,1.221,2.548,0.725,0.65,0.572,3.519,0.618,0.171,0.485,3.001,104.58,P
1.216,2.543,0.743,0.651,0.565,3.542,0.625,0.194,0.456,3.002,1.216,2.543,0.743,0.651,0.565,3.542,0.625,0.194,0.456,3.002,103.586,P
1.242,2.488,0.739,0.692,0.549,3.523,0.574,0.158,0.477,3.025,1.242,2.488,0.739,0.692,0.549,3.523,0.574,0.158,0.477,3.025,101.71,P
1.244,2.626,0.726,0.711,0.54,3.861,0.588,0.247,0.51,3.303,1.244,2.626,0.726,0.711,0.54,3.861,0.588,0.247,0.51,3.303,101.4,P
1.266,2.587,0.721,0.733,0.538,3.761,0.537,0.197,0.52,3.261,1.266,2.587,0.721,0.733,0.538,3.761,0.537,0.197,0.52,3.261,99.85,P
1.232,2.615,0.72,0.691,0.541,3.8,0.59,0.199,0.524,3.267,1.232,2.615,0.72,0.691,0.541,3.8,0.59,0.199,0.524,3.267,103.586,P
1.21,2.54,0.728,0.686,0.525,3.813,0.62,0.207,0.523,3.265,1.21,2.54,0.728,0.686,0.525,3.813,0.62,0.207,0.523,3.265,102.703,P
1.244,2.561,0.713,0.677,0.567,3.569,0.574,0.108,0.507,3.11,1.244,2.561,0.713,0.677,0.567,3.569,0.574,0.108,0.507,3.11,103.247,P
1.233,2.575,0.728,0.697,0.538,3.771,0.589,0.18,0.506,3.241,1.233,2.575,0.728,0.697,0.538,3.771,0.589,0.18,0.506,3.241,102.703,P
0.534,0.564,0.759,0.609,0.748,1.055,0.933,0.546,0.392,0.913,0.534,0.564,0.759,0.609,0.748,1.055,0.933,0.546,0.392,0.913,93.776,Q
0.544,0.562,0.76,0.601,0.795,0.988,0.87,0.521,0.356,0.873,0.544,0.562,0.76,0.601,0.795,0.988,0.87,0.521,0.356,0.873,84.433,Q
0.552,0.572,0.763,0.616,0.823,0.972,0.84,0.504,0.344,0.835,0.552,0.572,0.763,0.616,0.823,0.972,0.84,0.504,0.344,0.835,80.056,Q
0.555,0.566,0.764,0.606,0.814,0.984,0.845,0.516,0.337,0.871,0.555,0.566,0.764,0.606,0.814,0.984,0.845,0.516,0.337,0.871,82.97,Q
0.533,0.56,0.754,0.607,0.787,1.016,0.89,0.534,0.366,0.889,0.533,0.56,0.754,0.607,0.787,1.016,0.89,0.534,0.366,0.889,86.377,Q
0.564,0.576,0.753,0.594,0.82,0.982,0.859,0.513,0.354,0.854,0.564,0.576,0.753,0.594,0.82,0.982,0.859,0.513,0.354,0.854,83.487,Q
0.562,0.556,0.762,0.603,0.831,0.966,0.852,0.516,0.342,0.849,0.562,0.556,0.762,0.603,0.831,0.966,0.852,0.516,0.342,0.849,81.271,Q
0.561,0.569,0.765,0.608,0.801,1.003,0.874,0.526,0.354,0.868,0.561,0.569,0.765,0.608,0.801,1.003,0.874,0.526,0.354,0.868,86.683,Q
0.563,0.574,0.765,0.619,0.839,0.985,0.847,0.521,0.333,0.833,0.563,0.574,0.765,0.619,0.839,0.985,0.847,0.521,0.333,0.833,84.119,Q
0.549,0.554,0.758,0.602,0.809,0.994,0.88,0.534,0.354,0.875,0.549,0.554,0.758,0.602,0.809,0.994,0.88,0.534,0.354,0.875,85.703,Q
0.577,0.588,0.773,0.607,0.825,0.985,0.849,0.513,0.339,0.834,0.577,0.588,0.773,0.607,0.825,0.985,0.849,0.513,0.339,0.834,83.815,Q
0.556,0.569,0.775,0.615,0.835,0.982,0.848,0.525,0.328,0.839,0.556,0.569,0.775,0.615,0.835,0.982,0.848,0.525,0.328,0.839,82.861,Q
0.56,0.584,0.779,0.613,0.802,1.023,0.865,0.526,0.342,0.874,0.56,0.584,0.779,0.613,0.802,1.023,0.865,0.526,0.342,0.874,88.6,Q
0.54,0.56,0.767,0.61,0.745,1.068,0.942,0.566,0.381,0.927,0.54,0.56,0.767,0.61,0.745,1.068,0.942,0.566,0.381,0.927,97.499,Q
0.573,0.557,0.768,0.612,0.841,0.981,0.852,0.522,0.335,0.853,0.573,0.557,0.768,0.612,0.841,0.981,0.852,0.522,0.335,0.853,81.32,Q
0.563,0.572,0.767,0.606,0.815,1,0.87,0.513,0.359,0.859,0.563,0.572,0.767,0.606,0.815,1,0.87,0.513,0.359,0.859,85.726,Q
0.563,0.574,0.766,0.61,0.826,0.985,0.86,0.519,0.345,0.836,0.563,0.574,0.766,0.61,0.826,0.985,0.86,0.519,0.345,0.836,84.202,Q
0.567,0.565,0.763,0.606,0.811,1.003,0.869,0.523,0.352,0.876,0.567,0.565,0.763,0.606,0.811,1.003,0.869,0.523,0.352,0.876,83.815,Q
0.548,0.556,0.771,0.618,0.806,0.991,0.881,0.531,0.353,0.848,0.548,0.556,0.771,0.618,0.806,0.991,0.881,0.531,0.353,0.848,87.316,Q
0.562,0.58,0.758,0.597,0.815,1.016,0.883,0.537,0.351,0.87,0.562,0.58,0.758,0.597,0.815,1.016,0.883,0.537,0.351,0.87,85.726,Q
0.568,0.579,0.77,0.616,0.834,0.985,0.855,0.505,0.352,0.823,0.568,0.579,0.77,0.616,0.834,0.985,0.855,0.505,0.352,0.823,85.866,Q
0.649,0.959,0.922,0.729,0.843,0.85,0.598,0.416,0.188,0.388,0.649,0.959,0.922,0.729,0.843,0.85,0.598,0.416,0.188,0.388,152.118,R
0.649,0.959,0.922,0.729,0.843,0.85,0.598,0.416,0.188,0.388,0.649,0.959,0.922,0.729,0.843,0.85,0.598,0.416,0.188,0.388,152.118,R
0.629,0.968,0.928,0.726,0.789,0.907,0.646,0.444,0.215,0.395,0.629,0.968,0.928,0.726,0.789,0.907,0.646,0.444,0.215,0.395,146.328,R
0.643,0.962,0.927,0.732,0.837,0.85,0.601,0.415,0.196,0.379,0.643,0.962,0.927,0.732,0.837,0.85,0.601,0.415,0.196,0.379,151.796,R
0.653,0.963,0.92,0.736,0.854,0.843,0.585,0.406,0.183,0.386,0.653,0.963,0.92,0.736,0.854,0.843,0.585,0.406,0.183,0.386,154.029,R
0.649,0.956,0.916,0.734,0.845,0.845,0.594,0.413,0.184,0.386,0.649,0.956,0.916,0.734,0.845,0.845,0.594,0.413,0.184,0.386,150.376,R
0.649,0.956,0.916,0.734,0.845,0.845,0.594,0.413,0.184,0.386,0.649,0.956,0.916,0.734,0.845,0.845,0.594,0.413,0.184,0.386,150.376,R
0.635,0.957,0.926,0.733,0.829,0.888,0.629,0.442,0.194,0.397,0.635,0.957,0.926,0.733,0.829,0.888,0.629,0.442,0.194,0.397,146.7,R
0.609,0.957,0.925,0.728,0.817,0.871,0.613,0.425,0.197,0.4,0.609,0.957,0.925,0.728,0.817,0.871,0.613,0.425,0.197,0.4,144.586,R
0.639,0.951,0.92,0.728,0.844,0.85,0.6,0.414,0.192,0.393,0.639,0.951,0.92,0.728,0.844,0.85,0.6,0.414,0.192,0.393,150.376,R
0.655,0.963,0.922,0.729,0.848,0.849,0.594,0.414,0.187,0.386,0.655,0.963,0.922,0.729,0.848,0.849,0.594,0.414,0.187,0.386,153.026,R
0.658,0.961,0.916,0.727,0.849,0.85,0.594,0.411,0.188,0.391,0.658,0.961,0.916,0.727,0.849,0.85,0.594,0.411,0.188,0.391,153.026,R
0.631,0.946,0.921,0.733,0.84,0.847,0.6,0.414,0.191,0.392,0.631,0.946,0.921,0.733,0.84,0.847,0.6,0.414,0.191,0.392,153.522,R
0.647,0.965,0.92,0.733,0.84,0.855,0.596,0.407,0.195,0.389,0.647,0.965,0.92,0.733,0.84,0.855,0.596,0.407,0.195,0.389,150.306,R
0.654,0.962,0.917,0.728,0.845,0.843,0.59,0.404,0.191,0.386,0.654,0.962,0.917,0.728,0.845,0.843,0.59,0.404,0.191,0.386,151.7,R
0.655,0.964,0.916,0.736,0.847,0.847,0.585,0.401,0.188,0.392,0.655,0.964,0.916,0.736,0.847,0.847,0.585,0.401,0.188,0.392,154.353,R
0.652,0.953,0.913,0.725,0.846,0.842,0.602,0.411,0.195,0.381,0.652,0.953,0.913,0.725,0.846,0.842,0.602,0.411,0.195,0.381,151.7,R
0.649,0.956,0.914,0.724,0.84,0.854,0.603,0.411,0.196,0.393,0.649,0.956,0.914,0.724,0.84,0.854,0.603,0.411,0.196,0.393,151.7,R
0.653,0.963,0.922,0.729,0.847,0.85,0.6,0.416,0.19,0.381,0.653,0.963,0.922,0.729,0.847,0.85,0.6,0.416,0.19,0.381,153.026,R
0.65,0.955,0.92,0.732,0.847,0.848,0.599,0.409,0.197,0.384,0.65,0.955,0.92,0.732,0.847,0.848,0.599,0.409,0.197,0.384,153.026,R
0.651,0.964,0.922,0.732,0.847,0.859,0.602,0.418,0.19,0.386,0.651,0.964,0.922,0.732,0.847,0.859,0.602,0.418,0.19,0.386,152.201,R
2.607,1.534,0.528,4.031,5.47,0.83,0.737,0.68,0.114,0.117,2.607,1.534,0.528,4.031,5.47,0.83,0.737,0.68,0.114,0.117,261.398,S
3.036,1.72,0.505,4.839,6.63,0.836,0.748,0.687,0.102,0.119,3.036,1.72,0.505,4.839,6.63,0.836,0.748,0.687,0.102,0.119,259.738,S
3.64,2.083,0.333,4.649,7.453,0.816,0.685,0.581,0.144,0.152,3.64,2.083,0.333,4.649,7.453,0.816,0.685,0.581,0.144,0.152,264.821,S
3.046,1.805,0.566,5.022,6.765,0.847,0.753,0.684,0.107,0.13,3.046,1.805,0.566,5.022,6.765,0.847,0.753,0.684,0.107,0.13,259.625,S
3.098,1.764,0.309,4.705,6.856,0.821,0.728,0.665,0.116,0.118,3.098,1.764,0.309,4.705,6.856,0.821,0.728,0.665,0.116,0.118,251.448,S
3.246,1.808,0.131,4.634,7.205,0.795,0.718,0.648,0.121,0.112,3.246,1.808,0.131,4.634,7.205,0.795,0.718,0.648,0.121,0.112,262.909,S
3.403,2.245,0.16,5.215,7.689,0.888,0.757,0.699,0.117,0.163,3.403,2.245,0.16,5.215,7.689,0.888,0.757,0.699,0.117,0.163,248.697,S
3.786,2.065,0.221,5.472,8.089,0.829,0.735,0.685,0.097,0.133,3.786,2.065,0.221,5.472,8.089,0.829,0.735,0.685,0.097,0.133,255.131,S
2.461,1.556,0.644,3.741,4.909,0.82,0.742,0.677,0.114,0.126,2.461,1.556,0.644,3.741,4.909,0.82,0.742,0.677,0.114,0.126,252.786,S
3.375,1.92,0.144,5.029,7.484,0.834,0.743,0.663,0.124,0.124,3.375,1.92,0.144,5.029,7.484,0.834,0.743,0.663,0.124,0.124,252.907,S
3.632,1.92,0.349,5.522,8.129,0.794,0.711,0.644,0.112,0.118,3.632,1.92,0.349,5.522,8.129,0.794,0.711,0.644,0.112,0.118,257.67,S
3.334,1.801,0.449,4.391,7.333,0.812,0.728,0.65,0.113,0.119,3.334,1.801,0.449,4.391,7.333,0.812,0.728,0.65,0.113,0.119,252.723,S
3.768,2.1,0.436,5.722,8.949,0.813,0.733,0.675,0.114,0.128,3.768,2.1,0.436,5.722,8.949,0.813,0.733,0.675,0.114,0.128,262.214,S
3.329,1.909,0.402,4.457,7.086,0.847,0.747,0.685,0.11,0.13,3.329,1.909,0.402,4.457,7.086,0.847,0.747,0.685,0.11,0.13,256.425,S
3.309,1.882,0.506,4.575,7.333,0.834,0.747,0.69,0.099,0.128,3.309,1.882,0.506,4.575,7.333,0.834,0.747,0.69,0.099,0.128,259.239,S
3.981,2.054,0.189,5.9,9.197,0.803,0.726,0.656,0.11,0.117,3.981,2.054,0.189,5.9,9.197,0.803,0.726,0.656,0.11,0.117,262.48,S
2.396,1.502,0.505,3.522,4.834,0.804,0.724,0.695,0.108,0.116,2.396,1.502,0.505,3.522,4.834,0.804,0.724,0.695,0.108,0.116,259.372,S
3.054,1.882,0.216,4.268,6.426,0.848,0.742,0.655,0.133,0.139,3.054,1.882,0.216,4.268,6.426,0.848,0.742,0.655,0.133,0.139,255.65,S
3.026,1.766,0.319,4.899,6.717,0.826,0.737,0.695,0.12,0.125,3.026,1.766,0.319,4.899,6.717,0.826,0.737,0.695,0.12,0.125,254.152,S
3.538,1.997,0.101,5.034,7.739,0.839,0.729,0.645,0.123,0.131,3.538,1.997,0.101,5.034,7.739,0.839,0.729,0.645,0.123,0.131,254.772,S
3.563,2.046,0.164,5.327,8.036,0.833,0.739,0.683,0.111,0.13,3.563,2.046,0.164,5.327,8.036,0.833,0.739,0.683,0.111,0.13,259.65,S
1.212,1.983,0.911,0.803,0.529,2.582,0.652,0.355,0.299,1.96,1.212,1.983,0.911,0.803,0.529,2.582,0.652,0.355,0.299,1.96,55.154,T
1.204,2.049,0.908,0.807,0.523,2.691,0.677,0.387,0.29,2.07,1.204,2.049,0.908,0.807,0.523,2.691,0.677,0.387,0.29,2.07,60.828,T
1.278,2.001,0.877,0.796,0.59,2.351,0.601,0.313,0.291,1.78,1.278,2.001,0.877,0.796,0.59,2.351,0.601,0.313,0.291,1.78,48.836,T
1.267,1.98,0.889,0.802,0.573,2.338,0.631,0.323,0.308,1.762,1.267,1.98,0.889,0.802,0.573,2.338,0.631,0.323,0.308,1.762,53.038,T
1.285,1.96,0.867,0.784,0.594,2.263,0.587,0.293,0.297,1.698,1.285,1.96,0.867,0.784,0.594,2.263,0.587,0.293,0.297,1.698,48.415,T
1.121,1.867,0.887,0.784,0.476,2.589,0.732,0.397,0.335,1.894,1.121,1.867,0.887,0.784,0.476,2.589,0.732,0.397,0.335,1.894,64.661,T
1.226,1.896,0.872,0.786,0.547,2.305,0.659,0.336,0.326,1.691,1.226,1.896,0.872,0.786,0.547,2.305,0.659,0.336,0.326,1.691,52.326,T
1.302,1.937,0.877,0.77,0.613,2.153,0.622,0.322,0.299,1.572,1.302,1.937,0.877,0.77,0.613,2.153,0.622,0.322,0.299,1.572,42.45,T
1.24,1.935,0.876,0.763,0.575,2.294,0.637,0.338,0.299,1.684,1.24,1.935,0.876,0.763,0.575,2.294,0.637,0.338,0.299,1.684,48.918,T
1.253,1.931,0.878,0.769,0.599,2.215,0.629,0.34,0.289,1.617,1.253,1.931,0.878,0.769,0.599,2.215,0.629,0.34,0.289,1.617,48.795,T
1.29,1.961,0.882,0.79,0.602,2.21,0.622,0.326,0.296,1.64,1.29,1.961,0.882,0.79,0.602,2.21,0.622,0.326,0.296,1.64,46.098,T
1.254,1.94,0.881,0.773,0.607,2.193,0.595,0.323,0.273,1.62,1.254,1.94,0.881,0.773,0.607,2.193,0.595,0.323,0.273,1.62,50.99,T
1.286,1.972,0.887,0.787,0.58,2.34,0.637,0.338,0.298,1.741,1.286,1.972,0.887,0.787,0.58,2.34,0.637,0.338,0.298,1.741,46.098,T
1.214,1.938,0.873,0.772,0.538,2.455,0.701,0.358,0.343,1.797,1.214,1.938,0.873,0.772,0.538,2.455,0.701,0.358,0.343,1.797,50,T
1.227,1.985,0.876,0.796,0.58,2.358,0.641,0.352,0.293,1.762,1.227,1.985,0.876,0.796,0.58,2.358,0.641,0.352,0.293,1.762,57.315,T
1.235,1.959,0.888,0.79,0.562,2.37,0.651,0.346,0.305,1.764,1.235,1.959,0.888,0.79,0.562,2.37,0.651,0.346,0.305,1.764,55.172,T
1.244,1.958,0.889,0.779,0.591,2.281,0.622,0.343,0.279,1.69,1.244,1.958,0.889,0.779,0.591,2.281,0.622,0.343,0.279,1.69,55.227,T
1.231,1.976,0.896,0.796,0.613,2.22,0.607,0.334,0.273,1.654,1.231,1.976,0.896,0.796,0.613,2.22,0.607,0.334,0.273,1.654,57.315,T
1.241,1.961,0.875,0.764,0.583,2.333,0.659,0.342,0.317,1.708,1.241,1.961,0.875,0.764,0.583,2.333,0.659,0.342,0.317,1.708,50.21,T
1.252,2.001,0.895,0.771,0.595,2.341,0.636,0.353,0.284,1.741,1.252,2.001,0.895,0.771,0.595,2.341,0.636,0.353,0.284,1.741,54.489,T
1.28,2.025,0.877,0.765,0.616,2.323,0.605,0.328,0.277,1.74,1.28,2.025,0.877,0.765,0.616,2.323,0.605,0.328,0.277,1.74,50.912,T
1.508,2.573,0.677,0.42,1.144,1.974,0.535,0.232,0.311,1.464,1.508,2.573,0.677,0.42,1.144,1.974,0.535,0.232,0.311,1.464,67.469,U
1.508,2.573,0.677,0.42,1.144,1.974,0.535,0.232,0.311,1.464,1.508,2.573,0.677,0.42,1.144,1.974,0.535,0.232,0.311,1.464,67.469,U
1.508,2.573,0.677,0.42,1.144,1.974,0.535,0.232,0.311,1.464,1.508,2.573,0.677,0.42,1.144,1.974,0.535,0.232,0.311,1.464,67.469,U
1.508,2.573,0.677,0.42,1.144,1.974,0.535,0.232,0.311,1.464,1.508,2.573,0.677,0.42,1.144,1.974,0.535,0.232,0.311,1.464,67.469,U
1.508,2.573,0.677,0.42,1.144,1.974,0.535,0.232,0.311,1.464,1.508,2.573,0.677,0.42,1.144,1.974,0.535,0.232,0.311,1.464,67.469,U
1.508,2.573,0.677,0.42,1.144,1.974,0.535,0.232,0.311,1.464,1.508,2.573,0.677,0.42,1.144,1.974,0.535,0.232,0.311,1.464,67.469,U
1.508,2.573,0.677,0.42,1.144,1.974,0.535,0.232,0.311,1.464,1.508,2.573,0.677,0.42,1.144,1.974,0.535,0.232,0.311,1.464,67.469,U
1.508,2.573,0.677,0.42,1.144,1.974,0.535,0.232,0.311,1.464,1.508,2.573,0.677,0.42,1.144,1.974,0.535,0.232,0.311,1.464,67.469,U
1.508,2.573,0.677,0.42,1.144,1.974,0.535,0.232,0.311,1.464,1.508,2.573,0.677,0.42,1.144,1.974,0.535,0.232,0.311,1.464,67.469,U
1.508,2.573,0.677,0.42,1.144,1.974,0.535,0.232,0.311,1.464,1.508,2.573,0.677,0.42,1.144,1.974,0.535,0.232,0.311,1.464,67.469,U
1.502,2.579,0.702,0.469,1.164,1.932,0.5,0.215,0.291,1.449,1.502,2.579,0.702,0.469,1.164,1.932,0.5,0.215,0.291,1.449,76.942,U
1.71,2.539,0.684,0.45,1.289,1.629,0.427,0.183,0.248,1.213,1.71,2.539,0.684,0.45,1.289,1.629,0.427,0.183,0.248,1.213,19.235,U
1.71,2.539,0.684,0.45,1.289,1.629,0.427,0.183,0.248,1.213,1.71,2.539,0.684,0.45,1.289,1.629,0.427,0.183,0.248,1.213,19.235,U
1.71,2.539,0.684,0.45,1.289,1.629,0.427,0.183,0.248,1.213,1.71,2.539,0.684,0.45,1.289,1.629,0.427,0.183,0.248,1.213,19.235,U
1.71,2.539,0.684,0.45,1.289,1.629,0.427,0.183,0.248,1.213,1.71,2.539,0.684,0.45,1.289,1.629,0.427,0.183,0.248,1.213,19.235,U
1.71,2.539,0.684,0.45,1.289,1.629,0.427,0.183,0.248,1.213,1.71,2.539,0.684,0.45,1.289,1.629,0.427,0.183,0.248,1.213,19.235,U
1.476,2.527,0.743,0.488,1.118,1.955,0.489,0.243,0.248,1.506,1.476,2.527,0.743,0.488,1.118,1.955,0.489,0.243,0.248,1.506,78.262,U
1.476,2.527,0.743,0.488,1.118,1.955,0.489,0.243,0.248,1.506,1.476,2.527,0.743,0.488,1.118,1.955,0.489,0.243,0.248,1.506,78.262,U
1.476,2.527,0.743,0.488,1.118,1.955,0.489,0.243,0.248,1.506,1.476,2.527,0.743,0.488,1.118,1.955,0.489,0.243,0.248,1.506,78.262,U
1.476,2.527,0.743,0.488,1.118,1.955,0.489,0.243,0.248,1.506,1.476,2.527,0.743,0.488,1.118,1.955,0.489,0.243,0.248,1.506,78.262,U
1.476,2.527,0.743,0.488,1.118,1.955,0.489,0.243,0.248,1.506,1.476,2.527,0.743,0.488,1.118,1.955,0.489,0.243,0.248,1.506,78.262,U
0.35,1.068,0.227,0.151,0.224,4.231,4.108,0.412,3.72,1.614,0.35,1.068,0.227,0.151,0.224,4.231,4.108,0.412,3.72,1.614,5,V
0.35,1.068,0.227,0.151,0.224,4.231,4.108,0.412,3.72,1.614,0.35,1.068,0.227,0.151,0.224,4.231,4.108,0.412,3.72,1.614,5,V
0.793,3.078,0.387,0.177,0.639,4.604,1.339,0.329,1.127,3.267,0.793,3.078,0.387,0.177,0.639,4.604,1.339,0.329,1.127,3.267,3,V
0.372,1.254,0.227,0.129,0.265,4.348,3.543,0.392,3.254,1.88,0.372,1.254,0.227,0.129,0.265,4.348,3.543,0.392,3.254,1.88,3.606,V
0.372,1.254,0.227,0.129,0.265,4.348,3.543,0.392,3.254,1.88,0.372,1.254,0.227,0.129,0.265,4.348,3.543,0.392,3.254,1.88,3.606,V
0.688,2.032,0.445,0.232,0.47,3.883,1.698,0.458,1.291,2.198,0.688,2.032,0.445,0.232,0.47,3.883,1.698,0.458,1.291,2.198,1.414,V
0.361,1.148,0.224,0.145,0.231,4.436,3.965,0.355,3.698,1.82,0.361,1.148,0.224,0.145,0.231,4.436,3.965,0.355,3.698,1.82,5.385,V
0.361,1.148,0.224,0.145,0.231,4.436,3.965,0.355,3.698,1.82,0.361,1.148,0.224,0.145,0.231,4.436,3.965,0.355,3.698,1.82,5.385,V
0.361,1.148,0.224,0.145,0.231,4.436,3.965,0.355,3.698,1.82,0.361,1.148,0.224,0.145,0.231,4.436,3.965,0.355,3.698,1.82,5.385,V
0.361,1.148,0.224,0.145,0.231,4.436,3.965,0.355,3.698,1.82,0.361,1.148,0.224,0.145,0.231,4.436,3.965,0.355,3.698,1.82,5.385,V
1.254,5.167,0.591,0.197,1.129,4.523,0.763,0.349,0.599,3.836,1.254,5.167,0.591,0.197,1.129,4.523,0.763,0.349,0.599,3.836,4,V
0.344,1.214,0.234,0.119,0.256,4.434,3.774,0.509,3.379,1.927,0.344,1.214,0.234,0.119,0.256,4.434,3.774,0.509,3.379,1.927,1,V
0.344,1.214,0.234,0.119,0.256,4.434,3.774,0.509,3.379,1.927,0.344,1.214,0.234,0.119,0.256,4.434,3.774,0.509,3.379,1.927,1,V
0.449,1.322,0.287,0.185,0.312,3.845,2.98,0.355,2.733,1.508,0.449,1.322,0.287,0.185,0.312,3.845,2.98,0.355,2.733,1.508,3.606,V
0.449,1.322,0.287,0.185,0.312,3.845,2.98,0.355,2.733,1.508,0.449,1.322,0.287,0.185,0.312,3.845,2.98,0.355,2.733,1.508,3.606,V
1.215,1.288,0.792,0.466,0.795,1.236,0.767,0.411,0.576,0.535,1.215,1.288,0.792,0.466,0.795,1.236,0.767,0.411,0.576,0.535,5,V
1.113,1.105,0.797,0.284,0.915,0.981,0.825,0.566,0.369,0.267,1.113,1.105,0.797,0.284,0.915,0.981,0.825,0.566,0.369,0.267,5,V
1.113,1.105,0.797,0.284,0.915,0.981,0.825,0.566,0.369,0.267,1.113,1.105,0.797,0.284,0.915,0.981,0.825,0.566,0.369,0.267,5,V
1.102,3.975,0.648,0.389,0.827,4.637,0.853,0.315,0.745,3.855,1.102,3.975,0.648,0.389,0.827,4.637,0.853,0.315,0.745,3.855,5.385,V
0.353,1.203,0.211,0.122,0.257,4.345,3.722,0.414,3.364,1.842,0.353,1.203,0.211,0.122,0.257,4.345,3.722,0.414,3.364,1.842,2.236,V
0.353,1.203,0.211,0.122,0.257,4.345,3.722,0.414,3.364,1.842,0.353,1.203,0.211,0.122,0.257,4.345,3.722,0.414,3.364,1.842,2.236,V
2.74,3.985,0.729,0.708,2.568,1.305,0.27,0.108,0.164,1.193,2.74,3.985,0.729,0.708,2.568,1.305,0.27,0.108,0.164,1.193,23.537,W
2.738,3.943,0.753,0.687,2.523,1.309,0.258,0.108,0.15,1.201,2.738,3.943,0.753,0.687,2.523,1.309,0.258,0.108,0.15,1.201,24.515,W
2.719,3.887,0.744,0.685,2.516,1.294,0.265,0.106,0.159,1.182,2.719,3.887,0.744,0.685,2.516,1.294,0.265,0.106,0.159,1.182,23.345,W
2.75,3.949,0.739,0.659,2.534,1.316,0.262,0.096,0.166,1.201,2.75,3.949,0.739,0.659,2.534,1.316,0.262,0.096,0.166,1.201,24.331,W
2.747,3.945,0.74,0.656,2.536,1.315,0.271,0.117,0.154,1.205,2.747,3.945,0.74,0.656,2.536,1.315,0.271,0.117,0.154,1.205,24.739,W
2.76,4.002,0.748,0.695,2.568,1.312,0.27,0.114,0.156,1.205,2.76,4.002,0.748,0.695,2.568,1.312,0.27,0.114,0.156,1.205,24.515,W
2.75,3.944,0.726,0.682,2.56,1.298,0.27,0.096,0.175,1.186,2.75,3.944,0.726,0.682,2.56,1.298,0.27,0.096,0.175,1.186,24.187,W
2.69,3.894,0.738,0.673,2.473,1.322,0.269,0.108,0.161,1.208,2.69,3.894,0.738,0.673,2.473,1.322,0.269,0.108,0.161,1.208,24.739,W
2.733,3.944,0.726,0.655,2.547,1.313,0.271,0.096,0.175,1.192,2.733,3.944,0.726,0.655,2.547,1.313,0.271,0.096,0.175,1.192,23.77,W
2.772,4.039,0.779,0.708,2.587,1.313,0.268,0.112,0.156,1.209,2.772,4.039,0.779,0.708,2.587,1.313,0.268,0.112,0.156,1.209,24.739,W
2.772,4.001,0.723,0.666,2.602,1.307,0.271,0.101,0.17,1.188,2.772,4.001,0.723,0.666,2.602,1.307,0.271,0.101,0.17,1.188,26.683,W
2.84,4.068,0.73,0.693,2.649,1.298,0.266,0.102,0.165,1.194,2.84,4.068,0.73,0.693,2.649,1.298,0.266,0.102,0.165,1.194,25.318,W
2.772,4.014,0.755,0.7,2.546,1.321,0.256,0.098,0.158,1.218,2.772,4.014,0.755,0.7,2.546,1.321,0.256,0.098,0.158,1.218,25.71,W
2.727,3.943,0.722,0.656,2.527,1.322,0.268,0.102,0.166,1.2,2.727,3.943,0.722,0.656,2.527,1.322,0.268,0.102,0.166,1.2,26.306,W
2.763,4.007,0.742,0.681,2.575,1.315,0.269,0.102,0.167,1.203,2.763,4.007,0.742,0.681,2.575,1.315,0.269,0.102,0.167,1.203,25.71,W
2.818,4.056,0.738,0.666,2.628,1.313,0.263,0.097,0.166,1.197,2.818,4.056,0.738,0.666,2.628,1.313,0.263,0.097,0.166,1.197,23.345,W
2.831,4.086,0.739,0.683,2.63,1.315,0.252,0.091,0.161,1.204,2.831,4.086,0.739,0.683,2.63,1.315,0.252,0.091,0.161,1.204,23.345,W
2.813,4.054,0.739,0.693,2.644,1.299,0.267,0.107,0.16,1.187,2.813,4.054,0.739,0.693,2.644,1.299,0.267,0.107,0.16,1.187,24.331,W
2.818,4.05,0.712,0.666,2.628,1.311,0.263,0.097,0.166,1.194,2.818,4.05,0.712,0.666,2.628,1.311,0.263,0.097,0.166,1.194,25.495,W
2.8,4.031,0.731,0.682,2.598,1.311,0.261,0.098,0.163,1.2,2.8,4.031,0.731,0.682,2.598,1.311,0.261,0.098,0.163,1.2,25.495,W
2.798,4.046,0.746,0.709,2.617,1.303,0.259,0.098,0.162,1.191,2.798,4.046,0.746,0.709,2.617,1.303,0.259,0.098,0.162,1.191,24.515,W
1.143,4.167,0.528,0.281,1.001,3.903,0.884,0.343,0.549,3.405,1.143,4.167,0.528,0.281,1.001,3.903,0.884,0.343,0.549,3.405,93.434,X
1.137,4.079,0.539,0.259,0.998,3.848,0.896,0.378,0.525,3.353,1.137,4.079,0.539,0.259,0.998,3.848,0.896,0.378,0.525,3.353,91.548,X
1.097,4.008,0.526,0.234,0.981,3.866,0.913,0.379,0.541,3.318,1.097,4.008,0.526,0.234,0.981,3.866,0.913,0.379,0.541,3.318,92.195,X
1.171,4.048,0.53,0.254,1.046,3.646,0.858,0.354,0.51,3.162,1.171,4.048,0.53,0.254,1.046,3.646,0.858,0.354,0.51,3.162,91.269,X
1.143,3.95,0.514,0.243,0.991,3.747,0.872,0.345,0.529,3.246,1.143,3.95,0.514,0.243,0.991,3.747,0.872,0.345,0.529,3.246,88.278,X
1.153,4.115,0.52,0.31,1.06,3.642,0.879,0.351,0.53,3.147,1.153,4.115,0.52,0.31,1.06,3.642,0.879,0.351,0.53,3.147,90.355,X
1.228,3.848,0.563,0.355,1.031,3.41,0.824,0.317,0.509,2.998,1.228,3.848,0.563,0.355,1.031,3.41,0.824,0.317,0.509,2.998,84.853,X
1.139,3.998,0.595,0.349,0.904,4.045,0.865,0.355,0.514,3.548,1.139,3.998,0.595,0.349,0.904,4.045,0.865,0.355,0.514,3.548,91.269,X
1.284,4.068,0.548,0.353,1.082,3.454,0.769,0.267,0.507,3.022,1.284,4.068,0.548,0.353,1.082,3.454,0.769,0.267,0.507,3.022,87.693,X
1.16,4.12,0.557,0.345,0.965,3.928,0.854,0.32,0.537,3.464,1.16,4.12,0.557,0.345,0.965,3.928,0.854,0.32,0.537,3.464,92.266,X
1.299,3.966,0.552,0.333,1.095,3.329,0.76,0.289,0.473,2.923,1.299,3.966,0.552,0.333,1.095,3.329,0.76,0.289,0.473,2.923,82.608,X
1.053,3.84,0.558,0.276,0.869,4.1,0.957,0.397,0.565,3.629,1.053,3.84,0.558,0.276,0.869,4.1,0.957,0.397,0.565,3.629,92.087,X
1.197,4.113,0.555,0.301,1.054,3.639,0.828,0.352,0.479,3.169,1.197,4.113,0.555,0.301,1.054,3.639,0.828,0.352,0.479,3.169,87.144,X
1.2,3.807,0.511,0.243,1.1,3.257,0.829,0.335,0.499,2.822,1.2,3.807,0.511,0.243,1.1,3.257,0.829,0.335,0.499,2.822,79.158,X
1.147,3.926,0.519,0.249,1.078,3.438,0.86,0.37,0.491,2.975,1.147,3.926,0.519,0.249,1.078,3.438,0.86,0.37,0.491,2.975,87.006,X
1.271,4.118,0.504,0.277,1.227,3.174,0.774,0.31,0.467,2.747,1.271,4.118,0.504,0.277,1.227,3.174,0.774,0.31,0.467,2.747,79.025,X
1.164,4.18,0.553,0.3,1.103,3.569,0.853,0.385,0.472,3.09,1.164,4.18,0.553,0.3,1.103,3.569,0.853,0.385,0.472,3.09,88.142,X
1.231,4.101,0.532,0.338,1.207,3.194,0.819,0.361,0.46,2.777,1.231,4.101,0.532,0.338,1.207,3.194,0.819,0.361,0.46,2.777,84.095,X
1.16,4.065,0.543,0.257,1.063,3.611,0.864,0.375,0.497,3.14,1.16,4.065,0.543,0.257,1.063,3.611,0.864,0.375,0.497,3.14,88.204,X
1.136,4.076,0.498,0.218,1.072,3.627,0.884,0.372,0.516,3.159,1.136,4.076,0.498,0.218,1.072,3.627,0.884,0.372,0.516,3.159,84.054,X
1.207,4.03,0.532,0.227,1.104,3.454,0.807,0.34,0.475,3.004,1.207,4.03,0.532,0.227,1.104,3.454,0.807,0.34,0.475,3.004,84.024,X
2.839,4.154,0.712,0.911,2.792,1.253,0.305,0.17,0.153,1.142,2.839,4.154,0.712,0.911,2.792,1.253,0.305,0.17,0.153,1.142,245.601,Y
2.872,4.217,0.692,0.916,2.835,1.258,0.3,0.167,0.156,1.145,2.872,4.217,0.692,0.916,2.835,1.258,0.3,0.167,0.156,1.145,201.437,Y
2.746,4.075,0.697,0.876,2.628,1.299,0.298,0.159,0.163,1.181,2.746,4.075,0.697,0.876,2.628,1.299,0.298,0.159,0.163,1.181,225.497,Y
2.842,4.177,0.733,0.914,2.704,1.288,0.29,0.157,0.152,1.185,2.842,4.177,0.733,0.914,2.704,1.288,0.29,0.157,0.152,1.185,207.183,Y
2.812,4.101,0.729,0.914,2.683,1.272,0.303,0.16,0.16,1.169,2.812,4.101,0.729,0.914,2.683,1.272,0.303,0.16,0.16,1.169,246.455,Y
2.788,4.139,0.738,0.911,2.639,1.306,0.298,0.159,0.156,1.201,2.788,4.139,0.738,0.911,2.639,1.306,0.298,0.159,0.156,1.201,245.491,Y
2.849,4.179,0.737,0.884,2.705,1.293,0.288,0.159,0.144,1.187,2.849,4.179,0.737,0.884,2.705,1.293,0.288,0.159,0.144,1.187,241.897,Y
2.77,4.076,0.721,0.901,2.677,1.277,0.319,0.173,0.161,1.164,2.77,4.076,0.721,0.901,2.677,1.277,0.319,0.173,0.161,1.164,219.784,Y
2.829,4.17,0.71,0.878,2.681,1.305,0.3,0.158,0.161,1.197,2.829,4.17,0.71,0.878,2.681,1.305,0.3,0.158,0.161,1.197,222.335,Y
2.79,4.082,0.697,0.859,2.62,1.302,0.303,0.165,0.159,1.193,2.79,4.082,0.697,0.859,2.62,1.302,0.303,0.165,0.159,1.193,215.058,Y
2.878,4.189,0.702,0.847,2.734,1.287,0.287,0.156,0.15,1.184,2.878,4.189,0.702,0.847,2.734,1.287,0.287,0.156,0.15,1.184,248.357,Y
2.729,4.11,0.69,0.803,2.56,1.353,0.297,0.151,0.164,1.233,2.729,4.11,0.69,0.803,2.56,1.353,0.297,0.151,0.164,1.233,232.181,Y
2.763,4.271,0.686,0.736,2.614,1.412,0.304,0.153,0.161,1.273,2.763,4.271,0.686,0.736,2.614,1.412,0.304,0.153,0.161,1.273,240.709,Y
2.875,4.214,0.689,0.733,2.745,1.323,0.284,0.143,0.15,1.19,2.875,4.214,0.689,0.733,2.745,1.323,0.284,0.143,0.15,1.19,202.781,Y
2.738,4.149,0.665,0.679,2.58,1.392,0.299,0.145,0.164,1.246,2.738,4.149,0.665,0.679,2.58,1.392,0.299,0.145,0.164,1.246,189.763,Y
2.774,4.197,0.667,0.716,2.661,1.37,0.308,0.157,0.161,1.225,2.774,4.197,0.667,0.716,2.661,1.37,0.308,0.157,0.161,1.225,232.691,Y
2.799,4.181,0.659,0.691,2.741,1.342,0.315,0.156,0.165,1.184,2.799,4.181,0.659,0.691,2.741,1.342,0.315,0.156,0.165,1.184,228.232,Y
2.855,4.297,0.664,0.714,2.738,1.366,0.301,0.147,0.163,1.229,2.855,4.297,0.664,0.714,2.738,1.366,0.301,0.147,0.163,1.229,191.481,Y
2.811,4.236,0.676,0.717,2.713,1.362,0.298,0.146,0.16,1.211,2.811,4.236,0.676,0.717,2.713,1.362,0.298,0.146,0.16,1.211,222.252,Y
2.847,4.203,0.662,0.672,2.717,1.35,0.299,0.144,0.161,1.207,2.847,4.203,0.662,0.672,2.717,1.35,0.299,0.144,0.161,1.207,248.131,Y
2.78,4.236,0.676,0.717,2.69,1.373,0.301,0.147,0.162,1.222,2.78,4.236,0.676,0.717,2.69,1.373,0.301,0.147,0.162,1.222,240.601,Y
0.654,0.963,0.99,0.881,0.27,0.429,0.457,0.4,0.134,0.234,0.654,0.963,0.99,0.881,0.27,0.429,0.457,0.4,0.134,0.234,93.434,Z
0.651,0.96,0.986,0.878,0.259,0.417,0.488,0.418,0.12,0.221,0.651,0.96,0.986,0.878,0.259,0.417,0.488,0.418,0.12,0.221,95.016,Z
0.666,0.96,0.978,0.866,0.245,0.484,0.566,0.459,0.173,0.235,0.666,0.96,0.978,0.866,0.245,0.484,0.566,0.459,0.173,0.235,92.315,Z
0.647,0.962,0.987,0.878,0.251,0.423,0.502,0.431,0.124,0.2,0.647,0.962,0.987,0.878,0.251,0.423,0.502,0.431,0.124,0.2,98.858,Z
0.652,0.948,0.976,0.851,0.237,0.495,0.641,0.528,0.146,0.274,0.652,0.948,0.976,0.851,0.237,0.495,0.641,0.528,0.146,0.274,93.606,Z
0.659,0.961,0.983,0.861,0.225,0.545,0.631,0.541,0.124,0.269,0.659,0.961,0.983,0.861,0.225,0.545,0.631,0.541,0.124,0.269,94.81,Z
0.653,0.956,0.982,0.859,0.241,0.501,0.599,0.511,0.134,0.266,0.653,0.956,0.982,0.859,0.241,0.501,0.599,0.511,0.134,0.266,90.686,Z
0.652,0.954,0.987,0.868,0.252,0.441,0.539,0.471,0.124,0.246,0.652,0.954,0.987,0.868,0.252,0.441,0.539,0.471,0.124,0.246,91.439,Z
0.66,0.956,0.983,0.864,0.242,0.487,0.577,0.495,0.114,0.265,0.66,0.956,0.983,0.864,0.242,0.487,0.577,0.495,0.114,0.265,91.439,Z
0.651,0.958,0.984,0.862,0.218,0.568,0.667,0.566,0.168,0.256,0.651,0.958,0.984,0.862,0.218,0.568,0.667,0.566,0.168,0.256,102.343,Z
0.656,0.96,0.988,0.871,0.235,0.48,0.561,0.499,0.11,0.252,0.656,0.96,0.988,0.871,0.235,0.48,0.561,0.499,0.11,0.252,97.201,Z
0.664,0.954,0.983,0.86,0.231,0.488,0.615,0.533,0.119,0.268,0.664,0.954,0.983,0.86,0.231,0.488,0.615,0.533,0.119,0.268,92.957,Z
0.649,0.957,0.991,0.873,0.256,0.458,0.513,0.458,0.141,0.262,0.649,0.957,0.991,0.873,0.256,0.458,0.513,0.458,0.141,0.262,94.366,Z
0.67,0.967,0.987,0.873,0.216,0.567,0.608,0.526,0.145,0.271,0.67,0.967,0.987,0.873,0.216,0.567,0.608,0.526,0.145,0.271,95.441,Z
0.65,0.958,0.988,0.882,0.262,0.367,0.459,0.407,0.101,0.221,0.65,0.958,0.988,0.882,0.262,0.367,0.459,0.407,0.101,0.221,94.921,Z
0.667,0.964,0.985,0.866,0.241,0.549,0.578,0.496,0.152,0.275,0.667,0.964,0.985,0.866,0.241,0.549,0.578,0.496,0.152,0.275,90.139,Z
0.656,0.96,0.982,0.866,0.24,0.472,0.565,0.483,0.135,0.25,0.656,0.96,0.982,0.866,0.24,0.472,0.565,0.483,0.135,0.25,95.016,Z
0.659,0.952,0.982,0.86,0.229,0.515,0.62,0.532,0.141,0.311,0.659,0.952,0.982,0.86,0.229,0.515,0.62,0.532,0.141,0.311,93.086,Z
0.65,0.954,0.977,0.866,0.248,0.438,0.549,0.447,0.137,0.247,0.65,0.954,0.977,0.866,0.248,0.438,0.549,0.447,0.137,0.247,94.493,Z
0.658,0.96,0.993,0.88,0.242,0.446,0.512,0.468,0.106,0.247,0.658,0.96,0.993,0.88,0.242,0.446,0.512,0.468,0.106,0.247,97.005,Z
0.67,0.967,0.982,0.86,0.232,0.578,0.622,0.527,0.203,0.255,0.67,0.967,0.982,0.86,0.232,0.578,0.622,0.527,0.203,0.255,91.049,Z